Consommable,Marque,Référence,Code CAS,Catégorie,Code NACRES,Masse unitaire (g),Matériau consommable,Masse unitaire deuxieme materiaux (g),Matériau deuxieme materiaux,Masse unitaire troisième materiaux (g),Matériau troisième materiaux,Masse emballage unitaire (g),Matériau emballage,Masse condionnement (g),Matériau conditionnement,Nbr par conditionnement,Prix du conditionnement,date d'ajout,Source/Signature,Source catalogue IJM,Lien / Note / Remarque,condt_ijm,designation_ijm,code_ijm,marque_ijm,score_match
Tube centrifugeuse 15 mL,Falcon,352096,,Consommable,NB11,6.7,Polypropylène (PP),,Polypropylène (PP),,,,,,,,,,Souchaud,,,,,,,
Tube centrifugeuse 50 mL,BIOLOGIX,10*9502,,Consommable,NB11,14.35,Polypropylène (PP),,Polypropylène (PP),,,,,,,,,,Souchaud,,,,,,,
Seringue 5 mL,Terumo,1SS05LE1,,Consommable,NB03,1.9,Polypropylène (PP),,Polypropylène (PP),,,,,,,,,,Souchaud,,,,,,,
Boite de Pétri 35 x 10 mm,Falcon,351008,,Consommable,NB13,4.6,Polypropylène (PP),,Polypropylène (PP),,,,,,,,,,Souchaud,,,,,,,
Serological pipette 5 mL individually wrapped,Starlab,E4860-0005,,Consommable,NB04,7.9,Verre,,Verre,,,,,,,,,,Souchaud,,,,,,,
"T-25 Tissue Culture Flask, green plug seal cap",CytoOne,CC7682-4825,,Consommable,NB13,20.9,Polystyrène (PS),,Polystyrène (PS),,,,,,,,,,Souchaud,,,,,,,
"T-75 Tissue Culture Flask, green plug seal cap",CytoOne,CC7682-4175,,Consommable,NB13,60.62,Polystyrène (PS),,Polystyrène (PS),,,,,,,,,,Souchaud,,,,,,,
"T-225 Tissue Culture Flask, green plug seal cap",CytoOne,CC7682-4225,,Consommable,NB13,149.5,Polystyrène (PS),,Polystyrène (PS),,,,,,,,,,Souchaud,,,,,,,
"200 µl Pointe TipOne®, Naturel",Starlab,S1111-0810-C,,Consommable,NB02,0.28,Polypropylène (PP),,Polypropylène (PP),,,,,,,,,,Souchaud,,https://www.starlabgroup.com/FR-fr/product/200-ul-pointe-tipone-naturel-pf-sl-920673.html,,,,,
"1 000 µl Pointe graduée TipOne®, Bleu",Starlab,S1111-6811-C,,Consommable,NB02,0.547,Polypropylène (PP),,Polypropylène (PP),,,,,,,,,,Souchaud,,https://www.starlabgroup.com/FR-fr/product/1-nbsp-000-ul-pointe-graduee-tipone-bleu-pf-sl-921051.html,,,,,
"1 000 µl Pointe non graduée TipOne® Filtre, Naturel (stérile)",Starlab,S1126-7710-C,,Consommable,NB11,0.83,Polypropylène (PP),,Polypropylène (PP),,,,,,,,,,Souchaud,,,,,,,
1.5 mL FlipTube Standard,Hamilton,235454,,Consommable,HA01,12.0,Latex,,Latex,,,,,,,,,,Souchaud,,,,,,,
Paire de gant latex powder free M (7-8),,,,Consommable,HA01,13.7,Nitrile,,Nitrile,,,,,,,,,,Souchaud,,,,,,,
Paire de gants (taille M) ambidextres Kimtech Purple Nitrile,Kimberly-Clark,90627,,Consommable,HA01,16.85,Nitrile,,Nitrile,,,,,,,,,,Souchaud,,,,,,,
Paire de gants (taille L) ambidextres Kimtech Purple Nitrile,Kimberly-Clark,90628,,Consommable,NB13,12.888,Polypropylène (PP),,Polypropylène (PP),,,0.0,,15.682,,25.0,,,Knörr / Lespay Aguilera,,,,,,,
Falcon® Tube with conical bottom 50 ml (bulk),Falcon®,352070,,Consommable,NB13,8.15,Polystyrène (PS),,Polystyrène (PS),,,0.0,,5.189,,14.0,,,Knörr / Lespay Aguilera,,,,,,,
TPP Tissue Culture Dish 60,TPP,93060,,Consommable,NB03,2.151,Polypropylène (PP),,,,,0.575,,88.61,Carton,100.0,,,Knörr / Lespay Aguilera,,Barillet et piston: Polypropylène / Joint: Élastomère thermoplastique / Lubrifiant: Huile de silicone,,,,,
1ml Terumo Leur Slip Syringes,TERUMO,BS-01T,,Consommable,NB03,,,,,,,,,,,,,,,,,,,,,
"Polypropylene Centrifuge tube, Sterile 50 ml - CentriStar Cap - 25 bulk",Corning® ,430829,,Consommable,NB13,12.2,Polyéthylène téréphtalate (PET),,Polyéthylène téréphtalate (PET),,,0.0,,15.282,,25.0,,,Knörr / Lespay Aguilera,,,,,,,
Pipette for cell culture 2 ml Falcon®,Falcon®,357507,,Consommable,NB04,5.275,Polystyrène (PS),,Polystyrène (PS),,,0.482,,60.678,Carton,100.0,,,Knörr / Lespay Aguilera,,,,,,,
Pipette for cell culture 25 ml + 11 ml Falcon®,Falcon®,357535,,Consommable,NB04,14.661,Polystyrène (PS),,Polystyrène (PS),,,1.91,,14.991,,,,,,,,,,,,
Falcon® Tube with conical bottom 15 ml (bulk),Falcon®,352096,,Consommable,NB13,6.749,Polypropylène (PP),,Polypropylène (PP),,,0.0,,10.584,,50.0,,,Knörr / Lespay Aguilera,,,,,,,
TPP Tissue Culture Dish 100,TPP,93100,,Consommable,NB13,24.2251,Polystyrène (PS),,Polystyrène (PS),,,0.0,,8.856,,10.0,,,Knörr / Lespay Aguilera,, ,,,,,
"Dropper Bottle, LDPE with white closure 15ml",ThermoScentific,2750-9050,,Consommable,NB43,3.74,Low-density Polyéthylène (LDPE),1.52,Polyéthylène (PE),0.423,Low-density Polyéthylène (LDPE),0.992,Polyéthylène (PE),2.788,Carton,25.0,36.06,25/02/2026,Souchaud,,https://www.thermofisher.com/order/catalog/product/2750-9050,,,,,
GANTS de PROTECTION THERMIQUE KEVLAR/COTON Jusqu'à 350°C L310mm,,E033,,Autres consommables,HA04,,,,,,,,,,,1.0,32.72,2026-05-13,,"Catalogue IJM 2025, page 1",,1,GANTS de PROTECTION THERMIQUE KEVLAR/COTON Jusqu'à 350°C L310mm,E033,,
GANTS de PROTECTION THERMIQUE ETANCHE Jusqu'à 150°C,MAPA,E033A,,Autres consommables,HA04,,,,,,,,,,,1.0,81.53,2026-05-13,,"Catalogue IJM 2025, page 1",,1,GANTS de PROTECTION THERMIQUE ETANCHE Jusqu'à 150°C,E033A,MAPA,
CRYOGANT en CUIR Etanche 38 cm Taille S,CRYO-GLOVES,E034,,Autres consommables,HA04,,,,,,,,,,,1.0,69.92,2026-05-13,,"Catalogue IJM 2025, page 1",,1,CRYOGANT en CUIR Etanche 38 cm Taille S,E034,CRYO-GLOVES,
CRYOGANT en CUIR Etanche 38 cm Taille M,CRYO-GLOVES,E035,,Autres consommables,HA04,,,,,,,,,,,1.0,69.92,2026-05-13,,"Catalogue IJM 2025, page 1",,1,CRYOGANT en CUIR Etanche 38 cm Taille M,E035,CRYO-GLOVES,
CRYOGANT en CUIR Etanche 38 cm Taille L,CRYO-GLOVES,E0351,,Autres consommables,HA04,,,,,,,,,,,1.0,69.92,2026-05-13,,"Catalogue IJM 2025, page 1",,1,CRYOGANT en CUIR Etanche 38 cm Taille L,E0351,CRYO-GLOVES,
GANTS LATEX XS Eco SHIELD,SHIELD,E03630,,Autres consommables,HA01,,,,,,,,,,,100.0,9.01,2026-05-13,,"Catalogue IJM 2025, page 1",,1 x100,GANTS LATEX XS Eco SHIELD,E03630,SHIELD,
GANTS LATEX S Eco SHIELD,SHIELD,E03631,,Autres consommables,HA01,,,,,,,,,,,100.0,9.01,2026-05-13,,"Catalogue IJM 2025, page 1",,1 x100,GANTS LATEX S Eco SHIELD,E03631,SHIELD,
GANTS LATEX M Eco SHIELD,SHIELD,E03632,,Autres consommables,HA01,,,,,,,,,,,100.0,9.01,2026-05-13,,"Catalogue IJM 2025, page 1",,1 x100,GANTS LATEX M Eco SHIELD,E03632,SHIELD,
GANTS LATEX L Eco SHIELD,SHIELD,E03633,,Autres consommables,HA01,,,,,,,,,,,100.0,9.01,2026-05-13,,"Catalogue IJM 2025, page 1",,1 x100,GANTS LATEX L Eco SHIELD,E03633,SHIELD,
GANTS NITRILE XS (x200) FISHERBRAND,FISHERBRAND,E0342D,,Autres consommables,HA01,,,,,,,,,,,200.0,9.74,2026-05-13,,"Catalogue IJM 2025, page 1",,1 x200,GANTS NITRILE XS (x200) FISHERBRAND,E0342D,FISHERBRAND,
GANTS NITRILE S (x200) FISHERBRAND,FISHERBRAND,E0343D,,Autres consommables,HA01,,,,,,,,,,,200.0,9.74,2026-05-13,,"Catalogue IJM 2025, page 1",,1 x200,GANTS NITRILE S (x200) FISHERBRAND,E0343D,FISHERBRAND,
GANTS NITRILE M (x200) FISHERBRAND,FISHERBRAND,E0353D,,Autres consommables,HA01,,,,,,,,,,,200.0,9.74,2026-05-13,,"Catalogue IJM 2025, page 1",,1 x200,GANTS NITRILE M (x200) FISHERBRAND,E0353D,FISHERBRAND,
GANTS NITRILE L (x200) FISHERBRAND,FISHERBRAND,E0363D,,Autres consommables,HA01,,,,,,,,,,,200.0,9.74,2026-05-13,,"Catalogue IJM 2025, page 1",,1 x200,GANTS NITRILE L (x200) FISHERBRAND,E0363D,FISHERBRAND,
GANTS NITRILE XL (x200) FISHERBRAND,FISHERBRAND,E0364D,,Autres consommables,HA01,,,,,,,,,,,200.0,9.74,2026-05-13,,"Catalogue IJM 2025, page 1",,1 x200,GANTS NITRILE XL (x200) FISHERBRAND,E0364D,FISHERBRAND,
GANTS NITRILE XS (x150) EcoSHIELD VERT,SHIELD SCIENTIFIC,E0342B,,Autres consommables,HA01,,,,,,,,,,,150.0,16.59,2026-05-13,,"Catalogue IJM 2025, page 1",,1 x150,GANTS NITRILE XS (x150) EcoSHIELD VERT,E0342B,SHIELD SCIENTIFIC,
GANTS NITRILE S (x150) EcoSHIELD VERT,SHIELD SCIENTIFIC,E0343B,,Autres consommables,HA01,,,,,,,,,,,150.0,16.59,2026-05-13,,"Catalogue IJM 2025, page 1",,1 x150,GANTS NITRILE S (x150) EcoSHIELD VERT,E0343B,SHIELD SCIENTIFIC,
GANTS NITRILE M (x150) EcoSHIELD VERT,SHIELD SCIENTIFIC,E0353B,,Autres consommables,HA01,,,,,,,,,,,150.0,16.59,2026-05-13,,"Catalogue IJM 2025, page 1",,1 x150,GANTS NITRILE M (x150) EcoSHIELD VERT,E0353B,SHIELD SCIENTIFIC,
GANTS NITRILE L (x150) EcoSHIELD VERT,SHIELD SCIENTIFIC,E0363B,,Autres consommables,HA01,,,,,,,,,,,150.0,16.59,2026-05-13,,"Catalogue IJM 2025, page 1",,1 x150,GANTS NITRILE L (x150) EcoSHIELD VERT,E0363B,SHIELD SCIENTIFIC,
GANTS NITRILE XL (x150) EcoSHIELD VERT,SHIELD SCIENTIFIC,E0364B,,Autres consommables,HA01,,,,,,,,,,,150.0,16.59,2026-05-13,,"Catalogue IJM 2025, page 1",,1 x150,GANTS NITRILE XL (x150) EcoSHIELD VERT,E0364B,SHIELD SCIENTIFIC,
GANTS NITRILE 260 SHIELDskin XS (Orange),SHIELD SCIENTIFIC,E0342G,,Autres consommables,HA01,,,,,,,,,,,90.0,15.74,2026-05-13,,"Catalogue IJM 2025, page 1",,1x90,GANTS NITRILE 260 SHIELDskin XS (Orange),E0342G,SHIELD SCIENTIFIC,
GANTS NITRILE 260 SHIELDskin S (Orange),SHIELD SCIENTIFIC,E0343G,,Autres consommables,HA01,,,,,,,,,,,90.0,15.74,2026-05-13,,"Catalogue IJM 2025, page 1",,1x90,GANTS NITRILE 260 SHIELDskin S (Orange),E0343G,SHIELD SCIENTIFIC,
GANTS NITRILE 260 SHIELDskin M (Orange),SHIELD SCIENTIFIC,E0353G,,Autres consommables,HA01,,,,,,,,,,,90.0,15.74,2026-05-13,,"Catalogue IJM 2025, page 1",,1x90,GANTS NITRILE 260 SHIELDskin M (Orange),E0353G,SHIELD SCIENTIFIC,
GANTS NITRILE 260 SHIELDskin L (Orange),SHIELD SCIENTIFIC,E0363G,,Autres consommables,HA01,,,,,,,,,,,90.0,15.74,2026-05-13,,"Catalogue IJM 2025, page 1",,1x90,GANTS NITRILE 260 SHIELDskin L (Orange),E0363G,SHIELD SCIENTIFIC,
GANTS NITRILE 260 SHIELDskin XL (Orange),SHIELD SCIENTIFIC,E0364G,,Autres consommables,HA01,,,,,,,,,,,90.0,15.74,2026-05-13,,"Catalogue IJM 2025, page 1",,1x90,GANTS NITRILE 260 SHIELDskin XL (Orange),E0364G,SHIELD SCIENTIFIC,
GANTS NEOPRENE/NITRILE 300 SHIELDskin CHEM XS (Rouge/Red),SHIELD SCIENTIFIC,E0342R,,Autres consommables,HA01,,,,,,,,,,,40.0,37.35,2026-05-13,,"Catalogue IJM 2025, page 1",,1x40,GANTS NEOPRENE/NITRILE 300 SHIELDskin CHEM XS (Rouge/Red),E0342R,SHIELD SCIENTIFIC,
GANTS NEOPRENE/NITRILE 300 SHIELDskin CHEM S (Rouge/Red),SHIELD SCIENTIFIC,E0343R,,Autres consommables,HA01,,,,,,,,,,,40.0,37.35,2026-05-13,,"Catalogue IJM 2025, page 1",,1x40,GANTS NEOPRENE/NITRILE 300 SHIELDskin CHEM S (Rouge/Red),E0343R,SHIELD SCIENTIFIC,
GANTS NEOPRENE/NITRILE 300 SHIELDskin CHEM M (Rouge/Red),SHIELD SCIENTIFIC,E0353R,,Autres consommables,HA01,,,,,,,,,,,40.0,37.35,2026-05-13,,"Catalogue IJM 2025, page 1",,1x40,GANTS NEOPRENE/NITRILE 300 SHIELDskin CHEM M (Rouge/Red),E0353R,SHIELD SCIENTIFIC,
GANTS NEOPRENE/NITRILE 300 SHIELDskin CHEM L (Rouge/Red),SHIELD SCIENTIFIC,E0363R,,Autres consommables,HA01,,,,,,,,,,,40.0,37.35,2026-05-13,,"Catalogue IJM 2025, page 1",,1x40,GANTS NEOPRENE/NITRILE 300 SHIELDskin CHEM L (Rouge/Red),E0363R,SHIELD SCIENTIFIC,
GANTS NEOPRENE/NITRILE 300 SHIELDskin CHEM XL (Rouge/Red),SHIELD SCIENTIFIC,E0364R,,Autres consommables,HA01,,,,,,,,,,,40.0,37.35,2026-05-13,,"Catalogue IJM 2025, page 1",,1x40,GANTS NEOPRENE/NITRILE 300 SHIELDskin CHEM XL (Rouge/Red),E0364R,SHIELD SCIENTIFIC,
GANTS de MANUTENTION croûte cuire,,E037,,Autres consommables,HA04,,,,,,,,,,,1.0,6.78,2026-05-13,,"Catalogue IJM 2025, page 1",,1,GANTS de MANUTENTION croûte cuire,E037,,
GANTS de MENAGE Hypoallergenique Taille 6/7,ADELYA,E038,,Autres consommables,HA04,,,,,,,,,,,1.0,2.25,2026-05-13,,"Catalogue IJM 2025, page 1",,1,GANTS de MENAGE Hypoallergenique Taille 6/7,E038,ADELYA,
GANTS de MENAGE Hypoallergenique Taille 7/8,ADELYA,E039,,Autres consommables,HA04,,,,,,,,,,,1.0,2.25,2026-05-13,,"Catalogue IJM 2025, page 1",,1,GANTS de MENAGE Hypoallergenique Taille 7/8,E039,ADELYA,
GANTS de MENAGE HypoallergeniqueTaille 8/9,ADELYA,E040,,Autres consommables,HA04,,,,,,,,,,,1.0,2.25,2026-05-13,,"Catalogue IJM 2025, page 1",,1,GANTS de MENAGE HypoallergeniqueTaille 8/9,E040,ADELYA,
BLOUSE JETABLE Taille L ou XL (x50) Avec bouton pression,,E053,,Autres consommables,HA03,,,,,,,,,,,50.0,48.15,2026-05-13,,"Catalogue IJM 2025, page 1",,1x50,BLOUSE JETABLE Taille L ou XL (x50) Avec bouton pression,E053,,
SUR-CHAUSSURE ANTI-DERAPANTES (Au carton),,HS024,,Autres consommables,HA02,,,,,,,,,,,400.0,50.94,2026-05-13,,"Catalogue IJM 2025, page 1",,1x400,SUR-CHAUSSURE ANTI-DERAPANTES (Au carton),HS024,,
CHARLOTTE CLIP BLANC (x100),,E0551,,Autres consommables,HA02,,,,,,,,,,,100.0,6.58,2026-05-13,,"Catalogue IJM 2025, page 1",,1x100,CHARLOTTE CLIP BLANC (x100),E0551,,
BLOUSE MIXTE BLANCHE Taille 0 Logo IJM,,HS007,,Autres consommables,HA03,,,,,,,,,,,1.0,25.15,2026-05-13,,"Catalogue IJM 2025, page 2",,1,BLOUSE MIXTE BLANCHE Taille 0 Logo IJM,HS007,,
BLOUSE MIXTE BLANCHE Taille 1 Logo IJM,,HS008,,Autres consommables,HA03,,,,,,,,,,,1.0,25.15,2026-05-13,,"Catalogue IJM 2025, page 2",,1,BLOUSE MIXTE BLANCHE Taille 1 Logo IJM,HS008,,
BLOUSE MIXTE BLANCHE Taille 2 Logo IJM,,E009,,Autres consommables,HA03,,,,,,,,,,,1.0,25.15,2026-05-13,,"Catalogue IJM 2025, page 2",,1,BLOUSE MIXTE BLANCHE Taille 2 Logo IJM,E009,,
BLOUSE MIXTE BLANCHE Taille 3 Logo IJM,,E010,,Autres consommables,HA03,,,,,,,,,,,1.0,25.15,2026-05-13,,"Catalogue IJM 2025, page 2",,1,BLOUSE MIXTE BLANCHE Taille 3 Logo IJM,E010,,
BLOUSE MIXTE BLANCHE Taille 4 Logo IJM,,E011,,Autres consommables,HA03,,,,,,,,,,,1.0,25.15,2026-05-13,,"Catalogue IJM 2025, page 2",,1,BLOUSE MIXTE BLANCHE Taille 4 Logo IJM,E011,,
BLOUSE MIXTE BLANCHE Taille 5 Logo IJM,,E0112,,Autres consommables,HA03,,,,,,,,,,,1.0,25.15,2026-05-13,,"Catalogue IJM 2025, page 2",,1,BLOUSE MIXTE BLANCHE Taille 5 Logo IJM,E0112,,
BLOUSE MIXTE BLANCHE Taille 6 Logo IJM,,E0113,,Autres consommables,HA03,,,,,,,,,,,1.0,25.15,2026-05-13,,"Catalogue IJM 2025, page 2",,1,BLOUSE MIXTE BLANCHE Taille 6 Logo IJM,E0113,,
BLOUSE CLARISSE Taille 4 (Bouton latéral),,E012T,,Autres consommables,HA03,,,,,,,,,,,1.0,25.15,2026-05-13,,"Catalogue IJM 2025, page 2",,1,BLOUSE CLARISSE Taille 4 (Bouton latéral),E012T,,
TABLIER à BAVETTE,,E068,,Autres consommables,HA03,,,,,,,,,,,1.0,5.96,2026-05-13,,"Catalogue IJM 2025, page 2",,1,TABLIER à BAVETTE,E068,,
MASQUE de PROTECTION Coquille en fibre de polyester,,E048A,,Autres consommables,HA02,,,,,,,,,,,1.0,0.14,2026-05-13,,"Catalogue IJM 2025, page 2",,1,MASQUE de PROTECTION Coquille en fibre de polyester,E048A,,
MASQUE de PROTECTION CHIRURGICAUX (Boite x50),,E048B,,Autres consommables,HA02,,,,,,,,,,,50.0,3.1,2026-05-13,,"Catalogue IJM 2025, page 2",,1x50,MASQUE de PROTECTION CHIRURGICAUX (Boite x50),E048B,,
MASQUE de PROTECTION Respiratoire filtrant FFP2 Particules toxiques,,E0481,,Autres consommables,HA02,,,,,,,,,,,1.0,1.5,2026-05-13,,"Catalogue IJM 2025, page 2",,1,MASQUE de PROTECTION Respiratoire filtrant FFP2 Particules toxiques,E0481,,
MASQUE de PROTECTION Respiratoire filtrant FFP3 Aérosols toxiques,,E0482,,Autres consommables,HA02,,,,,,,,,,,1.0,4.43,2026-05-13,,"Catalogue IJM 2025, page 2",,1,MASQUE de PROTECTION Respiratoire filtrant FFP3 Aérosols toxiques,E0482,,
MASQUE REUTILISABLE 3M 4279+ (Filtres ABEK 1P3 intégrés),,E0483,,Autres consommables,HA02,,,,,,,,,,,1.0,32.92,2026-05-13,,"Catalogue IJM 2025, page 2",,1,MASQUE REUTILISABLE 3M 4279+ (Filtres ABEK 1P3 intégrés),E0483,,
CASQUE Anti-Bruit 35dB,,D142,,Autres consommables,HA02,,,,,,,,,,,1.0,22.29,2026-05-13,,"Catalogue IJM 2025, page 2",,1,CASQUE Anti-Bruit 35dB,D142,,
LUNETTE de PROTECTION de BASE Mono-écran,,D120,,Autres consommables,HA05,,,,,,,,,,,1.0,8.39,2026-05-13,,"Catalogue IJM 2025, page 2",,1,LUNETTE de PROTECTION de BASE Mono-écran,D120,,
SUR-LUNETTE de PROTECTION,,D120A,,Autres consommables,HA05,,,,,,,,,,,1.0,8.24,2026-05-13,,"Catalogue IJM 2025, page 2",,1,SUR-LUNETTE de PROTECTION,D120A,,
ECRAN FACIAL de PROTECTION SS VISIERE POLYCARBONATE,CLEARWAYS,D140,,Autres consommables,HA05,,,,,,,,,,,1.0,17.57,2026-05-13,,"Catalogue IJM 2025, page 2",,1,ECRAN FACIAL de PROTECTION SS VISIERE POLYCARBONATE,D140,CLEARWAYS,
FILM ALUMINIUM 200mx30cm 14µ,ALUPRO,E002,,Autres consommables,AA41,,,,,,,,,,,1.0,19.54,2026-05-13,,"Catalogue IJM 2025, page 2",,1,FILM ALUMINIUM 200mx30cm 14µ,E002,ALUPRO,
PAPIER de PROTECTION BENCHGUARD 60x49cm (100 feuilles),THERMO,D026,,Autres consommables,HA11,,,,,,,,,,,1.0,109.7,2026-05-13,,"Catalogue IJM 2025, page 2",,1,PAPIER de PROTECTION BENCHGUARD 60x49cm (100 feuilles),D026,THERMO,
PAPIER de PROTECTION Equivalent BENCHGUARD 46x57cm (100 feuilles),THERMO,D027,,Autres consommables,HA11,,,,,,,,,,,1.0,37.75,2026-05-13,,"Catalogue IJM 2025, page 2",,1,PAPIER de PROTECTION Equivalent BENCHGUARD 46x57cm (100 feuilles),D027,THERMO,
"PAPIER FILTRE blanc 42x52cm, Rame de 7 Kg",,D028,,Autres consommables,HA11,7000.0,,,,,,,,,,1.0,28.53,2026-05-13,,"Catalogue IJM 2025, page 2",,1,"PAPIER FILTRE blanc 42x52cm, Rame de 7 Kg",D028,,
FILTER PAPERS 1 Qualitative Circles Ø 55mm (x100),WHATMAN,D028A,,Autres consommables,HA11,,,,,,,,,,,1.0,5.31,2026-05-13,,"Catalogue IJM 2025, page 2",,1,FILTER PAPERS 1 Qualitative Circles Ø 55mm (x100),D028A,WHATMAN,
PAPIER de CHROMATOGRAPHIE WHATMAN 3 MM CHR,WHATMAN,D032,,Autres consommables,HA11,,,,,,,,,,,1.0,217.63,2026-05-13,,"Catalogue IJM 2025, page 2",,1,PAPIER de CHROMATOGRAPHIE WHATMAN 3 MM CHR,D032,WHATMAN,
PAPIER de CHROMATOGRAPHIE Blotting MN 218B Type Whatman 3 MM CHR,MACHEREY-NAGEL,D032A,,Autres consommables,HA11,,,,,,,,,,,1.0,185.46,2026-05-13,,"Catalogue IJM 2025, page 2",,1,PAPIER de CHROMATOGRAPHIE Blotting MN 218B Type Whatman 3 MM CHR,D032A,MACHEREY-NAGEL,
Papier d'essuyage KIMWIPPES 115x215mm (280 feuilles),,E046A,,Autres consommables,HA11,,,,,,,,,,,1.0,5.65,2026-05-13,,"Catalogue IJM 2025, page 2",,1,Papier d'essuyage KIMWIPPES 115x215mm (280 feuilles),E046A,,
Papier d'essuyage OPTIQUE WHATMAN 100x150mm (25 f),WHATMAN,E046,,Autres consommables,HA11,,,,,,,,,,,1.0,3.06,2026-05-13,,"Catalogue IJM 2025, page 2",,1,Papier d'essuyage OPTIQUE WHATMAN 100x150mm (25 f),E046,WHATMAN,
PARAFILM 10cmx75m,FISHER,D033,,Autres consommables,NB35,,,,,,,,,,,1.0,42.94,2026-05-13,,"Catalogue IJM 2025, page 2",,1,PARAFILM 10cmx75m,D033,FISHER,
FILM SARAN 300mx30cm,,D0192,,Autres consommables,NB35,,,,,,,,,,,1.0,84.63,2026-05-13,,"Catalogue IJM 2025, page 2",,1,FILM SARAN 300mx30cm,D0192,,
FILM PRESS' N SEAL 40m,,D0194,,Autres consommables,NB35,,,,,,,,,,,1.0,23.95,2026-05-13,,"Catalogue IJM 2025, page 2",,1,FILM PRESS' N SEAL 40m,D0194,,
FILMPRO Etirable 300mx30cm ou 300mx45cm,FILMPRO,D0195,,Autres consommables,NB35,,,,,,,,,,,1.0,9.88,2026-05-13,,"Catalogue IJM 2025, page 2",,1,FILMPRO Etirable 300mx30cm ou 300mx45cm,D0195,FILMPRO,
Papier pH Whatman - BANDELETTES Gamme pH 0-14 (6x80mm) x100,WHATMAN,D029,,Autres consommables,NB35,,,,,,,,,,,100.0,22.68,2026-05-13,,"Catalogue IJM 2025, page 2",,1x100,Papier pH Whatman - BANDELETTES Gamme pH 0-14 (6x80mm) x100,D029,WHATMAN,
Papier pH Whatman - DISTRIBUTEUR Gamme pH 1.0-14.0 (7mmx5m),WHATMAN,D030,,Autres consommables,NB35,,,,,,,,,,,1.0,15.62,2026-05-13,,"Catalogue IJM 2025, page 2",,1,Papier pH Whatman - DISTRIBUTEUR Gamme pH 1.0-14.0 (7mmx5m),D030,WHATMAN,
BOITE à DÉCHETS 300ml (Aiguille usagée),,E0121,,Autres consommables,HA11,,,,,,,,,,,1.0,2.21,2026-05-13,,"Catalogue IJM 2025, page 2",,1,BOITE à DÉCHETS 300ml (Aiguille usagée),E0121,,
BOITE à DÉCHETS 2L (Objets contaminés),,E0132,,Autres consommables,HA11,,,,,,,,,,,1.0,1.92,2026-05-13,,"Catalogue IJM 2025, page 2",,1,BOITE à DÉCHETS 2L (Objets contaminés),E0132,,
"BOITE à DÉCHETS 600ml (Lames,aiguilles…)",,E01312,,Autres consommables,HA11,,,,,,,,,,,1.0,3.05,2026-05-13,,"Catalogue IJM 2025, page 2",,1,"BOITE à DÉCHETS 600ml (Lames,aiguilles…)",E01312,,
SAC AUTOCLAVE 300x500mm 10L (x20),,E058A,,Autres consommables,HA11,,,,,,,,,,,1.0,1.68,2026-05-13,,"Catalogue IJM 2025, page 2",,1,SAC AUTOCLAVE 300x500mm 10L (x20),E058A,,
SAC AUTOCLAVE 400x780mm 30L (x20),,E059A,,Autres consommables,HA11,,,,,,,,,,,1.0,3.15,2026-05-13,,"Catalogue IJM 2025, page 2",,1,SAC AUTOCLAVE 400x780mm 30L (x20),E059A,,
RUBAN ADHESIF de MARQUAGE COULEUR 19mmx12m,TIME TAPE,B001,,Autres consommables,NB35,,,,,,,,,,,1.0,4.5,2026-05-13,,"Catalogue IJM 2025, page 3",,1,RUBAN ADHESIF de MARQUAGE COULEUR 19mmx12m,B001,TIME TAPE,
RUBAN INDICATEUR pour AUTOCLAVE 19mmx50m,,B002,,Autres consommables,NB35,,,,,,,,,,,1.0,5.35,2026-05-13,,"Catalogue IJM 2025, page 3",,1,RUBAN INDICATEUR pour AUTOCLAVE 19mmx50m,B002,,
RUBAN INDICATEUR pour POUPINEL (Four)19mmx55m,,B004,,Autres consommables,NB35,,,,,,,,,,,1.0,18.01,2026-05-13,,"Catalogue IJM 2025, page 3",,1,RUBAN INDICATEUR pour POUPINEL (Four)19mmx55m,B004,,
"ETIQUETTES CRYO-TAGS WHITE (-196°C) 33x13mm pour microtubes 1,5 et 2ml",,HS020,,Autres consommables,NB35,,,,,,,,,,,1000.0,43.73,2026-05-13,,"Catalogue IJM 2025, page 3",,1x1000,"ETIQUETTES CRYO-TAGS WHITE (-196°C) 33x13mm pour microtubes 1,5 et 2ml",HS020,,
"ETIQUETTES TOUCH-SPOTS (-80° / +121°C) Diam 9,5mm pour microtubes 0,5 à 2ml
(Couleurs assortis)",,HS021,,Autres consommables,NB35,,,,,,,,,,,5000.0,166.55,2026-05-13,,"Catalogue IJM 2025, page 3",,1x5000,"ETIQUETTES TOUCH-SPOTS (-80° / +121°C) Diam 9,5mm pour microtubes 0,5 à 2ml
(Couleurs assortis)",HS021,,
"ETIQUETTES CRYO Blanc (-196°C) 33x13mm pour microtubes 1,5 et 2ml",,HS028,,Autres consommables,NB35,,,,,,,,,,,1700.0,74.74,2026-05-13,,"Catalogue IJM 2025, page 3",,1x1700,"ETIQUETTES CRYO Blanc (-196°C) 33x13mm pour microtubes 1,5 et 2ml",HS028,,
"ETIQUETTES CRYO RONDE (-196°C) Diam 9,5mm pour microtubes 1,5 et 2ml",,HS029,,Autres consommables,NB35,,,,,,,,,,,1000.0,63.89,2026-05-13,,"Catalogue IJM 2025, page 3",,1x1000,"ETIQUETTES CRYO RONDE (-196°C) Diam 9,5mm pour microtubes 1,5 et 2ml",HS029,,
"ETIQUETTES BRADY B-499 Blanc nylon 19,1mmX5,8m (-40 / +90 °C)",,B117,,Autres consommables,NB35,,,,,,,,,,,5000.0,26.82,2026-05-13,,"Catalogue IJM 2025, page 3",,1x5000,"ETIQUETTES BRADY B-499 Blanc nylon 19,1mmX5,8m (-40 / +90 °C)",B117,,
"GAZE HYDROPHILE ""CHEESECLOTH"" (64mX91,4cm)",,E044,,Autres consommables,NB11,,,,,,,,,,,1.0,154.39,2026-05-13,,"Catalogue IJM 2025, page 3",,1,"GAZE HYDROPHILE ""CHEESECLOTH"" (64mX91,4cm)",E044,,
COTON CARDÉ ÉCRU 500g,,E0171,,Autres consommables,NB11,500.0,,,,,,,,,,1.0,5.89,2026-05-13,,"Catalogue IJM 2025, page 3",,1,COTON CARDÉ ÉCRU 500g,E0171,,
COTON TIGES,,D016,,Autres consommables,BB01,,,,,,,,,,,1.0,2.03,2026-05-13,,"Catalogue IJM 2025, page 3",,1,COTON TIGES,D016,,
ACIDE CITRIQUE NP 1Kg,PROLABO,C006,,Autres consommables,NA21,1000.0,,,,,,,,,,1.0,12.84,2026-05-13,,"Catalogue IJM 2025, page 4",,1,ACIDE CITRIQUE NP 1Kg,C006,PROLABO,
ACIDE BORIQUE Christallisé NP 1Kg,PROLABO,C008,,Autres consommables,NA21,1000.0,,,,,,,,,,1.0,18.69,2026-05-13,,"Catalogue IJM 2025, page 4",,1,ACIDE BORIQUE Christallisé NP 1Kg,C008,PROLABO,
ACIDE TRICHLOROACÉTIQUE NP 1Kg,PROLABO,C010,,Autres consommables,NA21,1000.0,,,,,,,,,,1.0,69.8,2026-05-13,,"Catalogue IJM 2025, page 4",,1,ACIDE TRICHLOROACÉTIQUE NP 1Kg,C010,PROLABO,
"ACRYLAMIDE (99,4%) Bis Acrylamide 19/1 40% Solution 500ml",EUROMEDEX,C0024,,Autres consommables,NB22,,,,,,,,,,,1.0,37.66,2026-05-13,,"Catalogue IJM 2025, page 4",,1,"ACRYLAMIDE (99,4%) Bis Acrylamide 19/1 40% Solution 500ml",C0024,EUROMEDEX,
"ACRYLAMIDE (99,4%) Bis Acrylamide 29/1 40% Solution 500ml",EUROMEDEX,C0025,,Autres consommables,NB22,,,,,,,,,,,1.0,37.66,2026-05-13,,"Catalogue IJM 2025, page 4",,1,"ACRYLAMIDE (99,4%) Bis Acrylamide 29/1 40% Solution 500ml",C0025,EUROMEDEX,
"ACRYLAMIDE (99,4%) Bis Acrylamide 37,5/1 40% Solution 500ml",EUROMEDEX,C0022,,Autres consommables,NB22,,,,,,,,,,,1.0,37.66,2026-05-13,,"Catalogue IJM 2025, page 4",,1,"ACRYLAMIDE (99,4%) Bis Acrylamide 37,5/1 40% Solution 500ml",C0022,EUROMEDEX,
AGAROSE Standard 100g,EUROMEDEX,C0023,,Autres consommables,NB22,100.0,,,,,,,,,,1.0,44.94,2026-05-13,,"Catalogue IJM 2025, page 4",,1,AGAROSE Standard 100g,C0023,EUROMEDEX,
DMSO 250ml,EUROMEDEX,C0027,,Autres consommables,NB22,,,,,,,,,,,1.0,75.49,2026-05-13,,"Catalogue IJM 2025, page 4",,1,DMSO 250ml,C0027,EUROMEDEX,
AMMONIUM ACÉTATE NP 1Kg,PROLABO,C013,,Autres consommables,NA21,1000.0,,,,,,,,,,1.0,14.18,2026-05-13,,"Catalogue IJM 2025, page 4",,1,AMMONIUM ACÉTATE NP 1Kg,C013,PROLABO,
AMMONIUM CHLORURE NP 1Kg,PROLABO,C0131,,Autres consommables,NA21,1000.0,,,,,,,,,,1.0,25.06,2026-05-13,,"Catalogue IJM 2025, page 4",,1,AMMONIUM CHLORURE NP 1Kg,C0131,PROLABO,
AMMONIUM SULFATE NP 1Kg,PROLABO,C014,,Autres consommables,NA21,1000.0,,,,,,,,,,1.0,20.44,2026-05-13,,"Catalogue IJM 2025, page 4",,1,AMMONIUM SULFATE NP 1Kg,C014,PROLABO,
GALACTOSE Low Glucose and Lactose 1Kg,EUROMEDEX,C0141,,Autres consommables,NA21,1000.0,,,,,,,,,,1.0,278.31,2026-05-13,,"Catalogue IJM 2025, page 4",,1,GALACTOSE Low Glucose and Lactose 1Kg,C0141,EUROMEDEX,
CALCIUM CHLORURE NP 1Kg,PROLABO,C022,,Autres consommables,NA21,1000.0,,,,,,,,,,1.0,20.6,2026-05-13,,"Catalogue IJM 2025, page 4",,1,CALCIUM CHLORURE NP 1Kg,C022,PROLABO,
DTT (Purity: 99%) 25g,EUROMEDEX,C034,,Autres consommables,NA25,25.0,,,,,,,,,,1.0,110.96,2026-05-13,,"Catalogue IJM 2025, page 4",,1,DTT (Purity: 99%) 25g,C034,EUROMEDEX,
GLUCOSE D(+) Anhydre GPR Rectapur 1Kg,PROLABO,C030,,Autres consommables,NA21,1000.0,,,,,,,,,,1.0,19.8,2026-05-13,,"Catalogue IJM 2025, page 4",,1,GLUCOSE D(+) Anhydre GPR Rectapur 1Kg,C030,PROLABO,
GLUCOSE 1Kg,EUROMEDEX,C030A,,Autres consommables,NA21,1000.0,,,,,,,,,,1.0,26.38,2026-05-13,,"Catalogue IJM 2025, page 4",,1,GLUCOSE 1Kg,C030A,EUROMEDEX,
GLYCINE PA 1Kg,EUROMEDEX,C0312,,Autres consommables,NA26,1000.0,,,,,,,,,,1.0,32.9,2026-05-13,,"Catalogue IJM 2025, page 4",,1,GLYCINE PA 1Kg,C0312,EUROMEDEX,
GLYCOGEN 20mg/ml,ROCHE,C0311,,Autres consommables,NA21,,,,,,,,,,,1.0,118.13,2026-05-13,,"Catalogue IJM 2025, page 4",,1,GLYCOGEN 20mg/ml,C0311,ROCHE,
IPTG Dioxane free 5g,EUROMEDEX,C0321,,Autres consommables,NA55,5.0,,,,,,,,,,1.0,25.52,2026-05-13,,"Catalogue IJM 2025, page 4",,1,IPTG Dioxane free 5g,C0321,EUROMEDEX,
KANAMYCIN MonoSULFATE 25g,EUROMEDEX,C015,,Autres consommables,NA76,25.0,,,,,,,,,,1.0,95.5,2026-05-13,,"Catalogue IJM 2025, page 4",,1,KANAMYCIN MonoSULFATE 25g,C015,EUROMEDEX,
MAGNÉSIUM CHLORURE HEXAHYDRATE PA 250g,MERCK,C074,,Autres consommables,NA21,250.0,,,,,,,,,,1.0,19.26,2026-05-13,,"Catalogue IJM 2025, page 4",,1,MAGNÉSIUM CHLORURE HEXAHYDRATE PA 250g,C074,MERCK,
MAGNÉSIUM CHLORIDE HEXAHYDRATE 250g,EUROMEDEX,C0741,,Autres consommables,NA21,250.0,,,,,,,,,,1.0,16.26,2026-05-13,,"Catalogue IJM 2025, page 4",,1,MAGNÉSIUM CHLORIDE HEXAHYDRATE 250g,C0741,EUROMEDEX,
MAGNÉSIUM SULFATE HEPTAHYDRATE 1Kg,EUROMEDEX,C078,,Autres consommables,NA21,1000.0,,,,,,,,,,1.0,58.74,2026-05-13,,"Catalogue IJM 2025, page 4",,1,MAGNÉSIUM SULFATE HEPTAHYDRATE 1Kg,C078,EUROMEDEX,
METHYL 4-HYDROXYBENZOATE 99% 1Kg,PROLABO,C068,,Autres consommables,NA28,1000.0,,,,,,,,,,1.0,63.02,2026-05-13,,"Catalogue IJM 2025, page 4",,1,METHYL 4-HYDROXYBENZOATE 99% 1Kg,C068,PROLABO,
METHYL 4-HYDROXYBENZOATE - SEL DE SODIUM 5Kg,MERCK,C068A,,Autres consommables,NA28,5000.0,,,,,,,,,,1.0,462.88,2026-05-13,,"Catalogue IJM 2025, page 4",,1,METHYL 4-HYDROXYBENZOATE - SEL DE SODIUM 5Kg,C068A,MERCK,
PARAFORMALDEHYDE en poudre 1Kg,PROLABO,C073,,Autres consommables,NA21,1000.0,,,,,,,,,,1.0,16.48,2026-05-13,,"Catalogue IJM 2025, page 5",,1,PARAFORMALDEHYDE en poudre 1Kg,C073,PROLABO,
POTASSIUM ACÉTATE NP 1Kg,EUROMEDEX,C044,,Autres consommables,NA21,1000.0,,,,,,,,,,1.0,38.2,2026-05-13,,"Catalogue IJM 2025, page 5",,1,POTASSIUM ACÉTATE NP 1Kg,C044,EUROMEDEX,
POTASSIUM CHLORURE PA 1Kg,PROLABO,C045,,Autres consommables,NA21,1000.0,,,,,,,,,,1.0,19.37,2026-05-13,,"Catalogue IJM 2025, page 5",,1,POTASSIUM CHLORURE PA 1Kg,C045,PROLABO,
POTASSIUM DIHYDROGENOPHOSPHATE NP1Kg,PROLABO,C046,,Autres consommables,NA21,1000.0,,,,,,,,,,1.0,32.31,2026-05-13,,"Catalogue IJM 2025, page 5",,1,POTASSIUM DIHYDROGENOPHOSPHATE NP1Kg,C046,PROLABO,
POTASSIUM HYDROXYDE en pastilles 1Kg,PROLABO,C048,,Autres consommables,NA21,1000.0,,,,,,,,,,1.0,30.28,2026-05-13,,"Catalogue IJM 2025, page 5",,1,POTASSIUM HYDROXYDE en pastilles 1Kg,C048,PROLABO,
DI-POTASSIUM HYDROGENOPHOSPHATE Rectapur 1Kg,PROLABO,C051,,Autres consommables,NA21,1000.0,,,,,,,,,,1.0,29.64,2026-05-13,,"Catalogue IJM 2025, page 5",,1,DI-POTASSIUM HYDROGENOPHOSPHATE Rectapur 1Kg,C051,PROLABO,
URÉE NP 1Kg,PROLABO,C065,,Autres consommables,NA21,1000.0,,,,,,,,,,1.0,20.22,2026-05-13,,"Catalogue IJM 2025, page 5",,1,URÉE NP 1Kg,C065,PROLABO,
SACCHAROSE NP 1Kg,PROLABO,C054,,Autres consommables,NA28,1000.0,,,,,,,,,,1.0,16.59,2026-05-13,,"Catalogue IJM 2025, page 5",,1,SACCHAROSE NP 1Kg,C054,PROLABO,
SUCROSE D (+) SACCHAROSE 1Kg,EUROMEDEX,C0541,,Autres consommables,NA21,1000.0,,,,,,,,,,1.0,13.48,2026-05-13,,"Catalogue IJM 2025, page 5",,1,SUCROSE D (+) SACCHAROSE 1Kg,C0541,EUROMEDEX,
SODIUM ACÉTATE PA 1Kg,PROLABO,C055,,Autres consommables,NA21,1000.0,,,,,,,,,,1.0,48.82,2026-05-13,,"Catalogue IJM 2025, page 5",,1,SODIUM ACÉTATE PA 1Kg,C055,PROLABO,
SODIUM HYDROGÉNOCARBONATE NP 1Kg,PROLABO,C056,,Autres consommables,NA21,1000.0,,,,,,,,,,1.0,16.93,2026-05-13,,"Catalogue IJM 2025, page 5",,1,SODIUM HYDROGÉNOCARBONATE NP 1Kg,C056,PROLABO,
SODIUM CHLORURE PA 1Kg,PROLABO,C057,,Autres consommables,NA21,1000.0,,,,,,,,,,1.0,11.88,2026-05-13,,"Catalogue IJM 2025, page 5",,1,SODIUM CHLORURE PA 1Kg,C057,PROLABO,
SODIUM CHLORURE PA 1Kg,EUROMEDEX,C057A,,Autres consommables,NA21,1000.0,,,,,,,,,,1.0,15.41,2026-05-13,,"Catalogue IJM 2025, page 5",,1,SODIUM CHLORURE PA 1Kg,C057A,EUROMEDEX,
TRI-SODIUM CITRATE NP1Kg,PROLABO,C058,,Autres consommables,NA21,1000.0,,,,,,,,,,1.0,23.3,2026-05-13,,"Catalogue IJM 2025, page 5",,1,TRI-SODIUM CITRATE NP1Kg,C058,PROLABO,
SODIUM HYDROXYDE PASTILLES PA 1Kg,PROLABO,C059,,Autres consommables,NA21,1000.0,,,,,,,,,,1.0,18.52,2026-05-13,,"Catalogue IJM 2025, page 5",,1,SODIUM HYDROXYDE PASTILLES PA 1Kg,C059,PROLABO,
DI-SODIUM HYDROGENOPHOSPHATE PA 1Kg,VWR,C061,,Autres consommables,NA21,1000.0,,,,,,,,,,1.0,33.06,2026-05-13,,"Catalogue IJM 2025, page 5",,1,DI-SODIUM HYDROGENOPHOSPHATE PA 1Kg,C061,VWR,
SODIUM DIHYDROGÉNOPHOSPHATE 1Kg,PROLABO,C062,,Autres consommables,NA21,1000.0,,,,,,,,,,1.0,23.56,2026-05-13,,"Catalogue IJM 2025, page 5",,1,SODIUM DIHYDROGÉNOPHOSPHATE 1Kg,C062,PROLABO,
TRIS BASE Ultra pur 1Kg,EUROMEDEX,C0641,,Autres consommables,NA21,1000.0,,,,,,,,,,1.0,76.08,2026-05-13,,"Catalogue IJM 2025, page 5",,1,TRIS BASE Ultra pur 1Kg,C0641,EUROMEDEX,
X-GAL 1g,EUROMEDEX,C066A,,Autres consommables,NA55,1.0,,,,,,,,,,1.0,59.12,2026-05-13,,"Catalogue IJM 2025, page 5",,1,X-GAL 1g,C066A,EUROMEDEX,
"NuPAGE Novex 4-12% Bis-Tris Gel 1.0mm, 10 well","réf LIFE Technologie
NP0321BOX",C082,,Autres consommables,NB22,,,,,,,,,,,10.0,125.36,2026-05-13,,"Catalogue IJM 2025, page 6",,1X10,"NuPAGE Novex 4-12% Bis-Tris Gel 1.0mm, 10 well",C082,"réf LIFE Technologie
NP0321BOX",
"NuPAGE Novex 4-12% Bis-Tris Gel 1.0mm, 12well","réf LIFE Technologie
NP0322BOX",C085,,Autres consommables,NB22,,,,,,,,,,,10.0,125.36,2026-05-13,,"Catalogue IJM 2025, page 6",,1X10,"NuPAGE Novex 4-12% Bis-Tris Gel 1.0mm, 12well",C085,"réf LIFE Technologie
NP0322BOX",
"NuPAGE Novex 4-12% Bis-Tris Gel 1.0mm, 15well","réf LIFE Technologie
NP0323BOX",C087,,Autres consommables,NB22,,,,,,,,,,,10.0,160.15,2026-05-13,,"Catalogue IJM 2025, page 6",,1X10,"NuPAGE Novex 4-12% Bis-Tris Gel 1.0mm, 15well",C087,"réf LIFE Technologie
NP0323BOX",
"NuPAGE Novex 4-12% Bis-Tris Gel 1.5mm, 10 well","réf LIFE Technologie
NP0335BOX",C080,,Autres consommables,NB22,,,,,,,,,,,10.0,133.14,2026-05-13,,"Catalogue IJM 2025, page 6",,1X10,"NuPAGE Novex 4-12% Bis-Tris Gel 1.5mm, 10 well",C080,"réf LIFE Technologie
NP0335BOX",
"NuPAGE Novex 4-12% Bis-Tris Gel 1.5mm, 15 well","réf LIFE Technologie
NP0336BOX",C084,,Autres consommables,NB22,,,,,,,,,,,10.0,133.14,2026-05-13,,"Catalogue IJM 2025, page 6",,1X10,"NuPAGE Novex 4-12% Bis-Tris Gel 1.5mm, 15 well",C084,"réf LIFE Technologie
NP0336BOX",
"NuPAGE Novex 10% Bis-Tris Gel 1.0mm, 10 well","réf LIFE Technologie
NP0301BOX",C081,,Autres consommables,NB22,,,,,,,,,,,10.0,126.55,2026-05-13,,"Catalogue IJM 2025, page 6",,1X10,"NuPAGE Novex 10% Bis-Tris Gel 1.0mm, 10 well",C081,"réf LIFE Technologie
NP0301BOX",
"NuPAGE Novex 10% Bis-Tris Gel 1.0mm, 15 well","réf LIFE Technologie
NP0303BOX",C083,,Autres consommables,NB22,,,,,,,,,,,10.0,131.83,2026-05-13,,"Catalogue IJM 2025, page 6",,1X10,"NuPAGE Novex 10% Bis-Tris Gel 1.0mm, 15 well",C083,"réf LIFE Technologie
NP0303BOX",
"NuPAGE Novex 12% Bis-Tris Gel 1.0mm, 10 well","réf LIFE Technologie
NP0341BOX",C086,,Autres consommables,NB22,,,,,,,,,,,10.0,184.89,2026-05-13,,"Catalogue IJM 2025, page 6",,1X10,"NuPAGE Novex 12% Bis-Tris Gel 1.0mm, 10 well",C086,"réf LIFE Technologie
NP0341BOX",
IBLOT PVDF GEL TRANSFER STACKS Regular - 10 rxn,"réf LIFE Technologie
IB24001",C130,,Autres consommables,NB22,,,,,,,,,,,10.0,216.02,2026-05-13,,"Catalogue IJM 2025, page 6",,1X10,IBLOT PVDF GEL TRANSFER STACKS Regular - 10 rxn,C130,"réf LIFE Technologie
IB24001",
IBLOT PVDF GEL TRANSFER STACKS Mini - 10 rxn,"réf LIFE Technologie
IB24002",C131,,Autres consommables,NB22,,,,,,,,,,,10.0,179.3,2026-05-13,,"Catalogue IJM 2025, page 6",,1X10,IBLOT PVDF GEL TRANSFER STACKS Mini - 10 rxn,C131,"réf LIFE Technologie
IB24002",
IBLOT NC GEL TRANSFER STACKS Regular - 10 rxn,"réf LIFE Technologie
IB23001",C132,,Autres consommables,NB22,,,,,,,,,,,10.0,194.22,2026-05-13,,"Catalogue IJM 2025, page 6",,1X10,IBLOT NC GEL TRANSFER STACKS Regular - 10 rxn,C132,"réf LIFE Technologie
IB23001",
IBLOT NC GEL TRANSFER STACKS Mini - 10 rxn,"réf LIFE Technologie
IB23002",C133,,Autres consommables,NB22,,,,,,,,,,,10.0,159.21,2026-05-13,,"Catalogue IJM 2025, page 6",,1X10,IBLOT NC GEL TRANSFER STACKS Mini - 10 rxn,C133,"réf LIFE Technologie
IB23002",
NuPAGE Antioxidant 15ml,"réf LIFE Technologie
NP0005",C090,,Autres consommables,NB22,,,,,,,,,,,1.0,36.36,2026-05-13,,"Catalogue IJM 2025, page 6",,1,NuPAGE Antioxidant 15ml,C090,"réf LIFE Technologie
NP0005",
NuPAGE Sample Reducing Agent (10X) 250µl,"réf LIFE Technologie
NP0004",C093,,Autres consommables,NB22,,,,,,,,,,,1.0,14.18,2026-05-13,,"Catalogue IJM 2025, page 6",,1,NuPAGE Sample Reducing Agent (10X) 250µl,C093,"réf LIFE Technologie
NP0004",
NuPAGE Sample Reducing Agent (10X) 10ml,"réf LIFE Technologie
NP0009",C096,,Autres consommables,NB22,,,,,,,,,,,1.0,92.26,2026-05-13,,"Catalogue IJM 2025, page 6",,1,NuPAGE Sample Reducing Agent (10X) 10ml,C096,"réf LIFE Technologie
NP0009",
NuPAGE Transfert Buffer (20X) 125ml,"réf LIFE Technologie
NP0006",C094,,Autres consommables,NB22,,,,,,,,,,,1.0,32.98,2026-05-13,,"Catalogue IJM 2025, page 6",,1,NuPAGE Transfert Buffer (20X) 125ml,C094,"réf LIFE Technologie
NP0006",
NuPAGE LDS Sample Buffer (4X) 10ml,"réf LIFE Technologie
NP0007",C095,,Autres consommables,NB22,,,,,,,,,,,1.0,22.77,2026-05-13,,"Catalogue IJM 2025, page 6",,1,NuPAGE LDS Sample Buffer (4X) 10ml,C095,"réf LIFE Technologie
NP0007",
"NOVEX WedgeWell 10% Tris-Glycine Mini Gels, 10 well","réf LIFE Technologie
XP00100BOX",C120,,Autres consommables,NB22,,,,,,,,,,,10.0,94.46,2026-05-13,,"Catalogue IJM 2025, page 6",,1X10,"NOVEX WedgeWell 10% Tris-Glycine Mini Gels, 10 well",C120,"réf LIFE Technologie
XP00100BOX",
"NOVEX WedgeWell 4-12% Tris-Glycine Mini Gels, 10 well","réf LIFE Technologie
XP04120BOX",C121,,Autres consommables,NB22,,,,,,,,,,,10.0,94.46,2026-05-13,,"Catalogue IJM 2025, page 6",,1X10,"NOVEX WedgeWell 4-12% Tris-Glycine Mini Gels, 10 well",C121,"réf LIFE Technologie
XP04120BOX",
"NOVEX WedgeWell 4-20% Tris-Glycine Mini Gels, 10 well","réf LIFE Technologie
XP04200BOX",C122,,Autres consommables,NB22,,,,,,,,,,,10.0,94.46,2026-05-13,,"Catalogue IJM 2025, page 6",,1X10,"NOVEX WedgeWell 4-20% Tris-Glycine Mini Gels, 10 well",C122,"réf LIFE Technologie
XP04200BOX",
"NOVEX WedgeWell 4-20% Tris-Glycine Mini Gels, 12 well","réf LIFE Technologie
XP04202BOX",C123,,Autres consommables,NB22,,,,,,,,,,,10.0,94.46,2026-05-13,,"Catalogue IJM 2025, page 6",,1X10,"NOVEX WedgeWell 4-20% Tris-Glycine Mini Gels, 12 well",C123,"réf LIFE Technologie
XP04202BOX",
"NOVEX WedgeWell 4-20% Tris-Glycine Mini Gels, 15 well","réf LIFE Technologie
XP04205BOX",C124,,Autres consommables,NB22,,,,,,,,,,,10.0,94.46,2026-05-13,,"Catalogue IJM 2025, page 6",,1X10,"NOVEX WedgeWell 4-20% Tris-Glycine Mini Gels, 15 well",C124,"réf LIFE Technologie
XP04205BOX",
ECL Standard Western Blotting for 2000cm2 KIT 250 (125ml de A - 125ml de B),Réf CYTIVA RPN2209,KB002,,Autres consommables,NB23,,,,,,,,,,,1.0,110.09,2026-05-13,,"Catalogue IJM 2025, page 7",,1,ECL Standard Western Blotting for 2000cm2 KIT 250 (125ml de A - 125ml de B),KB002,Réf CYTIVA RPN2209,
ECL PRIME Western Blotting for 1000cm2 KIT 100ml (50ml de A - 50ml de B),Réf CYTIVA RPN2232,KB009,,Autres consommables,NB23,,,,,,,,,,,1.0,149.7,2026-05-13,,"Catalogue IJM 2025, page 7",,1,ECL PRIME Western Blotting for 1000cm2 KIT 100ml (50ml de A - 50ml de B),KB009,Réf CYTIVA RPN2232,
ECL SELECT Western Blotting for 1000cm2 (KIT 100ml) Equivalent FEMTO - PIERCE,Réf CYTIVA RPN2235,KB011,,Autres consommables,NB23,,,,,,,,,,,1.0,210.9,2026-05-13,,"Catalogue IJM 2025, page 7",,1,ECL SELECT Western Blotting for 1000cm2 (KIT 100ml) Equivalent FEMTO - PIERCE,KB011,Réf CYTIVA RPN2235,
ECL WESTERN BLOTTING Substrate 500ml reagents for 4000cm2,Réf THERMO 32106,KB003,,Autres consommables,NB23,,,,,,,,,,,1.0,274.12,2026-05-13,,"Catalogue IJM 2025, page 7",,1,ECL WESTERN BLOTTING Substrate 500ml reagents for 4000cm2,KB003,Réf THERMO 32106,
ECL PLUS WESTERN BLOTTING 100ml reagents for 1000cm2,Réf THERMO 32132,KB007,,Autres consommables,NB23,,,,,,,,,,,1.0,237.28,2026-05-13,,"Catalogue IJM 2025, page 7",,1,ECL PLUS WESTERN BLOTTING 100ml reagents for 1000cm2,KB007,Réf THERMO 32132,
Pierce SuperSignal WEST PICO Chemiluminescent Substrate 500ml (2 x 250ml),Réf THERMO 34580,KB004,,Autres consommables,NB23,,,,,,,,,,,1.0,219.14,2026-05-13,,"Catalogue IJM 2025, page 7",,1,Pierce SuperSignal WEST PICO Chemiluminescent Substrate 500ml (2 x 250ml),KB004,Réf THERMO 34580,
Pierce SuperSignal WEST FEMTO Chemiluminescent Substrate 20ml,Réf THERMO 34094,KB005,,Autres consommables,NB23,,,,,,,,,,,1.0,127.44,2026-05-13,,"Catalogue IJM 2025, page 7",,1,Pierce SuperSignal WEST FEMTO Chemiluminescent Substrate 20ml,KB005,Réf THERMO 34094,
Pierce SuperSignal WEST FEMTO Max Sensitivity Substrate 100ml,Réf THERMO 34095,KB006,,Autres consommables,NB23,,,,,,,,,,,1.0,422.25,2026-05-13,,"Catalogue IJM 2025, page 7",,1,Pierce SuperSignal WEST FEMTO Max Sensitivity Substrate 100ml,KB006,Réf THERMO 34095,
INHIBITEUR de PROTEASES Complete (1x20 tablets),"Réf ROCHE
11836145001",C097,,Autres consommables,NA28,,,,,,,,,,,20.0,264.29,2026-05-13,,"Catalogue IJM 2025, page 7",,1x20,INHIBITEUR de PROTEASES Complete (1x20 tablets),C097,"Réf ROCHE
11836145001",
"INHIBITEUR de PROTEASES Complete, EDTA-free (1x20 tablets)","Réf ROCHE
05056489001",C098,,Autres consommables,NA28,,,,,,,,,,,20.0,253.32,2026-05-13,,"Catalogue IJM 2025, page 7",,1x20,"INHIBITEUR de PROTEASES Complete, EDTA-free (1x20 tablets)",C098,"Réf ROCHE
05056489001",
"INHIBITEUR de PROTEASES Complete, Mini, EDTA-free (1x25 tablets)","Réf ROCHE
11836170001",C099,,Autres consommables,NA28,,,,,,,,,,,25.0,152.88,2026-05-13,,"Catalogue IJM 2025, page 7",,1x25,"INHIBITEUR de PROTEASES Complete, Mini, EDTA-free (1x25 tablets)",C099,"Réf ROCHE
11836170001",
PhosSTOP (20 Tablets),"Réf ROCHE
04906837001",C100,,Autres consommables,NA28,,,,,,,,,,,20.0,260.35,2026-05-13,,"Catalogue IJM 2025, page 7",,1x20,PhosSTOP (20 Tablets),C100,"Réf ROCHE
04906837001",
"Mix2Seq Kit ""EUROFINS"" (SmartSeq KIT - 96 individuals pre-labelled tubes)",EUROFINS,B1097,,Autres consommables,NE02,,,,,,,,,,,96.0,304.95,2026-05-13,,"Catalogue IJM 2025, page 8",,1x96,"Mix2Seq Kit ""EUROFINS"" (SmartSeq KIT - 96 individuals pre-labelled tubes)",B1097,EUROFINS,
"Custom DNA Sequencing ""GATC"" SUPREMERun tube / Barcode",EUROFINS,B1095,,Autres consommables,NE02,,,,,,,,,,,1.0,3.42,2026-05-13,,"Catalogue IJM 2025, page 8",,1,"Custom DNA Sequencing ""GATC"" SUPREMERun tube / Barcode",B1095,EUROFINS,
"Custom DNA Sequencing ""GATC"" LIGHTRun Tube / Barcode",EUROFINS,B1096,,Autres consommables,NE02,,,,,,,,,,,1.0,3.32,2026-05-13,,"Catalogue IJM 2025, page 8",,1,"Custom DNA Sequencing ""GATC"" LIGHTRun Tube / Barcode",B1096,EUROFINS,
QIAFILTER Plasmid MAXI Kit (25 preps),QIAGEN Réf 12163,C0531,,Autres consommables,NA52,,,,,,,,,,,1.0,535.18,2026-05-13,,"Catalogue IJM 2025, page 9",,1,QIAFILTER Plasmid MAXI Kit (25 preps),C0531,QIAGEN Réf 12163,
NUCLEOBOND Xtra MAXI Plus (10 preps) Kit complet avec tampons,Réf MN 740416.10,G4300,,Autres consommables,NA52,,,,,,,,,,,1.0,152.37,2026-05-13,,"Catalogue IJM 2025, page 9",,1,NUCLEOBOND Xtra MAXI Plus (10 preps) Kit complet avec tampons,G4300,Réf MN 740416.10,
NUCLEOBOND Xtra MAXI Plus (50 preps) Kit complet avec tampons.,Réf MN 740416.50,G4350,,Autres consommables,NA52,,,,,,,,,,,1.0,757.77,2026-05-13,,"Catalogue IJM 2025, page 9",,1,NUCLEOBOND Xtra MAXI Plus (50 preps) Kit complet avec tampons.,G4350,Réf MN 740416.50,
NucleoBond XTRA Buffer Set I (Pour 12 Xtra Maxipreps ou 18 Midipreps),Réf MN 740417,G4301,,Autres consommables,NA52,,,,,,,,,,,1.0,52.43,2026-05-13,,"Catalogue IJM 2025, page 9",,1,NucleoBond XTRA Buffer Set I (Pour 12 Xtra Maxipreps ou 18 Midipreps),G4301,Réf MN 740417,
Xtra Maxi Prep ENDO-FREE (10 preps) Kit complet avec tampons EF,Réf MN 740424.10,G4330,,Autres consommables,NA52,,,,,,,,,,,1.0,244.28,2026-05-13,,"Catalogue IJM 2025, page 9",,1,Xtra Maxi Prep ENDO-FREE (10 preps) Kit complet avec tampons EF,G4330,Réf MN 740424.10,
QIAFILTER Plasmid MIDI Kit (25 preps),QIAGEN Réf 12243,C0532,,Autres consommables,NA52,,,,,,,,,,,1.0,310.19,2026-05-13,,"Catalogue IJM 2025, page 9",,1,QIAFILTER Plasmid MIDI Kit (25 preps),C0532,QIAGEN Réf 12243,
NUCLEOBOND Xtra MIDI Plus (10 preps),Réf MN 740412.10,G4100,,Autres consommables,NA52,,,,,,,,,,,1.0,84.64,2026-05-13,,"Catalogue IJM 2025, page 9",,1,NUCLEOBOND Xtra MIDI Plus (10 preps),G4100,Réf MN 740412.10,
NUCLEOBOND Xtra MIDI Plus (50 preps) Kit complet avec tampons,Réf MN 740412.50,G4150,,Autres consommables,NA52,,,,,,,,,,,1.0,390.34,2026-05-13,,"Catalogue IJM 2025, page 9",,1,NUCLEOBOND Xtra MIDI Plus (50 preps) Kit complet avec tampons,G4150,Réf MN 740412.50,
NUCLEOBOND Xtra MIDI (100 preps) Kit complet avec tampons.,Réf MN 740410.100,G4160,,Autres consommables,NA52,,,,,,,,,,,1.0,598.77,2026-05-13,,"Catalogue IJM 2025, page 9",,1,NUCLEOBOND Xtra MIDI (100 preps) Kit complet avec tampons.,G4160,Réf MN 740410.100,
QIAPREP Spin MINIPREP Kit (50 preps),QIAGEN Réf 27104,C0535,,Autres consommables,NA52,,,,,,,,,,,1.0,103.39,2026-05-13,,"Catalogue IJM 2025, page 9",,1,QIAPREP Spin MINIPREP Kit (50 preps),C0535,QIAGEN Réf 27104,
QIAPREP Spin MINIPREP Kit (250 preps),QIAGEN Réf 27106,C0537,,Autres consommables,NA52,,,,,,,,,,,1.0,452.85,2026-05-13,,"Catalogue IJM 2025, page 9",,1,QIAPREP Spin MINIPREP Kit (250 preps),C0537,QIAGEN Réf 27106,
NUCLEOSPIN Plasmind Kit de Tampon I,Réf MN 740953,G4001,,Autres consommables,NA52,,,,,,,,,,,1.0,43.66,2026-05-13,,"Catalogue IJM 2025, page 9",,1,NUCLEOSPIN Plasmind Kit de Tampon I,G4001,Réf MN 740953,
NUCLEOSPIN Plasmind COLUMNS (50 colonnes),Réf MN 740588.50S,G4002,,Autres consommables,NB11,,,,,,,,,,,1.0,34.99,2026-05-13,,"Catalogue IJM 2025, page 9",,1,NUCLEOSPIN Plasmind COLUMNS (50 colonnes),G4002,Réf MN 740588.50S,
NUCLEOSPIN Plasmind COLUMNS (250 colonnes),Réf MN 740588.250S,G4003,,Autres consommables,NB11,,,,,,,,,,,1.0,156.76,2026-05-13,,"Catalogue IJM 2025, page 9",,1,NUCLEOSPIN Plasmind COLUMNS (250 colonnes),G4003,Réf MN 740588.250S,
QIAQUICK Gel EXTRACTION Kit (50 preps),QIAGEN Réf 28704,C0534,,Autres consommables,NA52,,,,,,,,,,,1.0,133.03,2026-05-13,,"Catalogue IJM 2025, page 9",,1,QIAQUICK Gel EXTRACTION Kit (50 preps),C0534,QIAGEN Réf 28704,
NUCLEOSPIN GEL & PCR Clean-up (50 preps) Kit complet avec tampons,Réf MN 740609.50,G4200,,Autres consommables,NA52,,,,,,,,,,,1.0,75.81,2026-05-13,,"Catalogue IJM 2025, page 9",,1,NUCLEOSPIN GEL & PCR Clean-up (50 preps) Kit complet avec tampons,G4200,Réf MN 740609.50,
NUCLEOSPIN GEL & PCR Clean-up (250 preps) Kit complet avec tampons,Réf MN 740609.250,G4250,,Autres consommables,NA52,,,,,,,,,,,1.0,329.03,2026-05-13,,"Catalogue IJM 2025, page 9",,1,NUCLEOSPIN GEL & PCR Clean-up (250 preps) Kit complet avec tampons,G4250,Réf MN 740609.250,
"NUCLEOSPIN GEL & PCR Clean-Up (Extract II), COLUMNS (50 colonnes)",Réf MN 740609.50S,G4202,,Autres consommables,NB11,,,,,,,,,,,1.0,44.89,2026-05-13,,"Catalogue IJM 2025, page 9",,1,"NUCLEOSPIN GEL & PCR Clean-Up (Extract II), COLUMNS (50 colonnes)",G4202,Réf MN 740609.50S,
NUCLEOSPIN GEL & PCR Clean-Up COLUMNS (250 colonnes),Réf MN 740609.250S,G4203,,Autres consommables,NB11,,,,,,,,,,,1.0,201.91,2026-05-13,,"Catalogue IJM 2025, page 9",,1,NUCLEOSPIN GEL & PCR Clean-Up COLUMNS (250 colonnes),G4203,Réf MN 740609.250S,
NUCLEOSPIN RNA (250 preps),Réf MN 740955.250,G4405,,Autres consommables,NA52,,,,,,,,,,,1.0,958.16,2026-05-13,,"Catalogue IJM 2025, page 9",,1,NUCLEOSPIN RNA (250 preps),G4405,Réf MN 740955.250,
NUCLEOSPIN RNA PLUS (50 preps),Réf MN 740984.50,G4406,,Autres consommables,NA52,,,,,,,,,,,1.0,247.17,2026-05-13,,"Catalogue IJM 2025, page 9",,1,NUCLEOSPIN RNA PLUS (50 preps),G4406,Réf MN 740984.50,
NUCLEOSPIN RNA VIRUS (50 preps),Réf MN 740956.50,G4407,,Autres consommables,NA52,,,,,,,,,,,1.0,180.1,2026-05-13,,"Catalogue IJM 2025, page 9",,1,NUCLEOSPIN RNA VIRUS (50 preps),G4407,Réf MN 740956.50,
NUCLEOSPIN RNA COLUMNS (50 colonnes),Réf MN 740955.50S,G4402,,Autres consommables,NA52,,,,,,,,,,,1.0,131.61,2026-05-13,,"Catalogue IJM 2025, page 9",,1,NUCLEOSPIN RNA COLUMNS (50 colonnes),G4402,Réf MN 740955.50S,
LOOKOUT MYCOPLASMA PCR DETECTION KIT,SIGMA / MERCK,C10KT,,Autres consommables,NA52,,,,,,,,,,,1.0,268.44,2026-05-13,,"Catalogue IJM 2025, page 9",,1,LOOKOUT MYCOPLASMA PCR DETECTION KIT,C10KT,SIGMA / MERCK,
REDEXTRACT-N-AMP Tissue PCR Kit,SIGMA / MERCK,C30KT,,Autres consommables,NA52,,,,,,,,,,,1.0,284.87,2026-05-13,,"Catalogue IJM 2025, page 9",,1,REDEXTRACT-N-AMP Tissue PCR Kit,C30KT,SIGMA / MERCK,
WIZARD SV GEL & PCR Clean-Up System (50 preps),PROMEGA,A9281,,Autres consommables,NA52,,,,,,,,,,,1.0,106.57,2026-05-13,,"Catalogue IJM 2025, page 9",,1,WIZARD SV GEL & PCR Clean-Up System (50 preps),A9281,PROMEGA,
Rneasy Mini Kit (50 preps),QIAGEN Réf 74104,C0539,,Autres consommables,NA52,,,,,,,,,,,1.0,365.28,2026-05-13,,"Catalogue IJM 2025, page 9",,1,Rneasy Mini Kit (50 preps),C0539,QIAGEN Réf 74104,
T4 DNA LIGASE (100u),LIFE Technologie,EM004,,Autres consommables,NA54,,,,,,,,,,,1.0,27.37,2026-05-13,,"Catalogue IJM 2025, page 10",,1,T4 DNA LIGASE (100u),EM004,LIFE Technologie,
T4 DNA LIGASE (20 000u),BIOLABS,M0202S,,Autres consommables,NA54,,,,,,,,,,,1.0,59.39,2026-05-13,,"Catalogue IJM 2025, page 10",,1,T4 DNA LIGASE (20 000u),M0202S,BIOLABS,
"DNase I recombinant, RNase free solution (10 000u)",ROCHE,EM0022,,Autres consommables,NA54,,,,,,,,,,,1.0,192.81,2026-05-13,,"Catalogue IJM 2025, page 10",,1,"DNase I recombinant, RNase free solution (10 000u)",EM0022,ROCHE,
DNase I (RNase-free) (1 000u),BIOLABS,M0303S,,Autres consommables,NA54,,,,,,,,,,,1.0,65.81,2026-05-13,,"Catalogue IJM 2025, page 10",,1,DNase I (RNase-free) (1 000u),M0303S,BIOLABS,
DNase I 100mg (2 X 10 000u),ROCHE,EM0012,,Autres consommables,NA54,0.1,,,,,,,,,,1.0,96.81,2026-05-13,,"Catalogue IJM 2025, page 10",,1,DNase I 100mg (2 X 10 000u),EM0012,ROCHE,
"PHOSPHATASE, ALKALINE (AP) MB Grade 20u/µl (1000u)",ROCHE,EM0053,,Autres consommables,NA54,,,,,,,,,,,1.0,81.79,2026-05-13,,"Catalogue IJM 2025, page 10",,1,"PHOSPHATASE, ALKALINE (AP) MB Grade 20u/µl (1000u)",EM0053,ROCHE,
QUICK CIP (1000u) Remplace M0290S PHOSPHATASE ALCALINE (CALF) 10u/µl (1000u),BIOLABS,M0525S,,Autres consommables,NA54,,,,,,,,,,,1.0,85.07,2026-05-13,,"Catalogue IJM 2025, page 10",,1,QUICK CIP (1000u) Remplace M0290S PHOSPHATASE ALCALINE (CALF) 10u/µl (1000u),M0525S,BIOLABS,
CALF INTESTINAL ALKALINE PHOSPHATASE 20u/µl (1000u),LIFE Technologie,EM0051,,Autres consommables,NA54,,,,,,,,,,,1.0,78.22,2026-05-13,,"Catalogue IJM 2025, page 10",,1,CALF INTESTINAL ALKALINE PHOSPHATASE 20u/µl (1000u),EM0051,LIFE Technologie,
T4 POLYNUCLEOTIDE KINASE (500u),BIOLABS,M0201S,,Autres consommables,NA54,,,,,,,,,,,1.0,53.93,2026-05-13,,"Catalogue IJM 2025, page 10",,1,T4 POLYNUCLEOTIDE KINASE (500u),M0201S,BIOLABS,
NEBuilder Hifi DNA Assembly Master Mix (10 rxn),BIOLABS,E2621S,,Autres consommables,NA54,,,,,,,,,,,1.0,162.52,2026-05-13,,"Catalogue IJM 2025, page 10",,1,NEBuilder Hifi DNA Assembly Master Mix (10 rxn),E2621S,BIOLABS,
"PROTEINASE K, Recombinant, PCR Grade Lyophilizate 100mg",ROCHE,EM0082,,Autres consommables,NA54,0.1,,,,,,,,,,1.0,70.49,2026-05-13,,"Catalogue IJM 2025, page 10",,1,"PROTEINASE K, Recombinant, PCR Grade Lyophilizate 100mg",EM0082,ROCHE,
PROTEINASE K 100mg,PROMEGA,EM0082C,,Autres consommables,NA54,0.1,,,,,,,,,,1.0,128.39,2026-05-13,,"Catalogue IJM 2025, page 10",,1,PROTEINASE K 100mg,EM0082C,PROMEGA,
PROTEINASE K (1 600u),BIOLABS,P8107S,,Autres consommables,NA54,,,,,,,,,,,1.0,83.03,2026-05-13,,"Catalogue IJM 2025, page 10",,1,PROTEINASE K (1 600u),P8107S,BIOLABS,
RNase A 100mg,ROCHE,EM0092,,Autres consommables,NA54,0.1,,,,,,,,,,1.0,89.56,2026-05-13,,"Catalogue IJM 2025, page 10",,1,RNase A 100mg,EM0092,ROCHE,
QUICK LIGATION KIT 30 Réactions,BIOLABS,M2200S,,Autres consommables,NA54,,,,,,,,,,,1.0,97.58,2026-05-13,,"Catalogue IJM 2025, page 10",,1,QUICK LIGATION KIT 30 Réactions,M2200S,BIOLABS,
TAQ DNA POLYMERASE (400u) (Tampon + MgSO4),BIOLABS,M0267S,,Autres consommables,NA55,,,,,,,,,,,1.0,47.99,2026-05-13,,"Catalogue IJM 2025, page 10",,1,TAQ DNA POLYMERASE (400u) (Tampon + MgSO4),M0267S,BIOLABS,
PLATINIUM TAQ DNA POLYMERASE (100 Réactions),LIFE Technologie,EM0031,,Autres consommables,NA55,,,,,,,,,,,1.0,78.57,2026-05-13,,"Catalogue IJM 2025, page 10",,1,PLATINIUM TAQ DNA POLYMERASE (100 Réactions),EM0031,LIFE Technologie,
GoTAQ G2 POLYMERASE (500u),PROMEGA,EM0025,,Autres consommables,NA55,,,,,,,,,,,1.0,91.38,2026-05-13,,"Catalogue IJM 2025, page 10",,1,GoTAQ G2 POLYMERASE (500u),EM0025,PROMEGA,
TAQ POLYMERASE (500u),LIFE Technologie,EM003,,Autres consommables,NA55,,,,,,,,,,,1.0,150.15,2026-05-13,,"Catalogue IJM 2025, page 10",,1,TAQ POLYMERASE (500u),EM003,LIFE Technologie,
TAQ DNA POLYMERASE (400u) (Tampon + MgCL2),BIOLABS,M0273S,,Autres consommables,NA55,,,,,,,,,,,1.0,47.99,2026-05-13,,"Catalogue IJM 2025, page 10",,1,TAQ DNA POLYMERASE (400u) (Tampon + MgCL2),M0273S,BIOLABS,
VENT DNA POLYMERASE (200u),BIOLABS,M0254S,,Autres consommables,NA55,,,,,,,,,,,1.0,63.67,2026-05-13,,"Catalogue IJM 2025, page 10",,1,VENT DNA POLYMERASE (200u),M0254S,BIOLABS,
DNA POLYMERASE I (500u),BIOLABS,M0209S,,Autres consommables,NA55,,,,,,,,,,,1.0,65.81,2026-05-13,,"Catalogue IJM 2025, page 10",,1,DNA POLYMERASE I (500u),M0209S,BIOLABS,
DNA POLYMERASE I Lg Fragm KLENOW (200u),BIOLABS,M0210S,,Autres consommables,NA55,,,,,,,,,,,1.0,59.39,2026-05-13,,"Catalogue IJM 2025, page 10",,1,DNA POLYMERASE I Lg Fragm KLENOW (200u),M0210S,BIOLABS,
T4 DNA POLYMERASE (150u),BIOLABS,M0203S,,Autres consommables,NA55,,,,,,,,,,,1.0,64.2,2026-05-13,,"Catalogue IJM 2025, page 10",,1,T4 DNA POLYMERASE (150u),M0203S,BIOLABS,
T7 RNA POLYMÉRASE (5 000u),BIOLABS,M0251S,,Autres consommables,NA55,,,,,,,,,,,1.0,65.06,2026-05-13,,"Catalogue IJM 2025, page 10",,1,T7 RNA POLYMÉRASE (5 000u),M0251S,BIOLABS,
T7 Endonuclease I (250u),BIOLABS,M0302S,,Autres consommables,NA55,,,,,,,,,,,1.0,75.49,2026-05-13,,"Catalogue IJM 2025, page 10",,1,T7 Endonuclease I (250u),M0302S,BIOLABS,
PFU DNA POLYMERASE (100u),PROMEGA,M7741,,Autres consommables,NA55,,,,,,,,,,,1.0,132.57,2026-05-13,,"Catalogue IJM 2025, page 10",,1,PFU DNA POLYMERASE (100u),M7741,PROMEGA,
PHUSION HIGH FIDELITY DNA POLYMERASE (100u),LIFE Technologie,F0530S,,Autres consommables,NA55,,,,,,,,,,,1.0,72.88,2026-05-13,,"Catalogue IJM 2025, page 10",,1,PHUSION HIGH FIDELITY DNA POLYMERASE (100u),F0530S,LIFE Technologie,
PHUSION HIGH FIDELITY DNA POLYMERASE (100u),BIOLABS,M0530S,,Autres consommables,NA55,,,,,,,,,,,1.0,89.13,2026-05-13,,"Catalogue IJM 2025, page 10",,1,PHUSION HIGH FIDELITY DNA POLYMERASE (100u),M0530S,BIOLABS,
PHUSION Hot Start Flex 2X Master Mix (100rxn),BIOLABS,M0536S,,Autres consommables,NA55,,,,,,,,,,,1.0,198.29,2026-05-13,,"Catalogue IJM 2025, page 10",,1,PHUSION Hot Start Flex 2X Master Mix (100rxn),M0536S,BIOLABS,
Q5 HIGH FIDELITY DNA POLYMERASE (100u),BIOLABS,M0491S,,Autres consommables,NA55,,,,,,,,,,,1.0,85.39,2026-05-13,,"Catalogue IJM 2025, page 10",,1,Q5 HIGH FIDELITY DNA POLYMERASE (100u),M0491S,BIOLABS,
AccuPrime PFX DNA Polymerase (200 réactions),LIFE Technologie,EM007,,Autres consommables,NA55,,,,,,,,,,,1.0,368.41,2026-05-13,,"Catalogue IJM 2025, page 10",,1,AccuPrime PFX DNA Polymerase (200 réactions),EM007,LIFE Technologie,
ProtoSCRIPT II REVERSE TRANSCRIPTASE (10 000u),BIOLABS,M0368L,,Autres consommables,NA55,,,,,,,,,,,1.0,160.93,2026-05-13,,"Catalogue IJM 2025, page 10",,1,ProtoSCRIPT II REVERSE TRANSCRIPTASE (10 000u),M0368L,BIOLABS,
SUPERSCRIPT II REVERSE TRANSCRIPTASE (10 000u),LIFE Technologie,EM009,,Autres consommables,NA55,,,,,,,,,,,1.0,190.25,2026-05-13,,"Catalogue IJM 2025, page 10",,1,SUPERSCRIPT II REVERSE TRANSCRIPTASE (10 000u),EM009,LIFE Technologie,
SUPERSCRIPT III REVERSE TRANSCRIPTASE (2 000u),LIFE Technologie,EM0093,,Autres consommables,NA55,,,,,,,,,,,1.0,105.07,2026-05-13,,"Catalogue IJM 2025, page 10",,1,SUPERSCRIPT III REVERSE TRANSCRIPTASE (2 000u),EM0093,LIFE Technologie,
SUPERSCRIPT III VILO (50 réactions),LIFE Technologie,EM0094,,Autres consommables,NA55,,,,,,,,,,,1.0,684.97,2026-05-13,,"Catalogue IJM 2025, page 10",,1,SUPERSCRIPT III VILO (50 réactions),EM0094,LIFE Technologie,
SUPERSCRIPT IV REVERSE TRANSCRIPTASE (10 000u),LIFE Technologie,EM0097,,Autres consommables,NA55,,,,,,,,,,,1.0,357.01,2026-05-13,,"Catalogue IJM 2025, page 10",,1,SUPERSCRIPT IV REVERSE TRANSCRIPTASE (10 000u),EM0097,LIFE Technologie,
M-MLV REVERSE TRANSCRIPTASE (40 000u),LIFE Technologie,EM008,,Autres consommables,NA55,,,,,,,,,,,1.0,188.58,2026-05-13,,"Catalogue IJM 2025, page 10",,1,M-MLV REVERSE TRANSCRIPTASE (40 000u),EM008,LIFE Technologie,
pGEM-T Easy Vector System I (20 réact),PROMEGA,A1360,,Autres consommables,NA55,,,,,,,,,,,1.0,202.29,2026-05-13,,"Catalogue IJM 2025, page 10",,1,pGEM-T Easy Vector System I (20 réact),A1360,PROMEGA,
AAT I (500u),BIOLABS,R0117S,,Autres consommables,NA53,,,,,,,,,,,1.0,59.39,2026-05-13,,"Catalogue IJM 2025, page 11",,1,AAT I (500u),R0117S,BIOLABS,
ACC I (1 000u),BIOLABS,R0161S,,Autres consommables,NA53,,,,,,,,,,,1.0,69.82,2026-05-13,,"Catalogue IJM 2025, page 11",,1,ACC I (1 000u),R0161S,BIOLABS,
AGE I (300u) HF Haute Fidélité,BIOLABS,R0552S,,Autres consommables,NA53,,,,,,,,,,,1.0,68.21,2026-05-13,,"Catalogue IJM 2025, page 11",,1,AGE I (300u) HF Haute Fidélité,R0552S,BIOLABS,
APA I (5 000u),BIOLABS,R0114S,,Autres consommables,NA53,,,,,,,,,,,1.0,67.41,2026-05-13,,"Catalogue IJM 2025, page 11",,1,APA I (5 000u),R0114S,BIOLABS,
AVA I (2 000u),BIOLABS,R0152S,,Autres consommables,NA53,,,,,,,,,,,1.0,63.4,2026-05-13,,"Catalogue IJM 2025, page 11",,1,AVA I (2 000u),R0152S,BIOLABS,
AVA II (2 000u),BIOLABS,R0153S,,Autres consommables,NA53,,,,,,,,,,,1.0,63.4,2026-05-13,,"Catalogue IJM 2025, page 11",,1,AVA II (2 000u),R0153S,BIOLABS,
BAM HI (10 000u) HF Haute Fidélité,BIOLABS,R0136S,,Autres consommables,NA53,,,,,,,,,,,1.0,48.15,2026-05-13,,"Catalogue IJM 2025, page 11",,1,BAM HI (10 000u) HF Haute Fidélité,R0136S,BIOLABS,
BCL I (3 000u),BIOLABS,R0160S,,Autres consommables,NA53,,,,,,,,,,,1.0,57.78,2026-05-13,,"Catalogue IJM 2025, page 11",,1,BCL I (3 000u),R0160S,BIOLABS,
BGL II (2 000u),BIOLABS,R0144S,,Autres consommables,NA53,,,,,,,,,,,1.0,57.78,2026-05-13,,"Catalogue IJM 2025, page 11",,1,BGL II (2 000u),R0144S,BIOLABS,
BSM I (500u),BIOLABS,R0134S,,Autres consommables,NA53,,,,,,,,,,,1.0,65.81,2026-05-13,,"Catalogue IJM 2025, page 11",,1,BSM I (500u),R0134S,BIOLABS,
CLA I (1 000u),BIOLABS,R0197S,,Autres consommables,NA53,,,,,,,,,,,1.0,63.4,2026-05-13,,"Catalogue IJM 2025, page 11",,1,CLA I (1 000u),R0197S,BIOLABS,
DPN I (1 000u),BIOLABS,R0176S,,Autres consommables,NA53,,,,,,,,,,,1.0,61.79,2026-05-13,,"Catalogue IJM 2025, page 11",,1,DPN I (1 000u),R0176S,BIOLABS,
ECO RI (10 000u) HF Haute Fidélité,BIOLABS,R0101S,,Autres consommables,NA53,,,,,,,,,,,1.0,48.15,2026-05-13,,"Catalogue IJM 2025, page 11",,1,ECO RI (10 000u) HF Haute Fidélité,R0101S,BIOLABS,
ECO RV (4 000u) HF Haute Fidélité,BIOLABS,R0195S,,Autres consommables,NA53,,,,,,,,,,,1.0,55.37,2026-05-13,,"Catalogue IJM 2025, page 11",,1,ECO RV (4 000u) HF Haute Fidélité,R0195S,BIOLABS,
HINC II (1 000u),BIOLABS,R0103S,,Autres consommables,NA53,,,,,,,,,,,1.0,60.19,2026-05-13,,"Catalogue IJM 2025, page 11",,1,HINC II (1 000u),R0103S,BIOLABS,
HIND III (10 000u),BIOLABS,R0104S,,Autres consommables,NA53,,,,,,,,,,,1.0,48.15,2026-05-13,,"Catalogue IJM 2025, page 11",,1,HIND III (10 000u),R0104S,BIOLABS,
HPA I (500u),BIOLABS,R0105S,,Autres consommables,NA53,,,,,,,,,,,1.0,59.39,2026-05-13,,"Catalogue IJM 2025, page 11",,1,HPA I (500u),R0105S,BIOLABS,
KPN I (4 000u) HF Haute Fidélité,BIOLABS,R0142S,,Autres consommables,NA53,,,,,,,,,,,1.0,58.58,2026-05-13,,"Catalogue IJM 2025, page 11",,1,KPN I (4 000u) HF Haute Fidélité,R0142S,BIOLABS,
MLU I (1 000u) HF Haute Fidélité,BIOLABS,R0198S,,Autres consommables,NA53,,,,,,,,,,,1.0,63.4,2026-05-13,,"Catalogue IJM 2025, page 11",,1,MLU I (1 000u) HF Haute Fidélité,R0198S,BIOLABS,
NCO I (1 000u) HF Haute Fidélité,BIOLABS,R0193S,,Autres consommables,NA53,,,,,,,,,,,1.0,60.19,2026-05-13,,"Catalogue IJM 2025, page 11",,1,NCO I (1 000u) HF Haute Fidélité,R0193S,BIOLABS,
NDE I (4 000u),BIOLABS,R0111S,,Autres consommables,NA53,,,,,,,,,,,1.0,63.4,2026-05-13,,"Catalogue IJM 2025, page 11",,1,NDE I (4 000u),R0111S,BIOLABS,
NHE I (1 000u) HF Haute Fidélité,BIOLABS,R0131S,,Autres consommables,NA53,,,,,,,,,,,1.0,65.0,2026-05-13,,"Catalogue IJM 2025, page 11",,1,NHE I (1 000u) HF Haute Fidélité,R0131S,BIOLABS,
NOT I (500u),BIOLABS,R0189S,,Autres consommables,NA53,,,,,,,,,,,1.0,63.67,2026-05-13,,"Catalogue IJM 2025, page 11",,1,NOT I (500u),R0189S,BIOLABS,
NOT I (500u) HF Haute Fidélité,BIOLABS,R3189S,,Autres consommables,NA53,,,,,,,,,,,1.0,63.67,2026-05-13,,"Catalogue IJM 2025, page 11",,1,NOT I (500u) HF Haute Fidélité,R3189S,BIOLABS,
NRU I (1 000u) HF Haute Fidélité,BIOLABS,R0192S,,Autres consommables,NA53,,,,,,,,,,,1.0,57.78,2026-05-13,,"Catalogue IJM 2025, page 11",,1,NRU I (1 000u) HF Haute Fidélité,R0192S,BIOLABS,
PAC I (250u),BIOLABS,R0547S,,Autres consommables,NA53,,,,,,,,,,,1.0,66.61,2026-05-13,,"Catalogue IJM 2025, page 11",,1,PAC I (250u),R0547S,BIOLABS,
PST I (10 000u),BIOLABS,R0140S,,Autres consommables,NA53,,,,,,,,,,,1.0,61.79,2026-05-13,,"Catalogue IJM 2025, page 11",,1,PST I (10 000u),R0140S,BIOLABS,
PST I (10 000u) HF Haute Fidélité,BIOLABS,R3140S,,Autres consommables,NA53,,,,,,,,,,,1.0,61.79,2026-05-13,,"Catalogue IJM 2025, page 11",,1,PST I (10 000u) HF Haute Fidélité,R3140S,BIOLABS,
PVU I (500u) HF Haute Fidélité,BIOLABS,R0150S,,Autres consommables,NA53,,,,,,,,,,,1.0,66.61,2026-05-13,,"Catalogue IJM 2025, page 11",,1,PVU I (500u) HF Haute Fidélité,R0150S,BIOLABS,
PVU II (5 000u),BIOLABS,R0151S,,Autres consommables,NA53,,,,,,,,,,,1.0,57.78,2026-05-13,,"Catalogue IJM 2025, page 11",,1,PVU II (5 000u),R0151S,BIOLABS,
SAC I (2 000u) HF Haute Fidélité,BIOLABS,R0156S,,Autres consommables,NA53,,,,,,,,,,,1.0,57.78,2026-05-13,,"Catalogue IJM 2025, page 11",,1,SAC I (2 000u) HF Haute Fidélité,R0156S,BIOLABS,
SAC II (2 000u),BIOLABS,R0157S,,Autres consommables,NA53,,,,,,,,,,,1.0,60.19,2026-05-13,,"Catalogue IJM 2025, page 11",,1,SAC II (2 000u),R0157S,BIOLABS,
SAL I (2 000u) HF Haute Fidélité,BIOLABS,R0138S,,Autres consommables,NA53,,,,,,,,,,,1.0,56.98,2026-05-13,,"Catalogue IJM 2025, page 11",,1,SAL I (2 000u) HF Haute Fidélité,R0138S,BIOLABS,
SCA I (1 000u) HF Haute Fidélité,BIOLABS,R0122S,,Autres consommables,NA53,,,,,,,,,,,1.0,63.4,2026-05-13,,"Catalogue IJM 2025, page 11",,1,SCA I (1 000u) HF Haute Fidélité,R0122S,BIOLABS,
SMA I (2 000u),BIOLABS,R0141S,,Autres consommables,NA53,,,,,,,,,,,1.0,56.18,2026-05-13,,"Catalogue IJM 2025, page 11",,1,SMA I (2 000u),R0141S,BIOLABS,
SPE I (500u) HF Haute Fidélité,BIOLABS,R0133S,,Autres consommables,NA53,,,,,,,,,,,1.0,63.4,2026-05-13,,"Catalogue IJM 2025, page 11",,1,SPE I (500u) HF Haute Fidélité,R0133S,BIOLABS,
SPH I (500u) HF Haute Fidélité,BIOLABS,R0182S,,Autres consommables,NA53,,,,,,,,,,,1.0,61.79,2026-05-13,,"Catalogue IJM 2025, page 11",,1,SPH I (500u) HF Haute Fidélité,R0182S,BIOLABS,
SSP I (1 000u) HF Haute Fidélité,BIOLABS,R0132S,,Autres consommables,NA53,,,,,,,,,,,1.0,67.41,2026-05-13,,"Catalogue IJM 2025, page 11",,1,SSP I (1 000u) HF Haute Fidélité,R0132S,BIOLABS,
XBA I (3 000u),BIOLABS,R0145S,,Autres consommables,NA53,,,,,,,,,,,1.0,63.4,2026-05-13,,"Catalogue IJM 2025, page 11",,1,XBA I (3 000u),R0145S,BIOLABS,
XHO I (5 000u),BIOLABS,R0146S,,Autres consommables,NA53,,,,,,,,,,,1.0,63.4,2026-05-13,,"Catalogue IJM 2025, page 11",,1,XHO I (5 000u),R0146S,BIOLABS,
XMA I (500u),BIOLABS,R0180S,,Autres consommables,NA53,,,,,,,,,,,1.0,65.0,2026-05-13,,"Catalogue IJM 2025, page 11",,1,XMA I (500u),R0180S,BIOLABS,
XMN I (1 000u),BIOLABS,R0194S,,Autres consommables,NA53,,,,,,,,,,,1.0,60.19,2026-05-13,,"Catalogue IJM 2025, page 11",,1,XMN I (1 000u),R0194S,BIOLABS,
dNTP set 100 mM/4x25 µmol,PROMEGA,NU005,,Autres consommables,NA55,,,,,,,,,,,1.0,79.2,2026-05-13,,"Catalogue IJM 2025, page 12",,1,dNTP set 100 mM/4x25 µmol,NU005,PROMEGA,
100mM dNTP Set (4x25µmol),LIFE Technologie,NU007,,Autres consommables,NA55,,,,,,,,,,,1.0,115.37,2026-05-13,,"Catalogue IJM 2025, page 12",,1,100mM dNTP Set (4x25µmol),NU007,LIFE Technologie,
1Kb PLUS DNA Ladder (250µg),LIFE Technologie,PM001,,Autres consommables,NA31,,,,,,,,,,,1.0,166.68,2026-05-13,,"Catalogue IJM 2025, page 12",,1,1Kb PLUS DNA Ladder (250µg),PM001,LIFE Technologie,
1Kb DNA Ladder (100µg ),BIOLABS,N3232S,,Autres consommables,NA31,,,,,,,,,,,1.0,48.15,2026-05-13,,"Catalogue IJM 2025, page 12",,1,1Kb DNA Ladder (100µg ),N3232S,BIOLABS,
100bp DNA Ladder (50µg ),BIOLABS,N3231S,,Autres consommables,NA31,,,,,,,,,,,1.0,50.18,2026-05-13,,"Catalogue IJM 2025, page 12",,1,100bp DNA Ladder (50µg ),N3231S,BIOLABS,
"Blue Protein Standard, Broad Range (100rxns) Remplace P7706S",BIOLABS,P7718S,,Autres consommables,NA31,,,,,,,,,,,1.0,151.89,2026-05-13,,"Catalogue IJM 2025, page 12",,1,"Blue Protein Standard, Broad Range (100rxns) Remplace P7706S",P7718S,BIOLABS,
Recombinant Rnasin (2 500u),PROMEGA,R001,,Autres consommables,NA54,,,,,,,,,,,1.0,80.79,2026-05-13,,"Catalogue IJM 2025, page 12",,1,Recombinant Rnasin (2 500u),R001,PROMEGA,
RNaseOUT Recombinant Ribonuclease Inhibitor (5 000u),LIFE Technologie,R002,,Autres consommables,NA54,,,,,,,,,,,1.0,98.64,2026-05-13,,"Catalogue IJM 2025, page 12",,1,RNaseOUT Recombinant Ribonuclease Inhibitor (5 000u),R002,LIFE Technologie,
"Rnase Inhibitor, Human placenta (2 000u)",BIOLABS,M0307S,,Autres consommables,NA54,,,,,,,,,,,1.0,77.84,2026-05-13,,"Catalogue IJM 2025, page 12",,1,"Rnase Inhibitor, Human placenta (2 000u)",M0307S,BIOLABS,
Ampicillin Sodium salt 1g,EUROMEDEX,RCC502,,Autres consommables,NA76,1.0,,,,,,,,,,1.0,4.49,2026-05-13,,"Catalogue IJM 2025, page 14",,1,Ampicillin Sodium salt 1g,RCC502,EUROMEDEX,
Ampicillin Sodium salt 10g,EUROMEDEX,RCC504,,Autres consommables,NA76,10.0,,,,,,,,,,1.0,20.06,2026-05-13,,"Catalogue IJM 2025, page 14",,1,Ampicillin Sodium salt 10g,RCC504,EUROMEDEX,
SERINGUE STÉRILE 1ml TUBERCULINE Sans aiguille (x100),TERUMO,D0491,,Autres consommables,NB03,,,,,,,,,,,1.0,8.62,2026-05-13,,"Catalogue IJM 2025, page 15",,1,SERINGUE STÉRILE 1ml TUBERCULINE Sans aiguille (x100),D0491,TERUMO,
SERINGUE STÉRILE 3ml (x100),TERUMO,D0492,,Autres consommables,NB03,,,,,,,,,,,1.0,8.62,2026-05-13,,"Catalogue IJM 2025, page 15",,1,SERINGUE STÉRILE 3ml (x100),D0492,TERUMO,
SERINGUE STÉRILE 5ml (x100),TERUMO,D04921,,Autres consommables,NB03,,,,,,,,,,,1.0,13.47,2026-05-13,,"Catalogue IJM 2025, page 15",,1,SERINGUE STÉRILE 5ml (x100),D04921,TERUMO,
SERINGUE STÉRILE 10ml (x100),TERUMO,D0493,,Autres consommables,NB03,,,,,,,,,,,1.0,11.15,2026-05-13,,"Catalogue IJM 2025, page 15",,1,SERINGUE STÉRILE 10ml (x100),D0493,TERUMO,
SERINGUE STÉRILE 20ml (x50),TERUMO,D04931,,Autres consommables,NB03,,,,,,,,,,,1.0,11.73,2026-05-13,,"Catalogue IJM 2025, page 15",,1,SERINGUE STÉRILE 20ml (x50),D04931,TERUMO,
SERINGUE STÉRILE 50ml (x25),TERUMO,D0494,,Autres consommables,NB03,,,,,,,,,,,1.0,13.8,2026-05-13,,"Catalogue IJM 2025, page 15",,1,SERINGUE STÉRILE 50ml (x25),D0494,TERUMO,
"AIGUILLE STÉRILE 18G 1,2x40mm Rose (x100)",BD,D0498,,Autres consommables,NB03,18.0,,,,,,,,,,1.0,3.1,2026-05-13,,"Catalogue IJM 2025, page 15",,1,"AIGUILLE STÉRILE 18G 1,2x40mm Rose (x100)",D0498,BD,
"AIGUILLE STÉRILE 20G 0,9x25mm Jaune (x100)",BD,D0495A,,Autres consommables,NB03,20.0,,,,,,,,,,1.0,3.1,2026-05-13,,"Catalogue IJM 2025, page 15",,1,"AIGUILLE STÉRILE 20G 0,9x25mm Jaune (x100)",D0495A,BD,
"AIGUILLE STÉRILE 21G 0,8x25mm Vert (x100)",BD,D0497,,Autres consommables,NB03,21.0,,,,,,,,,,1.0,3.1,2026-05-13,,"Catalogue IJM 2025, page 15",,1,"AIGUILLE STÉRILE 21G 0,8x25mm Vert (x100)",D0497,BD,
"AIGUILLE STÉRILE 23G 0,6x25mm Bleu (x100)",BD,D0496,,Autres consommables,NB03,23.0,,,,,,,,,,1.0,3.1,2026-05-13,,"Catalogue IJM 2025, page 15",,1,"AIGUILLE STÉRILE 23G 0,6x25mm Bleu (x100)",D0496,BD,
"AIGUILLE STÉRILE 24G 0,55x25mm Bleu (x100) STERICAN",BD,D0496A,,Autres consommables,NB03,24.0,,,,,,,,,,1.0,2.28,2026-05-13,,"Catalogue IJM 2025, page 15",,1,"AIGUILLE STÉRILE 24G 0,55x25mm Bleu (x100) STERICAN",D0496A,BD,
"AIGUILLE STÉRILE 26G 0,45x12mm Marron (x100)",BD,D0495,,Autres consommables,NB03,26.0,,,,,,,,,,1.0,6.19,2026-05-13,,"Catalogue IJM 2025, page 15",,1,"AIGUILLE STÉRILE 26G 0,45x12mm Marron (x100)",D0495,BD,
"AIGUILLE STÉRILE 27G ext 0,41x13 (1/2) mm Gris (x100)",BD,D0495B,,Autres consommables,NB03,27.0,,,,,,,,,,1.0,10.31,2026-05-13,,"Catalogue IJM 2025, page 15",,1,"AIGUILLE STÉRILE 27G ext 0,41x13 (1/2) mm Gris (x100)",D0495B,BD,
"AIGUILLE STÉRILE 30G 0,3x13mm Beige (x100)",BD,D0499,,Autres consommables,NB03,30.0,,,,,,,,,,1.0,2.03,2026-05-13,,"Catalogue IJM 2025, page 15",,1,"AIGUILLE STÉRILE 30G 0,3x13mm Beige (x100)",D0499,BD,
MICRO-SPATULE DOUBLE 130mm,,D050,,Autres consommables,NB51,,,,,,,,,,,1.0,6.36,2026-05-13,,"Catalogue IJM 2025, page 15",,1,MICRO-SPATULE DOUBLE 130mm,D050,,
SPATULE DOUBLE Flexible 180mm,,D051,,Autres consommables,NB51,,,,,,,,,,,1.0,10.94,2026-05-13,,"Catalogue IJM 2025, page 15",,1,SPATULE DOUBLE Flexible 180mm,D051,,
SPATULE DOUBLE Flexible 500mm,,D051A,,Autres consommables,NB51,,,,,,,,,,,1.0,10.63,2026-05-13,,"Catalogue IJM 2025, page 15",,1,SPATULE DOUBLE Flexible 500mm,D051A,,
SPATULE CUILLIÈRE 150mm,,D052,,Autres consommables,NB51,,,,,,,,,,,1.0,15.74,2026-05-13,,"Catalogue IJM 2025, page 15",,1,SPATULE CUILLIÈRE 150mm,D052,,
PINCE à DISSECTION DROITE 20cm Bout rond,,D034,,Autres consommables,NB51,,,,,,,,,,,1.0,5.36,2026-05-13,,"Catalogue IJM 2025, page 15",,1,PINCE à DISSECTION DROITE 20cm Bout rond,D034,,
"PINCE BRUCELLE DROITE 14,5cm Bout pointu",,D035,,Autres consommables,NB51,,,,,,,,,,,1.0,3.85,2026-05-13,,"Catalogue IJM 2025, page 15",,1,"PINCE BRUCELLE DROITE 14,5cm Bout pointu",D035,,
"PINCE BRUCELLE COURBEE 10,5cm Bout pointu",,D036,,Autres consommables,NB51,,,,,,,,,,,1.0,12.57,2026-05-13,,"Catalogue IJM 2025, page 15",,1,"PINCE BRUCELLE COURBEE 10,5cm Bout pointu",D036,,
"PINCE BRUCELLE DROITE 10,5cm Bout pointu",,D037,,Autres consommables,NB51,,,,,,,,,,,1.0,11.3,2026-05-13,,"Catalogue IJM 2025, page 15",,1,"PINCE BRUCELLE DROITE 10,5cm Bout pointu",D037,,
"PINCE FINE DROITE 11cm Bout pointu ""DUMONT N°5""",,D038,,Autres consommables,NB51,,,,,,,,,,,1.0,8.49,2026-05-13,,"Catalogue IJM 2025, page 15",,1,"PINCE FINE DROITE 11cm Bout pointu ""DUMONT N°5""",D038,,
"PINCE FINE COURBEE 11cm Bout pointu ""DUMONT N°7""",,D039,,Autres consommables,NB51,,,,,,,,,,,1.0,14.22,2026-05-13,,"Catalogue IJM 2025, page 15",,1,"PINCE FINE COURBEE 11cm Bout pointu ""DUMONT N°7""",D039,,
PINCE INOX pour FILTRES-MEMBRANES à bout plat,,D039A,,Autres consommables,NB51,,,,,,,,,,,1.0,21.89,2026-05-13,,"Catalogue IJM 2025, page 15",,1,PINCE INOX pour FILTRES-MEMBRANES à bout plat,D039A,,
PINCE en BOIS 250mm,,D042,,Autres consommables,NB51,,,,,,,,,,,1.0,3.54,2026-05-13,,"Catalogue IJM 2025, page 15",,1,PINCE en BOIS 250mm,D042,,
CISEAUX à DISSECTION FIN COURBÉE 11cm Bout pointue,,D009,,Autres consommables,NB51,,,,,,,,,,,1.0,7.93,2026-05-13,,"Catalogue IJM 2025, page 15",,1,CISEAUX à DISSECTION FIN COURBÉE 11cm Bout pointue,D009,,
CISEAUX à DISSECTION COURBÉE 14cm Bout pointue/arrondie,,D010,,Autres consommables,NB51,,,,,,,,,,,1.0,7.89,2026-05-13,,"Catalogue IJM 2025, page 15",,1,CISEAUX à DISSECTION COURBÉE 14cm Bout pointue/arrondie,D010,,
CISEAUX à DISSECTION DROIT 14cm Bout pointue/pointue,,D011,,Autres consommables,NB51,,,,,,,,,,,1.0,4.6,2026-05-13,,"Catalogue IJM 2025, page 15",,1,CISEAUX à DISSECTION DROIT 14cm Bout pointue/pointue,D011,,
CISEAUX à DISSECTION FIN DROIT 11cm Bout pointue,,D012,,Autres consommables,NB51,,,,,,,,,,,1.0,6.54,2026-05-13,,"Catalogue IJM 2025, page 15",,1,CISEAUX à DISSECTION FIN DROIT 11cm Bout pointue,D012,,
CISEAUX ULTRA-FINS DROIT 12cm Bout pointue/arrondie,,D014,,Autres consommables,NB51,,,,,,,,,,,1.0,24.89,2026-05-13,,"Catalogue IJM 2025, page 15",,1,CISEAUX ULTRA-FINS DROIT 12cm Bout pointue/arrondie,D014,,
CISEAUX ULTRA-FINS COURBÉE 12cm Bout pointue/pointue,,D015,,Autres consommables,NB51,,,,,,,,,,,1.0,26.56,2026-05-13,,"Catalogue IJM 2025, page 15",,1,CISEAUX ULTRA-FINS COURBÉE 12cm Bout pointue/pointue,D015,,
MANCHE N°4 pour LAME N°23,,D048,,Autres consommables,KE12,,,,,,,,,,,1.0,5.86,2026-05-13,,"Catalogue IJM 2025, page 15",,1,MANCHE N°4 pour LAME N°23,D048,,
MANCHE N°3 pour LAME N°11,,D048A,,Autres consommables,KE12,,,,,,,,,,,1.0,4.96,2026-05-13,,"Catalogue IJM 2025, page 15",,1,MANCHE N°3 pour LAME N°11,D048A,,
LAMES STÉRILES N°23 (Bte de 100),,D049,,Autres consommables,KE13,,,,,,,,,,,100.0,8.01,2026-05-13,,"Catalogue IJM 2025, page 15",,1x100,LAMES STÉRILES N°23 (Bte de 100),D049,,
LAMES STÉRILES N°11 (Bte de 100),,D049B,,Autres consommables,KE13,,,,,,,,,,,100.0,8.03,2026-05-13,,"Catalogue IJM 2025, page 15",,1x100,LAMES STÉRILES N°11 (Bte de 100),D049B,,
SCALPELS JETABLES STÉRILES N°23,,D046,,Autres consommables,KE13,,,,,,,,,,,10.0,4.39,2026-05-13,,"Catalogue IJM 2025, page 15",,1x10,SCALPELS JETABLES STÉRILES N°23,D046,,
SCALPELS JETABLES STÉRILES N°11,,D046A,,Autres consommables,KE13,,,,,,,,,,,10.0,4.39,2026-05-13,,"Catalogue IJM 2025, page 15",,1x10,SCALPELS JETABLES STÉRILES N°11,D046A,,
LAME GILETTE BLEUE EXTRA (x10),,D047,,Autres consommables,KE13,,,,,,,,,,,10.0,4.42,2026-05-13,,"Catalogue IJM 2025, page 15",,1x10,LAME GILETTE BLEUE EXTRA (x10),D047,,
BECHER PMP Graduée 100ml,FISHER,P001,,Autres consommables,NB43,,,,,,,,,,,1.0,1.99,2026-05-13,,"Catalogue IJM 2025, page 16",,1,BECHER PMP Graduée 100ml,P001,FISHER,
BECHER PMP Graduée 250ml,FISHER,P002,,Autres consommables,NB43,,,,,,,,,,,1.0,3.02,2026-05-13,,"Catalogue IJM 2025, page 16",,1,BECHER PMP Graduée 250ml,P002,FISHER,
BECHER PMP Graduée 600ml,FISHER,P003,,Autres consommables,NB43,,,,,,,,,,,1.0,5.56,2026-05-13,,"Catalogue IJM 2025, page 16",,1,BECHER PMP Graduée 600ml,P003,FISHER,
BECHER PMP Graduée 1000ml,FISHER,P004,,Autres consommables,NB43,,,,,,,,,,,1.0,6.74,2026-05-13,,"Catalogue IJM 2025, page 16",,1,BECHER PMP Graduée 1000ml,P004,FISHER,
BECHER PMP Graduée 2000ml,FISHER,P005,,Autres consommables,NB43,,,,,,,,,,,1.0,19.09,2026-05-13,,"Catalogue IJM 2025, page 16",,1,BECHER PMP Graduée 2000ml,P005,FISHER,
BECHER PMP Graduée 5000ml,FISHER,P006,,Autres consommables,NB43,,,,,,,,,,,1.0,28.14,2026-05-13,,"Catalogue IJM 2025, page 16",,1,BECHER PMP Graduée 5000ml,P006,FISHER,
ENTONNOIR HDPE Diam 80mm,DUTSCHER,P022,,Autres consommables,NB43,,,,,,,,,,,1.0,0.77,2026-05-13,,"Catalogue IJM 2025, page 16",,1,ENTONNOIR HDPE Diam 80mm,P022,DUTSCHER,
ENTONNOIR HDPE Diam 140mm,DUTSCHER,P023,,Autres consommables,NB43,,,,,,,,,,,1.0,2.09,2026-05-13,,"Catalogue IJM 2025, page 16",,1,ENTONNOIR HDPE Diam 140mm,P023,DUTSCHER,
ENTONNOIR HDPE Diam 180mm,DUTSCHER,P024,,Autres consommables,NB43,,,,,,,,,,,1.0,3.32,2026-05-13,,"Catalogue IJM 2025, page 16",,1,ENTONNOIR HDPE Diam 180mm,P024,DUTSCHER,
EPROUVETTE TPX Graduée 10ml,DUTSCHER,P025,,Autres consommables,NB43,,,,,,,,,,,1.0,1.07,2026-05-13,,"Catalogue IJM 2025, page 16",,1,EPROUVETTE TPX Graduée 10ml,P025,DUTSCHER,
EPROUVETTE TPX Graduée 25ml,DUTSCHER,P026,,Autres consommables,NB43,,,,,,,,,,,1.0,1.53,2026-05-13,,"Catalogue IJM 2025, page 16",,1,EPROUVETTE TPX Graduée 25ml,P026,DUTSCHER,
EPROUVETTE TPX Graduée 50ml,DUTSCHER,P027,,Autres consommables,NB43,,,,,,,,,,,1.0,2.14,2026-05-13,,"Catalogue IJM 2025, page 16",,1,EPROUVETTE TPX Graduée 50ml,P027,DUTSCHER,
EPROUVETTE TPX Graduée 100ml,DUTSCHER,P028,,Autres consommables,NB43,,,,,,,,,,,1.0,3.22,2026-05-13,,"Catalogue IJM 2025, page 16",,1,EPROUVETTE TPX Graduée 100ml,P028,DUTSCHER,
EPROUVETTE TPX Graduée 250ml,DUTSCHER,P029,,Autres consommables,NB43,,,,,,,,,,,1.0,7.54,2026-05-13,,"Catalogue IJM 2025, page 16",,1,EPROUVETTE TPX Graduée 250ml,P029,DUTSCHER,
EPROUVETTE TPX Graduée 500ml,DUTSCHER,P030,,Autres consommables,NB43,,,,,,,,,,,1.0,9.15,2026-05-13,,"Catalogue IJM 2025, page 16",,1,EPROUVETTE TPX Graduée 500ml,P030,DUTSCHER,
EPROUVETTE TPX Graduée 1L,DUTSCHER,P031,,Autres consommables,NB43,,,,,,,,,,,1.0,12.84,2026-05-13,,"Catalogue IJM 2025, page 16",,1,EPROUVETTE TPX Graduée 1L,P031,DUTSCHER,
EPROUVETTE TPX Graduée 2L,DUTSCHER,P032,,Autres consommables,NB43,,,,,,,,,,,1.0,43.28,2026-05-13,,"Catalogue IJM 2025, page 16",,1,EPROUVETTE TPX Graduée 2L,P032,DUTSCHER,
RESERVOIR à REACTIFS 50ml STERILE CLEARLINE (x100),CLEARLINE,P152,,Autres consommables,NB43,,,,,,,,,,,100.0,51.84,2026-05-13,,"Catalogue IJM 2025, page 16",,1x100,RESERVOIR à REACTIFS 50ml STERILE CLEARLINE (x100),P152,CLEARLINE,
NACELLES de PESÉE Carrée 44x44mm (x250),FISHER,D024C,,Autres consommables,NB35,,,,,,,,,,,250.0,9.48,2026-05-13,,"Catalogue IJM 2025, page 16",,1x250,NACELLES de PESÉE Carrée 44x44mm (x250),D024C,FISHER,
NACELLES de PESÉE Carrée 84x84mm (x250),FISHER,D025C,,Autres consommables,NB35,,,,,,,,,,,250.0,16.91,2026-05-13,,"Catalogue IJM 2025, page 16",,1x250,NACELLES de PESÉE Carrée 84x84mm (x250),D025C,FISHER,
NACELLES de PESÉE Carrée 140x140mm (x250),FISHER,D025D,,Autres consommables,NB35,,,,,,,,,,,250.0,19.58,2026-05-13,,"Catalogue IJM 2025, page 16",,1x250,NACELLES de PESÉE Carrée 140x140mm (x250),D025D,FISHER,
BONBONNE en Polyéthylène 10 litres avec robinet,VWR,P008,,Autres consommables,NB51,,,,,,,,,,,1.0,28.19,2026-05-13,,"Catalogue IJM 2025, page 16",,1,BONBONNE en Polyéthylène 10 litres avec robinet,P008,VWR,
BONBONNE en Polyéthylène 30 litres avec robinet,VWR,P009,,Autres consommables,NB51,,,,,,,,,,,1.0,59.2,2026-05-13,,"Catalogue IJM 2025, page 16",,1,BONBONNE en Polyéthylène 30 litres avec robinet,P009,VWR,
FLACON COMPTE-GOUTTE 15ml (Pour huile à immersion),DUTSCHER,EA134,,Autres consommables,NB51,,,,,,,,,,,1.0,1.48,2026-05-13,,"Catalogue IJM 2025, page 16",,1,FLACON COMPTE-GOUTTE 15ml (Pour huile à immersion),EA134,DUTSCHER,
FLACON VAPORISATEUR 500ml,FISHER,P067A,,Autres consommables,NB51,,,,,,,,,,,1.0,5.69,2026-05-13,,"Catalogue IJM 2025, page 16",,1,FLACON VAPORISATEUR 500ml,P067A,FISHER,
CUVETTE PLASTIQUE CARREE 2L HDPE,,E021A,,Autres consommables,BB02,,,,,,,,,,,1.0,4.98,2026-05-13,,"Catalogue IJM 2025, page 16",,1,CUVETTE PLASTIQUE CARREE 2L HDPE,E021A,,
"CUVETTE PLASTIQUE CARREE 4,5L",,E021,,Autres consommables,BB02,,,,,,,,,,,1.0,7.52,2026-05-13,,"Catalogue IJM 2025, page 16",,1,"CUVETTE PLASTIQUE CARREE 4,5L",E021,,
CUVETTE PLASTIQUE CARREE 7L,,E022,,Autres consommables,BB02,,,,,,,,,,,1.0,12.36,2026-05-13,,"Catalogue IJM 2025, page 16",,1,CUVETTE PLASTIQUE CARREE 7L,E022,,
CUVETTE PLASTIQUE CARREE 12L,,E023,,Autres consommables,BB02,,,,,,,,,,,1.0,15.54,2026-05-13,,"Catalogue IJM 2025, page 16",,1,CUVETTE PLASTIQUE CARREE 12L,E023,,
CUVETTE PLASTIQUE CARREE 30L,,E024,,Autres consommables,BB02,,,,,,,,,,,1.0,61.67,2026-05-13,,"Catalogue IJM 2025, page 16",,1,CUVETTE PLASTIQUE CARREE 30L,E024,,
CUVETTE PLASTIQUE CARREE 45L,,E025,,Autres consommables,BB02,,,,,,,,,,,1.0,48.41,2026-05-13,,"Catalogue IJM 2025, page 16",,1,CUVETTE PLASTIQUE CARREE 45L,E025,,
SEAU PLASTIQUE 14L,,E064,,Autres consommables,BB02,,,,,,,,,,,1.0,5.4,2026-05-13,,"Catalogue IJM 2025, page 16",,1,SEAU PLASTIQUE 14L,E064,,
PISSETTE 125ml,VWR,P064A,,Autres consommables,NB43,,,,,,,,,,,1.0,1.77,2026-05-13,,"Catalogue IJM 2025, page 16",,1,PISSETTE 125ml,P064A,VWR,
PISSETTE Col large 250ml Jaune,VWR,P065A,,Autres consommables,NB43,,,,,,,,,,,1.0,2.82,2026-05-13,,"Catalogue IJM 2025, page 16",,1,PISSETTE Col large 250ml Jaune,P065A,VWR,
PISSETTE Col large 500ml Rouge,VWR,P066A,,Autres consommables,NB43,,,,,,,,,,,1.0,3.06,2026-05-13,,"Catalogue IJM 2025, page 16",,1,PISSETTE Col large 500ml Rouge,P066A,VWR,
PISSETTE Col large 1000ml Bleue,DUTSCHER,P067,,Autres consommables,NB43,,,,,,,,,,,1.0,5.48,2026-05-13,,"Catalogue IJM 2025, page 16",,1,PISSETTE Col large 1000ml Bleue,P067,DUTSCHER,
BOITE à STÉRILISER (Pipette en verre) 295x65x65mm,,D130,,Autres consommables,NB43,,,,,,,,,,,1.0,72.04,2026-05-13,,"Catalogue IJM 2025, page 16",,1,BOITE à STÉRILISER (Pipette en verre) 295x65x65mm,D130,,
"MICROPIPETTE ""EPPENDORF"" Research PLUS 0,1-2,5µl",EPPENDORF,EA051,,Autres consommables,NB01,,,,,,,,,,,1.0,276.51,2026-05-13,,"Catalogue IJM 2025, page 17",,1,"MICROPIPETTE ""EPPENDORF"" Research PLUS 0,1-2,5µl",EA051,EPPENDORF,
"MICROPIPETTE ""EPPENDORF"" Research PLUS 0,5-10µl",EPPENDORF,EA052,,Autres consommables,NB01,,,,,,,,,,,1.0,276.51,2026-05-13,,"Catalogue IJM 2025, page 17",,1,"MICROPIPETTE ""EPPENDORF"" Research PLUS 0,5-10µl",EA052,EPPENDORF,
"MICROPIPETTE ""EPPENDORF"" Research PLUS 2-20µl",EPPENDORF,EA053,,Autres consommables,NB01,,,,,,,,,,,1.0,276.51,2026-05-13,,"Catalogue IJM 2025, page 17",,1,"MICROPIPETTE ""EPPENDORF"" Research PLUS 2-20µl",EA053,EPPENDORF,
"MICROPIPETTE ""EPPENDORF"" Research PLUS 10-100µl",EPPENDORF,EA054,,Autres consommables,NB01,,,,,,,,,,,1.0,276.51,2026-05-13,,"Catalogue IJM 2025, page 17",,1,"MICROPIPETTE ""EPPENDORF"" Research PLUS 10-100µl",EA054,EPPENDORF,
"MICROPIPETTE ""EPPENDORF"" Research PLUS 20-200µl",EPPENDORF,EA055,,Autres consommables,NB01,,,,,,,,,,,1.0,276.51,2026-05-13,,"Catalogue IJM 2025, page 17",,1,"MICROPIPETTE ""EPPENDORF"" Research PLUS 20-200µl",EA055,EPPENDORF,
"MICROPIPETTE ""EPPENDORF"" Research PLUS 100-1000µl",EPPENDORF,EA056,,Autres consommables,NB01,,,,,,,,,,,1.0,276.51,2026-05-13,,"Catalogue IJM 2025, page 17",,1,"MICROPIPETTE ""EPPENDORF"" Research PLUS 100-1000µl",EA056,EPPENDORF,
"MICROPIPETTE ""EPPENDORF"" Research PLUS 500-5000µl",EPPENDORF,EA057,,Autres consommables,NB01,,,,,,,,,,,1.0,276.51,2026-05-13,,"Catalogue IJM 2025, page 17",,1,"MICROPIPETTE ""EPPENDORF"" Research PLUS 500-5000µl",EA057,EPPENDORF,
"MICROPIPETTE ""GILSON"" PIPETMAN L P2",GILSON,P037,,Autres consommables,NB01,,,,,,,,,,,1.0,243.96,2026-05-13,,"Catalogue IJM 2025, page 17",,1,"MICROPIPETTE ""GILSON"" PIPETMAN L P2",P037,GILSON,
"MICROPIPETTE ""GILSON"" PIPETMAN L P10",GILSON,P038,,Autres consommables,NB01,,,,,,,,,,,1.0,243.96,2026-05-13,,"Catalogue IJM 2025, page 17",,1,"MICROPIPETTE ""GILSON"" PIPETMAN L P10",P038,GILSON,
"MICROPIPETTE ""GILSON"" PIPETMAN L P20",GILSON,P039A,,Autres consommables,NB01,,,,,,,,,,,1.0,243.96,2026-05-13,,"Catalogue IJM 2025, page 17",,1,"MICROPIPETTE ""GILSON"" PIPETMAN L P20",P039A,GILSON,
"MICROPIPETTE ""GILSON"" PIPETMAN L P200",GILSON,P040A,,Autres consommables,NB01,,,,,,,,,,,1.0,243.96,2026-05-13,,"Catalogue IJM 2025, page 17",,1,"MICROPIPETTE ""GILSON"" PIPETMAN L P200",P040A,GILSON,
"MICROPIPETTE ""GILSON"" PIPETMAN L P1000",GILSON,P041,,Autres consommables,NB01,,,,,,,,,,,1.0,243.96,2026-05-13,,"Catalogue IJM 2025, page 17",,1,"MICROPIPETTE ""GILSON"" PIPETMAN L P1000",P041,GILSON,
"MICROPIPETTE ""GILSON"" PIPETMAN L P5000",GILSON,P042,,Autres consommables,NB01,,,,,,,,,,,1.0,270.43,2026-05-13,,"Catalogue IJM 2025, page 17",,1,"MICROPIPETTE ""GILSON"" PIPETMAN L P5000",P042,GILSON,
Kit Maintenance Pipetman P2. Joint torique/Embout Porte-cône GILSON,GILSON,P0421,,Autres consommables,NB01,,,,,,,,,,,1.0,43.84,2026-05-13,,"Catalogue IJM 2025, page 17",,1,Kit Maintenance Pipetman P2. Joint torique/Embout Porte-cône GILSON,P0421,GILSON,
Kit Maintenance Pipetman P10. Joint torique/Embout Porte-cône GILSON,GILSON,P0422,,Autres consommables,NB01,,,,,,,,,,,1.0,45.7,2026-05-13,,"Catalogue IJM 2025, page 17",,1,Kit Maintenance Pipetman P10. Joint torique/Embout Porte-cône GILSON,P0422,GILSON,
Kit Maintenance Pipetman P20. Joint torique/Embout Porte-cône GILSON,GILSON,P043,,Autres consommables,NB01,,,,,,,,,,,1.0,29.84,2026-05-13,,"Catalogue IJM 2025, page 17",,1,Kit Maintenance Pipetman P20. Joint torique/Embout Porte-cône GILSON,P043,GILSON,
Kit Maintenance Pipetman P200. Joint torique/Embout Porte-cône GILSON,GILSON,P044,,Autres consommables,NB01,,,,,,,,,,,1.0,29.84,2026-05-13,,"Catalogue IJM 2025, page 17",,1,Kit Maintenance Pipetman P200. Joint torique/Embout Porte-cône GILSON,P044,GILSON,
Kit Maintenance Pipetman P1000. Joint torique/Embout Porte-cône GILSON,GILSON,P045,,Autres consommables,NB01,,,,,,,,,,,1.0,29.84,2026-05-13,,"Catalogue IJM 2025, page 17",,1,Kit Maintenance Pipetman P1000. Joint torique/Embout Porte-cône GILSON,P045,GILSON,
Kit Maintenance Pipetman P5000. Joint torique/Embout Porte-cône GILSON,GILSON,P046,,Autres consommables,NB01,,,,,,,,,,,1.0,39.16,2026-05-13,,"Catalogue IJM 2025, page 17",,1,Kit Maintenance Pipetman P5000. Joint torique/Embout Porte-cône GILSON,P046,GILSON,
"PIPETTEUR MANUEL à mollette ""PIPETTE PUMP"" 2ml",,P061,,Autres consommables,NB51,,,,,,,,,,,1.0,14.88,2026-05-13,,"Catalogue IJM 2025, page 17",,1,"PIPETTEUR MANUEL à mollette ""PIPETTE PUMP"" 2ml",P061,,
"PIPETTEUR MANUEL à mollette ""PIPETTE PUMP"" 10ml",,P062,,Autres consommables,NB51,,,,,,,,,,,1.0,15.5,2026-05-13,,"Catalogue IJM 2025, page 17",,1,"PIPETTEUR MANUEL à mollette ""PIPETTE PUMP"" 10ml",P062,,
"PIPETTEUR MANUEL à mollette ""PIPETTE PUMP"" 25ml",,P063,,Autres consommables,NB51,,,,,,,,,,,1.0,21.14,2026-05-13,,"Catalogue IJM 2025, page 17",,1,"PIPETTEUR MANUEL à mollette ""PIPETTE PUMP"" 25ml",P063,,
"BOITE de STOCKAGE pour microtubes 1,5 et 2ml, avec couvercle",,D0071,,Autres consommables,NB12,,,,,,,,,,,1.0,4.33,2026-05-13,,"Catalogue IJM 2025, page 17",,1,"BOITE de STOCKAGE pour microtubes 1,5 et 2ml, avec couvercle",D0071,,
"PORTOIR DOUBLE FACE pour micro-tubes 0,5ml ou 1,5 et 2ml",,D0072,,Autres consommables,NB12,,,,,,,,,,,1.0,5.78,2026-05-13,,"Catalogue IJM 2025, page 17",,1,"PORTOIR DOUBLE FACE pour micro-tubes 0,5ml ou 1,5 et 2ml",D0072,,
"BOITE CONGÉLATION en carton 133x133mm, H 50mm, avec séparateur 9x9",,D0073,,Autres consommables,NB12,,,,,,,,,,,1.0,5.66,2026-05-13,,"Catalogue IJM 2025, page 17",,1,"BOITE CONGÉLATION en carton 133x133mm, H 50mm, avec séparateur 9x9",D0073,,
"CRYOBOITE SYSTEM 100 (132x132mm), pr 100 Cryotubes 1 ou 1,2ml jusqu'à -196°",THERMO,D0074,,Autres consommables,NB12,,,,,,,,,,,1.0,6.74,2026-05-13,,"Catalogue IJM 2025, page 17",,1,"CRYOBOITE SYSTEM 100 (132x132mm), pr 100 Cryotubes 1 ou 1,2ml jusqu'à -196°",D0074,THERMO,
MINUTEUR/DECOMPTEUR (TIMER) de poche,,EA135,,Autres consommables,NB51,,,,,,,,,,,1.0,21.69,2026-05-13,,"Catalogue IJM 2025, page 17",,1,MINUTEUR/DECOMPTEUR (TIMER) de poche,EA135,,
"THERMOMETRE MURALE en plastique, thermomural (-30° / +50°)",,EA136,,Autres consommables,NB51,,,,,,,,,,,1.0,2.17,2026-05-13,,"Catalogue IJM 2025, page 17",,1,"THERMOMETRE MURALE en plastique, thermomural (-30° / +50°)",EA136,,
THERMOMETRE Réfrigérateur (-50° / +50°),,EA136A,,Autres consommables,NB51,,,,,,,,,,,1.0,5.87,2026-05-13,,"Catalogue IJM 2025, page 17",,1,THERMOMETRE Réfrigérateur (-50° / +50°),EA136A,,
TUYAU PVC CLAIR Diam 2x4mm,NALGENE,D059,,Autres consommables,NB51,,,,,,,,,,,1.0,0.51,2026-05-13,,"Catalogue IJM 2025, page 18",,1,TUYAU PVC CLAIR Diam 2x4mm,D059,NALGENE,
TUYAU PVC CLAIR Diam 4x7mm,NALGENE,D061,,Autres consommables,NB51,,,,,,,,,,,1.0,1.41,2026-05-13,,"Catalogue IJM 2025, page 18",,1,TUYAU PVC CLAIR Diam 4x7mm,D061,NALGENE,
TUYAU PVC CLAIR Diam 6x9mm,NALGENE,D062,,Autres consommables,NB51,,,,,,,,,,,1.0,0.96,2026-05-13,,"Catalogue IJM 2025, page 18",,1,TUYAU PVC CLAIR Diam 6x9mm,D062,NALGENE,
TUYAU PVC CLAIR Diam 7x10mm,NALGENE,D063,,Autres consommables,NB51,,,,,,,,,,,1.0,2.96,2026-05-13,,"Catalogue IJM 2025, page 18",,1,TUYAU PVC CLAIR Diam 7x10mm,D063,NALGENE,
TUYAU PVC CLAIR Diam 8x11mm,NALGENE,D064,,Autres consommables,NB51,,,,,,,,,,,1.0,3.3,2026-05-13,,"Catalogue IJM 2025, page 18",,1,TUYAU PVC CLAIR Diam 8x11mm,D064,NALGENE,
TUYAU PVC CLAIR Diam 10x14mm,NALGENE,D065,,Autres consommables,NB51,,,,,,,,,,,1.0,1.82,2026-05-13,,"Catalogue IJM 2025, page 18",,1,TUYAU PVC CLAIR Diam 10x14mm,D065,NALGENE,
TUYAU PVC CLAIR Diam 12x17mm,NALGENE,D066,,Autres consommables,NB51,,,,,,,,,,,1.0,2.05,2026-05-13,,"Catalogue IJM 2025, page 18",,1,TUYAU PVC CLAIR Diam 12x17mm,D066,NALGENE,
TUYAU PVC CLAIR Diam 15x20mm,NALGENE,D067,,Autres consommables,NB51,,,,,,,,,,,1.0,5.03,2026-05-13,,"Catalogue IJM 2025, page 18",,1,TUYAU PVC CLAIR Diam 15x20mm,D067,NALGENE,
TUYAU PVC CLAIR Diam 20x26mm,NALGENE,D0671,,Autres consommables,NB51,,,,,,,,,,,1.0,6.77,2026-05-13,,"Catalogue IJM 2025, page 18",,1,TUYAU PVC CLAIR Diam 20x26mm,D0671,NALGENE,
"TUYAU PVC ARMÉ Diam 6,4x11,2mm",NALGENE,D068,,Autres consommables,NB51,,,,,,,,,,,1.0,0.89,2026-05-13,,"Catalogue IJM 2025, page 18",,1,"TUYAU PVC ARMÉ Diam 6,4x11,2mm",D068,NALGENE,
"TUYAU PVC ARMÉ Diam 7,9x12,7mm",NALGENE,D069,,Autres consommables,NB51,,,,,,,,,,,1.0,3.21,2026-05-13,,"Catalogue IJM 2025, page 18",,1,"TUYAU PVC ARMÉ Diam 7,9x12,7mm",D069,NALGENE,
"TUYAU PVC ARMÉ Diam 9,5x14,3mm",NALGENE,D070,,Autres consommables,NB51,,,,,,,,,,,1.0,3.57,2026-05-13,,"Catalogue IJM 2025, page 18",,1,"TUYAU PVC ARMÉ Diam 9,5x14,3mm",D070,NALGENE,
"TUYAU PVC ARMÉ Diam 12,7x19,1mm",NALGENE,D071,,Autres consommables,NB51,,,,,,,,,,,1.0,4.71,2026-05-13,,"Catalogue IJM 2025, page 18",,1,"TUYAU PVC ARMÉ Diam 12,7x19,1mm",D071,NALGENE,
"TUYAU PVC ARMÉ Diam 15,9x22,3mm",NALGENE,D072,,Autres consommables,NB51,,,,,,,,,,,1.0,7.35,2026-05-13,,"Catalogue IJM 2025, page 18",,1,"TUYAU PVC ARMÉ Diam 15,9x22,3mm",D072,NALGENE,
"TUYAU PVC ARMÉ Diam 19x25,4",NALGENE,D0721,,Autres consommables,NB51,,,,,,,,,,,1.0,8.28,2026-05-13,,"Catalogue IJM 2025, page 18",,1,"TUYAU PVC ARMÉ Diam 19x25,4",D0721,NALGENE,
TUYAU SILICONE Diam 3x5mm,NALGENE,D087,,Autres consommables,NB51,,,,,,,,,,,1.0,0.9,2026-05-13,,"Catalogue IJM 2025, page 18",,1,TUYAU SILICONE Diam 3x5mm,D087,NALGENE,
TUYAU SILICONE Diam 4x6mm,NALGENE,D088,,Autres consommables,NB51,,,,,,,,,,,1.0,1.09,2026-05-13,,"Catalogue IJM 2025, page 18",,1,TUYAU SILICONE Diam 4x6mm,D088,NALGENE,
TUYAU SILICONE Diam 6x10mm,NALGENE,D090,,Autres consommables,NB51,,,,,,,,,,,1.0,3.0,2026-05-13,,"Catalogue IJM 2025, page 18",,1,TUYAU SILICONE Diam 6x10mm,D090,NALGENE,
TUYAU SILICONE Diam 8x14mm,NALGENE,D091,,Autres consommables,NB51,,,,,,,,,,,1.0,2.73,2026-05-13,,"Catalogue IJM 2025, page 18",,1,TUYAU SILICONE Diam 8x14mm,D091,NALGENE,
TUYAU SILICONE Diam10x14mm,NALGENE,D092,,Autres consommables,NB51,,,,,,,,,,,1.0,4.07,2026-05-13,,"Catalogue IJM 2025, page 18",,1,TUYAU SILICONE Diam10x14mm,D092,NALGENE,
"TUYAU SILICONE Diam 12x15,5mm",NALGENE,D093,,Autres consommables,NB51,,,,,,,,,,,1.0,3.76,2026-05-13,,"Catalogue IJM 2025, page 18",,1,"TUYAU SILICONE Diam 12x15,5mm",D093,NALGENE,
TUYAU SILICONE Diam 15x21mm,NALGENE,D094,,Autres consommables,NB51,,,,,,,,,,,1.0,8.11,2026-05-13,,"Catalogue IJM 2025, page 18",,1,TUYAU SILICONE Diam 15x21mm,D094,NALGENE,
TUYAU SILICONE Diam 20x27mm,NALGENE,D0941,,Autres consommables,NB51,,,,,,,,,,,1.0,11.58,2026-05-13,,"Catalogue IJM 2025, page 18",,1,TUYAU SILICONE Diam 20x27mm,D0941,NALGENE,
BARREAUX D'AGITATION MAGNÉTIQUE 15x8mm,FISHERBRAND,D001,,Autres consommables,NB51,,,,,,,,,,,1.0,1.02,2026-05-13,,"Catalogue IJM 2025, page 18",,1,BARREAUX D'AGITATION MAGNÉTIQUE 15x8mm,D001,FISHERBRAND,
BARREAUX D'AGITATION MAGNÉTIQUE 25x6mm,FISHERBRAND,D002,,Autres consommables,NB51,,,,,,,,,,,1.0,0.77,2026-05-13,,"Catalogue IJM 2025, page 18",,1,BARREAUX D'AGITATION MAGNÉTIQUE 25x6mm,D002,FISHERBRAND,
BARREAUX D'AGITATION MAGNÉTIQUE 40x8mm,FISHERBRAND,D003,,Autres consommables,NB51,,,,,,,,,,,1.0,1.16,2026-05-13,,"Catalogue IJM 2025, page 18",,1,BARREAUX D'AGITATION MAGNÉTIQUE 40x8mm,D003,FISHERBRAND,
BARREAUX D'AGITATION MAGNÉTIQUE 60x10mm,FISHERBRAND,D004,,Autres consommables,NB51,,,,,,,,,,,1.0,1.55,2026-05-13,,"Catalogue IJM 2025, page 18",,1,BARREAUX D'AGITATION MAGNÉTIQUE 60x10mm,D004,FISHERBRAND,
BARREAUX D'AGITATION MAGNÉTIQUE 70x10mm,FISHERBRAND,D005,,Autres consommables,NB51,,,,,,,,,,,1.0,1.98,2026-05-13,,"Catalogue IJM 2025, page 18",,1,BARREAUX D'AGITATION MAGNÉTIQUE 70x10mm,D005,FISHERBRAND,
BRÛLEUR BUNSEN sans cartouche,,D018,,Autres consommables,NB51,,,,,,,,,,,1.0,44.73,2026-05-13,,"Catalogue IJM 2025, page 18",,1,BRÛLEUR BUNSEN sans cartouche,D018,,
CARTOUCHE BUTANE CV 300 PLUS,,D008A,,Autres consommables,NB35,,,,,,,,,,,1.0,6.46,2026-05-13,,"Catalogue IJM 2025, page 18",,1,CARTOUCHE BUTANE CV 300 PLUS,D008A,,
CARTOUCHE BUTANE C206,,D008,,Autres consommables,NB35,,,,,,,,,,,1.0,3.57,2026-05-13,,"Catalogue IJM 2025, page 18",,1,CARTOUCHE BUTANE C206,D008,,
CARTOUCHE USBECK 1430,,D008B,,Autres consommables,NB35,,,,,,,,,,,1.0,13.35,2026-05-13,,"Catalogue IJM 2025, page 18",,1,CARTOUCHE USBECK 1430,D008B,,
LAMPE MERCURE HBO 103W,OSRAM,D127,,Autres consommables,MA45,,,,,,,,,,,1.0,96.3,2026-05-13,,"Catalogue IJM 2025, page 19",,1,LAMPE MERCURE HBO 103W,D127,OSRAM,
LAMPE XENOPHOT 12V 100W (64625),OSRAM,D129,,Autres consommables,MA45,,,,,,,,,,,1.0,4.82,2026-05-13,,"Catalogue IJM 2025, page 19",,1,LAMPE XENOPHOT 12V 100W (64625),D129,OSRAM,
LAMPE MERCURE HXP R 120W/45C VIS,OSRAM,D132,,Autres consommables,MA45,,,,,,,,,,,1.0,481.5,2026-05-13,,"Catalogue IJM 2025, page 19",,1,LAMPE MERCURE HXP R 120W/45C VIS,D132,OSRAM,
"LAMPE PHOTO OPTIQUE 12V 100W GZ6,35 (64637)",OSRAM,D133,,Autres consommables,MA45,,,,,,,,,,,1.0,16.05,2026-05-13,,"Catalogue IJM 2025, page 19",,1,"LAMPE PHOTO OPTIQUE 12V 100W GZ6,35 (64637)",D133,OSRAM,
LAMPE 6V 35W (64275),OSRAM,D136,,Autres consommables,MA45,,,,,,,,,,,1.0,5.35,2026-05-13,,"Catalogue IJM 2025, page 19",,1,LAMPE 6V 35W (64275),D136,OSRAM,
LAMPE 6V 20W GZ4 USHIO JCR/M (220533),,D158,,Autres consommables,MA45,,,,,,,,,,,1.0,26.75,2026-05-13,,"Catalogue IJM 2025, page 19",,1,LAMPE 6V 20W GZ4 USHIO JCR/M (220533),D158,,
LAMPE 8V 20W G4 (64255),OSRAM,D137,,Autres consommables,MA45,,,,,,,,,,,1.0,17.12,2026-05-13,,"Catalogue IJM 2025, page 19",,1,LAMPE 8V 20W G4 (64255),D137,OSRAM,
LAMPE X-CITE 120W,LUMEN DYNAMICS,D150,,Autres consommables,MA45,,,,,,,,,,,1.0,802.5,2026-05-13,,"Catalogue IJM 2025, page 19",,1,LAMPE X-CITE 120W,D150,LUMEN DYNAMICS,
LAMPE 21V 150W EKE,,D151,,Autres consommables,MA45,,,,,,,,,,,1.0,16.05,2026-05-13,,"Catalogue IJM 2025, page 19",,1,LAMPE 21V 150W EKE,D151,,
LAMPE 24V 250W ELC (64653),OSRAM,D152,,Autres consommables,MA45,,,,,,,,,,,1.0,13.91,2026-05-13,,"Catalogue IJM 2025, page 19",,1,LAMPE 24V 250W ELC (64653),D152,OSRAM,
LAMPE 15V 150W (64634),OSRAM,D157,,Autres consommables,MA45,,,,,,,,,,,1.0,8.56,2026-05-13,,"Catalogue IJM 2025, page 19",,1,LAMPE 15V 150W (64634),D157,OSRAM,
LAMPE 6V 30W PHILIPS (5761),OSRAM,D159,,Autres consommables,MA45,,,,,,,,,,,1.0,14.45,2026-05-13,,"Catalogue IJM 2025, page 19",,1,LAMPE 6V 30W PHILIPS (5761),D159,OSRAM,
HUILE à IMMERSION ZEISS Immersol 518F 100ml,ZEISS,D100,,Autres consommables,NB32,,,,,,,,,,,1.0,190.09,2026-05-13,,"Catalogue IJM 2025, page 19",,1,HUILE à IMMERSION ZEISS Immersol 518F 100ml,D100,ZEISS,
HUILE à IMMERSION ZEISS Immersol 518F Burette 20ml,ZEISS,D101,,Autres consommables,NB32,,,,,,,,,,,1.0,53.5,2026-05-13,,"Catalogue IJM 2025, page 19",,1,HUILE à IMMERSION ZEISS Immersol 518F Burette 20ml,D101,ZEISS,
HUILE à IMMERSION ZEISS Immersol 518F/37° 20ml,ZEISS,D100A,,Autres consommables,NB32,,,,,,,,,,,1.0,174.41,2026-05-13,,"Catalogue IJM 2025, page 19",,1,HUILE à IMMERSION ZEISS Immersol 518F/37° 20ml,D100A,ZEISS,
"LAMELLE RONDE Couvre objet Ø 12mm Epaisseur #1,5",KNITTEL GLASS,D102A,,Autres consommables,NB16,,,,,,,,,,,200.0,13.32,2026-05-13,,"Catalogue IJM 2025, page 19",,1x200,"LAMELLE RONDE Couvre objet Ø 12mm Epaisseur #1,5",D102A,KNITTEL GLASS,
"LAMELLE RONDE Couvre objet Ø 18mm Epaisseur #1,5",VWR,D103A,,Autres consommables,NB16,,,,,,,,,,,200.0,20.26,2026-05-13,,"Catalogue IJM 2025, page 19",,1x200,"LAMELLE RONDE Couvre objet Ø 18mm Epaisseur #1,5",D103A,VWR,
LAMELLE RONDE Couvre objet Ø 22mm Epaisseur #1,MENZEL GLÄSER,D108,,Autres consommables,NB16,,,,,,,,,,,200.0,19.48,2026-05-13,,"Catalogue IJM 2025, page 19",,1x200,LAMELLE RONDE Couvre objet Ø 22mm Epaisseur #1,D108,MENZEL GLÄSER,
LAMELLE RONDE Couvre objet Ø 32mm Epaisseur #1,MENZEL GLASER,D110,,Autres consommables,NB16,,,,,,,,,,,100.0,7.7,2026-05-13,,"Catalogue IJM 2025, page 19",,1x100,LAMELLE RONDE Couvre objet Ø 32mm Epaisseur #1,D110,MENZEL GLASER,
"LAMELLE RONDE Couvre objet Ø 30mm, Epaisseur #1,5",EPREDIA (MENZEL),D110A,,Autres consommables,NB16,,,,,,,,,,,100.0,11.5,2026-05-13,,"Catalogue IJM 2025, page 19",,1x100,"LAMELLE RONDE Couvre objet Ø 30mm, Epaisseur #1,5",D110A,EPREDIA (MENZEL),
"LAMELLES Couvre-objets 18x18mm, Epaisseur #1,5",VWR,D104A,,Autres consommables,NB16,,,,,,,,,,,200.0,4.32,2026-05-13,,"Catalogue IJM 2025, page 19",,1x200,"LAMELLES Couvre-objets 18x18mm, Epaisseur #1,5",D104A,VWR,
"LAMELLES Couvre-objets 22x22mm, Epaisseur #1,5",VWR,D105A,,Autres consommables,NB16,,,,,,,,,,,200.0,6.41,2026-05-13,,"Catalogue IJM 2025, page 19",,1x200,"LAMELLES Couvre-objets 22x22mm, Epaisseur #1,5",D105A,VWR,
"LAMELLES Couvre-objets 24x50mm, Epaisseur #1,5",LEICA,D109,,Autres consommables,NB16,,,,,,,,,,,200.0,15.62,2026-05-13,,"Catalogue IJM 2025, page 19",,1x200,"LAMELLES Couvre-objets 24x50mm, Epaisseur #1,5",D109,LEICA,
"LAMELLES Couvre-objets 24x60mm, Epaisseur #1",VWR,D107,,Autres consommables,NB16,,,,,,,,,,,200.0,15.62,2026-05-13,,"Catalogue IJM 2025, page 19",,1x200,"LAMELLES Couvre-objets 24x60mm, Epaisseur #1",D107,VWR,
"LAME SUPERFROST Bords bruts, marge dépolie blanche 76x26mm",THERMO SCIENTIFIC,D112,,Autres consommables,NB16,,,,,,,,,,,50.0,3.36,2026-05-13,,"Catalogue IJM 2025, page 19",,1x50,"LAME SUPERFROST Bords bruts, marge dépolie blanche 76x26mm",D112,THERMO SCIENTIFIC,
LAME SUPERFROST PLUS 76x26mm Bords rodés 90°,THERMO SCIENTIFIC,D116,,Autres consommables,NB16,,,,,,,,,,,72.0,14.87,2026-05-13,,"Catalogue IJM 2025, page 19",,1x72,LAME SUPERFROST PLUS 76x26mm Bords rodés 90°,D116,THERMO SCIENTIFIC,
PLATEAU PORTE-LAMES en CARTON pour 20 Lames standard 75x25mm,FISHER,D117,,Autres consommables,NB35,,,,,,,,,,,1.0,3.17,2026-05-13,,"Catalogue IJM 2025, page 19",,1,PLATEAU PORTE-LAMES en CARTON pour 20 Lames standard 75x25mm,D117,FISHER,
BOITE pour LAMES de Microscopie en Polypropylène pour 100 Lames 76x26mm,BIOSIGMA,D118,,Autres consommables,NB35,,,,,,,,,,,1.0,5.07,2026-05-13,,"Catalogue IJM 2025, page 19",,1,BOITE pour LAMES de Microscopie en Polypropylène pour 100 Lames 76x26mm,D118,BIOSIGMA,
BOITE pour LAMES de Microscopie en BOIS pour 100 Lames - 76x26mm,,D119,,Autres consommables,NB35,,,,,,,,,,,1.0,26.08,2026-05-13,,"Catalogue IJM 2025, page 19",,1,BOITE pour LAMES de Microscopie en BOIS pour 100 Lames - 76x26mm,D119,,
"BOITE de PÉTRI ""GREINER"" 35x10mm avec ergots (x740)",GREINER,P007,,Autres consommables,NB14,,,,,,,,,,,1.0,106.82,2026-05-13,,"Catalogue IJM 2025, page 20",,1,"BOITE de PÉTRI ""GREINER"" 35x10mm avec ergots (x740)",P007,GREINER,
"BOITE de PÉTRI ""GOSSELIN"" 55x14,2mm avec 6 ergots (x1620)",GOSSELIN,P00621,,Autres consommables,NB14,,,,,,,,,,,1.0,90.48,2026-05-13,,"Catalogue IJM 2025, page 20",,1,"BOITE de PÉTRI ""GOSSELIN"" 55x14,2mm avec 6 ergots (x1620)",P00621,GOSSELIN,
"BOITE de PÉTRI ""GOSSELIN"" PS 90x14,2mm, 3 ergots (x825)",GOSSELIN,P0071,,Autres consommables,NB14,,,,,,,,,,,1.0,47.49,2026-05-13,,"Catalogue IJM 2025, page 20",,1,"BOITE de PÉTRI ""GOSSELIN"" PS 90x14,2mm, 3 ergots (x825)",P0071,GOSSELIN,
"BOITE de PÉTRI ""GREINER"" 94x14mm avec ergots (x480)",GREINER,P007A,,Autres consommables,NB14,,,,,,,,,,,1.0,37.24,2026-05-13,,"Catalogue IJM 2025, page 20",,1,"BOITE de PÉTRI ""GREINER"" 94x14mm avec ergots (x480)",P007A,GREINER,
COUNTESS Cell Counting Chamber SLIDE (x50) 10µl/Chamber - 2 Chamber/slide,LIFE Technologie,P0701,,Autres consommables,NB13,,,,,,,,,,,50.0,107.26,2026-05-13,,"Catalogue IJM 2025, page 20",,1x50,COUNTESS Cell Counting Chamber SLIDE (x50) 10µl/Chamber - 2 Chamber/slide,P0701,LIFE Technologie,
"BOITE de PETRI de CULTURE ""TPP"" Diam 40x11mm (x20)",TPP,P0061,,Autres consommables,NB13,,,,,,,,,,,20.0,4.96,2026-05-13,,"Catalogue IJM 2025, page 20",,1x20,"BOITE de PETRI de CULTURE ""TPP"" Diam 40x11mm (x20)",P0061,TPP,
"BOITE de PETRI de CULTURE ""TPP"" Diam 60x15mm (x14)",TPP,P0062,,Autres consommables,NB13,,,,,,,,,,,14.0,3.64,2026-05-13,,"Catalogue IJM 2025, page 20",,1x14,"BOITE de PETRI de CULTURE ""TPP"" Diam 60x15mm (x14)",P0062,TPP,
"BOITE de PETRI de CULTURE ""TPP"" Diam 96x20mm (x10)",TPP,T93100,,Autres consommables,NB13,,,,,,,,,,,10.0,4.42,2026-05-13,,"Catalogue IJM 2025, page 20",,1x10,"BOITE de PETRI de CULTURE ""TPP"" Diam 96x20mm (x10)",T93100,TPP,
"BOITE de PETRI de CULTURE ""TPP"" Diam 146x20mm (x5)",TPP,T93150,,Autres consommables,NB13,,,,,,,,,,,5.0,6.37,2026-05-13,,"Catalogue IJM 2025, page 20",,1x5,"BOITE de PETRI de CULTURE ""TPP"" Diam 146x20mm (x5)",T93150,TPP,
BOITE de PETRI IBIDI Ø 35mm FOND LAMELLE 1.5 ( 2ml volume) Traité/Stérile,IBIDI,P0063,,Autres consommables,NB13,,,,,,,,,,,10.0,44.15,2026-05-13,,"Catalogue IJM 2025, page 20",,1x10,BOITE de PETRI IBIDI Ø 35mm FOND LAMELLE 1.5 ( 2ml volume) Traité/Stérile,P0063,IBIDI,
PLAQUES de CULTURE SPL 6 Puits,SPL,P0674N,,Autres consommables,NB13,,,,,,,,,,,1.0,0.85,2026-05-13,,"Catalogue IJM 2025, page 20",,1,PLAQUES de CULTURE SPL 6 Puits,P0674N,SPL,
PLAQUES de CULTURE SPL 12 Puits,SPL,P0676N,,Autres consommables,NB13,,,,,,,,,,,1.0,0.85,2026-05-13,,"Catalogue IJM 2025, page 20",,1,PLAQUES de CULTURE SPL 12 Puits,P0676N,SPL,
PLAQUES de CULTURE SPL 24 Puits,SPL,P0677N,,Autres consommables,NB13,,,,,,,,,,,1.0,0.88,2026-05-13,,"Catalogue IJM 2025, page 20",,1,PLAQUES de CULTURE SPL 24 Puits,P0677N,SPL,
PLAQUES de CULTURE SPL 96 Puits,SPL,P06771N,,Autres consommables,NB13,,,,,,,,,,,1.0,0.87,2026-05-13,,"Catalogue IJM 2025, page 20",,1,PLAQUES de CULTURE SPL 96 Puits,P06771N,SPL,
PLAQUES de CULTURE SPL 96 Puits FOND ROND,SPL,P06771R,,Autres consommables,NB13,,,,,,,,,,,1.0,0.95,2026-05-13,,"Catalogue IJM 2025, page 20",,1,PLAQUES de CULTURE SPL 96 Puits FOND ROND,P06771R,SPL,
"BOITES de CULTURE ""NUNC"" 4 Puits (x4)",NUNC,P0675N,,Autres consommables,NB13,,,,,,,,,,,4.0,5.03,2026-05-13,,"Catalogue IJM 2025, page 20",,1x4,"BOITES de CULTURE ""NUNC"" 4 Puits (x4)",P0675N,NUNC,
"PLAQUES de CULTURE ""NUNC"" 48 Puits",NUNC,P0678,,Autres consommables,NB13,,,,,,,,,,,1.0,1.71,2026-05-13,,"Catalogue IJM 2025, page 20",,1,"PLAQUES de CULTURE ""NUNC"" 48 Puits",P0678,NUNC,
"PLAQUES de CULTURE ""TPP"" 6 Puits",TPP,P0675,,Autres consommables,NB13,,,,,,,,,,,1.0,1.71,2026-05-13,,"Catalogue IJM 2025, page 20",,1,"PLAQUES de CULTURE ""TPP"" 6 Puits",P0675,TPP,
"PLAQUES de CULTURE ""TPP"" 12 Puits",TPP,P0676,,Autres consommables,NB13,,,,,,,,,,,1.0,1.71,2026-05-13,,"Catalogue IJM 2025, page 20",,1,"PLAQUES de CULTURE ""TPP"" 12 Puits",P0676,TPP,
"PLAQUES de CULTURE ""TPP"" 24 Puits",TPP,P0677,,Autres consommables,NB13,,,,,,,,,,,1.0,1.71,2026-05-13,,"Catalogue IJM 2025, page 20",,1,"PLAQUES de CULTURE ""TPP"" 24 Puits",P0677,TPP,
"PLAQUES de CULTURE ""TPP"" 96 Puits",TPP,P06771,,Autres consommables,NB13,,,,,,,,,,,1.0,1.58,2026-05-13,,"Catalogue IJM 2025, page 20",,1,"PLAQUES de CULTURE ""TPP"" 96 Puits",P06771,TPP,
"FLACONS de CULTURE ""SPL"" CAP filtrant, 25cm2 (x10)",SPL,P0651F,,Autres consommables,NB13,,,,,,,,,,,10.0,3.85,2026-05-13,,"Catalogue IJM 2025, page 21",,1x10,"FLACONS de CULTURE ""SPL"" CAP filtrant, 25cm2 (x10)",P0651F,SPL,
"FLACONS de CULTURE ""SPL"" CAP filtrant, 75cm2 (x5)",SPL,P0652F,,Autres consommables,NB13,,,,,,,,,,,5.0,3.73,2026-05-13,,"Catalogue IJM 2025, page 21",,1x5,"FLACONS de CULTURE ""SPL"" CAP filtrant, 75cm2 (x5)",P0652F,SPL,
"FLACONS de CULTURE ""SPL"" CAP filtrant, 175cm2 (x5)",SPL,P0653F,,Autres consommables,NB13,,,,,,,,,,,5.0,7.47,2026-05-13,,"Catalogue IJM 2025, page 21",,1x5,"FLACONS de CULTURE ""SPL"" CAP filtrant, 175cm2 (x5)",P0653F,SPL,
"FLACONS de CULTURE ""NUNC"" TRIPLE FLASK CAP Filtrant 380ml - 500cm2 (x1)",NUNC,P0455F,,Autres consommables,NB13,,,,,,,,,,,1.0,4.75,2026-05-13,,"Catalogue IJM 2025, page 21",,1,"FLACONS de CULTURE ""NUNC"" TRIPLE FLASK CAP Filtrant 380ml - 500cm2 (x1)",P0455F,NUNC,
"FLACONS de CULTURE ""TPP"" CAP 2 positions, 25cm2 (x10)",TPP,P0351,,Autres consommables,NB13,,,,,,,,,,,10.0,6.74,2026-05-13,,"Catalogue IJM 2025, page 21",,1x10,"FLACONS de CULTURE ""TPP"" CAP 2 positions, 25cm2 (x10)",P0351,TPP,
"FLACONS de CULTURE ""TPP"" CAP 2 positions, 75cm2 (x5)",TPP,P0352,,Autres consommables,NB13,,,,,,,,,,,5.0,6.43,2026-05-13,,"Catalogue IJM 2025, page 21",,1x5,"FLACONS de CULTURE ""TPP"" CAP 2 positions, 75cm2 (x5)",P0352,TPP,
"FLACONS de CULTURE ""TPP"" CAP 2 positions, 150cm2 (x3)",TPP,P0353,,Autres consommables,NB13,,,,,,,,,,,3.0,8.28,2026-05-13,,"Catalogue IJM 2025, page 21",,1x3,"FLACONS de CULTURE ""TPP"" CAP 2 positions, 150cm2 (x3)",P0353,TPP,
"FLACONS de CULTURE ""TPP"" CAP filtrant, 25cm2 (x10)",TPP,P0351F,,Autres consommables,NB13,,,,,,,,,,,10.0,7.18,2026-05-13,,"Catalogue IJM 2025, page 21",,1x10,"FLACONS de CULTURE ""TPP"" CAP filtrant, 25cm2 (x10)",P0351F,TPP,
"FLACONS de CULTURE ""TPP"" CAP filtrant, 75cm2 (x5)",TPP,P0352F,,Autres consommables,NB13,,,,,,,,,,,5.0,6.77,2026-05-13,,"Catalogue IJM 2025, page 21",,1x5,"FLACONS de CULTURE ""TPP"" CAP filtrant, 75cm2 (x5)",P0352F,TPP,
"FLACONS de CULTURE ""TPP"" CAP filtrant, 150cm2 (x3)",TPP,P0353F,,Autres consommables,NB13,,,,,,,,,,,3.0,8.7,2026-05-13,,"Catalogue IJM 2025, page 21",,1x3,"FLACONS de CULTURE ""TPP"" CAP filtrant, 150cm2 (x3)",P0353F,TPP,
"GRATTOIR de CELLULES Stérile ""TPP"" Long 24cm - Lame 12mm",TPP,D121,,Autres consommables,NB13,,,,,,,,,,,1.0,1.36,2026-05-13,,"Catalogue IJM 2025, page 21",,1,"GRATTOIR de CELLULES Stérile ""TPP"" Long 24cm - Lame 12mm",D121,TPP,
"GRATTOIR de CELLULES Stérile ""TPP"" Long 30cm - Lame 20mm",TPP,D122,,Autres consommables,NB13,,,,,,,,,,,1.0,1.55,2026-05-13,,"Catalogue IJM 2025, page 21",,1,"GRATTOIR de CELLULES Stérile ""TPP"" Long 30cm - Lame 20mm",D122,TPP,
"GRATTOIR de CELLULES Stérile ""TPP"" Long 38cm - Lame 25mm",TPP,D123,,Autres consommables,NB13,,,,,,,,,,,1.0,2.11,2026-05-13,,"Catalogue IJM 2025, page 21",,1,"GRATTOIR de CELLULES Stérile ""TPP"" Long 38cm - Lame 25mm",D123,TPP,
"GRATTOIR de CELLULES Standard, Stérile, Long 18cm - Lame 18mm",DUTSCHER,D121A,,Autres consommables,NB13,,,,,,,,,,,1.0,0.37,2026-05-13,,"Catalogue IJM 2025, page 21",,1,"GRATTOIR de CELLULES Standard, Stérile, Long 18cm - Lame 18mm",D121A,DUTSCHER,
"GRATTOIR de CELLULES Standard, Stérile, Long 25cm - Lame 18mm",DUTSCHER,D122A,,Autres consommables,NB13,,,,,,,,,,,1.0,0.24,2026-05-13,,"Catalogue IJM 2025, page 21",,1,"GRATTOIR de CELLULES Standard, Stérile, Long 25cm - Lame 18mm",D122A,DUTSCHER,
"POINTES sans filtre ""GILSON"" D10 0,1-10µl",GILSON,P021,,Autres consommables,NB02,,,,,,,,,,,960.0,45.94,2026-05-13,,"Catalogue IJM 2025, page 22",,10x96,"POINTES sans filtre ""GILSON"" D10 0,1-10µl",P021,GILSON,
"POINTES sans filtre ""GILSON"" D200 2-200µl",GILSON,P0190,,Autres consommables,NB02,,,,,,,,,,,960.0,38.81,2026-05-13,,"Catalogue IJM 2025, page 22",,10x96,"POINTES sans filtre ""GILSON"" D200 2-200µl",P0190,GILSON,
"POINTES sans filtre ""GILSON"" D1000 200-1000µl",GILSON,P0171,,Autres consommables,NB02,,,,,,,,,,,960.0,41.17,2026-05-13,,"Catalogue IJM 2025, page 22",,10x96,"POINTES sans filtre ""GILSON"" D1000 200-1000µl",P0171,GILSON,
"POINTES sans filtre ""GILSON"" 5000µl sur portoir",GILSON,P1500,,Autres consommables,NB02,,,,,,,,,,,50.0,8.97,2026-05-13,,"Catalogue IJM 2025, page 22",,1x50,"POINTES sans filtre ""GILSON"" 5000µl sur portoir",P1500,GILSON,
POINTES LONGUES CRISTAL GEL LOADING 1-200µl (Vrac x1000),FISHERBRAND,P1200A,,Autres consommables,NB02,,,,,,,,,,,1000.0,47.08,2026-05-13,,"Catalogue IJM 2025, page 22",,1x1000,POINTES LONGUES CRISTAL GEL LOADING 1-200µl (Vrac x1000),P1200A,FISHERBRAND,
POINTES LONGUES CRISTAL GEL LOADING 1-200µl (Rack x204),UGAP,P1200G,,Autres consommables,NB02,,,,,,,,,,,204.0,13.95,2026-05-13,,"Catalogue IJM 2025, page 22",,1x204,POINTES LONGUES CRISTAL GEL LOADING 1-200µl (Rack x204),P1200G,UGAP,
"POINTES sans filtre ""CLEARLINE"" sur recharge, transp graduée 10µl",CLEARLINE,P0807,,Autres consommables,NB02,,,,,,,,,,,960.0,30.71,2026-05-13,,"Catalogue IJM 2025, page 22",,10x96,"POINTES sans filtre ""CLEARLINE"" sur recharge, transp graduée 10µl",P0807,CLEARLINE,
"POINTES sans filtre ""CLEARLINE"" sur recharge, jaune, graduée 200µl",CLEARLINE,P0808,,Autres consommables,NB02,,,,,,,,,,,960.0,30.43,2026-05-13,,"Catalogue IJM 2025, page 22",,10x96,"POINTES sans filtre ""CLEARLINE"" sur recharge, jaune, graduée 200µl",P0808,CLEARLINE,
"POINTES sans filtre ""CLEARLINE"" sur recharge, transp, graduée 1000µl",CLEARLINE,P0809,,Autres consommables,NB02,,,,,,,,,,,768.0,31.63,2026-05-13,,"Catalogue IJM 2025, page 22",,8x96,"POINTES sans filtre ""CLEARLINE"" sur recharge, transp, graduée 1000µl",P0809,CLEARLINE,
"POINTES sans filtre ""CLEARLINE"" sur recharge, transp, graduée 1250µl",CLEARLINE,P0810,,Autres consommables,NB02,,,,,,,,,,,768.0,32.21,2026-05-13,,"Catalogue IJM 2025, page 22",,8x96,"POINTES sans filtre ""CLEARLINE"" sur recharge, transp, graduée 1250µl",P0810,CLEARLINE,
"POINTES ""STARLAB"" sur recharge, transp 0,1-10µl",STAR LAB,P0802,,Autres consommables,NB02,,,,,,,,,,,960.0,28.02,2026-05-13,,"Catalogue IJM 2025, page 22",,10x96,"POINTES ""STARLAB"" sur recharge, transp 0,1-10µl",P0802,STAR LAB,
"POINTES ""STARLAB"" sur recharge, jaunes biseautées 1-200µl",STAR LAB,P0804,,Autres consommables,NB02,,,,,,,,,,,960.0,25.43,2026-05-13,,"Catalogue IJM 2025, page 22",,10x96,"POINTES ""STARLAB"" sur recharge, jaunes biseautées 1-200µl",P0804,STAR LAB,
"POINTES ""STARLAB"" sur recharge,bleues graduées 100-1000µl",STAR LAB,P0805,,Autres consommables,NB02,,,,,,,,,,,960.0,33.07,2026-05-13,,"Catalogue IJM 2025, page 22",,10x96,"POINTES ""STARLAB"" sur recharge,bleues graduées 100-1000µl",P0805,STAR LAB,
"POINTES ""STARLAB"" sur recharge,bleues graduées 100-1250µl",STAR LAB,P0806,,Autres consommables,NB02,,,,,,,,,,,960.0,31.95,2026-05-13,,"Catalogue IJM 2025, page 22",,10x96,"POINTES ""STARLAB"" sur recharge,bleues graduées 100-1250µl",P0806,STAR LAB,
"POINTES sans filtre ""STARLAB"" sur rack, transp 0,1-10µl",STAR LAB,P0812,,Autres consommables,NB02,,,,,,,,,,,960.0,37.46,2026-05-13,,"Catalogue IJM 2025, page 22",,10x96,"POINTES sans filtre ""STARLAB"" sur rack, transp 0,1-10µl",P0812,STAR LAB,
"POINTES sans filtre ""STARLAB"" sur rack, jaunes biseautées 1-200µl",STAR LAB,P0814,,Autres consommables,NB02,,,,,,,,,,,960.0,33.87,2026-05-13,,"Catalogue IJM 2025, page 22",,10x96,"POINTES sans filtre ""STARLAB"" sur rack, jaunes biseautées 1-200µl",P0814,STAR LAB,
"POINTES sans filtre ""STARLAB"" sur rack, bleues graduées 100-1000µl",STAR LAB,P0815,,Autres consommables,NB02,,,,,,,,,,,960.0,49.86,2026-05-13,,"Catalogue IJM 2025, page 22",,10x96,"POINTES sans filtre ""STARLAB"" sur rack, bleues graduées 100-1000µl",P0815,STAR LAB,
"POINTES sans filtre ""STARLAB"" sur rack, transp graduées 100-1250µl",STAR LAB,P0816,,Autres consommables,NB02,,,,,,,,,,,960.0,52.53,2026-05-13,,"Catalogue IJM 2025, page 22",,10x96,"POINTES sans filtre ""STARLAB"" sur rack, transp graduées 100-1250µl",P0816,STAR LAB,
"COMBITIPS PLUS 0,2ml non stérile (Incrément mini 2µl, max 40µl)",EPPENDORF,P139,,Autres consommables,NB05,,,,,,,,,,,100.0,104.77,2026-05-13,,"Catalogue IJM 2025, page 22",,1x100,"COMBITIPS PLUS 0,2ml non stérile (Incrément mini 2µl, max 40µl)",P139,EPPENDORF,
"COMBITIPS PLUS 0,5ml non stérile (Incrément mini 5µl, max 100µl)",EPPENDORF,P140,,Autres consommables,NB05,,,,,,,,,,,100.0,104.77,2026-05-13,,"Catalogue IJM 2025, page 22",,1x100,"COMBITIPS PLUS 0,5ml non stérile (Incrément mini 5µl, max 100µl)",P140,EPPENDORF,
"COMBITIPS PLUS 1ml non stérile (Incrément mini 10µl, max 200µl)",EPPENDORF,P141,,Autres consommables,NB05,,,,,,,,,,,100.0,104.77,2026-05-13,,"Catalogue IJM 2025, page 22",,1x100,"COMBITIPS PLUS 1ml non stérile (Incrément mini 10µl, max 200µl)",P141,EPPENDORF,
"COMBITIPS PLUS 2,5ml non stérile (Incrément mini 25µl, max 500µl)",EPPENDORF,P142,,Autres consommables,NB05,,,,,,,,,,,100.0,104.77,2026-05-13,,"Catalogue IJM 2025, page 22",,1x100,"COMBITIPS PLUS 2,5ml non stérile (Incrément mini 25µl, max 500µl)",P142,EPPENDORF,
"COMBITIPS PLUS 5ml non stérile (Incrément mini 50µl, max 1000µl)",EPPENDORF,P143,,Autres consommables,NB05,,,,,,,,,,,100.0,104.77,2026-05-13,,"Catalogue IJM 2025, page 22",,1x100,"COMBITIPS PLUS 5ml non stérile (Incrément mini 50µl, max 1000µl)",P143,EPPENDORF,
"COMBITIPS PLUS 10ml non stérile (Incrément mini 100µl, max 2000µl)",EPPENDORF,P144,,Autres consommables,NB05,,,,,,,,,,,100.0,104.77,2026-05-13,,"Catalogue IJM 2025, page 22",,1x100,"COMBITIPS PLUS 10ml non stérile (Incrément mini 100µl, max 2000µl)",P144,EPPENDORF,
"POINTES à FILTRE ""ART"" Low Retention 0,1-10µl Reach",ART,P110R,,Autres consommables,NB02,,,,,,,,,,,960.0,42.47,2026-05-13,,"Catalogue IJM 2025, page 22",,10x96,"POINTES à FILTRE ""ART"" Low Retention 0,1-10µl Reach",P110R,ART,
"POINTES à FILTRE ""ART"" Low Retention 0,5-20µl",ART,P120,,Autres consommables,NB02,,,,,,,,,,,960.0,44.3,2026-05-13,,"Catalogue IJM 2025, page 22",,10x96,"POINTES à FILTRE ""ART"" Low Retention 0,5-20µl",P120,ART,
"POINTES à FILTRE ""ART"" Low Retention 1-100µl",ART,P1100,,Autres consommables,NB02,,,,,,,,,,,960.0,41.75,2026-05-13,,"Catalogue IJM 2025, page 22",,10x96,"POINTES à FILTRE ""ART"" Low Retention 1-100µl",P1100,ART,
"POINTES à FILTRE ""ART"" Low Retention 1-200µl",ART,P1200,,Autres consommables,NB02,,,,,,,,,,,960.0,41.25,2026-05-13,,"Catalogue IJM 2025, page 22",,10x96,"POINTES à FILTRE ""ART"" Low Retention 1-200µl",P1200,ART,
"POINTES à FILTRE ""ART"" Low Retention 100-1000µl",ART,P1000,,Autres consommables,NB02,,,,,,,,,,,800.0,51.48,2026-05-13,,"Catalogue IJM 2025, page 22",,8x100,"POINTES à FILTRE ""ART"" Low Retention 100-1000µl",P1000,ART,
"POINTES à FILTRE ""ART"" Low Retention 100-1000µl Reach",ART,P1000R,,Autres consommables,NB02,,,,,,,,,,,800.0,47.94,2026-05-13,,"Catalogue IJM 2025, page 22",,8x100,"POINTES à FILTRE ""ART"" Low Retention 100-1000µl Reach",P1000R,ART,
"POINTES à FILTRE ""CLEARLINE"" Low Binding 10µl XL Reach",CLEARLINE,P018,,Autres consommables,NB02,,,,,,,,,,,960.0,47.76,2026-05-13,,"Catalogue IJM 2025, page 22",,10x96,"POINTES à FILTRE ""CLEARLINE"" Low Binding 10µl XL Reach",P018,CLEARLINE,
"POINTES à FILTRE ""CLEARLINE"" Low Binding 20µl",CLEARLINE,P019,,Autres consommables,NB02,,,,,,,,,,,960.0,47.41,2026-05-13,,"Catalogue IJM 2025, page 22",,10x96,"POINTES à FILTRE ""CLEARLINE"" Low Binding 20µl",P019,CLEARLINE,
"POINTES à FILTRE ""CLEARLINE"" Low Binding 100µl",CLEARLINE,P0181,,Autres consommables,NB02,,,,,,,,,,,960.0,46.95,2026-05-13,,"Catalogue IJM 2025, page 22",,10x96,"POINTES à FILTRE ""CLEARLINE"" Low Binding 100µl",P0181,CLEARLINE,
"POINTES à FILTRE ""CLEARLINE"" Low Binding 200µl",CLEARLINE,P020,,Autres consommables,NB02,,,,,,,,,,,960.0,46.95,2026-05-13,,"Catalogue IJM 2025, page 22",,10x96,"POINTES à FILTRE ""CLEARLINE"" Low Binding 200µl",P020,CLEARLINE,
"POINTES à FILTRE ""CLEARLINE"" Low Binding 1250µl",CLEARLINE,P0202,,Autres consommables,NB02,,,,,,,,,,,768.0,48.86,2026-05-13,,"Catalogue IJM 2025, page 22",,8x96,"POINTES à FILTRE ""CLEARLINE"" Low Binding 1250µl",P0202,CLEARLINE,
"POINTES à FILTRE 20-100-200µl ""CLEARLINE Multiguard 3"" Low Binding",CLEARLINE,P133,,Autres consommables,NB02,,,,,,,,,,,960.0,47.25,2026-05-13,,"Catalogue IJM 2025, page 22",,1x960,"POINTES à FILTRE 20-100-200µl ""CLEARLINE Multiguard 3"" Low Binding",P133,CLEARLINE,
LightCycler 480 Multiwell plate 384 (plaques) (1x10),ROCHE,P0705,,Autres consommables,NB15,,,,,,,,,,,1.0,63.45,2026-05-13,,"Catalogue IJM 2025, page 23",,1,LightCycler 480 Multiwell plate 384 (plaques) (1x10),P0705,ROCHE,
LightCycler 480 Multiwell plate 96 (plaques) (1x10),ROCHE,P0707,,Autres consommables,NB15,,,,,,,,,,,1.0,57.27,2026-05-13,,"Catalogue IJM 2025, page 23",,1,LightCycler 480 Multiwell plate 96 (plaques) (1x10),P0707,ROCHE,
LightCycler 480 sealing foil Feuilles adhésives (1x50),ROCHE,P0706,,Autres consommables,NB15,,,,,,,,,,,1.0,79.51,2026-05-13,,"Catalogue IJM 2025, page 23",,1,LightCycler 480 sealing foil Feuilles adhésives (1x50),P0706,ROCHE,
EpTIPS Motion RELOAD 1-50µl à filtre - (2x96),EPPENDORF,P150F,,Autres consommables,NB02,,,,,,,,,,,192.0,37.4,2026-05-13,,"Catalogue IJM 2025, page 23",,2x96,EpTIPS Motion RELOAD 1-50µl à filtre - (2x96),P150F,EPPENDORF,
"EpTIPS Motion RELOAD 0,2-10µl à filtre - (2x96)",EPPENDORF,P151F,,Autres consommables,NB02,,,,,,,,,,,192.0,37.4,2026-05-13,,"Catalogue IJM 2025, page 23",,2x96,"EpTIPS Motion RELOAD 0,2-10µl à filtre - (2x96)",P151F,EPPENDORF,
Réservoir epMotion 30ml - Qualité PCR clean (x5),EPPENDORF,P151,,Autres consommables,NB17,,,,,,,,,,,1.0,13.3,2026-05-13,,"Catalogue IJM 2025, page 23",,1,Réservoir epMotion 30ml - Qualité PCR clean (x5),P151,EPPENDORF,
"PIPETTE STÉRILE ""FALCON"" 1ml (x1000)",FALCON,P056,,Autres consommables,NB04,,,,,,,,,,,1.0,71.06,2026-05-13,,"Catalogue IJM 2025, page 24",,1,"PIPETTE STÉRILE ""FALCON"" 1ml (x1000)",P056,FALCON,
"PIPETTE STÉRILE ""FALCON"" 2ml (x1000)",FALCON,P057,,Autres consommables,NB04,,,,,,,,,,,1.0,77.58,2026-05-13,,"Catalogue IJM 2025, page 24",,1,"PIPETTE STÉRILE ""FALCON"" 2ml (x1000)",P057,FALCON,
"PIPETTE STÉRILE ""FALCON"" 5ml (x200)",FALCON,P058,,Autres consommables,NB04,,,,,,,,,,,1.0,20.14,2026-05-13,,"Catalogue IJM 2025, page 24",,1,"PIPETTE STÉRILE ""FALCON"" 5ml (x200)",P058,FALCON,
"PIPETTE STÉRILE ""FALCON"" 10ml (x200)",FALCON,P059,,Autres consommables,NB04,,,,,,,,,,,1.0,21.33,2026-05-13,,"Catalogue IJM 2025, page 24",,1,"PIPETTE STÉRILE ""FALCON"" 10ml (x200)",P059,FALCON,
"PIPETTE STÉRILE ""FALCON"" 25ml (x200)",FALCON,P060,,Autres consommables,NB04,,,,,,,,,,,1.0,44.07,2026-05-13,,"Catalogue IJM 2025, page 24",,1,"PIPETTE STÉRILE ""FALCON"" 25ml (x200)",P060,FALCON,
"PIPETTE STÉRILE ""FALCON"" 50ml (x100)",FALCON,P079,,Autres consommables,NB04,,,,,,,,,,,1.0,67.04,2026-05-13,,"Catalogue IJM 2025, page 24",,1,"PIPETTE STÉRILE ""FALCON"" 50ml (x100)",P079,FALCON,
"PIPETTE STÉRILE ""FALCON"" 100ml (x50)",FALCON,P060B,,Autres consommables,NB04,,,,,,,,,,,1.0,98.35,2026-05-13,,"Catalogue IJM 2025, page 24",,1,"PIPETTE STÉRILE ""FALCON"" 100ml (x50)",P060B,FALCON,
"PIPETTE de TRANSFERT 3ml Graduée, stérile (Emb/10)",DUTSCHER,P0601,,Autres consommables,NB04,,,,,,,,,,,10.0,0.95,2026-05-13,,"Catalogue IJM 2025, page 24",,1x10,"PIPETTE de TRANSFERT 3ml Graduée, stérile (Emb/10)",P0601,DUTSCHER,
"PIPETTE de TRANSFERT 5ml Graduée, stérile (Emb/10)",DUTSCHER,P0602,,Autres consommables,NB04,,,,,,,,,,,500.0,0.87,2026-05-13,,"Catalogue IJM 2025, page 24",,1x500,"PIPETTE de TRANSFERT 5ml Graduée, stérile (Emb/10)",P0602,DUTSCHER,
"PIPETTE de TRANSFERT 7ml Graduée, stérile (Emb/10)",DUTSCHER,P0603,,Autres consommables,NB04,,,,,,,,,,,500.0,0.92,2026-05-13,,"Catalogue IJM 2025, page 24",,1x500,"PIPETTE de TRANSFERT 7ml Graduée, stérile (Emb/10)",P0603,DUTSCHER,
"TUBE de CULTURE ""FALCON"" PP Fond rond 5ml (Embal/25) (2063)",FALCON,P074,,Autres consommables,NB11,,,,,,,,,,,500.0,79.88,2026-05-13,,"Catalogue IJM 2025, page 24",,1x500,"TUBE de CULTURE ""FALCON"" PP Fond rond 5ml (Embal/25) (2063)",P074,FALCON,
"TUBE de CULTURE ""GREINER"" PP Fond rond 5ml (Embal/Unitaire)",GREINER,P0741,,Autres consommables,NB11,,,,,,,,,,,1000.0,168.72,2026-05-13,,"Catalogue IJM 2025, page 24",,1x1000,"TUBE de CULTURE ""GREINER"" PP Fond rond 5ml (Embal/Unitaire)",P0741,GREINER,
"TUBE ""FALCON"" PP Fond rond 14ml (Embal/25) (2059)",FALCON,P075,,Autres consommables,NB11,,,,,,,,,,,500.0,80.06,2026-05-13,,"Catalogue IJM 2025, page 24",,1x500,"TUBE ""FALCON"" PP Fond rond 14ml (Embal/25) (2059)",P075,FALCON,
"TUBE ""GREINER"" PP Fond rond 14ml (Embal/25)",GREINER,P0751,,Autres consommables,NB11,,,,,,,,,,,1000.0,152.58,2026-05-13,,"Catalogue IJM 2025, page 24",,1x1000,"TUBE ""GREINER"" PP Fond rond 14ml (Embal/25)",P0751,GREINER,
"TUBE à CENTRIFUGER ""FALCON"" 15ml sur RACK (2097)",FALCON,P077,,Autres consommables,NB11,,,,,,,,,,,500.0,59.9,2026-05-13,,"Catalogue IJM 2025, page 24",,1x500,"TUBE à CENTRIFUGER ""FALCON"" 15ml sur RACK (2097)",P077,FALCON,
"TUBE à CENTRIFUGER ""FALCON"" 15ml En VRAC (2096)",FALCON,P0771,,Autres consommables,NB11,,,,,,,,,,,500.0,52.73,2026-05-13,,"Catalogue IJM 2025, page 24",,1x500,"TUBE à CENTRIFUGER ""FALCON"" 15ml En VRAC (2096)",P0771,FALCON,
"TUBE à CENTRIFUGER ""FALCON"" 50ml sur RACK (2098)",FALCON,P078,,Autres consommables,NB11,,,,,,,,,,,500.0,65.16,2026-05-13,,"Catalogue IJM 2025, page 24",,1x500,"TUBE à CENTRIFUGER ""FALCON"" 50ml sur RACK (2098)",P078,FALCON,
"TUBE à CENTRIFUGER ""FALCON"" 50ml En VRAC (2070)",FALCON,P0782,,Autres consommables,NB11,,,,,,,,,,,500.0,52.72,2026-05-13,,"Catalogue IJM 2025, page 24",,1x500,"TUBE à CENTRIFUGER ""FALCON"" 50ml En VRAC (2070)",P0782,FALCON,
"TUBE à CENTRIFUGER ""CORNING"" 15ml PP sur RACK",CORNING,P097,,Autres consommables,NB11,,,,,,,,,,,500.0,70.93,2026-05-13,,"Catalogue IJM 2025, page 24",,1x500,"TUBE à CENTRIFUGER ""CORNING"" 15ml PP sur RACK",P097,CORNING,
"TUBE à CENTRIFUGER ""CORNING"" 50ml PP sur RACK",CORNING,P098,,Autres consommables,NB11,,,,,,,,,,,500.0,72.06,2026-05-13,,"Catalogue IJM 2025, page 24",,1x500,"TUBE à CENTRIFUGER ""CORNING"" 50ml PP sur RACK",P098,CORNING,
"TUBE à Hémolyse PS 5ml, 13x75mm, non bouché, non stérile (x500)",,P072,,Autres consommables,NB11,,,,,,,,,,,500.0,9.18,2026-05-13,,"Catalogue IJM 2025, page 24",,1x500,"TUBE à Hémolyse PS 5ml, 13x75mm, non bouché, non stérile (x500)",P072,,
CRYOTUBE SIMPORT 2ml (Cryovials) Fond rond à jupe,ALEATOIRE,P021211,,Autres consommables,NB11,,,,,,,,,,,100.0,12.49,2026-05-13,,"Catalogue IJM 2025, page 25",,1x100,CRYOTUBE SIMPORT 2ml (Cryovials) Fond rond à jupe,P021211,ALEATOIRE,
CAP INSERTS pour CRYOTUBE SIMPORT (Inserts de couleurs),SIMPORT,P021221,,Autres consommables,NB11,,,,,,,,,,,100.0,2.51,2026-05-13,,"Catalogue IJM 2025, page 25",,1x100,CAP INSERTS pour CRYOTUBE SIMPORT (Inserts de couleurs),P021221,SIMPORT,
"MICROTUBE ""EPPENDORF"" 0,5ml Safe-Lock",EPPENDORF,P048A,,Autres consommables,NB11,,,,,,,,,,,500.0,44.73,2026-05-13,,"Catalogue IJM 2025, page 25",,1x500,"MICROTUBE ""EPPENDORF"" 0,5ml Safe-Lock",P048A,EPPENDORF,
"MICROTUBE ""EPPENDORF"" 1,5ml Safe-Lock",EPPENDORF,P047,,Autres consommables,NB11,,,,,,,,,,,1000.0,45.26,2026-05-13,,"Catalogue IJM 2025, page 25",,1x1000,"MICROTUBE ""EPPENDORF"" 1,5ml Safe-Lock",P047,EPPENDORF,
"MICROTUBE ""EPPENDORF"" 2ml Safe-Lock",EPPENDORF,P048B,,Autres consommables,NB11,,,,,,,,,,,1000.0,61.74,2026-05-13,,"Catalogue IJM 2025, page 25",,1x1000,"MICROTUBE ""EPPENDORF"" 2ml Safe-Lock",P048B,EPPENDORF,
"TUBES ""EPPENDORF"" 5ml Safe-Lock",EPPENDORF,P049,,Autres consommables,NB11,,,,,,,,,,,200.0,44.46,2026-05-13,,"Catalogue IJM 2025, page 25",,1x200,"TUBES ""EPPENDORF"" 5ml Safe-Lock",P049,EPPENDORF,
"MICROTUBE ""EPPENDORF"" PCR CLEAN 0,5ml Safe-Lock, Rnase - DNase free",EPPENDORF,P046C,,Autres consommables,NB11,,,,,,,,,,,500.0,54.27,2026-05-13,,"Catalogue IJM 2025, page 25",,1x500,"MICROTUBE ""EPPENDORF"" PCR CLEAN 0,5ml Safe-Lock, Rnase - DNase free",P046C,EPPENDORF,
"MICROTUBE ""EPPENDORF"" PCR CLEAN 1,5ml Safe-Lock, Rnase - DNase free",EPPENDORF,P047C,,Autres consommables,NB11,,,,,,,,,,,1000.0,54.44,2026-05-13,,"Catalogue IJM 2025, page 25",,1x1000,"MICROTUBE ""EPPENDORF"" PCR CLEAN 1,5ml Safe-Lock, Rnase - DNase free",P047C,EPPENDORF,
"MICROTUBE ""EPPENDORF"" PCR CLEAN 2ml Safe-Lock, Rnase - DNase free",EPPENDORF,P048C,,Autres consommables,NB11,,,,,,,,,,,1000.0,73.8,2026-05-13,,"Catalogue IJM 2025, page 25",,1x1000,"MICROTUBE ""EPPENDORF"" PCR CLEAN 2ml Safe-Lock, Rnase - DNase free",P048C,EPPENDORF,
"TUBES ""EPPENDORF"" PCR CLEAN 5ml Safe-Lock, Rnase - DNase free",EPPENDORF,P049C,,Autres consommables,NB11,,,,,,,,,,,200.0,49.84,2026-05-13,,"Catalogue IJM 2025, page 25",,1x200,"TUBES ""EPPENDORF"" PCR CLEAN 5ml Safe-Lock, Rnase - DNase free",P049C,EPPENDORF,
"MICROTUBE ""EPPENDORF"" PROTEIN LoBIND PCR CLEAN 1,5ml Safe-Lock",EPPENDORF,P047PROT,,Autres consommables,NB11,,,,,,,,,,,500.0,55.0,2026-05-13,,"Catalogue IJM 2025, page 25",,1x500,"MICROTUBE ""EPPENDORF"" PROTEIN LoBIND PCR CLEAN 1,5ml Safe-Lock",P047PROT,EPPENDORF,
"MICROTUBE ""EPPENDORF"" DNA LoBIND PCR CLEAN 1,5ml Safe-Lock",EPPENDORF,P047DNA,,Autres consommables,NB11,,,,,,,,,,,250.0,16.17,2026-05-13,,"Catalogue IJM 2025, page 25",,1x250,"MICROTUBE ""EPPENDORF"" DNA LoBIND PCR CLEAN 1,5ml Safe-Lock",P047DNA,EPPENDORF,
"MICROTUBE ""SIGMA/BRAND"" 1,5ml Safety-Lock, sans Dnase, sans Rnase",SIGMA/BRAND,P047S,,Autres consommables,NB11,,,,,,,,,,,1000.0,40.48,2026-05-13,,"Catalogue IJM 2025, page 25",,1x1000,"MICROTUBE ""SIGMA/BRAND"" 1,5ml Safety-Lock, sans Dnase, sans Rnase",P047S,SIGMA/BRAND,
"MICROTUBE ""FISHERBRAND"" 0,5ml Safety-Lock, Rnase/Dnase Free, 30 000g",FISHERBRAND,P046CL,,Autres consommables,NB11,0.0,,,,,,,,,,500.0,7.38,2026-05-13,,"Catalogue IJM 2025, page 25",,1x500,"MICROTUBE ""FISHERBRAND"" 0,5ml Safety-Lock, Rnase/Dnase Free, 30 000g",P046CL,FISHERBRAND,
"MICROTUBE ""FISHERBRAND"" 1,5ml Safety-Lock, Rnase/Dnase Free, 30 000g",FISHERBRAND,P047CL,,Autres consommables,NB11,0.0,,,,,,,,,,500.0,8.16,2026-05-13,,"Catalogue IJM 2025, page 25",,1x500,"MICROTUBE ""FISHERBRAND"" 1,5ml Safety-Lock, Rnase/Dnase Free, 30 000g",P047CL,FISHERBRAND,
"MICROTUBE ""FISHERBRAND"" 2ml Safety-Lock, Rnase/Dnase Free, 30 000g",FISHERBRAND,P048CL,,Autres consommables,NB11,0.0,,,,,,,,,,500.0,8.27,2026-05-13,,"Catalogue IJM 2025, page 25",,1x500,"MICROTUBE ""FISHERBRAND"" 2ml Safety-Lock, Rnase/Dnase Free, 30 000g",P048CL,FISHERBRAND,
"MICROTUBE ""TREFF"" 1,5ml EasyFit",TREFF,P050,,Autres consommables,NB11,,,,,,,,,,,1000.0,16.79,2026-05-13,,"Catalogue IJM 2025, page 25",,1x1000,"MICROTUBE ""TREFF"" 1,5ml EasyFit",P050,TREFF,
"MICROTUBE ""AXYGEN"" Maxi clear naturel 0,6ml RNase DNase free",AXYGEN,P052,,Autres consommables,NB11,,,,,,,,,,,250.0,12.67,2026-05-13,,"Catalogue IJM 2025, page 25",,1x250,"MICROTUBE ""AXYGEN"" Maxi clear naturel 0,6ml RNase DNase free",P052,AXYGEN,
"MICROTUBE ""AXYGEN"" Maxi clear naturel 1,7ml RNase DNase free",AXYGEN,P051,,Autres consommables,NB11,,,,,,,,,,,250.0,7.1,2026-05-13,,"Catalogue IJM 2025, page 25",,1x250,"MICROTUBE ""AXYGEN"" Maxi clear naturel 1,7ml RNase DNase free",P051,AXYGEN,
CUVE pour SPECTROPHOTOMETRIE Micro PS 2ml,,P0361,,Autres consommables,NB17,,,,,,,,,,,100.0,5.83,2026-05-13,,"Catalogue IJM 2025, page 25",,1x100,CUVE pour SPECTROPHOTOMETRIE Micro PS 2ml,P0361,,
"CUVETTES d'ELECTROPORATION 2mm Emb individuel stérile, électrodes courtes",,D0191,,Autres consommables,NB17,,,,,,,,,,,5.0,10.34,2026-05-13,,"Catalogue IJM 2025, page 25",,1x5,"CUVETTES d'ELECTROPORATION 2mm Emb individuel stérile, électrodes courtes",D0191,,
"MICROPLAQUE PCR 96 puits ""AXYGEN"" Nonpyrogenic & Rnase/Dnase Free",AXYGEN,P082,,Autres consommables,NB11,,,,,,,,,,,10.0,24.31,2026-05-13,,"Catalogue IJM 2025, page 25",,1x10,"MICROPLAQUE PCR 96 puits ""AXYGEN"" Nonpyrogenic & Rnase/Dnase Free",P082,AXYGEN,
"MICROTUBE en BARETTE (x8) ""AXYGEN"" PCR 0,2ml CAP dômé (x125)",AXYGEN,P0484,,Autres consommables,NB11,,,,,,,,,,,125.0,44.3,2026-05-13,,"Catalogue IJM 2025, page 25",,1x125,"MICROTUBE en BARETTE (x8) ""AXYGEN"" PCR 0,2ml CAP dômé (x125)",P0484,AXYGEN,
"MICROTUBE en BARETTE (x8) ""ABGENE - AB0266"" PCR 0,2ml CAP dômé (x250)",ABGENE,P0485,,Autres consommables,NB11,,,,,,,,,,,250.0,85.69,2026-05-13,,"Catalogue IJM 2025, page 25",,1x250,"MICROTUBE en BARETTE (x8) ""ABGENE - AB0266"" PCR 0,2ml CAP dômé (x250)",P0485,ABGENE,
"MICROTUBE ""THERMO"" Spécial PCR 0,2ml Nonpyrogenic & Rnase/Dnase Free",THERMO,P0483,,Autres consommables,NB11,,,,,,,,,,,1000.0,36.17,2026-05-13,,"Catalogue IJM 2025, page 25",,1x1000,"MICROTUBE ""THERMO"" Spécial PCR 0,2ml Nonpyrogenic & Rnase/Dnase Free",P0483,THERMO,
"MICROTUBE ""THERMO"" Spécial PCR 0,5ml",THERMO,P0482,,Autres consommables,NB11,,,,,,,,,,,1000.0,37.54,2026-05-13,,"Catalogue IJM 2025, page 25",,1x1000,"MICROTUBE ""THERMO"" Spécial PCR 0,5ml",P0482,THERMO,
TUBE DROSO 25 X 95mm PS sur PLATEAU,,P086,,Autres consommables,NB11,,,,,,,,,,,500.0,39.41,2026-05-13,,"Catalogue IJM 2025, page 26",,1x500,TUBE DROSO 25 X 95mm PS sur PLATEAU,P086,,
BOULE COTON pour TUBE DROSO diam 25mm,,P093,,Autres consommables,NB11,,,,,,,,,,,2000.0,66.47,2026-05-13,,"Catalogue IJM 2025, page 26",,1x2000,BOULE COTON pour TUBE DROSO diam 25mm,P093,,
BOUCHON FLUGS pour TUBE diam 25mm,,P095,,Autres consommables,NB11,,,,,,,,,,,1000.0,67.46,2026-05-13,,"Catalogue IJM 2025, page 26",,1x1000,BOUCHON FLUGS pour TUBE diam 25mm,P095,,
LEVURE de BIERE SPRINGALINE BA10 25Kg (Origine France),AMCAN,C070,,Autres consommables,NA73,25000.0,,,,,,,,,,1.0,442.98,2026-05-13,,"Catalogue IJM 2025, page 26",,1x25Kg,LEVURE de BIERE SPRINGALINE BA10 25Kg (Origine France),C070,AMCAN,
AGAR AGAR TECHNICAL 5Kg,VWR,C071,,Autres consommables,NA73,5000.0,,,,,,,,,,1.0,366.15,2026-05-13,,"Catalogue IJM 2025, page 26",,1x25Kg,AGAR AGAR TECHNICAL 5Kg,C071,VWR,
FARINE DE MAÏS H1 20Kg,LIMAGRAIN,C072,,Autres consommables,NA73,20000.0,,,,,,,,,,1.0,75.97,2026-05-13,,"Catalogue IJM 2025, page 26",,1x25Kg,FARINE DE MAÏS H1 20Kg,C072,LIMAGRAIN,
SUCRE CRISTALISE 5Kg (Pour milieux de drosophile),,C077,,Autres consommables,AA23,5000.0,,,,,,,,,,1.0,12.25,2026-05-13,,"Catalogue IJM 2025, page 26",,1x5Kg,SUCRE CRISTALISE 5Kg (Pour milieux de drosophile),C077,,
"MEMBRANE BLOTTING PROTRAN BA85 300x3m NC 0,45µ",WHATMAN,C0346,,Autres consommables,NB24,,,,,,,,,,,1.0,235.08,2026-05-13,,"Catalogue IJM 2025, page 26",,1,"MEMBRANE BLOTTING PROTRAN BA85 300x3m NC 0,45µ",C0346,WHATMAN,
LAIT ÉCRÉMÉ 300 grs (Pour saturer les membranes de transfert),RÉGILAIT,D0251,,Autres consommables,AA23,300.0,,,,,,,,,,1.0,4.54,2026-05-13,,"Catalogue IJM 2025, page 26",,1,LAIT ÉCRÉMÉ 300 grs (Pour saturer les membranes de transfert),D0251,RÉGILAIT,
"FILTRE SERINGUE 0,20µm PES (x50)",FISHERBRAND,P033,,Autres consommables,NB24,,,,,,,,,,,50.0,32.49,2026-05-13,,"Catalogue IJM 2025, page 26",,1x50,"FILTRE SERINGUE 0,20µm PES (x50)",P033,FISHERBRAND,
"FILTRE SERINGUE 0,45µm PES (x50)",DUTSCHER,P034,,Autres consommables,NB24,,,,,,,,,,,50.0,40.22,2026-05-13,,"Catalogue IJM 2025, page 26",,1x50,"FILTRE SERINGUE 0,45µm PES (x50)",P034,DUTSCHER,
"FILTRE SERINGUE Millex 0,22µm PES (x50)",MERCK MILLIPORE,P0331,,Autres consommables,NB24,,,,,,,,,,,1.0,59.73,2026-05-13,,"Catalogue IJM 2025, page 26",,1,"FILTRE SERINGUE Millex 0,22µm PES (x50)",P0331,MERCK MILLIPORE,
"Unité de Filtration FISHER (NALGENE) 150ml MF75 PES 0,20µm (x12)",FISHERBRAND,F124,,Autres consommables,NB24,,,,,,,,,,,12.0,56.13,2026-05-13,,"Catalogue IJM 2025, page 26",,1x12,"Unité de Filtration FISHER (NALGENE) 150ml MF75 PES 0,20µm (x12)",F124,FISHERBRAND,
"Unité de Filtration FISHER (NALGENE) 250ml MF75 PES 0,20µm (x12)",FISHERBRAND,F125,,Autres consommables,NB24,,,,,,,,,,,12.0,61.72,2026-05-13,,"Catalogue IJM 2025, page 26",,1x12,"Unité de Filtration FISHER (NALGENE) 250ml MF75 PES 0,20µm (x12)",F125,FISHERBRAND,
"Unité de Filtration FISHER (NALGENE) 500ml MF75 PES 0,20µm (x12)",FISHERBRAND,F126,,Autres consommables,NB24,,,,,,,,,,,12.0,76.28,2026-05-13,,"Catalogue IJM 2025, page 26",,1x12,"Unité de Filtration FISHER (NALGENE) 500ml MF75 PES 0,20µm (x12)",F126,FISHERBRAND,
"Unité de Filtration FISHER (NALGENE) 1000ml MF75 PES 0,20µm (x12)",FISHERBRAND,F127,,Autres consommables,NB24,,,,,,,,,,,12.0,114.88,2026-05-13,,"Catalogue IJM 2025, page 26",,1x12,"Unité de Filtration FISHER (NALGENE) 1000ml MF75 PES 0,20µm (x12)",F127,FISHERBRAND,
BECHER en verre borosilicaté 5 ml,FISHER,V001,,Autres consommables,NB43,,,,,,,,,,,1.0,1.02,2026-05-13,,"Catalogue IJM 2025, page 27",,1,BECHER en verre borosilicaté 5 ml,V001,FISHER,
BECHER en verre borosilicaté 10ml,FISHER,V002,,Autres consommables,NB43,,,,,,,,,,,1.0,1.02,2026-05-13,,"Catalogue IJM 2025, page 27",,1,BECHER en verre borosilicaté 10ml,V002,FISHER,
BECHER en verre borosilicaté 25ml,FISHER,V003,,Autres consommables,NB43,,,,,,,,,,,1.0,1.02,2026-05-13,,"Catalogue IJM 2025, page 27",,1,BECHER en verre borosilicaté 25ml,V003,FISHER,
BECHER en verre borosilicaté 50ml,FISHER,V004,,Autres consommables,NB43,,,,,,,,,,,1.0,1.1,2026-05-13,,"Catalogue IJM 2025, page 27",,1,BECHER en verre borosilicaté 50ml,V004,FISHER,
BECHER en verre borosilicaté 100ml,FISHER,V005,,Autres consommables,NB43,,,,,,,,,,,1.0,1.1,2026-05-13,,"Catalogue IJM 2025, page 27",,1,BECHER en verre borosilicaté 100ml,V005,FISHER,
BECHER en verre borosilicaté 150ml,FISHER,V006,,Autres consommables,NB43,,,,,,,,,,,1.0,1.19,2026-05-13,,"Catalogue IJM 2025, page 27",,1,BECHER en verre borosilicaté 150ml,V006,FISHER,
BECHER en verre borosilicaté 250ml,FISHER,V007,,Autres consommables,NB43,,,,,,,,,,,1.0,1.2,2026-05-13,,"Catalogue IJM 2025, page 27",,1,BECHER en verre borosilicaté 250ml,V007,FISHER,
BECHER en verre borosilicaté 600ml,FISHER,V008,,Autres consommables,NB43,,,,,,,,,,,1.0,1.34,2026-05-13,,"Catalogue IJM 2025, page 27",,1,BECHER en verre borosilicaté 600ml,V008,FISHER,
BECHER en verre borosilicaté 800ml,FISHER,V009,,Autres consommables,NB43,,,,,,,,,,,1.0,1.95,2026-05-13,,"Catalogue IJM 2025, page 27",,1,BECHER en verre borosilicaté 800ml,V009,FISHER,
BECHER en verre borosilicaté 1L,FISHER,V010,,Autres consommables,NB43,,,,,,,,,,,1.0,2.9,2026-05-13,,"Catalogue IJM 2025, page 27",,1,BECHER en verre borosilicaté 1L,V010,FISHER,
BECHER en verre borosilicaté 2L,FISHER,V011,,Autres consommables,NB43,,,,,,,,,,,1.0,4.46,2026-05-13,,"Catalogue IJM 2025, page 27",,1,BECHER en verre borosilicaté 2L,V011,FISHER,
BECHER en verre borosilicaté 3L,FISHER,V012,,Autres consommables,NB43,,,,,,,,,,,1.0,6.23,2026-05-13,,"Catalogue IJM 2025, page 27",,1,BECHER en verre borosilicaté 3L,V012,FISHER,
BECHER en verre borosilicaté 5L,FISHER,V013,,Autres consommables,NB43,,,,,,,,,,,1.0,9.63,2026-05-13,,"Catalogue IJM 2025, page 27",,1,BECHER en verre borosilicaté 5L,V013,FISHER,
CRISTALLISOIR en verre borosilicaté avec bec 150ml diam 80mm,FISHER,V0131,,Autres consommables,NB43,,,,,,,,,,,1.0,6.66,2026-05-13,,"Catalogue IJM 2025, page 27",,1,CRISTALLISOIR en verre borosilicaté avec bec 150ml diam 80mm,V0131,FISHER,
CRISTALLISOIR en verre borosilicaté avec bec 500ml diam 115mm,FISHER,V014,,Autres consommables,NB43,,,,,,,,,,,1.0,11.07,2026-05-13,,"Catalogue IJM 2025, page 27",,1,CRISTALLISOIR en verre borosilicaté avec bec 500ml diam 115mm,V014,FISHER,
CRISTALLISOIR en verre borosilicaté avec bec 900ml diam 140mm,FISHER,V015,,Autres consommables,NB43,,,,,,,,,,,1.0,11.18,2026-05-13,,"Catalogue IJM 2025, page 27",,1,CRISTALLISOIR en verre borosilicaté avec bec 900ml diam 140mm,V015,FISHER,
CRISTALLISOIR en verre borosilicaté avec bec 2L diam 190mm,FISHER,V016,,Autres consommables,NB43,,,,,,,,,,,1.0,11.43,2026-05-13,,"Catalogue IJM 2025, page 27",,1,CRISTALLISOIR en verre borosilicaté avec bec 2L diam 190mm,V016,FISHER,
"CRISTALLISOIR en verre borosilicaté avec bec 3,5L diam 230mm",FISHER,V017,,Autres consommables,NB43,,,,,,,,,,,1.0,13.39,2026-05-13,,"Catalogue IJM 2025, page 27",,1,"CRISTALLISOIR en verre borosilicaté avec bec 3,5L diam 230mm",V017,FISHER,
ENTONNOIR en verre borosilicaté Diam 45mm,FISHER,V018,,Autres consommables,NB43,,,,,,,,,,,1.0,3.93,2026-05-13,,"Catalogue IJM 2025, page 27",,1,ENTONNOIR en verre borosilicaté Diam 45mm,V018,FISHER,
ENTONNOIR en verre borosilicaté Diam 55mm,FISHER,V019,,Autres consommables,NB43,,,,,,,,,,,1.0,4.58,2026-05-13,,"Catalogue IJM 2025, page 27",,1,ENTONNOIR en verre borosilicaté Diam 55mm,V019,FISHER,
ENTONNOIR en verre borosilicaté Diam 70mm,FISHER,V020,,Autres consommables,NB43,,,,,,,,,,,1.0,8.38,2026-05-13,,"Catalogue IJM 2025, page 27",,1,ENTONNOIR en verre borosilicaté Diam 70mm,V020,FISHER,
ENTONNOIR en verre borosilicaté Diam 100mm,FISHER,V021,,Autres consommables,NB43,,,,,,,,,,,1.0,6.94,2026-05-13,,"Catalogue IJM 2025, page 27",,1,ENTONNOIR en verre borosilicaté Diam 100mm,V021,FISHER,
ENTONNOIR en verre borosilicaté Diam 150mm,FISHER,V022,,Autres consommables,NB43,,,,,,,,,,,1.0,17.0,2026-05-13,,"Catalogue IJM 2025, page 27",,1,ENTONNOIR en verre borosilicaté Diam 150mm,V022,FISHER,
EPROUVETTE en verre borosilicaté 10ml,FISHER,V023,,Autres consommables,NB43,,,,,,,,,,,1.0,5.49,2026-05-13,,"Catalogue IJM 2025, page 27",,1,EPROUVETTE en verre borosilicaté 10ml,V023,FISHER,
EPROUVETTE en verre borosilicaté 25ml,FISHER,V024,,Autres consommables,NB43,,,,,,,,,,,1.0,4.69,2026-05-13,,"Catalogue IJM 2025, page 27",,1,EPROUVETTE en verre borosilicaté 25ml,V024,FISHER,
EPROUVETTE en verre borosilicaté 50ml,FISHER,V025,,Autres consommables,NB43,,,,,,,,,,,1.0,5.18,2026-05-13,,"Catalogue IJM 2025, page 27",,1,EPROUVETTE en verre borosilicaté 50ml,V025,FISHER,
EPROUVETTE en verre borosilicaté 100ml,FISHER,V026,,Autres consommables,NB43,,,,,,,,,,,1.0,5.3,2026-05-13,,"Catalogue IJM 2025, page 27",,1,EPROUVETTE en verre borosilicaté 100ml,V026,FISHER,
EPROUVETTE en verre borosilicaté 250ml,FISHER,V027,,Autres consommables,NB43,,,,,,,,,,,1.0,8.7,2026-05-13,,"Catalogue IJM 2025, page 27",,1,EPROUVETTE en verre borosilicaté 250ml,V027,FISHER,
EPROUVETTE en verre borosilicaté 500ml,FISHER,V028,,Autres consommables,NB43,,,,,,,,,,,1.0,21.4,2026-05-13,,"Catalogue IJM 2025, page 27",,1,EPROUVETTE en verre borosilicaté 500ml,V028,FISHER,
EPROUVETTE en verre borosilicaté 1L,FISHER,V029,,Autres consommables,NB43,,,,,,,,,,,1.0,18.78,2026-05-13,,"Catalogue IJM 2025, page 27",,1,EPROUVETTE en verre borosilicaté 1L,V029,FISHER,
EPROUVETTE en verre borosilicaté 2L,FISHER,V030,,Autres consommables,NB43,,,,,,,,,,,1.0,28.89,2026-05-13,,"Catalogue IJM 2025, page 27",,1,EPROUVETTE en verre borosilicaté 2L,V030,FISHER,
"ERLEN Col étroit, en verre borosilicaté 10ml",FISHER,V031,,Autres consommables,NB43,,,,,,,,,,,1.0,0.86,2026-05-13,,"Catalogue IJM 2025, page 27",,1,"ERLEN Col étroit, en verre borosilicaté 10ml",V031,FISHER,
"ERLEN Col étroit, en verre borosilicaté 25ml",FISHER,V032,,Autres consommables,NB43,,,,,,,,,,,1.0,0.86,2026-05-13,,"Catalogue IJM 2025, page 27",,1,"ERLEN Col étroit, en verre borosilicaté 25ml",V032,FISHER,
"ERLEN Col étroit, en verre borosilicaté 50ml",FISHER,V033,,Autres consommables,NB43,,,,,,,,,,,1.0,1.49,2026-05-13,,"Catalogue IJM 2025, page 27",,1,"ERLEN Col étroit, en verre borosilicaté 50ml",V033,FISHER,
"ERLEN Col étroit, en verre borosilicaté 100ml",FISHER,V034,,Autres consommables,NB43,,,,,,,,,,,1.0,1.1,2026-05-13,,"Catalogue IJM 2025, page 27",,1,"ERLEN Col étroit, en verre borosilicaté 100ml",V034,FISHER,
"ERLEN Col étroit, en verre borosilicaté 250ml",FISHER,V035,,Autres consommables,NB43,,,,,,,,,,,1.0,1.18,2026-05-13,,"Catalogue IJM 2025, page 27",,1,"ERLEN Col étroit, en verre borosilicaté 250ml",V035,FISHER,
"ERLEN Col étroit, en verre borosilicaté 500ml",FISHER,V036,,Autres consommables,NB43,,,,,,,,,,,1.0,1.49,2026-05-13,,"Catalogue IJM 2025, page 27",,1,"ERLEN Col étroit, en verre borosilicaté 500ml",V036,FISHER,
"ERLEN Col étroit, en verre borosilicaté 1L",FISHER,V037,,Autres consommables,NB43,,,,,,,,,,,1.0,2.84,2026-05-13,,"Catalogue IJM 2025, page 27",,1,"ERLEN Col étroit, en verre borosilicaté 1L",V037,FISHER,
"ERLEN Col étroit, en verre borosilicaté 2L",FISHER,V038,,Autres consommables,NB43,,,,,,,,,,,1.0,4.82,2026-05-13,,"Catalogue IJM 2025, page 27",,1,"ERLEN Col étroit, en verre borosilicaté 2L",V038,FISHER,
"ERLEN Col étroit, en verre borosilicaté 3L",FISHER,V039,,Autres consommables,NB43,,,,,,,,,,,1.0,11.16,2026-05-13,,"Catalogue IJM 2025, page 27",,1,"ERLEN Col étroit, en verre borosilicaté 3L",V039,FISHER,
"ERLEN Col étroit, en verre borosilicaté 5L",FISHER,V040,,Autres consommables,NB43,,,,,,,,,,,1.0,17.09,2026-05-13,,"Catalogue IJM 2025, page 27",,1,"ERLEN Col étroit, en verre borosilicaté 5L",V040,FISHER,
FIOLE à VIDE en verre borosilicaté 100ml,,V041,,Autres consommables,NB43,,,,,,,,,,,1.0,9.14,2026-05-13,,"Catalogue IJM 2025, page 28",,1,FIOLE à VIDE en verre borosilicaté 100ml,V041,,
FIOLE à VIDE en verre borosilicaté 250ml,FISHER,V042,,Autres consommables,NB43,,,,,,,,,,,1.0,10.08,2026-05-13,,"Catalogue IJM 2025, page 28",,1,FIOLE à VIDE en verre borosilicaté 250ml,V042,FISHER,
FIOLE à VIDE en verre borosilicaté 500ml,FISHER,V043,,Autres consommables,NB43,,,,,,,,,,,1.0,13.64,2026-05-13,,"Catalogue IJM 2025, page 28",,1,FIOLE à VIDE en verre borosilicaté 500ml,V043,FISHER,
FIOLE à VIDE en verre borosilicaté 1L,DUTSCHER,V044,,Autres consommables,NB43,,,,,,,,,,,1.0,25.49,2026-05-13,,"Catalogue IJM 2025, page 28",,1,FIOLE à VIDE en verre borosilicaté 1L,V044,DUTSCHER,
FIOLE à VIDE en verre borosilicaté 2L,DUTSCHER,V045,,Autres consommables,NB43,,,,,,,,,,,1.0,33.06,2026-05-13,,"Catalogue IJM 2025, page 28",,1,FIOLE à VIDE en verre borosilicaté 2L,V045,DUTSCHER,
FIOLE à VIDE en verre borosilicaté 5L,DUTSCHER,V046,,Autres consommables,NB43,,,,,,,,,,,1.0,187.19,2026-05-13,,"Catalogue IJM 2025, page 28",,1,FIOLE à VIDE en verre borosilicaté 5L,V046,DUTSCHER,
FLACON en verre borosilicaté 50ml,FISHER,V047,,Autres consommables,NB43,,,,,,,,,,,1.0,5.85,2026-05-13,,"Catalogue IJM 2025, page 28",,1,FLACON en verre borosilicaté 50ml,V047,FISHER,
FLACON en verre borosilicaté 100ml,FISHER,V048,,Autres consommables,NB43,,,,,,,,,,,1.0,1.46,2026-05-13,,"Catalogue IJM 2025, page 28",,1,FLACON en verre borosilicaté 100ml,V048,FISHER,
FLACON en verre borosilicaté 250ml,FISHER,V049,,Autres consommables,NB43,,,,,,,,,,,1.0,1.53,2026-05-13,,"Catalogue IJM 2025, page 28",,1,FLACON en verre borosilicaté 250ml,V049,FISHER,
FLACON en verre borosilicaté 500ml,FISHER,V050,,Autres consommables,NB43,,,,,,,,,,,1.0,2.12,2026-05-13,,"Catalogue IJM 2025, page 28",,1,FLACON en verre borosilicaté 500ml,V050,FISHER,
FLACON en verre borosilicaté 1L,FISHER,V051,,Autres consommables,NB43,,,,,,,,,,,1.0,3.06,2026-05-13,,"Catalogue IJM 2025, page 28",,1,FLACON en verre borosilicaté 1L,V051,FISHER,
FLACON en verre borosilicaté 2L,FISHER,V051A,,Autres consommables,NB43,,,,,,,,,,,1.0,6.91,2026-05-13,,"Catalogue IJM 2025, page 28",,1,FLACON en verre borosilicaté 2L,V051A,FISHER,
FLACON en verre borosilicaté 5L,FISHER,V052,,Autres consommables,NB43,,,,,,,,,,,1.0,35.12,2026-05-13,,"Catalogue IJM 2025, page 28",,1,FLACON en verre borosilicaté 5L,V052,FISHER,
BOUCHON PP GL45 ou GL32 Couleur Bleu ou Gris,FISHER,D144,,Autres consommables,NB51,,,,,,,,,,,10.0,15.79,2026-05-13,,"Catalogue IJM 2025, page 28",,1x10,BOUCHON PP GL45 ou GL32 Couleur Bleu ou Gris,D144,FISHER,
BAGUE de DEVERSEMENT PP GL45 Bleue ou transparente,FISHER,D145,,Autres consommables,NB51,,,,,,,,,,,10.0,5.15,2026-05-13,,"Catalogue IJM 2025, page 28",,1x10,BAGUE de DEVERSEMENT PP GL45 Bleue ou transparente,D145,FISHER,
BAGUE de DEVERSEMENT PP GL45 Rouge,FISHER,D145A,,Autres consommables,NB51,,,,,,,,,,,10.0,8.89,2026-05-13,,"Catalogue IJM 2025, page 28",,1x10,BAGUE de DEVERSEMENT PP GL45 Rouge,D145A,FISHER,
PIPETTE PASTEUR 230mm non cotonnée/non stérile/ouverte,VWR ou FISHER,V0551,,Autres consommables,NB04,,,,,,,,,,,250.0,9.89,2026-05-13,,"Catalogue IJM 2025, page 28",,1x250,PIPETTE PASTEUR 230mm non cotonnée/non stérile/ouverte,V0551,VWR ou FISHER,
PIPETTE PASTEUR 230mm cotonnée/stérile/ouverte,,V0531,,Autres consommables,NB04,,,,,,,,,,,250.0,10.87,2026-05-13,,"Catalogue IJM 2025, page 28",,1x250,PIPETTE PASTEUR 230mm cotonnée/stérile/ouverte,V0531,,
PIPETTE PASTEUR 150mm non cotonnée/non stérile/ouverte,VWR ou FISHER,V0521,,Autres consommables,NB04,,,,,,,,,,,250.0,8.49,2026-05-13,,"Catalogue IJM 2025, page 28",,1x250,PIPETTE PASTEUR 150mm non cotonnée/non stérile/ouverte,V0521,VWR ou FISHER,
BOITE à STÉRILISER (Pipette en verre) 295x65x65mm,,D130,,Autres consommables,NB43,,,,,,,,,,,1.0,72.04,2026-05-13,,"Catalogue IJM 2025, page 28",,1,BOITE à STÉRILISER (Pipette en verre) 295x65x65mm,D130,,
ESSUIE-MAINS Feuille enchevêtrées 22x32mm 150f,ADELYA,E0311,,Autres consommables,BB01,,,,,,,,,,,1.0,1.71,2026-05-13,,"Catalogue IJM 2025, page 29",,1,ESSUIE-MAINS Feuille enchevêtrées 22x32mm 150f,E0311,ADELYA,
BOBINE ESSUYAGE GM 450f Pour dévidoir,ADELYA,E066,,Autres consommables,BB01,,,,,,,,,,,1.0,4.21,2026-05-13,,"Catalogue IJM 2025, page 29",,1,BOBINE ESSUYAGE GM 450f Pour dévidoir,E066,ADELYA,
BOBINE ESSUYAGE PM 200f,ADELYA,E0671,,Autres consommables,BB01,,,,,,,,,,,1.0,1.89,2026-05-13,,"Catalogue IJM 2025, page 29",,1,BOBINE ESSUYAGE PM 200f,E0671,ADELYA,
TORCHON COTON 60x80cm,ORAPI,E0691,,Autres consommables,AA42,,,,,,,,,,,1.0,1.19,2026-05-13,,"Catalogue IJM 2025, page 29",,1,TORCHON COTON 60x80cm,E0691,ORAPI,
EPONGES N° 4,ADELYA,E030,,Autres consommables,BB02,,,,,,,,,,,1.0,0.85,2026-05-13,,"Catalogue IJM 2025, page 29",,1,EPONGES N° 4,E030,ADELYA,
TAMPONGE (Eponge double face) N° 4,ADELYA,E030A,,Autres consommables,BB02,,,,,,,,,,,1.0,0.94,2026-05-13,,"Catalogue IJM 2025, page 29",,1,TAMPONGE (Eponge double face) N° 4,E030A,ADELYA,
SERPILLIERES 50x100cm,ADELYA,E065,,Autres consommables,BB02,,,,,,,,,,,1.0,3.22,2026-05-13,,"Catalogue IJM 2025, page 29",,1,SERPILLIERES 50x100cm,E065,ADELYA,
SERPILLIERES JETABLES Anti-Bactériennes (Lot de 20),ADELYA,E070,,Autres consommables,BB02,,,,,,,,,,,20.0,7.81,2026-05-13,,"Catalogue IJM 2025, page 29",,1x20,SERPILLIERES JETABLES Anti-Bactériennes (Lot de 20),E070,ADELYA,
"TAMPON ABRASIF VERT ""Type Scotch brite"" 22x15cm",ADELYA,E063,,Autres consommables,BB02,,,,,,,,,,,1.0,0.86,2026-05-13,,"Catalogue IJM 2025, page 29",,1,"TAMPON ABRASIF VERT ""Type Scotch brite"" 22x15cm",E063,ADELYA,
MOUCHOIRS Boite blanche,ADELYA,E047,,Autres consommables,BB01,,,,,,,,,,,1.0,0.91,2026-05-13,,"Catalogue IJM 2025, page 29",,1,MOUCHOIRS Boite blanche,E047,ADELYA,
PAPIER HYGIÈNIQUE (de toilettes) Pure ouate 200m,ADELYA,E0501,,Autres consommables,BB01,,,,,,,,,,,1.0,2.07,2026-05-13,,"Catalogue IJM 2025, page 29",,1,PAPIER HYGIÈNIQUE (de toilettes) Pure ouate 200m,E0501,ADELYA,
CHIFFON EPONGE BLANC (carton de 8kg),ADELYA,E016,,Autres consommables,BB02,8000.0,,,,,,,,,,1.0,32.04,2026-05-13,,"Catalogue IJM 2025, page 29",,1,CHIFFON EPONGE BLANC (carton de 8kg),E016,ADELYA,
BALAI-BROSSE NYLON 30cm,DUTSCHER,E005,,Autres consommables,BB02,,,,,,,,,,,1.0,1.96,2026-05-13,,"Catalogue IJM 2025, page 29",,1,BALAI-BROSSE NYLON 30cm,E005,DUTSCHER,
BALAI SOIE GRIS à vis 38cm,ADELYA,E006,,Autres consommables,BB02,,,,,,,,,,,1.0,4.21,2026-05-13,,"Catalogue IJM 2025, page 29",,1,BALAI SOIE GRIS à vis 38cm,E006,ADELYA,
BALAI COCO MINOTIER (Douille métal) 100cm,ADELYA,E006A,,Autres consommables,BB02,,,,,,,,,,,1.0,8.3,2026-05-13,,"Catalogue IJM 2025, page 29",,1,BALAI COCO MINOTIER (Douille métal) 100cm,E006A,ADELYA,
"MANCHE à BALAI En bois 1,30m",ADELYA,E007,,Autres consommables,BB02,,,,,,,,,,,1.0,1.56,2026-05-13,,"Catalogue IJM 2025, page 29",,1,"MANCHE à BALAI En bois 1,30m",E007,ADELYA,
"MANCHE à BALAI En bois CANTONNIER 1,40m",ADELYA,E007C,,Autres consommables,BB02,,,,,,,,,,,1.0,1.1,2026-05-13,,"Catalogue IJM 2025, page 29",,1,"MANCHE à BALAI En bois CANTONNIER 1,40m",E007C,ADELYA,
MANCHE et BALAI pour SERPILLIERES JETABLES,ADELYA,E007A,,Autres consommables,BB02,,,,,,,,,,,1.0,16.05,2026-05-13,,"Catalogue IJM 2025, page 29",,1,MANCHE et BALAI pour SERPILLIERES JETABLES,E007A,ADELYA,
EMBOUT FILETÉ pour manche à balai Diam 24mm,ADELYA,E0071,,Autres consommables,BB02,,,,,,,,,,,1.0,0.18,2026-05-13,,"Catalogue IJM 2025, page 29",,1,EMBOUT FILETÉ pour manche à balai Diam 24mm,E0071,ADELYA,
BROSSE à ONGLES Double brosse ou à poignet,ADELYA,E014,,Autres consommables,BB02,,,,,,,,,,,1.0,1.99,2026-05-13,,"Catalogue IJM 2025, page 29",,1,BROSSE à ONGLES Double brosse ou à poignet,E014,ADELYA,
RACLETTE MOUSSE Long 60cm,ADELYA,E0061,,Autres consommables,BB02,,,,,,,,,,,1.0,2.45,2026-05-13,,"Catalogue IJM 2025, page 29",,1,RACLETTE MOUSSE Long 60cm,E0061,ADELYA,
PELLE + BALAYETTE,ADELYA,E004,,Autres consommables,BB02,,,,,,,,,,,1.0,5.74,2026-05-13,,"Catalogue IJM 2025, page 29",,1,PELLE + BALAYETTE,E004,ADELYA,
BALAYETTE (Seule),ADELYA,E004A,,Autres consommables,BB02,,,,,,,,,,,1.0,1.05,2026-05-13,,"Catalogue IJM 2025, page 29",,1,BALAYETTE (Seule),E004A,ADELYA,
GOUPILLON BROSSE SOIE (Diam 25x110mm - long 600mm) Réf 15975,FISHER,D020,,Autres consommables,BB02,,,,,,,,,,,1.0,1.16,2026-05-13,,"Catalogue IJM 2025, page 29",,1,GOUPILLON BROSSE SOIE (Diam 25x110mm - long 600mm) Réf 15975,D020,FISHER,
GOUPILLON BROSSE NYLON (Diam 50x120mm - long 400mm) Réf 15990,FISHER,D021,,Autres consommables,BB02,,,,,,,,,,,1.0,1.67,2026-05-13,,"Catalogue IJM 2025, page 29",,1,GOUPILLON BROSSE NYLON (Diam 50x120mm - long 400mm) Réf 15990,D021,FISHER,
GOUPILLON BROSSE SOIE Manche Jonc (Diam 55x90mm - long 450mm) Réf 15978,FISHER,D022,,Autres consommables,BB02,,,,,,,,,,,1.0,3.2,2026-05-13,,"Catalogue IJM 2025, page 29",,1,GOUPILLON BROSSE SOIE Manche Jonc (Diam 55x90mm - long 450mm) Réf 15978,D022,FISHER,
GOUPILLON BROSSE SOIE (Diam 12x80mm - long 270mm) Réf 069137,DUTSCHER,D023,,Autres consommables,BB02,,,,,,,,,,,1.0,2.39,2026-05-13,,"Catalogue IJM 2025, page 29",,1,GOUPILLON BROSSE SOIE (Diam 12x80mm - long 270mm) Réf 069137,D023,DUTSCHER,
GOUPILLON BROSSE SOIE (Diam 30x110mm - long 250mm) Réf 15974,FISHER,D024,,Autres consommables,BB02,,,,,,,,,,,1.0,0.89,2026-05-13,,"Catalogue IJM 2025, page 29",,1,GOUPILLON BROSSE SOIE (Diam 30x110mm - long 250mm) Réf 15974,D024,FISHER,
SAVON MAINS Liquide 500ml,ADELYA,E0621,,Autres consommables,BB01,,,,,,,,,,,1.0,1.88,2026-05-13,,"Catalogue IJM 2025, page 29",,1,SAVON MAINS Liquide 500ml,E0621,ADELYA,
SAVON MAINS Liquide bidon de 5L,ADELYA,E0622,,Autres consommables,BB01,,,,,,,,,,,1.0,9.45,2026-05-13,,"Catalogue IJM 2025, page 29",,1,SAVON MAINS Liquide bidon de 5L,E0622,ADELYA,
Gel HYDROALCOOLIQUE Flacon 100ml,,E0623,,Autres consommables,BB01,,,,,,,,,,,1.0,1.57,2026-05-13,,"Catalogue IJM 2025, page 29",,1,Gel HYDROALCOOLIQUE Flacon 100ml,E0623,,
Gel HYDROALCOOLIQUE Flacon 300ml,,E0624,,Autres consommables,BB01,,,,,,,,,,,1.0,3.07,2026-05-13,,"Catalogue IJM 2025, page 29",,1,Gel HYDROALCOOLIQUE Flacon 300ml,E0624,,
Gel HYDROALCOOLIQUE Flacon 5L,,E0625,,Autres consommables,BB01,,,,,,,,,,,1.0,26.75,2026-05-13,,"Catalogue IJM 2025, page 29",,1,Gel HYDROALCOOLIQUE Flacon 5L,E0625,,
"CREME MAINS ""MANUPHYL"" (Abimées, desséchées, gercées) Tube 100ml",MANUPHYL,E0626,,Autres consommables,BB01,,,,,,,,,,,1.0,9.33,2026-05-13,,"Catalogue IJM 2025, page 29",,1,"CREME MAINS ""MANUPHYL"" (Abimées, desséchées, gercées) Tube 100ml",E0626,MANUPHYL,
Désinfectant des instruments OPASTERANIOS Bidon 5 litres,ANIOS,E028,,Autres consommables,NB34,,,,,,,,,,,1.0,35.7,2026-05-13,,"Catalogue IJM 2025, page 30",,1,Désinfectant des instruments OPASTERANIOS Bidon 5 litres,E028,ANIOS,
Désinfectant de Surface PHAGOSPRAY DM Bidon 5 litres,PHAGOSPRAY,E0014,,Autres consommables,NB34,,,,,,,,,,,1.0,29.29,2026-05-13,,"Catalogue IJM 2025, page 30",,1,Désinfectant de Surface PHAGOSPRAY DM Bidon 5 litres,E0014,PHAGOSPRAY,
DECONTAMINANT TFD9 5L,FRANKLAB,E026,,Autres consommables,NB34,,,,,,,,,,,1.0,34.55,2026-05-13,,"Catalogue IJM 2025, page 30",,1,DECONTAMINANT TFD9 5L,E026,FRANKLAB,
RNase AWAY Decontamination reagent for RNase 250ml,THERMO,E0261,,Autres consommables,NB34,,,,,,,,,,,1.0,21.98,2026-05-13,,"Catalogue IJM 2025, page 30",,1,RNase AWAY Decontamination reagent for RNase 250ml,E0261,THERMO,
NETTOYANT DESINFECTANT MULTI-SURFACES Vaporisateur 750ml,,E0263,,Autres consommables,BB02,,,,,,,,,,,1.0,6.16,2026-05-13,,"Catalogue IJM 2025, page 30",,1,NETTOYANT DESINFECTANT MULTI-SURFACES Vaporisateur 750ml,E0263,,
DETARTRANT ANTI-CALCAIRE Vaporisateur 750ml,,E027,,Autres consommables,BB02,,,,,,,,,,,1.0,5.33,2026-05-13,,"Catalogue IJM 2025, page 30",,1,DETARTRANT ANTI-CALCAIRE Vaporisateur 750ml,E027,,
DETERGENT MULTI-USAGES 750ml,,E0011,,Autres consommables,BB02,,,,,,,,,,,1.0,2.51,2026-05-13,,"Catalogue IJM 2025, page 30",,1,DETERGENT MULTI-USAGES 750ml,E0011,,
DETERGENT MULTI-USAGES 5 Litres,,E0015,,Autres consommables,BB02,,,,,,,,,,,1.0,13.64,2026-05-13,,"Catalogue IJM 2025, page 30",,1,DETERGENT MULTI-USAGES 5 Litres,E0015,,
"EAU JAVEL 2,6% 2L",,E045,,Autres consommables,BB02,,,,,,,,,,,1.0,1.22,2026-05-13,,"Catalogue IJM 2025, page 30",,1,"EAU JAVEL 2,6% 2L",E045,,
"EAU JAVEL ""LACROIX"" Bidon 5L",,E045C,,Autres consommables,BB02,,,,,,,,,,,1.0,13.48,2026-05-13,,"Catalogue IJM 2025, page 30",,1,"EAU JAVEL ""LACROIX"" Bidon 5L",E045C,,
JAVEL en PASTILLES (x150),,E045A,,Autres consommables,BB02,,,,,,,,,,,1.0,3.15,2026-05-13,,"Catalogue IJM 2025, page 30",,1,JAVEL en PASTILLES (x150),E045A,,
LIQUIDE VAISSELLE 1 litre,,E054,,Autres consommables,BB02,,,,,,,,,,,1.0,2.32,2026-05-13,,"Catalogue IJM 2025, page 30",,1,LIQUIDE VAISSELLE 1 litre,E054,,
PRODUIT VITRE Vaporisateur 750ml,,E0012,,Autres consommables,BB02,,,,,,,,,,,1.0,1.97,2026-05-13,,"Catalogue IJM 2025, page 30",,1,PRODUIT VITRE Vaporisateur 750ml,E0012,,
CREME à RECURER 1 litre,,E001,,Autres consommables,BB02,,,,,,,,,,,1.0,1.29,2026-05-13,,"Catalogue IJM 2025, page 30",,1,CREME à RECURER 1 litre,E001,,
"VINAIGRE D'ALCOOL 8% d'acidité 1,5L",,E017,,Autres consommables,BB02,,,,,,,,,,,1.0,1.51,2026-05-13,,"Catalogue IJM 2025, page 30",,1,"VINAIGRE D'ALCOOL 8% d'acidité 1,5L",E017,,
SACS POUBELLES BLANC 5 litres (x50),,E056B,,Autres consommables,BB02,,,,,,,,,,,1.0,0.52,2026-05-13,,"Catalogue IJM 2025, page 30",,1,SACS POUBELLES BLANC 5 litres (x50),E056B,,
SACS POUBELLES NOIR 30 litres (x20),,E056A,,Autres consommables,BB02,,,,,,,,,,,1.0,1.29,2026-05-13,,"Catalogue IJM 2025, page 30",,1,SACS POUBELLES NOIR 30 litres (x20),E056A,,
SACS POUBELLES NOIR 50 litres (x25) Sacs poubelles pour pièces de culture,,E056C,,Autres consommables,BB02,,,,,,,,,,,1.0,2.5,2026-05-13,,"Catalogue IJM 2025, page 30",,1,SACS POUBELLES NOIR 50 litres (x25) Sacs poubelles pour pièces de culture,E056C,,
SACS POUBELLES NOIR 130 litres (x20),,E057,,Autres consommables,BB02,,,,,,,,,,,1.0,6.16,2026-05-13,,"Catalogue IJM 2025, page 30",,1,SACS POUBELLES NOIR 130 litres (x20),E057,,
HOUSSES CONTAINER NOIR 1100 litres (x100),,E057A,,Autres consommables,BB02,,,,,,,,,,,1.0,43.68,2026-05-13,,"Catalogue IJM 2025, page 30",,1,HOUSSES CONTAINER NOIR 1100 litres (x100),E057A,,
HOUSSES CONTAINER NOIR 240 litres (x100),,E057C,,Autres consommables,BB02,,,,,,,,,,,1.0,29.44,2026-05-13,,"Catalogue IJM 2025, page 30",,1,HOUSSES CONTAINER NOIR 240 litres (x100),E057C,,
SAC à DECHET PAPIER 6 litres 70g (x250),,E055,,Autres consommables,BB02,70.0,,,,,,,,,,250.0,30.87,2026-05-13,,"Catalogue IJM 2025, page 30",,1x250,SAC à DECHET PAPIER 6 litres 70g (x250),E055,,
TABLETTE LAVE VAISSELLE 3 en 1 (Sachet 20 tablettes) - Ecolabel,,E052,,Autres consommables,BB02,,,,,,,,,,,160.0,2.65,2026-05-13,,"Catalogue IJM 2025, page 30",,1x160,TABLETTE LAVE VAISSELLE 3 en 1 (Sachet 20 tablettes) - Ecolabel,E052,,
LESSIVE en CAPSULES (x160) Action Verte - Ecocert,,E0541,,Autres consommables,BB01,,,,,,,,,,,46.0,34.29,2026-05-13,,"Catalogue IJM 2025, page 30",,1x46,LESSIVE en CAPSULES (x160) Action Verte - Ecocert,E0541,,
ASSOUPLISSANT 5L,,E0542,,Autres consommables,BB01,,,,,,,,,,,1.0,15.58,2026-05-13,,"Catalogue IJM 2025, page 30",,1x5L,ASSOUPLISSANT 5L,E0542,,
"FICELLE ""SISAL"" Moyenne 250g",LYRECO,E032,,Autres consommables,AB01,250.0,,,,,,,,,,1.0,3.89,2026-05-13,,"Catalogue IJM 2025, page 30",,1,"FICELLE ""SISAL"" Moyenne 250g",E032,LYRECO,
ALLUMETTE,DUTSCHER,E003,,Autres consommables,AA41,,,,,,,,,,,1.0,0.81,2026-05-13,,"Catalogue IJM 2025, page 30",,1,ALLUMETTE,E003,DUTSCHER,
PIEGES à CAFARDS (Bte de 5 pièges),,E051,,Autres consommables,BB02,,,,,,,,,,,1.0,8.81,2026-05-13,,"Catalogue IJM 2025, page 30",,1,PIEGES à CAFARDS (Bte de 5 pièges),E051,,
BARRAGE INSECTES VOLANT/RAMPANT Flacon 520ml,ADELYA,E0283,,Autres consommables,BB02,,,,,,,,,,,1.0,12.34,2026-05-13,,"Catalogue IJM 2025, page 30",,1,BARRAGE INSECTES VOLANT/RAMPANT Flacon 520ml,E0283,ADELYA,
BLOC DIRECTION Quadrillée 148x120mm A5,,B028A,,Autres consommables,AB01,,,,,,,,,,,1.0,1.24,2026-05-13,,"Catalogue IJM 2025, page 31",,1,BLOC DIRECTION Quadrillée 148x120mm A5,B028A,,
BLOC DIRECTION Quadrillée 210x297mm A4,,B029A,,Autres consommables,AB01,,,,,,,,,,,1.0,3.01,2026-05-13,,"Catalogue IJM 2025, page 31",,1,BLOC DIRECTION Quadrillée 210x297mm A4,B029A,,
BLOC POST -IT 76x76,,B042,,Autres consommables,AB01,,,,,,,,,,,1.0,0.3,2026-05-13,,"Catalogue IJM 2025, page 31",,1,BLOC POST -IT 76x76,B042,,
BLOC TELEPHONE Message,,B044A,,Autres consommables,AB01,,,,,,,,,,,1.0,2.99,2026-05-13,,"Catalogue IJM 2025, page 31",,1,BLOC TELEPHONE Message,B044A,,
"REPERTOIRE Alphabétique 96 pages, 9x14cm",,B190,,Autres consommables,AB01,,,,,,,,,,,1.0,3.5,2026-05-13,,"Catalogue IJM 2025, page 31",,1,"REPERTOIRE Alphabétique 96 pages, 9x14cm",B190,,
"CARNET Quadrillé 7,4x10,5cm 80 feuilles détachables",,B030,,Autres consommables,AB01,,,,,,,,,,,1.0,0.71,2026-05-13,,"Catalogue IJM 2025, page 31",,1,"CARNET Quadrillé 7,4x10,5cm 80 feuilles détachables",B030,,
CARNET Quadrillé à spirale 9x14cm 100 pages,,B031,,Autres consommables,AB01,,,,,,,,,,,1.0,0.68,2026-05-13,,"Catalogue IJM 2025, page 31",,1,CARNET Quadrillé à spirale 9x14cm 100 pages,B031,,
FEUILLES BLANCHES A4 PERFORÉES,,B078,,Autres consommables,AB01,,,,,,,,,,,100.0,2.3,2026-05-13,,"Catalogue IJM 2025, page 31",,1x100,FEUILLES BLANCHES A4 PERFORÉES,B078,,
BLOC ROULEAU PAPIER BLANC (x50 feuilles) Pour tableau chevaleret,,B045,,Autres consommables,AB01,,,,,,,,,,,50.0,3.79,2026-05-13,,"Catalogue IJM 2025, page 31",,1x50,BLOC ROULEAU PAPIER BLANC (x50 feuilles) Pour tableau chevaleret,B045,,
PAPIER PHOTOCOPIE COULEURS A4 80g (Couleur à choisir),,B153,,Autres consommables,AC01,80.0,,,,,,,,,,500.0,2.14,2026-05-13,,"Catalogue IJM 2025, page 31",,1x500,PAPIER PHOTOCOPIE COULEURS A4 80g (Couleur à choisir),B153,,
PAPIER PHOTOCOPIE BLANC A3,,B1531,,Autres consommables,AC01,,,,,,,,,,,500.0,15.66,2026-05-13,,"Catalogue IJM 2025, page 31",,1x500,PAPIER PHOTOCOPIE BLANC A3,B1531,,
PAPIER PHOTOCOPIE BLANC A4 80g,,B1532,,Autres consommables,AC01,80.0,,,,,,,,,,500.0,3.63,2026-05-13,,"Catalogue IJM 2025, page 31",,1x500,PAPIER PHOTOCOPIE BLANC A4 80g,B1532,,
CAHIER SPIRALE 180 pages A5,,B057A,,Autres consommables,AB01,,,,,,,,,,,1.0,2.55,2026-05-13,,"Catalogue IJM 2025, page 31",,1,CAHIER SPIRALE 180 pages A5,B057A,,
CAHIER SPIRALE 180 pages A4,,B059,,Autres consommables,AB01,,,,,,,,,,,1.0,2.31,2026-05-13,,"Catalogue IJM 2025, page 31",,1,CAHIER SPIRALE 180 pages A4,B059,,
ENVELOPPE BLANCHE 110x220mm,,B097,,Autres consommables,AB01,,,,,,,,,,,25.0,0.49,2026-05-13,,"Catalogue IJM 2025, page 31",,1x25,ENVELOPPE BLANCHE 110x220mm,B097,,
ENVELOPPE BLANCHE 110x220mm à fenêtre,,B099,,Autres consommables,AB01,,,,,,,,,,,25.0,0.32,2026-05-13,,"Catalogue IJM 2025, page 31",,1x25,ENVELOPPE BLANCHE 110x220mm à fenêtre,B099,,
ENVELOPPE BLANCHE 1/2 Format à fenêtre 162x229mm,,B0995,,Autres consommables,AB01,,,,,,,,,,,25.0,0.42,2026-05-13,,"Catalogue IJM 2025, page 31",,1x25,ENVELOPPE BLANCHE 1/2 Format à fenêtre 162x229mm,B0995,,
ENVELOPPE BLANCHE 1/2 Format 162x229mm,,B0996,,Autres consommables,AB01,,,,,,,,,,,25.0,0.42,2026-05-13,,"Catalogue IJM 2025, page 31",,1x25,ENVELOPPE BLANCHE 1/2 Format 162x229mm,B0996,,
ENVELOPPE BLANCHE Grand format 229x324mm,,B0998,,Autres consommables,AB01,,,,,,,,,,,25.0,0.93,2026-05-13,,"Catalogue IJM 2025, page 31",,1x25,ENVELOPPE BLANCHE Grand format 229x324mm,B0998,,
ENVELOPPE KRAFT Armée à souflet 260x330mm,,B0999,,Autres consommables,AB01,,,,,,,,,,,1.0,0.56,2026-05-13,,"Catalogue IJM 2025, page 31",,1,ENVELOPPE KRAFT Armée à souflet 260x330mm,B0999,,
ENVELOPPE à BULLE d'AIR 150x210mm,,B0991,,Autres consommables,AB01,,,,,,,,,,,1.0,0.13,2026-05-13,,"Catalogue IJM 2025, page 31",,1,ENVELOPPE à BULLE d'AIR 150x210mm,B0991,,
ENVELOPPE à BULLE d'AIR 240x330 mm,,B0992,,Autres consommables,AB01,,,,,,,,,,,1.0,0.15,2026-05-13,,"Catalogue IJM 2025, page 31",,1,ENVELOPPE à BULLE d'AIR 240x330 mm,B0992,,
ENVELOPPE à BULLE d'AIR 270x360 mm,,B0993,,Autres consommables,AB01,,,,,,,,,,,1.0,0.29,2026-05-13,,"Catalogue IJM 2025, page 31",,1,ENVELOPPE à BULLE d'AIR 270x360 mm,B0993,,
"PAPIER à En-TÊTE ""IJM"" Bas de page IJM/CNRS/Université de Paris *Idem",,B2021,,Autres consommables,AC01,,,,,,,,,,,500.0,15.9,2026-05-13,,"Catalogue IJM 2025, page 31",,1x500,"PAPIER à En-TÊTE ""IJM"" Bas de page IJM/CNRS/Université de Paris *Idem",B2021,,
CARTE CORRESPONDANCE IJM *Idem,,B060,,Autres consommables,AB01,,,,,,,,,,,100.0,4.28,2026-05-13,,"Catalogue IJM 2025, page 31",,1x100,CARTE CORRESPONDANCE IJM *Idem,B060,,
PAPIER d'EMBALLAGE KRAFT Feuille 65x100cm,,B034,,Autres consommables,FA01,,,,,,,,,,,1.0,0.2,2026-05-13,,"Catalogue IJM 2025, page 31",,1,PAPIER d'EMBALLAGE KRAFT Feuille 65x100cm,B034,,
"ETIQUETTE LASER AVERY BLANCHE 38,1x21,1mm",,B102,,Autres consommables,AB01,,,,,,,,,,,65.0,0.52,2026-05-13,,"Catalogue IJM 2025, page 31",,1x65,"ETIQUETTE LASER AVERY BLANCHE 38,1x21,1mm",B102,,
"ETIQUETTE LASER AVERY BLANCHE 46x11,1mm",,B103,,Autres consommables,AB01,,,,,,,,,,,84.0,1.01,2026-05-13,,"Catalogue IJM 2025, page 31",,1x84,"ETIQUETTE LASER AVERY BLANCHE 46x11,1mm",B103,,
"ETIQUETTE LASER AVERY BLANCHE 63,5x33,9mm",,B105,,Autres consommables,AB01,,,,,,,,,,,24.0,0.71,2026-05-13,,"Catalogue IJM 2025, page 31",,1x24,"ETIQUETTE LASER AVERY BLANCHE 63,5x33,9mm",B105,,
"ETIQUETTE LASER LYRECO PREMIUM BLANCHE 99,1x67,7mm (2000 Etiquettes)",,B106,,Autres consommables,AB01,,,,,,,,,,,2000.0,28.64,2026-05-13,,"Catalogue IJM 2025, page 31",,1x2000,"ETIQUETTE LASER LYRECO PREMIUM BLANCHE 99,1x67,7mm (2000 Etiquettes)",B106,,
ETIQUETTES ADHESIVES Diam 8mm (couleurs assorties),,B1121,,Autres consommables,AB01,,,,,,,,,,,288.0,0.46,2026-05-13,,"Catalogue IJM 2025, page 31",,1X288,ETIQUETTES ADHESIVES Diam 8mm (couleurs assorties),B1121,,
"FICHE BRISTOL Blanche, quadrilliée 75x125mm",,B123,,Autres consommables,AB01,,,,,,,,,,,100.0,0.39,2026-05-13,,"Catalogue IJM 2025, page 31",,1x100,"FICHE BRISTOL Blanche, quadrilliée 75x125mm",B123,,
"FICHE BRISTOL Blanche, unie 105x148mm",,B124,,Autres consommables,AB01,,,,,,,,,,,100.0,0.51,2026-05-13,,"Catalogue IJM 2025, page 31",,1x100,"FICHE BRISTOL Blanche, unie 105x148mm",B124,,
"FICHE BRISTOL Blanche, quadrilliée105x148mm",,B125,,Autres consommables,AB01,,,,,,,,,,,100.0,0.6,2026-05-13,,"Catalogue IJM 2025, page 31",,1x100,"FICHE BRISTOL Blanche, quadrilliée105x148mm",B125,,
"FICHE BRISTOL Blanche, unie 125x200mm",,B126,,Autres consommables,AB01,,,,,,,,,,,100.0,0.89,2026-05-13,,"Catalogue IJM 2025, page 31",,1x100,"FICHE BRISTOL Blanche, unie 125x200mm",B126,,
"FICHE BRISTOL Blanche, quadrilliée125X200mm",,B127,,Autres consommables,AB01,,,,,,,,,,,100.0,0.89,2026-05-13,,"Catalogue IJM 2025, page 31",,1x100,"FICHE BRISTOL Blanche, quadrilliée125X200mm",B127,,
"FICHE BRISTOL Blanche, quadrilliée 210x297mm",,B128,,Autres consommables,AB01,,,,,,,,,,,100.0,2.74,2026-05-13,,"Catalogue IJM 2025, page 31",,1x100,"FICHE BRISTOL Blanche, quadrilliée 210x297mm",B128,,
"FICHE BRISTOL Blanche, unie 210x297mm",,B129,,Autres consommables,AB01,,,,,,,,,,,100.0,4.38,2026-05-13,,"Catalogue IJM 2025, page 31",,1x100,"FICHE BRISTOL Blanche, unie 210x297mm",B129,,
BOITES ARCHIVES Dos 10cm,,B047,,Autres consommables,AB01,,,,,,,,,,,1.0,0.56,2026-05-13,,"Catalogue IJM 2025, page 32",,1,BOITES ARCHIVES Dos 10cm,B047,,
"CHEMISE à POCHE ""Pochette carte lustrée""",,B062,,Autres consommables,AB01,,,,,,,,,,,1.0,0.6,2026-05-13,,"Catalogue IJM 2025, page 32",,1,"CHEMISE à POCHE ""Pochette carte lustrée""",B062,,
SOUS-CHEMISES fines 80g (Par 10),,B063,,Autres consommables,AB01,80.0,,,,,,,,,,1.0,0.4,2026-05-13,,"Catalogue IJM 2025, page 32",,1,SOUS-CHEMISES fines 80g (Par 10),B063,,
CHEMISE RIGIDES 220g (Par 5),,B064,,Autres consommables,AB01,220.0,,,,,,,,,,1.0,0.4,2026-05-13,,"Catalogue IJM 2025, page 32",,1,CHEMISE RIGIDES 220g (Par 5),B064,,
CHEMISE COIN Plastique incolore A4 (Par 10),,B065,,Autres consommables,AB01,,,,,,,,,,,10.0,0.51,2026-05-13,,"Catalogue IJM 2025, page 32",,1x10,CHEMISE COIN Plastique incolore A4 (Par 10),B065,,
CHEMISE à RABAT ELASTIQUE A4,,B066,,Autres consommables,AB01,,,,,,,,,,,1.0,1.47,2026-05-13,,"Catalogue IJM 2025, page 32",,1,CHEMISE à RABAT ELASTIQUE A4,B066,,
CHEMISE à RABAT ELASTIQUE A3,,B066A,,Autres consommables,AB01,,,,,,,,,,,1.0,2.25,2026-05-13,,"Catalogue IJM 2025, page 32",,1,CHEMISE à RABAT ELASTIQUE A3,B066A,,
CLASSEUR à LEVIER 8 cm - 2 anneaux,,B073,,Autres consommables,AB01,,,,,,,,,,,1.0,1.82,2026-05-13,,"Catalogue IJM 2025, page 32",,1,CLASSEUR à LEVIER 8 cm - 2 anneaux,B073,,
CLASSEUR A4 - 4 anneaux,,B074,,Autres consommables,AB01,,,,,,,,,,,1.0,1.58,2026-05-13,,"Catalogue IJM 2025, page 32",,1,CLASSEUR A4 - 4 anneaux,B074,,
POCHETTES PERFORÉES CRISTAL POUR CLASSEUR A4 (Bte de 100),,B122,,Autres consommables,AB01,,,,,,,,,,,100.0,4.49,2026-05-13,,"Catalogue IJM 2025, page 32",,1x100,POCHETTES PERFORÉES CRISTAL POUR CLASSEUR A4 (Bte de 100),B122,,
INTERCALAIRE en PP 6 Onglets A4+,,B131A,,Autres consommables,AB01,,,,,,,,,,,1.0,1.09,2026-05-13,,"Catalogue IJM 2025, page 32",,1,INTERCALAIRE en PP 6 Onglets A4+,B131A,,
INTERCALAIRE en PP 12 Onglets A4+,,B132A,,Autres consommables,AB01,,,,,,,,,,,1.0,0.55,2026-05-13,,"Catalogue IJM 2025, page 32",,1,INTERCALAIRE en PP 12 Onglets A4+,B132A,,
REPERTOIRE ALPHABÉTIQUE pour CLASSEUR A4,,B192,,Autres consommables,AB01,,,,,,,,,,,1.0,3.27,2026-05-13,,"Catalogue IJM 2025, page 32",,1,REPERTOIRE ALPHABÉTIQUE pour CLASSEUR A4,B192,,
RELIURE à Pochettes transparentes fixes (20 Pochettes/40 vues),,B186A,,Autres consommables,AB01,,,,,,,,,,,1.0,4.55,2026-05-13,,"Catalogue IJM 2025, page 32",,1,RELIURE à Pochettes transparentes fixes (20 Pochettes/40 vues),B186A,,
RELIURE à Pochettes transparentes fixes (50 Pochettes/100 vues),,B188,,Autres consommables,AB01,,,,,,,,,,,1.0,1.11,2026-05-13,,"Catalogue IJM 2025, page 32",,1,RELIURE à Pochettes transparentes fixes (50 Pochettes/100 vues),B188,,
COUVERTURE de THÈSE PVC 150µ,,B082,,Autres consommables,AB01,,,,,,,,,,,1.0,0.04,2026-05-13,,"Catalogue IJM 2025, page 32",,1,COUVERTURE de THÈSE PVC 150µ,B082,,
COUVERTURE de THESE Photocopiable (couleurs à choisir),,B084,,Autres consommables,AC02,,,,,,,,,,,1.0,0.02,2026-05-13,,"Catalogue IJM 2025, page 32",,1,COUVERTURE de THESE Photocopiable (couleurs à choisir),B084,,
"BAGUETTE à RELIER/SPIRALE 4,5mm (2 à 10 feuilles)",,B017A,,Autres consommables,AB01,,,,,,,,,,,1.0,0.02,2026-05-13,,"Catalogue IJM 2025, page 32",,1,"BAGUETTE à RELIER/SPIRALE 4,5mm (2 à 10 feuilles)",B017A,,
BAGUETTE à RELIER/SPIRALE 6mm (11 à 20 feuilles),,B019A,,Autres consommables,AB01,,,,,,,,,,,1.0,0.02,2026-05-13,,"Catalogue IJM 2025, page 32",,1,BAGUETTE à RELIER/SPIRALE 6mm (11 à 20 feuilles),B019A,,
BAGUETTE à RELIER/SPIRALE 8mm (20 à 40 feuilles),,B023A,,Autres consommables,AB01,,,,,,,,,,,1.0,0.02,2026-05-13,,"Catalogue IJM 2025, page 32",,1,BAGUETTE à RELIER/SPIRALE 8mm (20 à 40 feuilles),B023A,,
BAGUETTE à RELIER/SPIRALE 10mm (40 à 65 feuilles),,B024A,,Autres consommables,AB01,,,,,,,,,,,1.0,0.03,2026-05-13,,"Catalogue IJM 2025, page 32",,1,BAGUETTE à RELIER/SPIRALE 10mm (40 à 65 feuilles),B024A,,
BAGUETTE à RELIER/SPIRALE 12mm (65 à 90 feuilles),,B025A,,Autres consommables,AB01,,,,,,,,,,,1.0,0.03,2026-05-13,,"Catalogue IJM 2025, page 32",,1,BAGUETTE à RELIER/SPIRALE 12mm (65 à 90 feuilles),B025A,,
BAGUETTE à RELIER/SPIRALE 14mm (95 à 125 feuilles),,B022A,,Autres consommables,AB01,,,,,,,,,,,1.0,0.04,2026-05-13,,"Catalogue IJM 2025, page 32",,1,BAGUETTE à RELIER/SPIRALE 14mm (95 à 125 feuilles),B022A,,
BAGUETTE à RELIER/SPIRALE 16mm (90 à 120 feuilles),,B026,,Autres consommables,AB01,,,,,,,,,,,1.0,0.04,2026-05-13,,"Catalogue IJM 2025, page 32",,1,BAGUETTE à RELIER/SPIRALE 16mm (90 à 120 feuilles),B026,,
SURLIGNEUR FLUO JAUNE,,B133,,Autres consommables,AB01,,,,,,,,,,,1.0,1.04,2026-05-13,,"Catalogue IJM 2025, page 32",,1,SURLIGNEUR FLUO JAUNE,B133,,
SURLIGNEUR FLUO VERT,,B135,,Autres consommables,AB01,,,,,,,,,,,1.0,1.04,2026-05-13,,"Catalogue IJM 2025, page 32",,1,SURLIGNEUR FLUO VERT,B135,,
SURLIGNEUR FLUO BLEU,,B1351,,Autres consommables,AB01,,,,,,,,,,,1.0,1.04,2026-05-13,,"Catalogue IJM 2025, page 32",,1,SURLIGNEUR FLUO BLEU,B1351,,
SURLIGNEUR FLUO ROUGE,,B1352,,Autres consommables,AB01,,,,,,,,,,,1.0,1.04,2026-05-13,,"Catalogue IJM 2025, page 32",,1,SURLIGNEUR FLUO ROUGE,B1352,,
SURLIGNEUR FLUO ORANGE,,B1352A,,Autres consommables,AB01,,,,,,,,,,,1.0,1.04,2026-05-13,,"Catalogue IJM 2025, page 32",,1,SURLIGNEUR FLUO ORANGE,B1352A,,
MARQUEUR PERMANENT (GROS) BLEU,,B136,,Autres consommables,AB01,,,,,,,,,,,1.0,1.04,2026-05-13,,"Catalogue IJM 2025, page 32",,1,MARQUEUR PERMANENT (GROS) BLEU,B136,,
MARQUEUR PERMANENT (GROS) NOIR,,B137,,Autres consommables,AB01,,,,,,,,,,,1.0,1.04,2026-05-13,,"Catalogue IJM 2025, page 32",,1,MARQUEUR PERMANENT (GROS) NOIR,B137,,
MARQUEUR PERMANENT (GROS) ROUGE,,B138,,Autres consommables,AB01,,,,,,,,,,,1.0,1.04,2026-05-13,,"Catalogue IJM 2025, page 32",,1,MARQUEUR PERMANENT (GROS) ROUGE,B138,,
MARQUEUR PERMANENT (GROS) VERT,,B139,,Autres consommables,AB01,,,,,,,,,,,1.0,1.04,2026-05-13,,"Catalogue IJM 2025, page 32",,1,MARQUEUR PERMANENT (GROS) VERT,B139,,
MARQUEUR HISTOLOGIE (Cryomarkers) Superfrost NOIR ou ROUGE,,B1411,,Autres consommables,AB01,,,,,,,,,,,1.0,4.25,2026-05-13,,"Catalogue IJM 2025, page 32",,1,MARQUEUR HISTOLOGIE (Cryomarkers) Superfrost NOIR ou ROUGE,B1411,,
MARQUEUR FIN BLEU,,B140,,Autres consommables,AB01,,,,,,,,,,,1.0,1.08,2026-05-13,,"Catalogue IJM 2025, page 32",,1,MARQUEUR FIN BLEU,B140,,
MARQUEUR FIN NOIR,,B141,,Autres consommables,AB01,,,,,,,,,,,1.0,1.08,2026-05-13,,"Catalogue IJM 2025, page 32",,1,MARQUEUR FIN NOIR,B141,,
MARQUEUR FIN ROUGE,,B142,,Autres consommables,AB01,,,,,,,,,,,1.0,1.08,2026-05-13,,"Catalogue IJM 2025, page 32",,1,MARQUEUR FIN ROUGE,B142,,
MARQUEUR FIN VERT,,B143,,Autres consommables,AB01,,,,,,,,,,,1.0,1.08,2026-05-13,,"Catalogue IJM 2025, page 32",,1,MARQUEUR FIN VERT,B143,,
MARQUEUR BLEU pour TABLEAU BLANC,,B144,,Autres consommables,AB01,,,,,,,,,,,1.0,0.77,2026-05-13,,"Catalogue IJM 2025, page 32",,1,MARQUEUR BLEU pour TABLEAU BLANC,B144,,
MARQUEUR NOIR TABLEAU BLANC,,B145,,Autres consommables,AB01,,,,,,,,,,,1.0,0.77,2026-05-13,,"Catalogue IJM 2025, page 32",,1,MARQUEUR NOIR TABLEAU BLANC,B145,,
MARQUEUR ROUGE TABLEAU BLANC,,B146,,Autres consommables,AB01,,,,,,,,,,,1.0,0.77,2026-05-13,,"Catalogue IJM 2025, page 32",,1,MARQUEUR ROUGE TABLEAU BLANC,B146,,
MARQUEUR VERT TABLEAU BLANC,,B147,,Autres consommables,AB01,,,,,,,,,,,1.0,0.77,2026-05-13,,"Catalogue IJM 2025, page 32",,1,MARQUEUR VERT TABLEAU BLANC,B147,,
STYLO BILLE RETRACTABLE BLEU,,B167,,Autres consommables,AB01,,,,,,,,,,,1.0,0.26,2026-05-13,,"Catalogue IJM 2025, page 33",,1,STYLO BILLE RETRACTABLE BLEU,B167,,
STYLO BILLE RETRACTABLE NOIR,,B168,,Autres consommables,AB01,,,,,,,,,,,1.0,0.26,2026-05-13,,"Catalogue IJM 2025, page 33",,1,STYLO BILLE RETRACTABLE NOIR,B168,,
"STYLO ""BIC"" CRISTAL ROUGE",,B169,,Autres consommables,AB01,,,,,,,,,,,1.0,0.29,2026-05-13,,"Catalogue IJM 2025, page 33",,1,"STYLO ""BIC"" CRISTAL ROUGE",B169,,
"STYLO ""BIC"" CRISTAL VERT",,B170,,Autres consommables,AB01,,,,,,,,,,,1.0,1.25,2026-05-13,,"Catalogue IJM 2025, page 33",,1,"STYLO ""BIC"" CRISTAL VERT",B170,,
"STYLO POINTE FEUTRE ""PILOT VBALL"" BLEU",,B171,,Autres consommables,AB01,,,,,,,,,,,1.0,1.25,2026-05-13,,"Catalogue IJM 2025, page 33",,1,"STYLO POINTE FEUTRE ""PILOT VBALL"" BLEU",B171,,
"STYLO POINTE FEUTRE ""PILOT VBALL"" NOIR",,B172,,Autres consommables,AB01,,,,,,,,,,,1.0,1.25,2026-05-13,,"Catalogue IJM 2025, page 33",,1,"STYLO POINTE FEUTRE ""PILOT VBALL"" NOIR",B172,,
"STYLO POINTE FEUTRE ""PILOT VBALL"" ROUGE",,B173,,Autres consommables,AB01,,,,,,,,,,,1.0,1.25,2026-05-13,,"Catalogue IJM 2025, page 33",,1,"STYLO POINTE FEUTRE ""PILOT VBALL"" ROUGE",B173,,
"STYLO POINTE FEUTRE ""PILOT VBALL"" VERT",,B177,,Autres consommables,AB01,,,,,,,,,,,1.0,1.35,2026-05-13,,"Catalogue IJM 2025, page 33",,1,"STYLO POINTE FEUTRE ""PILOT VBALL"" VERT",B177,,
"PORTE-MINES 0,5mm",,B179A,,Autres consommables,AB01,,,,,,,,,,,1.0,1.1,2026-05-13,,"Catalogue IJM 2025, page 33",,1,"PORTE-MINES 0,5mm",B179A,,
"ETUI de 12 MINES HB 0,5 mm",,B180,,Autres consommables,AB01,,,,,,,,,,,1.0,0.41,2026-05-13,,"Catalogue IJM 2025, page 33",,1,"ETUI de 12 MINES HB 0,5 mm",B180,,
CRAYON GRAPHITE HB,,B086,,Autres consommables,AB01,,,,,,,,,,,1.0,0.3,2026-05-13,,"Catalogue IJM 2025, page 33",,1,CRAYON GRAPHITE HB,B086,,
GOMME,,B130,,Autres consommables,AB01,,,,,,,,,,,1.0,0.67,2026-05-13,,"Catalogue IJM 2025, page 33",,1,GOMME,B130,,
"ROLLER de CORRECTION JETABLE 4,2mm",,B094,,Autres consommables,AB01,,,,,,,,,,,1.0,1.34,2026-05-13,,"Catalogue IJM 2025, page 33",,1,"ROLLER de CORRECTION JETABLE 4,2mm",B094,,
CORRECTEUR PINCEAU TIPP-EX flacon 22ml,,B0941,,Autres consommables,AB01,,,,,,,,,,,1.0,1.42,2026-05-13,,"Catalogue IJM 2025, page 33",,1,CORRECTEUR PINCEAU TIPP-EX flacon 22ml,B0941,,
"STYLO CORRECTEUR TIPP-EX Pointe 2,3mm, 8ml",,B095,,Autres consommables,AB01,,,,,,,,,,,1.0,2.19,2026-05-13,,"Catalogue IJM 2025, page 33",,1,"STYLO CORRECTEUR TIPP-EX Pointe 2,3mm, 8ml",B095,,
DÉVIDOIR pour ADHÉSIF de BUREAU Grand modèle,,B091,,Autres consommables,AB01,,,,,,,,,,,1.0,3.43,2026-05-13,,"Catalogue IJM 2025, page 33",,1,DÉVIDOIR pour ADHÉSIF de BUREAU Grand modèle,B091,,
DÉVIDOIR pour ADHÉSIF de BUREAU Lyreco,,B092,,Autres consommables,AB01,,,,,,,,,,,1.0,0.39,2026-05-13,,"Catalogue IJM 2025, page 33",,1,DÉVIDOIR pour ADHÉSIF de BUREAU Lyreco,B092,,
COLLE en TUBE,,B076,,Autres consommables,AB01,,,,,,,,,,,1.0,1.97,2026-05-13,,"Catalogue IJM 2025, page 33",,1,COLLE en TUBE,B076,,
COLLE GLUE 3 Multi-usage 3g,,B0761,,Autres consommables,AB01,3.0,,,,,,,,,,1.0,2.16,2026-05-13,,"Catalogue IJM 2025, page 33",,1,COLLE GLUE 3 Multi-usage 3g,B0761,,
COLLE en STICK 8g,,B077,,Autres consommables,AB01,8.0,,,,,,,,,,1.0,0.58,2026-05-13,,"Catalogue IJM 2025, page 33",,1,COLLE en STICK 8g,B077,,
RUBAN ADHESIF INVISIBLE 19mmx33m Type Scotch Magic 3M,,B003,,Autres consommables,AB01,,,,,,,,,,,1.0,1.69,2026-05-13,,"Catalogue IJM 2025, page 33",,1,RUBAN ADHESIF INVISIBLE 19mmx33m Type Scotch Magic 3M,B003,,
RUBAN SCOTCH CRISTAL 19mmx33m,,B0921,,Autres consommables,AB01,,,,,,,,,,,1.0,0.87,2026-05-13,,"Catalogue IJM 2025, page 33",,1,RUBAN SCOTCH CRISTAL 19mmx33m,B0921,,
RUBAN ADHESIF CRÈPE 19mmx25m Type tesa,,B005,,Autres consommables,AB01,,,,,,,,,,,1.0,0.74,2026-05-13,,"Catalogue IJM 2025, page 33",,1,RUBAN ADHESIF CRÈPE 19mmx25m Type tesa,B005,,
RUBAN ADHESIF CRÈPE 30mmx50m Type tesa,,B006,,Autres consommables,AB01,,,,,,,,,,,1.0,4.01,2026-05-13,,"Catalogue IJM 2025, page 33",,1,RUBAN ADHESIF CRÈPE 30mmx50m Type tesa,B006,,
"RUBAN ADHESIF DOUBLE FACE 12mmx6,3m sur dévidoir Type Tesa",,B007,,Autres consommables,AB01,,,,,,,,,,,1.0,3.07,2026-05-13,,"Catalogue IJM 2025, page 33",,1,"RUBAN ADHESIF DOUBLE FACE 12mmx6,3m sur dévidoir Type Tesa",B007,,
RUBAN ADHESIF (Marron) 50mmx66m Type havane,,B008,,Autres consommables,FA01,,,,,,,,,,,1.0,2.85,2026-05-13,,"Catalogue IJM 2025, page 33",,1,RUBAN ADHESIF (Marron) 50mmx66m Type havane,B008,,
"RUBAN FIXATION 3M Double-face 1,5mx19mm",,B009,,Autres consommables,AB01,,,,,,,,,,,1.0,3.08,2026-05-13,,"Catalogue IJM 2025, page 33",,1,"RUBAN FIXATION 3M Double-face 1,5mx19mm",B009,,
LINGETTES PRÉ-IMPRÉGNÉES Bte de 100,LYRECO,B0081,,Autres consommables,AB01,,,,,,,,,,,1.0,0.89,2026-05-13,,"Catalogue IJM 2025, page 33",,1,LINGETTES PRÉ-IMPRÉGNÉES Bte de 100,B0081,LYRECO,
NETTOYANT INFORMATIQUE (Mousse) Aérosol de 650ml,,B0082,,Autres consommables,AB01,,,,,,,,,,,1.0,4.22,2026-05-13,,"Catalogue IJM 2025, page 33",,1,NETTOYANT INFORMATIQUE (Mousse) Aérosol de 650ml,B0082,,
GAZ DÉPOUSSIÈRANT INFORMATIQUE Aérosol 650ml,,B0083,,Autres consommables,AB01,,,,,,,,,,,1.0,6.89,2026-05-13,,"Catalogue IJM 2025, page 33",,1,GAZ DÉPOUSSIÈRANT INFORMATIQUE Aérosol 650ml,B0083,,
CABLE de SÉCURITÉ à clé (Antivol) KENSINGTON (Vérifier compatibilité),OFFICEXPRESS,B21308,,Autres consommables,IA24,,,,,,,,,,,1.0,41.73,2026-05-13,,"Catalogue IJM 2025, page 33",,1,CABLE de SÉCURITÉ à clé (Antivol) KENSINGTON (Vérifier compatibilité),B21308,OFFICEXPRESS,
BADGE PORTE CARTE D'ACCES avec pince,,A050,,Autres consommables,AB01,,,,,,,,,,,1.0,1.06,2026-05-13,,"Catalogue IJM 2025, page 34",,1,BADGE PORTE CARTE D'ACCES avec pince,A050,,
CISEAUX de BUREAU 17cm,,B067A,,Autres consommables,AB01,,,,,,,,,,,1.0,0.67,2026-05-13,,"Catalogue IJM 2025, page 34",,1,CISEAUX de BUREAU 17cm,B067A,,
CUTTER Grand modèle,,B087,,Autres consommables,AB01,,,,,,,,,,,1.0,4.11,2026-05-13,,"Catalogue IJM 2025, page 34",,1,CUTTER Grand modèle,B087,,
CUTTER Petit modèle,,B088,,Autres consommables,AB01,,,,,,,,,,,1.0,1.96,2026-05-13,,"Catalogue IJM 2025, page 34",,1,CUTTER Petit modèle,B088,,
LAMES de CUTTER Grand modèle (Bte de 10),,B089,,Autres consommables,AB01,,,,,,,,,,,1.0,1.04,2026-05-13,,"Catalogue IJM 2025, page 34",,1,LAMES de CUTTER Grand modèle (Bte de 10),B089,,
LAMES de CUTTER Petit modèle (Bte de 10),,B090,,Autres consommables,AB01,,,,,,,,,,,1.0,0.54,2026-05-13,,"Catalogue IJM 2025, page 34",,1,LAMES de CUTTER Petit modèle (Bte de 10),B090,,
CORBEILLE à PAPIER Petit modèle,,B080,,Autres consommables,AB01,,,,,,,,,,,1.0,2.56,2026-05-13,,"Catalogue IJM 2025, page 34",,1,CORBEILLE à PAPIER Petit modèle,B080,,
BRACELET ELASTIQUE FIN Diam 120,,B051,,Autres consommables,AB01,,,,,,,,,,,1.0,0.74,2026-05-13,,"Catalogue IJM 2025, page 34",,1,BRACELET ELASTIQUE FIN Diam 120,B051,,
BRACELET ELASTIQUE LARGE Diam 120,,B054,,Autres consommables,AB01,,,,,,,,,,,1.0,1.07,2026-05-13,,"Catalogue IJM 2025, page 34",,1,BRACELET ELASTIQUE LARGE Diam 120,B054,,
PERFORATEUR 2 Trous,,B151,,Autres consommables,AB01,,,,,,,,,,,1.0,0.98,2026-05-13,,"Catalogue IJM 2025, page 34",,1,PERFORATEUR 2 Trous,B151,,
RALLONGE ELECTRIQUE 10m,,B152,,Autres consommables,BD21,,,,,,,,,,,1.0,18.51,2026-05-13,,"Catalogue IJM 2025, page 34",,1,RALLONGE ELECTRIQUE 10m,B152,,
BOITIER MULTIPRISES 3 Prises 4m,,B154,,Autres consommables,BD21,,,,,,,,,,,1.0,7.17,2026-05-13,,"Catalogue IJM 2025, page 34",,1,BOITIER MULTIPRISES 3 Prises 4m,B154,,
PILES LR61 9 volts,,B157A,,Autres consommables,TB12,,,,,,,,,,,1.0,3.1,2026-05-13,,"Catalogue IJM 2025, page 34",,1,PILES LR61 9 volts,B157A,,
PILES 9V/HR22 RECHARGEABLE EXTREME 175 mAh,,B157R,,Autres consommables,TB12,,,,,,,,,,,1.0,14.63,2026-05-13,,"Catalogue IJM 2025, page 34",,1,PILES 9V/HR22 RECHARGEABLE EXTREME 175 mAh,B157R,,
"PILES LR3/AAA 1,5 volt",,B158,,Autres consommables,TB12,,,,,,,,,,,4.0,4.31,2026-05-13,,"Catalogue IJM 2025, page 34",,1x4,"PILES LR3/AAA 1,5 volt",B158,,
PILES HR3/AAA RECHARGEABLES EXTREME 800 mAh,,B158R,,Autres consommables,TB12,,,,,,,,,,,4.0,7.55,2026-05-13,,"Catalogue IJM 2025, page 34",,1x4,PILES HR3/AAA RECHARGEABLES EXTREME 800 mAh,B158R,,
"PILES LR6/AA 1,5 volt",,B159A,,Autres consommables,TB12,,,,,,,,,,,4.0,4.31,2026-05-13,,"Catalogue IJM 2025, page 34",,1x4,"PILES LR6/AA 1,5 volt",B159A,,
PILES HR6/AA RECHARGEABLES EXTREME 2300 mAh,,B159R,,Autres consommables,TB12,,,,,,,,,,,4.0,7.55,2026-05-13,,"Catalogue IJM 2025, page 34",,1x4,PILES HR6/AA RECHARGEABLES EXTREME 2300 mAh,B159R,,
"PILES LR14/C 1,5 volt",EVEREADY GOLD,B161,,Autres consommables,TB12,,,,,,,,,,,2.0,1.5,2026-05-13,,"Catalogue IJM 2025, page 34",,1x2,"PILES LR14/C 1,5 volt",B161,EVEREADY GOLD,
"PILES LR20/D 1,5 volt",EVEREADY GOLD,B162,,Autres consommables,TB12,,,,,,,,,,,2.0,2.17,2026-05-13,,"Catalogue IJM 2025, page 34",,1x2,"PILES LR20/D 1,5 volt",B162,EVEREADY GOLD,
"PILES LR44/A76 1,5volts (Pour Minuteur/Décompteur)",,B163A,,Autres consommables,TB12,,,,,,,,,,,2.0,1.46,2026-05-13,,"Catalogue IJM 2025, page 34",,1x2,"PILES LR44/A76 1,5volts (Pour Minuteur/Décompteur)",B163A,,
PILES LITHIUM CR2032,,B164,,Autres consommables,TB12,,,,,,,,,,,1.0,0.47,2026-05-13,,"Catalogue IJM 2025, page 34",,1,PILES LITHIUM CR2032,B164,,
PINCE à DESSIN 41mm,,B165,,Autres consommables,AB01,,,,,,,,,,,1.0,0.09,2026-05-13,,"Catalogue IJM 2025, page 34",,1,PINCE à DESSIN 41mm,B165,,
PINCE à DESSIN 51mm,,B166,,Autres consommables,AB01,,,,,,,,,,,1.0,0.3,2026-05-13,,"Catalogue IJM 2025, page 34",,1,PINCE à DESSIN 51mm,B166,,
PORTE-CLEF ETIQUETTE,,B178,,Autres consommables,AB01,,,,,,,,,,,1.0,0.05,2026-05-13,,"Catalogue IJM 2025, page 34",,1,PORTE-CLEF ETIQUETTE,B178,,
PUNAISES (Bte de 100),,B1811,,Autres consommables,AB01,,,,,,,,,,,1.0,0.45,2026-05-13,,"Catalogue IJM 2025, page 34",,1,PUNAISES (Bte de 100),B1811,,
PUNAISES MAGNETIQUES ø22mm (x10),,B181,,Autres consommables,AB01,,,,,,,,,,,10.0,0.79,2026-05-13,,"Catalogue IJM 2025, page 34",,1x10,PUNAISES MAGNETIQUES ø22mm (x10),B181,,
RÈGLE PLATE 30cm,,B182A,,Autres consommables,AB01,,,,,,,,,,,1.0,0.27,2026-05-13,,"Catalogue IJM 2025, page 34",,1,RÈGLE PLATE 30cm,B182A,,
RÈGLE PLATE 40cm,,B184,,Autres consommables,AB01,,,,,,,,,,,1.0,0.33,2026-05-13,,"Catalogue IJM 2025, page 34",,1,RÈGLE PLATE 40cm,B184,,
COUPE PAPIER,,B200,,Autres consommables,AB01,,,,,,,,,,,1.0,0.47,2026-05-13,,"Catalogue IJM 2025, page 34",,1,COUPE PAPIER,B200,,
TAILLE CRAYON METAL,,B201,,Autres consommables,AB01,,,,,,,,,,,1.0,0.37,2026-05-13,,"Catalogue IJM 2025, page 34",,1,TAILLE CRAYON METAL,B201,,
TAILLE CRAYON Avec réservoir,,B202,,Autres consommables,AB01,,,,,,,,,,,1.0,0.6,2026-05-13,,"Catalogue IJM 2025, page 34",,1,TAILLE CRAYON Avec réservoir,B202,,
AGRAFES N° 26/6 (Bte de 1000),,B012,,Autres consommables,AB01,,,,,,,,,,,1.0,0.1,2026-05-13,,"Catalogue IJM 2025, page 34",,1,AGRAFES N° 26/6 (Bte de 1000),B012,,
AGRAFES N°10 (Bte de 1000),,B013,,Autres consommables,AB01,,,,,,,,,,,1.0,0.15,2026-05-13,,"Catalogue IJM 2025, page 34",,1,AGRAFES N°10 (Bte de 1000),B013,,
PINCE AGRAFEUSE (pour agrafes N°10),,B014,,Autres consommables,AB01,,,,,,,,,,,1.0,5.33,2026-05-13,,"Catalogue IJM 2025, page 34",,1,PINCE AGRAFEUSE (pour agrafes N°10),B014,,
ARRACHE-AGRAFES (Dégrafeur),,B015,,Autres consommables,AB01,,,,,,,,,,,1.0,0.21,2026-05-13,,"Catalogue IJM 2025, page 34",,1,ARRACHE-AGRAFES (Dégrafeur),B015,,
ATTACHE-LETTRE (Trombone) 32mm (Bte de100),,B016,,Autres consommables,AB01,,,,,,,,,,,1.0,0.28,2026-05-13,,"Catalogue IJM 2025, page 34",,1,ATTACHE-LETTRE (Trombone) 32mm (Bte de100),B016,,
ATTACHE-LETTRE GÉANTES 50x60mm (Bte de 50),,B016A,,Autres consommables,AB01,,,,,,,,,,,1.0,1.26,2026-05-13,,"Catalogue IJM 2025, page 34",,1,ATTACHE-LETTRE GÉANTES 50x60mm (Bte de 50),B016A,,
