nacres.code	nacres.description.fr	nacres.description.en	ceda.code	ceda.description	ceda.ef.kg.co2e.per.euro	ceda.uncertainty.attr.kg.co2e.per.euro	ceda.uncertainty.80pct.kg.co2e.per.euro	ademe.code	ademe.description	ademe.ef.kg.co2e.per.euro	ademe.uncertainty.attr.kg.co2e.per.euro	ademe.uncertainty.80pct.kg.co2e.per.euro	useeio.code	useeio.description	useeio.ef.kg.co2e.per.euro	useeio.uncertainty.attr.kg.co2e.per.euro	useeio.uncertainty.80pct.kg.co2e.per.euro	per1p5macro.ef.kg.co2e.per.euro	per1p5macro.uncertainty.attr.kg.co2e.per.euro	per1p5macro.uncertainty.80pct.kg.co2e.per.euro	meso.code	meso.description	meso.ef.kg.co2e.per.euro	meso.uncertainty.kg.co2e.per.euro	micro.code	micro.description	micro.ef.kg.co2e.per.euro	micro.uncertainty.kg.co2e.per.euro	method	per1p5.ef.kg.co2e.per.euro	per1p5.uncertainty.attr.kg.co2e.per.euro	per1p5.uncertainty.80pct.kg.co2e.per.euro	uncertainty.groupby	module	category	scope.source.v4	scope.source.v5
AA01	PAINS, PATISSERIES, VIENNOISERIES CONGELES	FROZEN BREADS, PASTRIES, PASTRIES						ADEME14	Produit agro-alimentaires transformes	1.0	0.0	0.8	311410	Frozen food	1.1	0.0	0.8800000000000001	1.1	0.06	0.8800000000000001									macro	1.1	0.1	0.8800000000000001	AA05	purchases	lab.life	9	4.1
AA02	PRODUITS CARNES CONGELES	FROZEN MEAT PRODUCTS						ADEME13	Produits agricoles et de la mer	2.3	0.0	1.84	311410	Frozen food	1.1	0.0	0.8800000000000001	1.5	0.69	1.2									macro	1.5	0.7	1.2	AA04	purchases	lab.life	9	4.1
AA03	PRODUITS DE LA MER OU DEAU DOUCE CONGELES	FROZEN SEA OR FRESH WATER PRODUCTS						ADEME13	Produits agricoles et de la mer	2.3	0.0	1.84	311410	Frozen food	1.1	0.0	0.8800000000000001	1.5	0.69	1.2									macro	1.5	0.7	1.2	AA04	purchases	lab.life	9	4.1
AA04	FRUITS ET LEGUMES CONGELES	FROZEN FRUITS AND VEGETABLES						ADEME13	Produits agricoles et de la mer	2.3	0.0	1.84	311410	Frozen food	1.1	0.0	0.8800000000000001	1.5	0.69	1.2									macro	1.5	0.7	1.2	AA04	purchases	lab.life	9	4.1
AA05	PREPARATIONS ALIMENTAIRES ET PLATS CUISINES CONGELES	FROZEN FOOD PREPARATIONS AND DISHES						ADEME14	Produit agro-alimentaires transformes	1.0	0.0	0.8	311410	Frozen food	1.1	0.0	0.8800000000000001	1.1	0.06	0.8800000000000001									macro	1.1	0.1	0.8800000000000001	AA05	purchases	lab.life	9	4.1
AA11	PAINS, PATISSERIES, VIENNOISERIES FRAIS	FRESH BREADS, PASTRIES AND PASTRIES						ADEME14	Produit agro-alimentaires transformes	1.0	0.0	0.8	311810	Bread and other baked goods	0.34	0.0	0.272	0.63	0.34	0.504									macro	0.63	0.34	0.504	AA11	purchases	lab.life	9	4.1
AA12	VIANDES FRAICHES - REFRIGEREES	FRESH MEAT - CHILLED						ADEME13	Produits agricoles et de la mer	2.3	0.0	1.84	31161A / 112300	Packaged meat (except poultry) / Poultry farms	1.9	0.8	1.52	2.0	0.6	1.6									macro	2.0	0.6	1.6	AA12	purchases	lab.life	9	4.1
AA13	PRODUITS DE LA MER OU DEAU DOUCE FRAIS	FRESH SEA OR FRESH WATER PRODUCTS						ADEME13	Produits agricoles et de la mer	2.3	0.0	1.84	311700	Seafood	0.5	0.0	0.4	1.2	0.98	0.96									macro	1.2	1.0	0.96	AA13	purchases	lab.life	9	4.1
AA14	FRUITS ET LEGUMES FRAIS OU REFRIGERES	FRESH OR CHILLED FRUITS AND VEGETABLES						ADEME13	Produits agricoles et de la mer	2.3	0.0	1.84	111200 / 111300	Fresh vegetables, melons, and potatoes / Fresh fruits and tree nuts	0.65	0.0	0.52	1.4	0.85	1.12									macro	1.4	0.9	1.12	AA14	purchases	lab.life	9	4.1
AA15	OEUFS ET PRODUITS LAITIERS	EGGS AND DAIRY PRODUCTS						ADEME13	Produits agricoles et de la mer	2.3	0.0	1.84	112300 / 31151A / 311513 / 311514	Poultry farms / Fluid milk and butter / Cheese / Dry, condensed, and evaporated dairy	1.7	0.29	1.36	1.9	0.44	1.52									macro	1.9	0.4	1.52	AA15	purchases	lab.life	9	4.1
AA16	PREPARATIONS ALIMENTAIRES ET PLATS CUISINES FRAIS - REFRIGERES	FOOD PREPARATIONS AND DISHES FRESH - CHILLED						ADEME14	Produit agro-alimentaires transformes	1.0	0.0	0.8	311990	All other foods	0.28	0.0	0.224	0.73	0.39	0.584									macro	0.73	0.39	0.584	AA32	purchases	lab.life	9	4.1
AA21	BOISSONS NON ALCOOLISEES	NON-ALCOHOLIC DRINKS						ADEME14	Produit agro-alimentaires transformes	1.0	0.0	0.8	312110	Soft drinks, bottled water, and ice	0.33	0.0	0.264	0.72	0.35	0.576									macro	0.72	0.35	0.576	AA21	purchases	lab.life	9	4.1
AA22	BOISSONS ALCOLISEES	ALCOHOLIC DRINKS						ADEME14	Produit agro-alimentaires transformes	1.0	0.0	0.8	312120 / 312130 / 312140	Breweries and beer / Wineries and wine / Distilleries and spirits	0.44	0.06	0.352	0.68	0.3	0.544									macro	0.68	0.3	0.544	AA22	purchases	lab.life	9	4.1
AA23	CONSERVES ET EPICERIE	CANNED FOOD AND GROCERIES						ADEME14	Produit agro-alimentaires transformes	1.0	0.0	0.8	311420 / 311300 / 311990	Fruit and vegetable preservation / Sugar, candy, and chocolate / All other foods	0.52	0.21	0.416	0.77	0.28	0.6160000000000001									macro	0.77	0.28	0.6160000000000001	AA23	purchases	lab.life	9	4.1
AA31	ALIMENTS ADAPTES A L'ENFANT	FOOD SUITABLE FOR CHILDREN						ADEME14	Produit agro-alimentaires transformes	1.0	0.0	0.8	311990	All other foods	0.28	0.0	0.224	0.73	0.39	0.584									macro	0.73	0.39	0.584	AA32	purchases	lab.life	9	4.1
AA32	ALIMENTS DIETETIQUES SANS FIN MEDICALE	DIETETIC FOOD WITHOUT MEDICAL PURPOSE						ADEME14	Produit agro-alimentaires transformes	1.0	0.0	0.8	311990	All other foods	0.28	0.0	0.224	0.73	0.39	0.584									macro	0.73	0.39	0.584	AA32	purchases	lab.life	9	4.1
AA41	CONSOMMABLES POUR LA RESTAURATION	CONSUMABLES FOR CATERING						ADEME14	Produit agro-alimentaires transformes	1.0	0.0	0.8	311225 / 311300 / 311420	Refined vegetable, olive, and seed oils / Sugar, candy, and chocolate / Fruit and vegetable preservation	0.69	0.09	0.5519999999999999	0.84	0.18	0.672									macro	0.84	0.18	0.672	AA41	purchases	lab.life	9	4.1
AA42	PETITES FOURNITURES POUR LA RESTAURATION	SMALL CATERING SUPPLIES						ADEME38	Consommables de bureau - Petites fournitures	0.37	0.0	0.296	322299 / 326190 / 327100 / 327200 / 332200	All other converted paper products / Other plastic products / Clay and ceramic products / Glass and glass products / Cutlery and handtools	0.54	0.34	0.4320000000000001	0.55	0.29	0.4400000000000001									macro	0.55	0.29	0.4400000000000001	AA42	purchases	lab.life	10	4.2
AA43	MOBILIER DE CUISINE ET DE SALLE DE RESTAURATION	KITCHEN AND DINING ROOM FURNITURE						ADEME20	Meubles et autres biens manufactures	0.5	0.0	0.4	337110 / 33712N / 337127	Wood kitchen cabinets and countertops / Other household nonupholstered furniture / Institutional furniture	0.66	0.35	0.528	0.55	0.25	0.4400000000000001									macro	0.55	0.25	0.4400000000000001	AA43	purchases	lab.life	10	4.2
AA44	EQUIPEMENTS DE CUISINE ET DE SALLE DE RESTAURATION (ELECTROMENAGER,_x001A_)	KITCHEN AND CATERING EQUIPMENT (APPLIANCES,...)						ADEME25	Machines et equipements	0.7	0.0	0.5599999999999999	335221 / 335222 / 335210 / 335228	Home cooking appliances / Home refrigerators and freezers / Small electrical appliances / Major home appliances (except ovens, stoves, refrigerators and laundry machines)	0.72	0.36	0.576	0.7	0.29	0.5599999999999999									macro	0.7	0.29	0.5599999999999999	AA44	purchases	lab.life	10	4.2
AA51	PETITES FOURNITURES POUR L'HOTELLERIE	SMALL SUPPLIES FOR THE HOTEL INDUSTRY						ADEME38	Consommables de bureau - Petites fournitures	0.37	0.0	0.296	332999 / 327200	Other fabricated metal manufacturing / Glass and glass products	0.7	0.26	0.5599999999999999	0.55	0.23	0.4400000000000001									macro	0.55	0.23	0.4400000000000001	AA51	purchases	lab.life	10	4.2
AA52	MOBILIER D'HOTELLERIE	HOTEL FURNITURE						ADEME20	Meubles et autres biens manufactures	0.5	0.0	0.4	337900 / 33721A / 337122 / 33712N	Mattresses, blinds and shades / Office furniture and custom architectural woodwork and millwork / Home furniture - wood, nonupholstered / Other household nonupholstered furniture	0.88	0.38	0.7040000000000001	0.62	0.33	0.496									macro	0.62	0.33	0.496	AA52	purchases	lab.life	10	4.2
AA53	EQUIPEMENT POUR L'HOTELLERIE ET LA BUANDERIE	HOTEL AND LAUNDRY EQUIPMENT						ADEME25	Machines et equipements	0.7	0.0	0.5599999999999999	335210 / 335221 / 335222 / 335224 / 335228	Small electrical appliances / Home cooking appliances / Home refrigerators and freezers / Home laundry machines / Major home appliances (except ovens, stoves, refrigerators and laundry machines)	0.7	0.31	0.5599999999999999	0.7	0.25	0.5599999999999999									macro	0.7	0.25	0.5599999999999999	AA53	purchases	lab.life	10	4.2
AA61	SERVICES DE RESTAURATION SOCIALE (RESTAURANT PROPRE A GESTION CONCEDEE)	SOCIAL CATERING SERVICES (OWN RESTAURANT UNDER MANAGEMENT)						ADEME04	Hebergement et restauration	0.32	0.0	0.256	(722210 ; 722211 ; 722A00) / 624A00	Full-service restaurants/Limited-service restaurants/All other food and drinking places / Community food, housing, and other relief services, including rehabilitation services	0.32	0.03	0.256	0.32	0.07	0.256									macro	0.32	0.07	0.256	CB22	purchases	lab.life	9	4.5
AA62	TICKETS ET CHEQUES REPAS	MEAL TICKETS AND VOUCHERS						ADEME04	Hebergement et restauration	0.32	0.0	0.256	(722210 ; 722211 ; 722A00) / 624A00	Full-service restaurants/Limited-service restaurants/All other food and drinking places / Community food, housing, and other relief services, including rehabilitation services	0.32	0.03	0.256	0.32	0.07	0.256									macro	0.32	0.07	0.256	CB22	purchases	lab.life	9	4.5
AA63	SERVICES DE TRAITEURS / PLATEAUX REPAS	CATERING SERVICES / MEAL TRAYS						ADEME04	Hebergement et restauration	0.32	0.0	0.256	(722210 ; 722211 ; 722A00)	Full-service restaurants/Limited-service restaurants/All other food and drinking places	0.3	0.0	0.24	0.34	0.05	0.272									macro	0.34	0.05	0.272	CB22	purchases	lab.life	9	4.5
AA64	SERVICES DE RESTAURATION EXTERIEURS (RESTAURANTS)	EXTERNAL CATERING SERVICES (RESTAURANTS)						ADEME04	Hebergement et restauration	0.32	0.0	0.256	(722210 ; 722211 ; 722A00)	Full-service restaurants/Limited-service restaurants/All other food and drinking places	0.3	0.0	0.24	0.34	0.05	0.272									macro	0.34	0.05	0.272	CB22	purchases	lab.life	9	4.5
AA65	SERVICES DE CONTROLES SANITAIRES ET DE QUALITE	SANITARY AND QUALITY CONTROL SERVICES						ADEME05	Services (imprimerie, publicite, architecture et ingenierie, maintenance multi-technique des batiments, gardiennage, nettoyage, securite, agence de voyage, autres services aux entreprises)	0.17	0.0	0.136	(722210 ; 722211 ; 722A00) / 813B00	Full-service restaurants/Limited-service restaurants/All other food and drinking places / Civic, social, professional, and similar organizations	0.24	0.08	0.192	0.25	0.11	0.2									macro	0.25	0.11	0.2	AA65	purchases	lab.life	9	4.5
AA66	SERVICES DE BLANCHISSERIE- PRESSING POUR LA RESTAURATION ET L'HOTELLERIE	LAUNDRY AND DRY CLEANING SERVICES FOR THE CATERING AND HOTEL INDUSTRY						ADEME05	Services (imprimerie, publicite, architecture et ingenierie, maintenance multi-technique des batiments, gardiennage, nettoyage, securite, agence de voyage, autres services aux entreprises)	0.17	0.0	0.136	812300	Dry-cleaning and laundry	0.22	0.0	0.176	0.21	0.03	0.168									macro	0.21	0.03	0.168	AA66	purchases	lab.life	9	4.5
AA71	REPARATION ET MAINTECE DES EQUIPEMENTS DE RESTAURATION ET DE CUISINE	REPAIR AND MAINTENANCE OF CATERING AND KITCHEN EQUIPMENT						ADEME07	Reparation et installation de machines et d'equipements	0.39	0.0	0.3120000000000001	811400	Household goods repair	0.11	0.0	0.08800000000000001	0.23	0.15	0.184									macro	0.23	0.15	0.184	AB11	purchases	lab.life	9	4.5
AA72	REPARATION ET MAINTECE DES EQUIPEMENTS D'HOTELLERIE ET BUANDERIE	REPAIR AND MAINTENANCE OF HOTEL AND LAUNDRY EQUIPMENT						ADEME07	Reparation et installation de machines et d'equipements	0.39	0.0	0.3120000000000001	811400	Household goods repair	0.11	0.0	0.08800000000000001	0.23	0.15	0.184									macro	0.23	0.15	0.184	AB11	purchases	lab.life	9	4.5
AB01	PETITES FOURNITURES ET PETITS EQUIPEMENTS DE BUREAU (HORS INFORMATIQUE)	SMALL OFFICE SUPPLIES AND EQUIPMENT (EXCLUDING COMPUTERS)						ADEME38	Consommables de bureau - Petites fournitures	0.37	0.0	0.296	339940	Office supplies (not paper)	0.58	0.0	0.464	0.5	0.12	0.4									macro	0.5	0.12	0.4	CG01	purchases	lab.life	10	4.2
AB02	MOBILIER DE BUREAU ET DE SALLES DE REUNION	OFFICE AND MEETING ROOM FURNITURE						ADEME20	Meubles et autres biens manufactures	0.5	0.0	0.4	33721A	Office furniture and custom architectural woodwork and millwork	0.45	0.0	0.36	0.42	0.09	0.336									macro	0.42	0.09	0.336	AB03	purchases	lab.life	10	4.2
AB03	MOBILIER ET EQUIPEMENTS SPECIFIQUES ERGONOMIQUES	SPECIFIC ERGONOMIC FURNITURE AND EQUIPMENT						ADEME20	Meubles et autres biens manufactures	0.5	0.0	0.4	33721A	Office furniture and custom architectural woodwork and millwork	0.45	0.0	0.36	0.42	0.09	0.336									macro	0.42	0.09	0.336	AB03	purchases	lab.life	10	4.2
AB11	REPARATION ET MAINTECE DES EQUIPEMENTS DE BUREAU ET DE SALLE DE REUNION	REPAIR AND MAINTENANCE OF OFFICE AND MEETING ROOM EQUIPMENT						ADEME07	Reparation et installation de machines et d'equipements	0.39	0.0	0.3120000000000001	811400	Household goods repair	0.11	0.0	0.08800000000000001	0.23	0.15	0.184									macro	0.23	0.15	0.184	AB11	purchases	lab.life	9	4.5
AC01	PAPIERS BLANCS OU COLORES COURANTS POUR IMPRESSION-REPROGRAPHIE	COMMON WHITE OR COLORED PAPERS FOR PRINTING-REPROGRAPHY						ADEME17	Papier et carton	0.9	0.0	0.7200000000000001	322230 / 322210	Stationery / Paper bags and coated paper	0.6	0.06	0.48	0.68	0.19	0.544									macro	0.68	0.19	0.544	AC01	purchases	lab.life	9	4.1
AC02	PAPIERS CARTONNES POUR IMPRESSION-REPROGRAPHIE	CARDBOARD PAPERS FOR PRINTING-REPROGRAPHY						ADEME17	Papier et carton	0.9	0.0	0.7200000000000001	322230	Stationery	0.56	0.0	0.4480000000000001	0.67	0.2	0.536									macro	0.67	0.2	0.536	AC01	purchases	lab.life	9	4.1
AC03	AUTRES SUPPORTS PAPIER SPECIFIQUES D'IMPRESSION-REPROGRAPHIE	OTHER SPECIFIC PAPER SUPPORTS FOR PRINTING-REPROGRAPHY						ADEME17	Papier et carton	0.9	0.0	0.7200000000000001	322210	Paper bags and coated paper	0.64	0.0	0.512	0.7	0.18	0.5599999999999999									macro	0.7	0.18	0.5599999999999999	AC01	purchases	lab.life	9	4.1
AC11	CONSOMMABLES POUR PHOTOCOPIEURS (ENCRES, AGRAPHES,_x001A_)	CONSUMABLES FOR PHOTOCOPIERS (INKS, STENCILS,...)						ADEME37	Consommables de bureau - Consommables bureautiques	0.92	0.0	0.7360000000000001	325910	Ink and ink cartridges	0.41	0.0	0.328	0.74	0.28	0.592									macro	0.74	0.28	0.592	IA22	purchases	lab.life	9	4.1
AC12	SUPPORTS SPECIFIQUES D'IMPRESSION	SPECIFIC PRINTING SUPPORTS						ADEME37	Consommables de bureau - Consommables bureautiques	0.92	0.0	0.7360000000000001	322230 / 323110	Stationery / Books, newspapers, magazines, and other print media	0.48	0.11	0.384	0.63	0.26	0.504									macro	0.63	0.26	0.504	AC12	purchases	lab.life	9	4.1
AC21	EQUIPEMENTS DE REPROGRAPHIE DE PROXIMITE	REPROGRAPHY EQUIPMENT OF PROXIMITY						ADEME26	Produits informatiques, electroniques et optiques	0.4	0.0	0.3200000000000001	333316	Photography and photocopying equipment	0.57	0.0	0.456	0.49	0.09	0.392									macro	0.49	0.09	0.392	IE36	purchases	lab.life	10	4.2
AC22	EQUIPEMENTS DE REPROGRAPHIE HAUT DEBIT POUR IMPRIMERIE	HIGH SPEED REPROGRAPHY EQUIPMENT FOR PRINTERS						ADEME26	Produits informatiques, electroniques et optiques	0.4	0.0	0.3200000000000001	333316	Photography and photocopying equipment	0.57	0.0	0.456	0.49	0.09	0.392									macro	0.49	0.09	0.392	IE36	purchases	lab.life	10	4.2
AC23	AUTRES EQUIPEMENTS POUR ATELIER DE REPROGRAPHIE	OTHER REPROGRAPHY SHOP EQUIPMENT						ADEME25	Machines et equipements	0.7	0.0	0.5599999999999999	333316	Photography and photocopying equipment	0.57	0.0	0.456	0.59	0.1	0.472									macro	0.59	0.1	0.472	AC23	purchases	lab.life	10	4.2
AC31	SERVICES D'IMPRESSION ET DE REPROGRAPHIE	PRINTING AND REPROGRAPHY SERVICES						ADEME05	Services (imprimerie, publicite, architecture et ingenierie, maintenance multi-technique des batiments, gardiennage, nettoyage, securite, agence de voyage, autres services aux entreprises)	0.17	0.0	0.136	323110	Books, newspapers, magazines, and other print media	0.4	0.0	0.3200000000000001	0.35	0.16	0.28									macro	0.35	0.16	0.28	AC31	purchases	lab.life	9	4.5
AC41	REPARATION ET MAINTECE DES EQUIPEMENTS DE REPROGRAPHIE DE PROXIMITE	REPAIR AND MAINTENANCE OF LOCAL REPROGRAPHIC EQUIPMENT						ADEME07	Reparation et installation de machines et d'equipements	0.39	0.0	0.3120000000000001	811300	Commercial machinery repair	0.19	0.0	0.152	0.24	0.13	0.192									macro	0.24	0.13	0.192	UF43	purchases	lab.life	9	4.5
AC42	REPARATION ET MAINTECE DES EQUIPEMENTS DE REPROGRAPHIE HAUT DEBIT	REPAIR AND MAINTENANCE OF HIGH-SPEED REPROGRAPHIC EQUIPMENT						ADEME07	Reparation et installation de machines et d'equipements	0.39	0.0	0.3120000000000001	811300	Commercial machinery repair	0.19	0.0	0.152	0.24	0.13	0.192									macro	0.24	0.13	0.192	UF43	purchases	lab.life	9	4.5
AC43	REPARATION ET MAINTECE DES AUTRES EQUIPEMENTS D'ATELIER DE REPROGRAPHIE	REPAIR AND MAINTENANCE OF OTHER REPROGRAPHY WORKSHOP EQUIPMENT						ADEME07	Reparation et installation de machines et d'equipements	0.39	0.0	0.3120000000000001	811300	Commercial machinery repair	0.19	0.0	0.152	0.24	0.13	0.192									macro	0.24	0.13	0.192	UF43	purchases	lab.life	9	4.5
AD01	ACCESSOIRES ET PIECES DETACHEES POUR LE PARC DE VEHICULES	ACCESSORIES AND SPARE PARTS FOR THE VEHICLE FLEET						ADEME24	Produits metalliques, sauf machines et equipements	0.6	0.0	0.48	(336310 ; 336320 ; 336350 ; 336360 ; 336370 ; 336390 ; 3363A0 )	Vehicle engines and engine parts/Vehicle electrical and electronic equipment/Transmission and power train parts/Vehicle seating and interior trim (upholstery)/Vehicle metal stamping/Other vehicle parts/Motor vehicle steering, suspension components (except spring), and brake systems	0.42	0.0	0.336	0.6	0.18	0.48									macro	0.6	0.18	0.48	AD01	purchases	lab.life	10	4.2
AD02	MATERIEL, OUTILLAGE ET EQUIPEMENTS DE GARAGE	GARAGE EQUIPMENT AND TOOLS						ADEME24	Produits metalliques, sauf machines et equipements	0.6	0.0	0.48	332999	Other fabricated metal manufacturing	0.52	0.0	0.416	0.55	0.05	0.4400000000000001									macro	0.55	0.05	0.4400000000000001	AD02	purchases	lab.life	10	4.2
AD03	PRODUITS POUR L'ENTRETIEN DES VEHICULES	PRODUCTS FOR VEHICLE MAINTENANCE						ADEME21	Produits chimiques	1.6	0.0	1.28	324190 / 325110 / 325190	Other petroleum and coal products / Petrochemicals / Other basic organic chemicals	1.3	0.38	1.04	1.3	0.47	1.04									macro	1.3	0.5	1.04	AD03	purchases	lab.life	9	4.1
AD04	MATERIEL D'ESSAIS DE CHOCS ET ACCESSOIRES	IMPACT TEST EQUIPMENT AND ACCESSORIES						ADEME20	Meubles et autres biens manufactures	0.5	0.0	0.4	33399A	Welding and Soldering Equipment, Scales and Balances, and other general purpose machinery	0.2	0.0	0.16	0.38	0.15	0.304									macro	0.38	0.15	0.304	AD04	purchases	lab.life	10	4.2
AD11	VEHICULES AUTOMOBILES DE TRANSPORT DE PERSONNES (ACHAT OU LOC. LONGUE DUREE)	PASSENGER VEHICLES (PURCHASE OR LONG TERM RENTAL)						ADEME08	Transport terrestre	0.56	0.0	0.4480000000000001	336111	Automobiles	0.5	0.0	0.4	0.56	0.06	0.4480000000000001									macro	0.56	0.06	0.4480000000000001	AD11	purchases	lab.life	10	4.2
AD12	VEHICULES AUTOMOBILES DE TRANSPORT EN COMMUN (ACHAT OU LOC. LONGUE DUREE)	PUBLIC TRANSPORT VEHICLES (PURCHASE OR LONG TERM RENTAL)						ADEME08	Transport terrestre	0.56	0.0	0.4480000000000001	336120	Heavy duty trucks	0.39	0.0	0.3120000000000001	0.49	0.09	0.392									macro	0.49	0.09	0.392	AD12	purchases	lab.life	10	4.2
AD13	VEHICULES AUTOMOBILES DE TRANSPORT DE MARCHANDISES (ACHAT OU LOC. LONGUE DUREE)	MOTOR VEHICLES FOR GOODS TRANSPORT (PURCHASE OR LONG TERM RENTAL)						ADEME08	Transport terrestre	0.56	0.0	0.4480000000000001	336112 / 336120	Pickup trucks, vans, and SUVs / Heavy duty trucks	0.36	0.04	0.288	0.51	0.13	0.408									macro	0.51	0.13	0.408	AD13	purchases	lab.life	10	4.2
AD14	CYCLES ET CYCLOMOTEURS	CYCLES AND MOPEDS						ADEME08	Transport terrestre	0.56	0.0	0.4480000000000001	336991	Motorcycle, bicycle, and parts	0.18	0.0	0.144	0.51	0.31	0.408									macro	0.51	0.31	0.408	AD14	purchases	lab.life	10	4.2
AD15	VEHICULES TRACTES	TOWED VEHICLES						ADEME27	Materiel de transport	0.7	0.0	0.5599999999999999	336214	Travel trailer and campers	0.56	0.0	0.4480000000000001	0.67	0.1	0.536									macro	0.67	0.1	0.536	AD15	purchases	lab.life	10	4.2
AD21	CARBURANTS A LA POMPE (AUTOMOBILES)	FUELS AT THE PUMP (AUTOMOBILES)						ADEME08	Transport terrestre	0.56	0.0	0.4480000000000001	324190	Other petroleum and coal products	1.1	0.0	0.8800000000000001	0.69	0.37	0.5519999999999999									macro	0.69	0.37	0.5519999999999999	AD23	vehicles	lab.life	2	1.2
AD22	KEROSENE	KEROSENE						ADEME10	Transport aerien	1.2	0.0	0.96	324190	Other petroleum and coal products	1.1	0.0	0.8800000000000001	0.9	0.43	0.7200000000000001									macro	0.9	0.43	0.7200000000000001	AD22	vehicles	lab.life	2	1.2
AD23	CARBURANTS STOCKES	STORED FUELS						ADEME08	Transport terrestre	0.56	0.0	0.4480000000000001	324190	Other petroleum and coal products	1.1	0.0	0.8800000000000001	0.69	0.37	0.5519999999999999									macro	0.69	0.37	0.5519999999999999	AD23	vehicles	lab.life	2	1.2
AD24	CARBURANT POUR NAVIRES	FUEL FOR SHIPS						ADEME09	Transport fluvial et maritime	0.59	0.0	0.472	324190	Other petroleum and coal products	1.1	0.0	0.8800000000000001	0.7	0.37	0.5599999999999999									macro	0.7	0.37	0.5599999999999999	AD24	vehicles	lab.life	2	1.2
AD25	RECHARGE ELECTRIQUE POUR VEHICULES	ELECTRIC RECHARGE FOR VEHICLES						ADEME08	Transport terrestre	0.56	0.0	0.4480000000000001			0.0	0.0	0.0	0.56	0.0	0.4480000000000001									macro	0.56	0.0	0.4480000000000001	AD25	vehicles	lab.life	6	2.1
AD31	CONTROLES TECHNIQUES DES VEHICULES	TECHNICAL CONTROL OF VEHICLES						ADEME05	Services (imprimerie, publicite, architecture et ingenierie, maintenance multi-technique des batiments, gardiennage, nettoyage, securite, agence de voyage, autres services aux entreprises)	0.17	0.0	0.136	811100	Vehicle repair	0.18	0.0	0.144	0.19	0.02	0.152									macro	0.19	0.02	0.152	AD31	purchases	lab.life	9	4.5
AD32	SERVICES DE GESTION DE FLOTTE AUTOMOBILE	FLEET MANAGEMENT SERVICES						ADEME05	Services (imprimerie, publicite, architecture et ingenierie, maintenance multi-technique des batiments, gardiennage, nettoyage, securite, agence de voyage, autres services aux entreprises)	0.17	0.0	0.136	561100	Office administration	0.09	0.0	0.072	0.12	0.04	0.096									macro	0.12	0.04	0.096	AD44	purchases	lab.life	9	4.5
AD41	ENTRETIEN ET REPARATION DU PARC VEHICULE	FLEET MAINTENANCE AND REPAIR						ADEME07	Reparation et installation de machines et d'equipements	0.39	0.0	0.3120000000000001	811100	Vehicle repair	0.18	0.0	0.144	0.26	0.11	0.208									macro	0.26	0.11	0.208	UD23	purchases	lab.life	9	4.5
AD42	NETTOYAGE DES VEHICULES	VEHICLE CLEANING						ADEME05	Services (imprimerie, publicite, architecture et ingenierie, maintenance multi-technique des batiments, gardiennage, nettoyage, securite, agence de voyage, autres services aux entreprises)	0.17	0.0	0.136	811100	Vehicle repair	0.18	0.0	0.144	0.25	0.13	0.2									macro	0.25	0.13	0.2	AD42	purchases	lab.life	9	4.5
AD43	MAINTECE DU MATERIEL ET DE L'OUTILLAGE DE GARAGE	MAINTENANCE OF GARAGE EQUIPMENT AND TOOLS						ADEME07	Reparation et installation de machines et d'equipements	0.39	0.0	0.3120000000000001	811300	Commercial machinery repair	0.19	0.0	0.152	0.24	0.13	0.192									macro	0.24	0.13	0.192	UF43	purchases	lab.life	9	4.5
AD44	NE PLUS UTILISER AD.32	DO NOT USE AD.32 ANYMORE						ADEME05	Services (imprimerie, publicite, architecture et ingenierie, maintenance multi-technique des batiments, gardiennage, nettoyage, securite, agence de voyage, autres services aux entreprises)	0.17	0.0	0.136	561100	Office administration	0.09	0.0	0.072	0.12	0.04	0.096									macro	0.12	0.04	0.096	AD44	purchases	lab.life	9	4.5
AD45	ENTRETIEN MAINTECE DE BORNES DE RECHARGE ELECTRIQUE	MAINTENANCE AND MAINTENANCE OF ELECTRIC CHARGING STATIONS						ADEME07	Reparation et installation de machines et d'equipements	0.39	0.0	0.3120000000000001	811300	Commercial machinery repair	0.19	0.0	0.152	0.24	0.13	0.192									macro	0.24	0.13	0.192	UF43	purchases	lab.life	9	4.5
AE01	VETEMENTS, CHAUSSURES ET ACCESSOIRES (HORS EPI)	CLOTHES, SHOES AND ACCESSORIES (EXCEPT EPI)						ADEME19	Textile et habillement	0.6	0.0	0.48	339920 / 314900	Sporting and athletic goods / Other textiles	0.77	0.06	0.6160000000000001	0.69	0.1	0.5519999999999999									macro	0.69	0.1	0.5519999999999999	AE01	purchases	lab.life	10	4.2
AE02	PETITES FOURNITURES DE SPORT	SMALL SPORTS SUPPLIES						ADEME20	Meubles et autres biens manufactures	0.5	0.0	0.4	339920	Sporting and athletic goods	0.8	0.0	0.6400000000000001	0.65	0.15	0.52									macro	0.65	0.15	0.52	AE03	purchases	lab.life	10	4.2
AE03	EQUIPEMENTS DE SPORT (POUR INFRASTRUCTURES,_x001A_)	SPORTS EQUIPMENT (FOR INFRASTRUCTURES,...)						ADEME20	Meubles et autres biens manufactures	0.5	0.0	0.4	339920	Sporting and athletic goods	0.8	0.0	0.6400000000000001	0.65	0.15	0.52									macro	0.65	0.15	0.52	AE03	purchases	lab.life	10	4.2
AE11	INSTRUMENTS DE MUSIQUE ET ACCESSOIRES	MUSICAL INSTRUMENTS AND ACCESSORIES						ADEME20	Meubles et autres biens manufactures	0.5	0.0	0.4	339990	Gaskets, seals, musical instruments, fasteners, brooms, brushes, mop and other misc. goods	0.19	0.0	0.152	0.32	0.16	0.256									macro	0.32	0.16	0.256	AE11	purchases	lab.life	10	4.2
AE21	JEUX EDUCATIFS	EDUCATIONAL GAMES						ADEME20	Meubles et autres biens manufactures	0.5	0.0	0.4	339930	Dolls, toys, and games	4.0	0.0	3.2	1.7	2.0	1.36									macro	1.7	2.0	1.36	AE25	purchases	lab.life	10	4.2
AE22	FOURNITURES ET EQUIPEMENTS POUR ACTIVITES EXTERIEURES	SUPPLIES AND EQUIPMENT FOR OUTDOOR ACTIVITIES						ADEME25	Machines et equipements	0.7	0.0	0.5599999999999999	339920	Sporting and athletic goods	0.8	0.0	0.6400000000000001	0.72	0.08	0.576									macro	0.72	0.08	0.576	UA52	purchases	lab.life	10	4.2
AE23	AUTRES FOURNITURES ET EQUIPEMENTS POUR ACTIVITES RECREATIVES	OTHER SUPPLIES AND EQUIPMENT FOR RECREATIONAL ACTIVITIES						ADEME25	Machines et equipements	0.7	0.0	0.5599999999999999	339920	Sporting and athletic goods	0.8	0.0	0.6400000000000001	0.72	0.08	0.576									macro	0.72	0.08	0.576	UA52	purchases	lab.life	10	4.2
AE24	JOUETS	TOYS						ADEME20	Meubles et autres biens manufactures	0.5	0.0	0.4	339930	Dolls, toys, and games	4.0	0.0	3.2	1.7	2.0	1.36									macro	1.7	2.0	1.36	AE25	purchases	lab.life	10	4.2
AE25	FIGURINES	FIGURES						ADEME20	Meubles et autres biens manufactures	0.5	0.0	0.4	339930	Dolls, toys, and games	4.0	0.0	3.2	1.7	2.0	1.36									macro	1.7	2.0	1.36	AE25	purchases	lab.life	10	4.2
AE26	PELUCHES	PELUCHS						ADEME19	Textile et habillement	0.6	0.0	0.48	339930	Dolls, toys, and games	4.0	0.0	3.2	1.7	2.0	1.36									macro	1.7	2.0	1.36	AE25	purchases	lab.life	10	4.2
AE27	ARTICLES TEXTILES ET BIJOUX	TEXTILE ARTICLES AND JEWELRY						ADEME19	Textile et habillement	0.6	0.0	0.48	339910 / 314900	Jewelry and silverware / Other textiles	0.51	0.3	0.408	0.55	0.25	0.4400000000000001									macro	0.55	0.25	0.4400000000000001	AE27	purchases	lab.life	10	4.2
AE31	REPARATION ET MAINTECE DES EQUIPEMENTS DE SPORT	REPAIR AND MAINTENANCE OF SPORTS EQUIPMENT						ADEME07	Reparation et installation de machines et d'equipements	0.39	0.0	0.3120000000000001	811300	Commercial machinery repair	0.19	0.0	0.152	0.24	0.13	0.192									macro	0.24	0.13	0.192	UB22	purchases	lab.life	9	4.5
AE32	REPARATION ET MAINTECE DES INSTRUMENTS DE MUSIQUE	REPAIR AND MAINTENANCE OF MUSICAL INSTRUMENTS						ADEME07	Reparation et installation de machines et d'equipements	0.39	0.0	0.3120000000000001	811300	Commercial machinery repair	0.19	0.0	0.152	0.24	0.13	0.192									macro	0.24	0.13	0.192	UB22	purchases	lab.life	9	4.5
AE33	REPARATION ET MAINTECE DES EQUIPEMENTS POUR ACTIVITES RECREATIVES	REPAIR AND MAINTENANCE OF EQUIPMENT FOR RECREATIONAL ACTIVITIES						ADEME07	Reparation et installation de machines et d'equipements	0.39	0.0	0.3120000000000001	811300	Commercial machinery repair	0.19	0.0	0.152	0.24	0.13	0.192									macro	0.24	0.13	0.192	UB22	purchases	lab.life	9	4.5
AE41	SERVICES D'ORGANISATION ET DE PROMOTION DES MANIF. SPORTIVES (HORS EVENEMENTIEL)	SERVICES FOR THE ORGANIZATION AND PROMOTION OF SPORTS EVENTS (EXCEPT FOR EVENTS)						ADEME34	Activites sportives, recreatives et de loisirs	0.27	0.0	0.216	711A00	Promoters and agents	0.12	0.0	0.096	0.18	0.08	0.144									macro	0.18	0.08	0.144	AE44	purchases	lab.life	9	4.5
AE42	SERVICES D'EVALUATION, D'ENREGISTREMENT OU DE CONTROLE DES PRESTATIONS SPORTIVES	SERVICES OF EVALUATION, REGISTRATION OR CONTROL OF SPORTS PERFORMANCES						ADEME34	Activites sportives, recreatives et de loisirs	0.27	0.0	0.216	711A00	Promoters and agents	0.12	0.0	0.096	0.18	0.08	0.144									macro	0.18	0.08	0.144	AE44	purchases	lab.life	9	4.5
AE43	SERVICES D'EXPLOITATION DES INSTALLATIONS SPORTIVES	SPORTS FACILITIES OPERATION SERVICES						ADEME34	Activites sportives, recreatives et de loisirs	0.27	0.0	0.216	713900	Golf courses, marinas, ski resorts, fitness and other rec centers and industries	0.35	0.0	0.28	0.34	0.07	0.272									macro	0.34	0.07	0.272	AE43	purchases	lab.life	9	4.5
AE44	AUTRES SERVICES POUR LE SPORT	OTHER SERVICES FOR SPORTS						ADEME34	Activites sportives, recreatives et de loisirs	0.27	0.0	0.216	711A00	Promoters and agents	0.12	0.0	0.096	0.18	0.08	0.144									macro	0.18	0.08	0.144	AE44	purchases	lab.life	9	4.5
AE51	SERVICES D'ANIMATION RECREATIFS	RECREATIONAL ANIMATION SERVICES						ADEME34	Activites sportives, recreatives et de loisirs	0.27	0.0	0.216	711A00	Promoters and agents	0.12	0.0	0.096	0.18	0.08	0.144									macro	0.18	0.08	0.144	AE44	purchases	lab.life	9	4.5
AE52	AUTRES SERVICES RECREATIFS	OTHER RECREATIONAL SERVICES						ADEME34	Activites sportives, recreatives et de loisirs	0.27	0.0	0.216	711A00	Promoters and agents	0.12	0.0	0.096	0.18	0.08	0.144									macro	0.18	0.08	0.144	AE44	purchases	lab.life	9	4.5
AF01	MOBILIER PEDAGOGIQUE	EDUCATIONAL FURNITURE						ADEME20	Meubles et autres biens manufactures	0.5	0.0	0.4	33721A / 337215	Office furniture and custom architectural woodwork and millwork / Shelving and lockers	0.56	0.16	0.4480000000000001	0.52	0.17	0.416									macro	0.52	0.17	0.416	AF01	purchases	lab.life	10	4.2
AF11	ARTICLES DE DECORATION ET D'ORNEMENT	DECORATIVE AND ORNAMENTAL ITEMS						ADEME20	Meubles et autres biens manufactures	0.5	0.0	0.4	339930 / 33721A	Dolls, toys, and games / Office furniture and custom architectural woodwork and millwork	2.2	2.5	1.76	1.1	1.8	0.8800000000000001									macro	1.1	1.8	0.8800000000000001	AF11	purchases	lab.life	10	4.2
AF21	LOCATION DE SALLES DE COURTE DUREE (HORS EVENEMENTIEL)	SHORT-TERM ROOM RENTALS (EXCLUDING EVENTS)						ADEME33	Activites creatives, artistiques et de spectacle; Biblioth_x001A_ques, archives, musees et autres activites culturelles; _x001A_ Organisation de jeux de hasard et d'argent	0.21	0.0	0.168	531ORE / 713900	Other real estate / Golf courses, marinas, ski resorts, fitness and other rec centers and industries	0.41	0.08	0.328	0.31	0.13	0.248									macro	0.31	0.13	0.248	AF21	purchases	lab.life	14	4.4
AF31	CARTES MULTISERVICES	MULTISERVICE CARDS						ADEME26	Produits informatiques, electroniques et optiques	0.4	0.0	0.3200000000000001	334610	External hard drives, CDs, other storage media	0.09	0.0	0.072	0.33	0.21	0.264									macro	0.33	0.21	0.264	AF31	purchases	lab.life	9	4.1
AF32	SYSTEMES DE CREATION ET DE GESTION DE CARTES MULTISERVICES	SYSTEMS FOR THE CREATION AND MANAGEMENT OF MULTISERVICE CARDS						ADEME26	Produits informatiques, electroniques et optiques	0.4	0.0	0.3200000000000001	561400 / 334610	Business support / External hard drives, CDs, other storage media	0.13	0.05	0.104	0.28	0.2	0.224									macro	0.28	0.2	0.224	AF32	purchases	lab.life	10	4.2
AF33	REPAR. ET MAINTECE DE SYSTEMES DE CREATION ET DE GESTION DE CARTES MULTISERVICES	REPAIR. AND MAINTENANCE OF SYSTEMS FOR THE CREATION AND MANAGEMENT OF MULTISERVICE CARDS						ADEME07	Reparation et installation de machines et d'equipements	0.39	0.0	0.3120000000000001	811200	Electronic  equipment repair and maintenance	0.11	0.0	0.08800000000000001	0.21	0.16	0.168									macro	0.21	0.16	0.168	UG43	purchases	lab.life	9	4.5
BA01	ELECTRICITE DISTRIBUEE	DISTRIBUTED ELECTRICITY							Compte ailleurs / Consommation energetique	0.0	0.0	0.0	221100	Electricity	4.2	0.0	3.36	3.1	2.8	2.48									macro	3.1	2.8	2.48	BA01	energy	lab.life	6	2.1
BA02	COMBUSTIBLES GAZEUX DISTRIBUES	DISTRIBUTED GASEOUS FUELS						ADEME21	Produits chimiques	1.6	0.0	1.28	221200	Natural gas	0.94	0.0	0.752	1.3	0.34	1.04									macro	1.3	0.3	1.04	BA02	energy	lab.life	1	1.1
BA03	EAU COURANTE	RUNNING WATER						CUSTOM / CUSTOM	Eau de ville en France (min) / Eau de ville en France (max)	0.03	0.01	0.024	221300	Drinking water and wastewater treatment	0.73	0.0	0.584	0.55	0.45	0.4400000000000001									macro	0.55	0.45	0.4400000000000001	BA03	purchases	lab.life	9	4.1
BA04	FIOUL DOMESTIQUE	DOMESTIC FUEL OIL							Compte ailleurs / Consommation energetique	0.0	0.0	0.0	324190	Other petroleum and coal products	1.1	0.0	0.8800000000000001	0.5	0.56	0.4									macro	0.5	0.56	0.4	BA04	energy	lab.life	1	1.1
BA05	CHAUFFAGE URBAIN	DISTRICT HEATING							Compte ailleurs / Consommation energetique	0.0	0.0	0.0	324190	Other petroleum and coal products	1.1	0.0	0.8800000000000001	0.5	0.56	0.4									macro	0.5	0.56	0.4	BA05	energy	lab.life	1	1.1
BA06	AUTRES COMBUSTIBLES (BOIS DE CHAUFFAGE,_x001A_)	OTHER FUELS (FIREWOOD,...)						ADEME18	Bois et article en bois	0.5	0.0	0.4	113000	Timber and raw forest products	0.34	0.0	0.272	0.43	0.08	0.344									macro	0.43	0.08	0.344	BA06	energy	lab.life	1	1.1
BA11	MATERIEL DE STOCKAGE DES FLUIDES (CUVES A FIOUL,_x001A_)	FLUID STORAGE EQUIPMENT (FUEL TANKS,...)						ADEME24	Produits metalliques, sauf machines et equipements	0.6	0.0	0.48	332420	Heavy gauge metal tanks	0.21	0.0	0.168	0.52	0.28	0.416									macro	0.52	0.28	0.416	VA11	purchases	lab.life	10	4.2
BB01	PRODUITS ET PETITES FOURNITURES D'HYGIENE ET DE TOILETTE	PRODUCTS AND SMALL SUPPLIES FOR HYGIENE AND TOILETRY						ADEME21	Produits chimiques	1.6	0.0	1.28	325620 / 322291	Toiletries / Sanitary paper (tissues, napkins, diapers, etc.)	0.61	0.18	0.488	0.95	0.59	0.76									macro	0.95	0.59	0.76	BB01	purchases	lab.life	9	4.1
BB02	PRODUITS ET PETITES FOURNITURES D'ENTRETIEN MENAGER	PRODUCTS AND SMALL SUPPLIES FOR HOUSEKEEPING						ADEME21	Produits chimiques	1.6	0.0	1.28	325610	Soap and cleaning compounds	0.46	0.0	0.368	0.88	0.63	0.7040000000000001									macro	0.88	0.63	0.7040000000000001	NB34	purchases	lab.life	9	4.1
BB03	MATERIEL POUR L'ENTRETIEN DES LOCAUX	MATERIALS FOR THE MAINTENANCE OF PREMISES						ADEME20	Meubles et autres biens manufactures	0.5	0.0	0.4	325610 / 339990	Soap and cleaning compounds / Gaskets, seals, musical instruments, fasteners, brooms, brushes, mop and other misc. goods	0.32	0.19	0.256	0.46	0.17	0.368									macro	0.46	0.17	0.368	BB03	purchases	lab.life	10	4.2
BB04	MATERIELS POUR LE TRAITEMENT DES DECHETS	MATERIALS FOR WASTE TREATMENT						ADEME20	Meubles et autres biens manufactures	0.5	0.0	0.4	339990	Gaskets, seals, musical instruments, fasteners, brooms, brushes, mop and other misc. goods	0.19	0.0	0.152	0.41	0.19	0.328									macro	0.41	0.19	0.328	BB04	purchases	lab.life	10	4.2
BB11	SERVICES DE NETTOYAGE COURANT DES LOCAUX	ROUTINE CLEANING SERVICES OF PREMISES						ADEME05	Services (imprimerie, publicite, architecture et ingenierie, maintenance multi-technique des batiments, gardiennage, nettoyage, securite, agence de voyage, autres services aux entreprises)	0.17	0.0	0.136	561200 / 812900	Facilities support / Pet care, photofinishing, parking and other sundry services	0.21	0.08	0.168	0.18	0.05	0.144									macro	0.18	0.05	0.144	BB14	purchases	lab.life	9	4.5
BB12	SERVICES DE NETTOYAGE SPECIALISE DES LOCAUX	SPECIALIZED PREMISES CLEANING SERVICES						ADEME05	Services (imprimerie, publicite, architecture et ingenierie, maintenance multi-technique des batiments, gardiennage, nettoyage, securite, agence de voyage, autres services aux entreprises)	0.17	0.0	0.136	561200 / 812900	Facilities support / Pet care, photofinishing, parking and other sundry services	0.21	0.08	0.168	0.18	0.05	0.144									macro	0.18	0.05	0.144	BB14	purchases	lab.life	9	4.5
BB13	SERVICES DE NETTOYAGE DES VITRES	WINDOW CLEANING SERVICES						ADEME05	Services (imprimerie, publicite, architecture et ingenierie, maintenance multi-technique des batiments, gardiennage, nettoyage, securite, agence de voyage, autres services aux entreprises)	0.17	0.0	0.136	561200 / 812900	Facilities support / Pet care, photofinishing, parking and other sundry services	0.21	0.08	0.168	0.18	0.05	0.144									macro	0.18	0.05	0.144	BB14	purchases	lab.life	9	4.5
BB14	SERVICES DE NETTOYAGE ET D'ENTRETIEN DES LOCAUX SENSIBLES	SENSITIVE PREMISES CLEANING AND MAINTENANCE SERVICES						ADEME05	Services (imprimerie, publicite, architecture et ingenierie, maintenance multi-technique des batiments, gardiennage, nettoyage, securite, agence de voyage, autres services aux entreprises)	0.17	0.0	0.136	561200 / 812900	Facilities support / Pet care, photofinishing, parking and other sundry services	0.21	0.08	0.168	0.18	0.05	0.144									macro	0.18	0.05	0.144	BB14	purchases	lab.life	9	4.5
BB21	SERVICES DE DESINFECTION	DISINFECTION SERVICES						ADEME05	Services (imprimerie, publicite, architecture et ingenierie, maintenance multi-technique des batiments, gardiennage, nettoyage, securite, agence de voyage, autres services aux entreprises)	0.17	0.0	0.136	561200	Facilities support	0.27	0.0	0.216	0.2	0.06	0.16									macro	0.2	0.06	0.16	BC12	purchases	lab.life	9	4.5
BB22	SERVICES DE DERATISATION	DERATIZATION SERVICES						ADEME05	Services (imprimerie, publicite, architecture et ingenierie, maintenance multi-technique des batiments, gardiennage, nettoyage, securite, agence de voyage, autres services aux entreprises)	0.17	0.0	0.136	561200	Facilities support	0.27	0.0	0.216	0.2	0.06	0.16									macro	0.2	0.06	0.16	BC12	purchases	lab.life	9	4.5
BB23	SERVICES DE DESINSECTISATION	INSECT CONTROL SERVICES						ADEME05	Services (imprimerie, publicite, architecture et ingenierie, maintenance multi-technique des batiments, gardiennage, nettoyage, securite, agence de voyage, autres services aux entreprises)	0.17	0.0	0.136	561200	Facilities support	0.27	0.0	0.216	0.2	0.06	0.16									macro	0.2	0.06	0.16	BC12	purchases	lab.life	9	4.5
BB24	SERVICES DE DECONTAMINATION NUCLEAIRE, BIOLOGIQUE OU CHIMIQUE	NUCLEAR, BIOLOGICAL OR CHEMICAL DECONTAMINATION SERVICES						ADEME05	Services (imprimerie, publicite, architecture et ingenierie, maintenance multi-technique des batiments, gardiennage, nettoyage, securite, agence de voyage, autres services aux entreprises)	0.17	0.0	0.136	562000 / 561200	Waste management and remediation / Facilities support	1.1	1.2	0.8800000000000001	0.76	1.1	0.6080000000000001									macro	0.76	1.1	0.6080000000000001	BB36	purchases	lab.life	9	4.5
BB31	SERVICES DE TRAITEMENT DES DECHETS CHIMIQUES ET ASSIMILES	CHEMICAL AND SIMILAR WASTE TREATMENT SERVICES						ADEME05	Services (imprimerie, publicite, architecture et ingenierie, maintenance multi-technique des batiments, gardiennage, nettoyage, securite, agence de voyage, autres services aux entreprises)	0.17	0.0	0.136	562000 / 561200	Waste management and remediation / Facilities support	1.1	1.2	0.8800000000000001	0.76	1.1	0.6080000000000001									macro	0.76	1.1	0.6080000000000001	BB36	purchases	lab.life	11	4.3
BB32	SERV. TRAITMNT DECHETS BIOLOG. ET D'ACTIVIT. DE SOINS A RISQUES INFECTIEUX (DAS)	SERV. TREATMENT OF BIOLOG. WASTE AND WASTE FROM INFECTIOUS CARE ACTIVITIES OF CARE WITH INFECTIOUS RISKS (DAS)						ADEME05	Services (imprimerie, publicite, architecture et ingenierie, maintenance multi-technique des batiments, gardiennage, nettoyage, securite, agence de voyage, autres services aux entreprises)	0.17	0.0	0.136	562000 / 561200	Waste management and remediation / Facilities support	1.1	1.2	0.8800000000000001	0.76	1.1	0.6080000000000001									macro	0.76	1.1	0.6080000000000001	BB36	purchases	lab.life	11	4.3
BB33	SERVICES DE TRAITEMENT DES DECHETS RADIOACTIFS D'ACTIVITES NUCLEAIRES	TREATMENT SERVICES FOR RADIOACTIVE WASTE FROM NUCLEAR ACTIVITIES						ADEME05	Services (imprimerie, publicite, architecture et ingenierie, maintenance multi-technique des batiments, gardiennage, nettoyage, securite, agence de voyage, autres services aux entreprises)	0.17	0.0	0.136	562000 / 561200	Waste management and remediation / Facilities support	1.1	1.2	0.8800000000000001	0.76	1.1	0.6080000000000001									macro	0.76	1.1	0.6080000000000001	BB36	purchases	lab.life	11	4.3
BB34	SERVICES DE TRAITEMENT DES DECHETS DEEE	WASTE TREATMENT SERVICES FOR DEEE						ADEME05	Services (imprimerie, publicite, architecture et ingenierie, maintenance multi-technique des batiments, gardiennage, nettoyage, securite, agence de voyage, autres services aux entreprises)	0.17	0.0	0.136	562000 / 561200	Waste management and remediation / Facilities support	1.1	1.2	0.8800000000000001	0.76	1.1	0.6080000000000001									macro	0.76	1.1	0.6080000000000001	BB36	purchases	lab.life	11	4.3
BB35	SERVICES DE TRAITEMENT DES DECHETS PAPIER	PAPER WASTE TREATMENT SERVICES						ADEME05	Services (imprimerie, publicite, architecture et ingenierie, maintenance multi-technique des batiments, gardiennage, nettoyage, securite, agence de voyage, autres services aux entreprises)	0.17	0.0	0.136	562000 / 561200	Waste management and remediation / Facilities support	1.1	1.2	0.8800000000000001	0.76	1.1	0.6080000000000001									macro	0.76	1.1	0.6080000000000001	BB36	purchases	lab.life	11	4.3
BB36	SERVICES DE TRAITEMENT DES AUTRES DECHETS (MENAGERS, INDUSTRIELS,_x001A_)	TREATMENT SERVICES OF OTHER WASTES (HOUSEHOLD, INDUSTRIAL,...)						ADEME05	Services (imprimerie, publicite, architecture et ingenierie, maintenance multi-technique des batiments, gardiennage, nettoyage, securite, agence de voyage, autres services aux entreprises)	0.17	0.0	0.136	562000 / 561200	Waste management and remediation / Facilities support	1.1	1.2	0.8800000000000001	0.76	1.1	0.6080000000000001									macro	0.76	1.1	0.6080000000000001	BB36	purchases	lab.life	11	4.3
BB41	REPARATION ET MAINTECE DU MATERIEL D'ENTRETIEN DES LOCAUX	REPAIR AND MAINTENANCE OF THE EQUIPMENT OF MAINTENANCE OF PREMISES						ADEME07	Reparation et installation de machines et d'equipements	0.39	0.0	0.3120000000000001	811300	Commercial machinery repair	0.19	0.0	0.152	0.24	0.13	0.192									macro	0.24	0.13	0.192	UF43	purchases	lab.life	9	4.5
BB42	REPARATION ET MAINTECE DU MATERIEL POUR LE TRAITEMENT DES DECHETS	REPAIR AND MAINTENANCE OF WASTE TREATMENT EQUIPMENT						ADEME07	Reparation et installation de machines et d'equipements	0.39	0.0	0.3120000000000001	811300	Commercial machinery repair	0.19	0.0	0.152	0.24	0.13	0.192									macro	0.24	0.13	0.192	UF43	purchases	lab.life	9	4.5
BC01	SERVICES DE GARDIENNAGE ET DE SECURITE	SECURITY AND GUARDING SERVICES						ADEME05	Services (imprimerie, publicite, architecture et ingenierie, maintenance multi-technique des batiments, gardiennage, nettoyage, securite, agence de voyage, autres services aux entreprises)	0.17	0.0	0.136	561600 / 561700	Investigation and security / Buildings and dwellings services	0.16	0.08	0.128	0.2	0.15	0.16									macro	0.2	0.15	0.16	BC02	purchases	lab.life	9	4.5
BC02	SERVICES DE TELESURVEILLANCE	TELESURVEILLANCE SERVICES						ADEME05	Services (imprimerie, publicite, architecture et ingenierie, maintenance multi-technique des batiments, gardiennage, nettoyage, securite, agence de voyage, autres services aux entreprises)	0.17	0.0	0.136	561600 / 561700	Investigation and security / Buildings and dwellings services	0.16	0.08	0.128	0.2	0.15	0.16									macro	0.2	0.15	0.16	BC02	purchases	lab.life	9	4.5
BC03	SERVICES D'ACCUEIL	RECEPTION SERVICES						ADEME05	Services (imprimerie, publicite, architecture et ingenierie, maintenance multi-technique des batiments, gardiennage, nettoyage, securite, agence de voyage, autres services aux entreprises)	0.17	0.0	0.136	561100	Office administration	0.09	0.0	0.072	0.12	0.04	0.096									macro	0.12	0.04	0.096	BC03	purchases	lab.life	9	4.5
BC11	CONTR_x001A_LES RELATIFS A L'ENVIRONNEMENT (EAU, EAUX USEES, INCINERATEURS_x001A_)	ENVIRONMENTAL CONTROLS (WATER, WASTE WATER, INCINERATORS...)						ADEME05	Services (imprimerie, publicite, architecture et ingenierie, maintenance multi-technique des batiments, gardiennage, nettoyage, securite, agence de voyage, autres services aux entreprises)	0.17	0.0	0.136	5416A0	Environmental and other technical consulting services	0.07	0.0	0.05600000000000001	0.12	0.05	0.096	MLD2	Eurofins	0.07	0.056					meso	0.07	0.06	0.05600000000000001	BC11	purchases	lab.life	9	4.5
BC12	CONTR_x001A_LES REGLEMENTAIRES DES EQUIPEMENTS DES BATIMENTS	REGULATORY CONTROLS OF BUILDING EQUIPMENTS						ADEME05	Services (imprimerie, publicite, architecture et ingenierie, maintenance multi-technique des batiments, gardiennage, nettoyage, securite, agence de voyage, autres services aux entreprises)	0.17	0.0	0.136	561200	Facilities support	0.27	0.0	0.216	0.2	0.06	0.16	MLD2	Eurofins	0.07	0.056					meso	0.07	0.06	0.05600000000000001	BC12	purchases	lab.life	9	4.5
BC13	SERVICES D'ANALYSES ET ESSAIS DES PRODUITS ET EQUIPEMENTS (hors scientifique)	PRODUCTS AND EQUIPMENT TESTING SERVICES (except scientific)						ADEME05	Services (imprimerie, publicite, architecture et ingenierie, maintenance multi-technique des batiments, gardiennage, nettoyage, securite, agence de voyage, autres services aux entreprises)	0.17	0.0	0.136	561900	Other support services	0.19	0.0	0.152	0.18	0.01	0.144	MLD2	Eurofins	0.07	0.056					meso	0.07	0.06	0.05600000000000001	UA37	purchases	lab.life	9	4.5
BD01	MATERIAUX ET CONSOM. PR LA CONSTRUCT. ET L'ENTRETIEN DES BATIMENTS ET INFRASTR.	MATERIALS AND CONSUM. FOR CONSTRUCTION AND MAINTENANCE OF BUILDINGS AND INFRASTRUCTURES AND MAINTENANCE OF BUILDINGS AND INFRASTRUCTURES						ADEME12	Construction	0.36	0.0	0.288	327320 / 327330 / 324122	Ready-mix concrete / Concrete pipe, bricks, and blocks / Asphalt shingles	1.0	0.37	0.8	0.83	0.65	0.664									macro	0.83	0.65	0.664	BD01	purchases	lab.life	10	4.2
BD02	FOURNITURES POUR LES INSTALLATIONS ELECTRIQUES DES BATIMENTS ET INFRASTRUCTURES	SUPPLIES FOR ELECTRICAL INSTALLATIONS OF BUILDINGS AND INFRASTRUCTURES						ADEME24	Produits metalliques, sauf machines et equipements	0.6	0.0	0.48	335311	Specialty transformers	0.41	0.0	0.328	0.46	0.12	0.368									macro	0.46	0.12	0.368	BD02	purchases	lab.life	10	4.2
BD03	FOURNITURES DE PLOMBERIE	PLUMBING SUPPLIES						ADEME24	Produits metalliques, sauf machines et equipements	0.6	0.0	0.48	332913	Metal plumbing drains, faucets, valves, and other fittings	0.38	0.0	0.304	0.41	0.18	0.328									macro	0.41	0.18	0.328	BD03	purchases	lab.life	10	4.2
BD04	OUTILLAGE POUR LA CONSTRUCTION ET L'ENTRETIEN DES B_x001A_TIMENTS ET INFRASTRUCTURES	TOOLS FOR THE CONSTRUCTION AND MAINTENANCE OF BUILDINGS AND INFRASTRUCTURES						ADEME24	Produits metalliques, sauf machines et equipements	0.6	0.0	0.48	333120	Construction machinery	0.23	0.0	0.184	0.43	0.19	0.344									macro	0.43	0.19	0.344	BD04	purchases	lab.life	10	4.2
BD05	BATIMENTS PREFABRIQUES OU MODULAIRES	PREFABRICATED OR MODULAR BUILDINGS						ADEME12	Construction	0.36	0.0	0.288	2334A0	Other residential structures	0.39	0.0	0.3120000000000001	0.4	0.05	0.3200000000000001									macro	0.4	0.05	0.3200000000000001	BD05	purchases	lab.life	9	4.5
BD11	PORTES, FENETRES ET MENUISERIES	DOORS, WINDOWS AND JOINERY						ADEME12	Construction	0.36	0.0	0.288	321910	Wooden windows, door, and flooring	0.35	0.0	0.28	0.43	0.13	0.344									macro	0.43	0.13	0.344	BD11	purchases	lab.life	10	4.2
BD12	FOURNITURES POUR LE REVETEMENT DES MURS ET PLAFONDS	SUPPLIES FOR WALL AND CEILING COVERING						ADEME12	Construction	0.36	0.0	0.288	325510	Paints and coatings	0.46	0.0	0.368	0.49	0.15	0.392									macro	0.49	0.15	0.392	BD12	purchases	lab.life	10	4.2
BD13	FOURNITURES POUR LE REVETEMENT DES SOLS	SUPPLIES FOR FLOOR COVERING						ADEME12	Construction	0.36	0.0	0.288	326190	Other plastic products	0.05	0.0	0.04000000000000001	0.38	0.33	0.304									macro	0.38	0.33	0.304	BD13	purchases	lab.life	10	4.2
BD14	FOURNITURES ET EQUIPEMENTS D'ORNEMENT DES LOCAUX	SUPPLIES AND EQUIPMENT FOR THE DECORATION OF PREMISES						ADEME20	Meubles et autres biens manufactures	0.5	0.0	0.4	332999 / 332320	Other fabricated metal manufacturing / Metal windows, doors, and architectural products	0.45	0.1	0.36	0.52	0.12	0.416									macro	0.52	0.12	0.416	BD14	purchases	lab.life	9	4.2
BD15	QUINCALLERIE POUR L'AMENAGEMENT ET L'ENTRETIEN DES BATIMENTS	HARDWARE FOR BUILDING FURNISHING AND MAINTENANCE						ADEME24	Produits metalliques, sauf machines et equipements	0.6	0.0	0.48	332500	Metal hinges, keys, lock, and other hardware	0.29	0.0	0.232	0.44	0.15	0.352									macro	0.44	0.15	0.352	RA23	purchases	lab.life	10	4.2
BD21	PETITES FOURNITURES ELECTRIQUES POUR L'EQUIPEMENT DES BATIMENTS ET INFRASTR.	SMALL ELECTRICAL SUPPLIES FOR THE EQUIPMENT OF BUILDINGS AND INFRASTRUCTURES						ADEME24	Produits metalliques, sauf machines et equipements	0.6	0.0	0.48	335999 / 335210	other miscellaneous electrical equipment and components / Small electrical appliances	0.75	0.68	0.6000000000000001	0.59	0.44	0.472									macro	0.59	0.44	0.472	BD21	purchases	lab.life	10	4.2
BD22	GROS EQUIPEMENTS DES INSTALLATIONS ELECTRIQUES	LARGE EQUIPMENT FOR ELECTRICAL INSTALLATIONS						ADEME25	Machines et equipements	0.7	0.0	0.5599999999999999	335311	Specialty transformers	0.41	0.0	0.328	0.5	0.18	0.4									macro	0.5	0.18	0.4	BD22	purchases	lab.life	10	4.2
BD23	EQUIPEMENTS MECANIQUES POUR BATIMENTS	MECHANICAL EQUIPMENT FOR BUILDINGS						ADEME25	Machines et equipements	0.7	0.0	0.5599999999999999	332500	Metal hinges, keys, lock, and other hardware	0.29	0.0	0.232	0.47	0.21	0.376									macro	0.47	0.21	0.376	BD23	purchases	lab.life	10	4.2
BD24	EQUIPEMENTS DE CHAUFFAGE, VENTILATION, CLIMATISATION (HORS BAT. EXPERIMENTAUX)	HEATING, VENTILATION AND AIR-CONDITIONING EQUIPMENT (EXCLUDING EXPERIMENTAL BUILDINGS)						ADEME25	Machines et equipements	0.7	0.0	0.5599999999999999	333414	Heating equipment other than warm air furnaces	0.45	0.0	0.36	0.48	0.2	0.384									macro	0.48	0.2	0.384	BD24	purchases	lab.life	10	4.2
BD25	EQUIPEMENTS SANITAIRES ET DE PLOMBERIE POUR L'EQUIPEMENT DES BATIMENTS	SANITARY AND PLUMBING EQUIPMENT FOR BUILDINGS						ADEME25	Machines et equipements	0.7	0.0	0.5599999999999999	333414 / 333415	Heating equipment other than warm air furnaces / Air conditioning, refrigeration, and warm air heating equipment	0.65	0.28	0.52	0.61	0.25	0.488									macro	0.61	0.25	0.488	BD25	purchases	lab.life	10	4.2
BD26	FOURNITURES ET EQUIPEMENT DE SIGNALISATION DES BATIMENTS ET INFRASTRUCTURES	SUPPLIES AND SIGNALLING EQUIPMENT FOR BUILDINGS AND INFRASTRUCTURES						ADEME25	Machines et equipements	0.7	0.0	0.5599999999999999	339950	Signs	0.46	0.0	0.368	0.53	0.15	0.424									macro	0.53	0.15	0.424	BD26	purchases	lab.life	10	4.2
BD27	FOURNITURES ET EQUIPEMENTS DE SECURITE (SYSTEMES D'ALARMES, EXTINCTEURS,_x001A_)	SECURITY SUPPLIES AND EQUIPMENT (ALARM SYSTEMS, FIRE EXTINGUISHERS,...)						ADEME25	Machines et equipements	0.7	0.0	0.5599999999999999	334300	Audio and video equipment	1.4	0.0	1.12	0.93	0.39	0.7440000000000001									macro	0.93	0.39	0.7440000000000001	BD27	purchases	lab.life	10	4.2
BE01	MACONNERIE, DEMOLITION ET DESAMIANTAGE	MASONRY, DEMOLITION AND ASBESTOS REMOVAL						ADEME12	Construction	0.36	0.0	0.288	233230	Manufacturing structures	0.4	0.0	0.3200000000000001	0.37	0.03	0.296									macro	0.37	0.03	0.296	BE09	purchases	lab.life	9	4.5
BE02	MENUISERIE, SERRURERIE	CARPENTRY, LOCKSMITHING						ADEME12	Construction	0.36	0.0	0.288	233230	Manufacturing structures	0.4	0.0	0.3200000000000001	0.37	0.03	0.296									macro	0.37	0.03	0.296	BE09	purchases	lab.life	9	4.5
BE03	ETANCHEITE, BARDAGE, COUVERTURE ET ZINGUERIE	WATERPROOFING, CLADDING, ROOFING AND ZINC WORK						ADEME12	Construction	0.36	0.0	0.288	233230	Manufacturing structures	0.4	0.0	0.3200000000000001	0.37	0.03	0.296									macro	0.37	0.03	0.296	BE09	purchases	lab.life	9	4.5
BE04	PLATRERIE, CLOISONS SECHES, FAUX PLAFONDS	PLASTERING, DRYWALL, FALSE CEILINGS						ADEME12	Construction	0.36	0.0	0.288	233230	Manufacturing structures	0.4	0.0	0.3200000000000001	0.37	0.03	0.296									macro	0.37	0.03	0.296	BE09	purchases	lab.life	9	4.5
BE05	PEINTURES, REVETEMENTS DE SOLS, RAVALEMENT	PAINTING, FLOOR COVERINGS, RESTORATION						ADEME12	Construction	0.36	0.0	0.288	233230	Manufacturing structures	0.4	0.0	0.3200000000000001	0.37	0.03	0.296									macro	0.37	0.03	0.296	BE09	purchases	lab.life	9	4.5
BE06	ELECTRICITE SUR INSTALLATIONS ELECTRIQUES DES BATIMENTS	ELECTRICITY ON ELECTRICAL INSTALLATIONS OF BUILDINGS						ADEME12	Construction	0.36	0.0	0.288	233230	Manufacturing structures	0.4	0.0	0.3200000000000001	0.37	0.03	0.296									macro	0.37	0.03	0.296	BE09	purchases	lab.life	9	4.5
BE07	CVC, PLOMBERIE ET FLUIDES SPECIAUX	HVAC, PLUMBING AND SPECIAL FLUIDS						ADEME12	Construction	0.36	0.0	0.288	233230	Manufacturing structures	0.4	0.0	0.3200000000000001	0.37	0.03	0.296									macro	0.37	0.03	0.296	BE09	purchases	lab.life	9	4.5
BE08	VOIRIE RESEAUX DISTRIBUTION (VRD)	ROADS AND DISTRIBUTION NETWORKS (VRD)						ADEME12	Construction	0.36	0.0	0.288	233230	Manufacturing structures	0.4	0.0	0.3200000000000001	0.37	0.03	0.296									macro	0.37	0.03	0.296	BE09	purchases	lab.life	9	4.5
BE09	AUTRES TRAVAUX D'AMENAGEMENT DES BATIMENTS	OTHER WORKS OF ARRANGEMENT OF THE BUILDINGS						ADEME12	Construction	0.36	0.0	0.288	233230	Manufacturing structures	0.4	0.0	0.3200000000000001	0.37	0.03	0.296									macro	0.37	0.03	0.296	BE09	purchases	lab.life	9	4.5
BE11	REPARATION ET MAINTECE DES EQUIPEMENTS MECANIQUES DES BATIMENTS	REPAIR AND MAINTENANCE OF MECHANICAL EQUIPMENT OF BUILDINGS						ADEME07	Reparation et installation de machines et d'equipements	0.39	0.0	0.3120000000000001	230301	Nonresidential maintenance and repair	0.54	0.0	0.4320000000000001	0.43	0.1	0.344									macro	0.43	0.1	0.344	BE17	purchases	lab.life	9	4.5
BE12	REPARATION ET MAINTECE DES CHAMBRES FROIDES	REPAIR AND MAINTENANCE OF COLD ROOMS						ADEME07	Reparation et installation de machines et d'equipements	0.39	0.0	0.3120000000000001	230301	Nonresidential maintenance and repair	0.54	0.0	0.4320000000000001	0.43	0.1	0.344									macro	0.43	0.1	0.344	BE17	purchases	lab.life	9	4.5
BE13	REPARATION ET MAINTECE DES EQUIPEMENTS DE SECURITE	REPAIR AND MAINTENANCE OF SECURITY EQUIPMENT						ADEME07	Reparation et installation de machines et d'equipements	0.39	0.0	0.3120000000000001	230301	Nonresidential maintenance and repair	0.54	0.0	0.4320000000000001	0.43	0.1	0.344									macro	0.43	0.1	0.344	BE17	purchases	lab.life	9	4.5
BE14	REPARATION ET MAINTECE DES INSTALLATIONS ET EQUIPEMENTS ELECTRIQUES	REPAIR AND MAINTENANCE OF ELECTRICAL INSTALLATIONS AND EQUIPMENT						ADEME07	Reparation et installation de machines et d'equipements	0.39	0.0	0.3120000000000001	230301	Nonresidential maintenance and repair	0.54	0.0	0.4320000000000001	0.43	0.1	0.344									macro	0.43	0.1	0.344	BE17	purchases	lab.life	9	4.5
BE15	REPAR. ET MAINTECE EQUIPMTS CLIMATISATION, VENTILATION, CHAUFFAGE, RESERVOIRS	REPAIR. REPAIR AND MAINTENANCE OF AIR CONDITIONING, VENTILATION, HEATING, TANKS						ADEME07	Reparation et installation de machines et d'equipements	0.39	0.0	0.3120000000000001	230301	Nonresidential maintenance and repair	0.54	0.0	0.4320000000000001	0.43	0.1	0.344									macro	0.43	0.1	0.344	BE17	purchases	lab.life	9	4.5
BE16	REPARATION ET MAINTECE DES EQUIPEMENTS SANITAIRES ET PLOMBERIE	REPAIR AND MAINTENANCE OF SANITARY AND PLUMBING EQUIPMENT						ADEME07	Reparation et installation de machines et d'equipements	0.39	0.0	0.3120000000000001	230301	Nonresidential maintenance and repair	0.54	0.0	0.4320000000000001	0.43	0.1	0.344									macro	0.43	0.1	0.344	BE17	purchases	lab.life	9	4.5
BE17	REPARATION ET MAINTECE DES AUTRES EQUIPEMENTS DES BATIMENTS	REPAIR AND MAINTENANCE OF OTHER BUILDING EQUIPMENT						ADEME07	Reparation et installation de machines et d'equipements	0.39	0.0	0.3120000000000001	230301	Nonresidential maintenance and repair	0.54	0.0	0.4320000000000001	0.43	0.1	0.344									macro	0.43	0.1	0.344	BE17	purchases	lab.life	9	4.5
BE21	NE PLUS UTILISER	NO LONGER IN USE						ADEME12	Construction	0.36	0.0	0.288			0.0	0.0	0.0	0.36	0.0	0.288									macro	0.36	0.0	0.288	BE21	purchases	lab.life	9	4.5
BF01	TRAVAUX DE CONSTRUCTION NEUVE	NEW CONSTRUCTION WORKS						ADEME12	Construction	0.36	0.0	0.288	233230 / 2332D0	Manufacturing structures / Other nonresidential structures	0.44	0.05	0.352	0.39	0.06	0.3120000000000001									macro	0.39	0.06	0.3120000000000001	BF03	purchases	lab.life	9	4.5
BF02	TRAVAUX DE REHABILITATION OU DE REUTILISATION	REHABILITATION OR REUSE WORK						ADEME12	Construction	0.36	0.0	0.288	230301	Nonresidential maintenance and repair	0.54	0.0	0.4320000000000001	0.42	0.11	0.336									macro	0.42	0.11	0.336	BF03	purchases	lab.life	9	4.5
BF03	TRAVAUX DE MISE EN SECURITE OU DE MISE EN CONFORMITE REGLEMENTAIRE	SAFETY OR REGULATORY COMPLIANCE WORK						ADEME12	Construction	0.36	0.0	0.288	230301	Nonresidential maintenance and repair	0.54	0.0	0.4320000000000001	0.42	0.11	0.336									macro	0.42	0.11	0.336	BF03	purchases	lab.life	9	4.5
BF11	ASSISTANCE A LA MAITRISE D'OUVRAGE, CONDUITE D'OPERATIONS, APP	ASSISTANCE TO THE OWNER, MANAGEMENT OF OPERATIONS, PROJECT MANAGEMENT						ADEME05	Services (imprimerie, publicite, architecture et ingenierie, maintenance multi-technique des batiments, gardiennage, nettoyage, securite, agence de voyage, autres services aux entreprises)	0.17	0.0	0.136	541300	Architectural, engineering, and related services	0.17	0.0	0.136	0.16	0.02	0.128									macro	0.16	0.02	0.128	BF15	purchases	lab.life	9	4.5
BF12	MAITRISE D'OEUVRE ET INGENIERIE	PROJECT MANAGEMENT AND ENGINEERING						ADEME05	Services (imprimerie, publicite, architecture et ingenierie, maintenance multi-technique des batiments, gardiennage, nettoyage, securite, agence de voyage, autres services aux entreprises)	0.17	0.0	0.136	541300	Architectural, engineering, and related services	0.17	0.0	0.136	0.16	0.02	0.128									macro	0.16	0.02	0.128	BF15	purchases	lab.life	9	4.5
BF13	ETUDES PREALABLES (TOPOGRAPHIE, ETUDES DE SOL, PROSPECTION_x001A_), PROGRAMMATION	PRELIMINARY STUDIES (TOPOGRAPHY, SOIL SURVEYS, PROSPECTING...), PROGRAMMING						ADEME05	Services (imprimerie, publicite, architecture et ingenierie, maintenance multi-technique des batiments, gardiennage, nettoyage, securite, agence de voyage, autres services aux entreprises)	0.17	0.0	0.136	541300	Architectural, engineering, and related services	0.17	0.0	0.136	0.16	0.02	0.128									macro	0.16	0.02	0.128	BF15	purchases	lab.life	9	4.5
BF14	CONTROLES TECHNIQUES, MISSIONS DE SECURITE, CSPS	TECHNICAL CONTROLS, SAFETY MISSIONS, CSPS						ADEME05	Services (imprimerie, publicite, architecture et ingenierie, maintenance multi-technique des batiments, gardiennage, nettoyage, securite, agence de voyage, autres services aux entreprises)	0.17	0.0	0.136	541300	Architectural, engineering, and related services	0.17	0.0	0.136	0.16	0.02	0.128									macro	0.16	0.02	0.128	BF15	purchases	lab.life	9	4.5
BF15	DIAGNOSTICS, ORDONCEMENT-PILOTAGE-COORDINATION (OPC), SSI	DIAGNOSES, ORDERING-PILOTING-COORDINATION (OPC), SSI						ADEME05	Services (imprimerie, publicite, architecture et ingenierie, maintenance multi-technique des batiments, gardiennage, nettoyage, securite, agence de voyage, autres services aux entreprises)	0.17	0.0	0.136	541300	Architectural, engineering, and related services	0.17	0.0	0.136	0.16	0.02	0.128									macro	0.16	0.02	0.128	BF15	purchases	lab.life	9	4.5
BG01	PRODUITS PHYTOSANITAIRES POUR ESPACES VERTS	PHYTOSANITARY PRODUCTS FOR GREEN SPACES						ADEME21	Produits chimiques	1.6	0.0	1.28	325320	Pesticides	0.21	0.0	0.168	0.89	0.69	0.7120000000000001									macro	0.89	0.69	0.7120000000000001	QA24	purchases	lab.life	9	4.1
BG02	SEMENCES, ARBRES, PLANTES ET FLEURS POUR ESPACES VERTS	SEEDS, TREES, PLANTS AND FLOWERS FOR GREEN SPACES						ADEME13	Produits agricoles et de la mer	2.3	0.0	1.84	111400	Greenhouse crops, mushrooms, nurseries, and flowers	0.42	0.0	0.336	1.3	0.94	1.04									macro	1.3	0.9	1.04	BG02	purchases	lab.life	9	4.1
BG03	PETITES FOURNITURES POUR ESPACES VERTS	SMALL SUPPLIES FOR GREEN SPACES						ADEME20	Meubles et autres biens manufactures	0.5	0.0	0.4	333112	Lawn and garden equipment	0.65	0.0	0.52	0.6	0.08	0.48									macro	0.6	0.08	0.48	BG03	purchases	lab.life	10	4.2
BG04	MATERIEL POUR CREATION ET ENTRETIEN D'ESPACES VERTS	EQUIPMENT FOR CREATION AND MAINTENANCE OF GREEN SPACES						ADEME24	Produits metalliques, sauf machines et equipements	0.6	0.0	0.48	333112	Lawn and garden equipment	0.65	0.0	0.52	0.63	0.03	0.504									macro	0.63	0.03	0.504	BG04	purchases	lab.life	10	4.2
BG11	REPARATION ET MAINTECE DU MATERIEL D'ENTRETIEN DES ESPACES VERTS	REPAIR AND MAINTENANCE OF GREEN SPACE MAINTENANCE EQUIPMENT						ADEME07	Reparation et installation de machines et d'equipements	0.39	0.0	0.3120000000000001	811300	Commercial machinery repair	0.19	0.0	0.152	0.24	0.13	0.192									macro	0.24	0.13	0.192	UF43	purchases	lab.life	9	4.5
BG21	SERVICES DE CREATION ET D'ENTRETIEN DES ESPACES VERTS	SERVICES OF CREATION AND MAINTENANCE OF GREEN SPACES						ADEME05	Services (imprimerie, publicite, architecture et ingenierie, maintenance multi-technique des batiments, gardiennage, nettoyage, securite, agence de voyage, autres services aux entreprises)	0.17	0.0	0.136	812900 / 5419A0	Pet care, photofinishing, parking and other sundry services / Marketing research and all other miscellaneous professional, scientific, and technical services	0.12	0.05	0.096	0.13	0.05	0.104									macro	0.13	0.05	0.104	BG21	purchases	lab.life	9	4.5
CA01	COMMUNICATION : CONCEPTION-REDACTION	COMMUNICATION : DESIGN-EDITING						ADEME05	Services (imprimerie, publicite, architecture et ingenierie, maintenance multi-technique des batiments, gardiennage, nettoyage, securite, agence de voyage, autres services aux entreprises)	0.17	0.0	0.136	511120 / 541400	Magazines and journals / Specialized design	0.13	0.06	0.104	0.16	0.06	0.128									macro	0.16	0.06	0.128	CA03	purchases	services	9	4.5
CA02	COMMUNICATION : CONCEPTION-REALISATION	COMMUNICATION : DESIGN AND PRODUCTION						ADEME05	Services (imprimerie, publicite, architecture et ingenierie, maintenance multi-technique des batiments, gardiennage, nettoyage, securite, agence de voyage, autres services aux entreprises)	0.17	0.0	0.136	511120 / 541400	Magazines and journals / Specialized design	0.13	0.06	0.104	0.16	0.06	0.128									macro	0.16	0.06	0.128	CA03	purchases	services	9	4.5
CA03	COMMUNICATION : TRAVAUX GRAPHIQUES	COMMUNICATION : GRAPHIC WORK						ADEME05	Services (imprimerie, publicite, architecture et ingenierie, maintenance multi-technique des batiments, gardiennage, nettoyage, securite, agence de voyage, autres services aux entreprises)	0.17	0.0	0.136	511120 / 541400	Magazines and journals / Specialized design	0.13	0.06	0.104	0.16	0.06	0.128									macro	0.16	0.06	0.128	CA03	purchases	services	9	4.5
CA04	COMMUNICATION : TRAVAUX PHOTOGRAPHIQUES	COMMUNICATION : PHOTOGRAPHIC WORK						ADEME05	Services (imprimerie, publicite, architecture et ingenierie, maintenance multi-technique des batiments, gardiennage, nettoyage, securite, agence de voyage, autres services aux entreprises)	0.17	0.0	0.136	541920	Photographers	0.12	0.0	0.096	0.16	0.04	0.128									macro	0.16	0.04	0.128	CA04	purchases	services	9	4.5
CA11	COMMUNICATION : CONCEPTION, REALISATION DE SITES INTERNET ET FRAIS CONNEXES	COMMUNICATION : DESIGN, PRODUCTION OF WEBSITES AND RELATED COSTS						ADEME05	Services (imprimerie, publicite, architecture et ingenierie, maintenance multi-technique des batiments, gardiennage, nettoyage, securite, agence de voyage, autres services aux entreprises)	0.17	0.0	0.136	511200 / 541512	Software / Computer systems design	0.07	0.01	0.05600000000000001	0.12	0.05	0.096									macro	0.12	0.05	0.096	CA12	purchases	services	9	4.5
CA12	COMMUNICATION : CONCEPTION ET REALISATION DE RESEAUX SOCIAUX	COMMUNICATION : DESIGN AND PRODUCTION OF SOCIAL NETWORKS						ADEME05	Services (imprimerie, publicite, architecture et ingenierie, maintenance multi-technique des batiments, gardiennage, nettoyage, securite, agence de voyage, autres services aux entreprises)	0.17	0.0	0.136	511200 / 541512	Software / Computer systems design	0.07	0.01	0.05600000000000001	0.12	0.05	0.096									macro	0.12	0.05	0.096	CA12	purchases	services	9	4.5
CA13	COMMUNICATION : CONCEPTION ET REALISATION D'APPLICATIONS MOBILES ET WEB	COMMUNICATION : DESIGN AND DEVELOPMENT OF MOBILE AND WEB APPLICATIONS						ADEME05	Services (imprimerie, publicite, architecture et ingenierie, maintenance multi-technique des batiments, gardiennage, nettoyage, securite, agence de voyage, autres services aux entreprises)	0.17	0.0	0.136	541511	Custom computer programming	0.09	0.0	0.072	0.15	0.06	0.12									macro	0.15	0.06	0.12	ID17	purchases	services	9	4.5
CA14	COMMUNICATION : CONCEPTION ET REALISATION D'AUTRES OUTILS DE COMMUNICATION WEB	COMMUNICATION : DESIGN AND DEVELOPMENT OF OTHER WEB COMMUNICATION TOOLS						ADEME05	Services (imprimerie, publicite, architecture et ingenierie, maintenance multi-technique des batiments, gardiennage, nettoyage, securite, agence de voyage, autres services aux entreprises)	0.17	0.0	0.136	541511	Custom computer programming	0.09	0.0	0.072	0.15	0.06	0.12									macro	0.15	0.06	0.12	ID17	purchases	services	9	4.5
CA21	COMMUNICATION : EDITION DE DOCUMENTS IMPRIMES	COMMUNICATION : PRINT PUBLISHING						ADEME06	edition (livres, journaux, revues, etc.)	0.28	0.0	0.224	511110 / 511120 / 511130	Newspapers / Magazines and journals / Books	0.2	0.03	0.16	0.23	0.05	0.184									macro	0.23	0.05	0.184	CA21	purchases	services	9	4.5
CA22	COMMUNICATION : EDITION DE DOCUMENTS WEB	COMMUNICATION : WEB EDITING						ADEME06	edition (livres, journaux, revues, etc.)	0.28	0.0	0.224	519130	Internet publishing and broadcasting	0.12	0.0	0.096	0.2	0.08	0.16									macro	0.2	0.08	0.16	CA22	purchases	services	9	4.5
CA23	COMMUNICATION : CORRECTION ET RELECTURE DE DOCUMENTS	COMMUNICATION : CORRECTION AND PROOFREADING OF DOCUMENTS						ADEME05	Services (imprimerie, publicite, architecture et ingenierie, maintenance multi-technique des batiments, gardiennage, nettoyage, securite, agence de voyage, autres services aux entreprises)	0.17	0.0	0.136	541610	Management consulting	0.08	0.0	0.064	0.11	0.05	0.08800000000000001									macro	0.11	0.05	0.08800000000000001	CA23	purchases	services	9	4.5
CA24	COMMUNICATION : DIFFUSION ET PROMOTION DE DOCUMENTS SUR TOUS SUPPORTS	COMMUNICATION : DISTRIBUTION AND PROMOTION OF DOCUMENTS ON ALL MEDIA						ADEME05	Services (imprimerie, publicite, architecture et ingenierie, maintenance multi-technique des batiments, gardiennage, nettoyage, securite, agence de voyage, autres services aux entreprises)	0.17	0.0	0.136	5191A0	News syndicates, libraries, archives, Internet publishing and all other information services	0.17	0.0	0.136	0.18	0.01	0.144									macro	0.18	0.01	0.144	XC12	purchases	services	9	4.5
CA31	COMMUNICATION : CONCEPTION-REALISATION AUDIOVISUELLES	COMMUNICATION : AUDIOVISUAL DESIGN AND PRODUCTION						ADEME05	Services (imprimerie, publicite, architecture et ingenierie, maintenance multi-technique des batiments, gardiennage, nettoyage, securite, agence de voyage, autres services aux entreprises)	0.17	0.0	0.136	512100	Movies and film	0.06	0.0	0.048	0.11	0.06	0.08800000000000001									macro	0.11	0.06	0.08800000000000001	CA34	purchases	services	9	4.5
CA32	COMMUNICATION : SERVICES AUDIOVISUELS D'INGENIERIE DU SON	COMMUNICATION : AUDIOVISUAL SOUND ENGINEERING SERVICES						ADEME05	Services (imprimerie, publicite, architecture et ingenierie, maintenance multi-technique des batiments, gardiennage, nettoyage, securite, agence de voyage, autres services aux entreprises)	0.17	0.0	0.136	512200	Sound recording	0.08	0.0	0.064	0.17	0.09	0.136									macro	0.17	0.09	0.136	CA32	purchases	services	9	4.5
CA33	COMMUNICATION : SERVICES AUDIOVISUELS D'INGENIERIE DE L'IMAGE	COMMUNICATION : AUDIOVISUAL IMAGE ENGINEERING SERVICES						ADEME05	Services (imprimerie, publicite, architecture et ingenierie, maintenance multi-technique des batiments, gardiennage, nettoyage, securite, agence de voyage, autres services aux entreprises)	0.17	0.0	0.136	512100	Movies and film	0.06	0.0	0.048	0.11	0.06	0.08800000000000001									macro	0.11	0.06	0.08800000000000001	CA34	purchases	services	9	4.5
CA34	COMMUNICATION : SERVICES DE PRODUCTION AUDIOVISUELLE	COMMUNICATION: AUDIOVISUAL PRODUCTION SERVICES						ADEME05	Services (imprimerie, publicite, architecture et ingenierie, maintenance multi-technique des batiments, gardiennage, nettoyage, securite, agence de voyage, autres services aux entreprises)	0.17	0.0	0.136	512100	Movies and film	0.06	0.0	0.048	0.11	0.06	0.08800000000000001									macro	0.11	0.06	0.08800000000000001	CA34	purchases	services	9	4.5
CA35	COMMUNICATION : DIFFUSION, DISTRIBUTION ET PROMOTION AUDIOVISUELLES	COMMUNICATION: AUDIOVISUAL BROADCASTING, DISTRIBUTION AND PROMOTION						ADEME05	Services (imprimerie, publicite, architecture et ingenierie, maintenance multi-technique des batiments, gardiennage, nettoyage, securite, agence de voyage, autres services aux entreprises)	0.17	0.0	0.136	515100	Radio and television	0.08	0.0	0.064	0.13	0.05	0.104									macro	0.13	0.05	0.104	CA35	purchases	services	9	4.5
CB01	COMMUNICATION : OBJETS PROMOTIONNELS COURANTS	COMMUNICATION : COMMON PROMOTIONAL OBJECTS						ADEME38	Consommables de bureau - Petites fournitures	0.37	0.0	0.296	339990	Gaskets, seals, musical instruments, fasteners, brooms, brushes, mop and other misc. goods	0.19	0.0	0.152	0.36	0.17	0.288									macro	0.36	0.17	0.288	CB02	purchases	services	9	4.5
CB02	COMMUNICATION : CADEAUX	COMMUNICATION : GIFTS						ADEME38	Consommables de bureau - Petites fournitures	0.37	0.0	0.296	339990	Gaskets, seals, musical instruments, fasteners, brooms, brushes, mop and other misc. goods	0.19	0.0	0.152	0.36	0.17	0.288									macro	0.36	0.17	0.288	CB02	purchases	services	9	4.5
CB03	COMMUNICATION : MATERIEL ET EQUIPEMENTS POUR MANIFESTATIONS EVENEMENTIELLES	COMMUNICATION : MATERIAL AND EQUIPMENT FOR EVENTS						ADEME25	Machines et equipements	0.7	0.0	0.5599999999999999	339990	Gaskets, seals, musical instruments, fasteners, brooms, brushes, mop and other misc. goods	0.19	0.0	0.152	0.47	0.26	0.376									macro	0.47	0.26	0.376	CB03	purchases	services	10	4.2
CB11	COMMUNICATION : LOCATION ET RESERVATION D'ESPACES POUR MANIF. EVENEMENTIELLES	COMMUNICATION : RENTAL AND BOOKING OF SPACES FOR EVENTS EVENTS						ADEME33	Activites creatives, artistiques et de spectacle; Biblioth_x001A_ques, archives, musees et autres activites culturelles; _x001A_ Organisation de jeux de hasard et d'argent	0.21	0.0	0.168	711A00	Promoters and agents	0.12	0.0	0.096	0.16	0.04	0.128									macro	0.16	0.04	0.128	CC15	purchases	services	14	4.4
CB12	COMMUNICATION : ORGANISATION DE COLLOQUES, CONGRES ET SEMINAIRES	COMMUNICATION : ORGANISATION OF CONFERENCES, CONGRESSES AND SEMINARS						ADEME33	Activites creatives, artistiques et de spectacle; Biblioth_x001A_ques, archives, musees et autres activites culturelles; _x001A_ Organisation de jeux de hasard et d'argent	0.21	0.0	0.168	711A00	Promoters and agents	0.12	0.0	0.096	0.16	0.04	0.128									macro	0.16	0.04	0.128	CC15	purchases	services	9	4.5
CB13	COMM : ORGANISATION ET REALISATION DE SALONS, EXPOSITIONS ET FOIRES	COMM : ORGANISATION AND REALISATION OF FAIRS, EXHIBITIONS AND TRADE SHOWS						ADEME33	Activites creatives, artistiques et de spectacle; Biblioth_x001A_ques, archives, musees et autres activites culturelles; _x001A_ Organisation de jeux de hasard et d'argent	0.21	0.0	0.168	711A00	Promoters and agents	0.12	0.0	0.096	0.16	0.04	0.128									macro	0.16	0.04	0.128	CC15	purchases	services	9	4.5
CB14	COMMUNICATION : SERVICES DE BILLETTERIE POUR MANIFESTATIONS EVENEMENTIELLES	COMMUNICATION : TICKETING SERVICES FOR EVENTS						ADEME33	Activites creatives, artistiques et de spectacle; Biblioth_x001A_ques, archives, musees et autres activites culturelles; _x001A_ Organisation de jeux de hasard et d'argent	0.21	0.0	0.168	711A00	Promoters and agents	0.12	0.0	0.096	0.16	0.04	0.128									macro	0.16	0.04	0.128	CC15	purchases	services	9	4.5
CB15	COMMUNICATION : ORGANISATION D'AUTRES MANIFESTATIONS EVENEMENTIELLES	COMMUNICATION : ORGANISATION OF OTHER EVENTS						ADEME33	Activites creatives, artistiques et de spectacle; Biblioth_x001A_ques, archives, musees et autres activites culturelles; _x001A_ Organisation de jeux de hasard et d'argent	0.21	0.0	0.168	711A00	Promoters and agents	0.12	0.0	0.096	0.16	0.04	0.128									macro	0.16	0.04	0.128	CC15	purchases	services	9	4.5
CB21	COMMUNICATION : TRAITEURS POUR MANIFESTATIONS EVENEMENTIELLES	COMMUNICATION : CATERING FOR EVENTS						ADEME04	Hebergement et restauration	0.32	0.0	0.256	(722210 ; 722211 ; 722A00)	Full-service restaurants/Limited-service restaurants/All other food and drinking places	0.3	0.0	0.24	0.34	0.05	0.272									macro	0.34	0.05	0.272	CB22	purchases	services	9	4.5
CB22	COMMUNICATION : RESTAURATION POUR MANIFESTATIONS EVENEMENTIELLES	COMMUNICATION : CATERING FOR EVENTS						ADEME04	Hebergement et restauration	0.32	0.0	0.256	(722210 ; 722211 ; 722A00)	Full-service restaurants/Limited-service restaurants/All other food and drinking places	0.3	0.0	0.24	0.34	0.05	0.272									macro	0.34	0.05	0.272	CB22	purchases	services	9	4.5
CB23	COMMUNICATION : HEBERGEMENT POUR MANIFESTATIONS EVENEMENTIELLES	COMMUNICATION : ACCOMMODATION FOR EVENTS						ADEME04	Hebergement et restauration	0.32	0.0	0.256	721000	Hotels and campgrounds	0.23	0.0	0.184	0.29	0.05	0.232									macro	0.29	0.05	0.232	DB11	purchases	services	9	4.5
CB24	COMMUNICATION : PROMOTION DE MANIFESTATIONS EVENEMENTIELLES	COMMUNICATION : PROMOTION OF EVENTS						ADEME05	Services (imprimerie, publicite, architecture et ingenierie, maintenance multi-technique des batiments, gardiennage, nettoyage, securite, agence de voyage, autres services aux entreprises)	0.17	0.0	0.136	541800	Advertising and public relations	0.13	0.0	0.104	0.16	0.04	0.128									macro	0.16	0.04	0.128	CC15	purchases	services	9	4.5
CB25	COMMUNICATION : AUTRES PRESTATIONS ASSOCIEES AUX MANIFESTATIONS EVENEMENTIELLES	COMMUNICATION : OTHER SERVICES ASSOCIATED WITH EVENTS						ADEME33	Activites creatives, artistiques et de spectacle; Biblioth_x001A_ques, archives, musees et autres activites culturelles; _x001A_ Organisation de jeux de hasard et d'argent	0.21	0.0	0.168	5419A0	Marketing research and all other miscellaneous professional, scientific, and technical services	0.08	0.0	0.064	0.12	0.08	0.096									macro	0.12	0.08	0.096	CD34	purchases	services	9	4.5
CC01	COMMUNICATION : VEILLE DES MEDIAS TRADITIONNELS	COMMUNICATION : TRADITIONAL MEDIA MONITORING						ADEME05	Services (imprimerie, publicite, architecture et ingenierie, maintenance multi-technique des batiments, gardiennage, nettoyage, securite, agence de voyage, autres services aux entreprises)	0.17	0.0	0.136	541800	Advertising and public relations	0.13	0.0	0.104	0.16	0.04	0.128									macro	0.16	0.04	0.128	CC15	purchases	services	9	4.5
CC02	COMMUNICATION : VEILLE DES MEDIAS INTERNET	COMMUNICATION : INTERNET MEDIA MONITORING						ADEME05	Services (imprimerie, publicite, architecture et ingenierie, maintenance multi-technique des batiments, gardiennage, nettoyage, securite, agence de voyage, autres services aux entreprises)	0.17	0.0	0.136	541800	Advertising and public relations	0.13	0.0	0.104	0.16	0.04	0.128									macro	0.16	0.04	0.128	CC15	purchases	services	9	4.5
CC03	RELATIONS PRESSE	PRESS RELATIONS						ADEME05	Services (imprimerie, publicite, architecture et ingenierie, maintenance multi-technique des batiments, gardiennage, nettoyage, securite, agence de voyage, autres services aux entreprises)	0.17	0.0	0.136	541800	Advertising and public relations	0.13	0.0	0.104	0.16	0.04	0.128									macro	0.16	0.04	0.128	CC15	purchases	services	9	4.5
CC11	COMM : SERVICES DE CONSEIL ET D'ACCOMPAGNEMENT DE CAMPAGNES DE COMMUNICATION	COMM : CONSULTING AND SUPPORT SERVICES FOR COMMUNICATION CAMPAIGNS						ADEME01	Assurance, services bancaires, conseil et honoraires	0.11	0.0	0.08800000000000001	541800	Advertising and public relations	0.13	0.0	0.104	0.14	0.05	0.112									macro	0.14	0.05	0.112	CC15	purchases	services	9	4.5
CC12	COMMUNICATION : SERVICES DE CONSEIL EN IDENTITE VISUELLE	COMMUNICATION : VISUAL IDENTITY CONSULTING SERVICES						ADEME01	Assurance, services bancaires, conseil et honoraires	0.11	0.0	0.08800000000000001	541800	Advertising and public relations	0.13	0.0	0.104	0.14	0.05	0.112									macro	0.14	0.05	0.112	CC15	purchases	services	9	4.5
CC13	COMMUNICATION : SERVICES DE CONSEIL EN IMAGE DES PERSONNES	COMMUNICATION : PERSONAL IMAGE CONSULTING SERVICES						ADEME01	Assurance, services bancaires, conseil et honoraires	0.11	0.0	0.08800000000000001	541800	Advertising and public relations	0.13	0.0	0.104	0.14	0.05	0.112									macro	0.14	0.05	0.112	CC15	purchases	services	9	4.5
CC14	COMMUNICATION : SERVICES DE MEDIATRAINING	COMMUNICATION: MEDIATRAINING SERVICES						ADEME05	Services (imprimerie, publicite, architecture et ingenierie, maintenance multi-technique des batiments, gardiennage, nettoyage, securite, agence de voyage, autres services aux entreprises)	0.17	0.0	0.136	541800	Advertising and public relations	0.13	0.0	0.104	0.16	0.04	0.128									macro	0.16	0.04	0.128	CC15	purchases	services	9	4.5
CC15	COMMUNICATION : AUTRES SERVICES DE CONSEIL EN COMMUNICATION ET PUBLICITE	COMMUNICATION: OTHER COMMUNICATION AND ADVERTISING CONSULTANCY SERVICES						ADEME01	Assurance, services bancaires, conseil et honoraires	0.11	0.0	0.08800000000000001	541800	Advertising and public relations	0.13	0.0	0.104	0.14	0.05	0.112									macro	0.14	0.05	0.112	CC15	purchases	services	9	4.5
CC21	COMMUNICATION : ACHAT D'ESPACES PUBLICITAIRES	COMMUNICATION: PURCHASE OF ADVERTISING SPACE						ADEME05	Services (imprimerie, publicite, architecture et ingenierie, maintenance multi-technique des batiments, gardiennage, nettoyage, securite, agence de voyage, autres services aux entreprises)	0.17	0.0	0.136	541800	Advertising and public relations	0.13	0.0	0.104	0.16	0.04	0.128									macro	0.16	0.04	0.128	CC15	purchases	services	9	4.5
CC22	COMMUNICATION : ETUDES, SONDAGES ET ENQUETES DE COMMUNICATION	COMMUNICATION: COMMUNICATION STUDIES, SURVEYS AND POLLS						ADEME05	Services (imprimerie, publicite, architecture et ingenierie, maintenance multi-technique des batiments, gardiennage, nettoyage, securite, agence de voyage, autres services aux entreprises)	0.17	0.0	0.136	541800	Advertising and public relations	0.13	0.0	0.104	0.16	0.04	0.128									macro	0.16	0.04	0.128	CC15	purchases	services	9	4.5
CC23	COMMUNICATION : AUTRES SERVICES DE COMMUNICATION	COMMUNICATION : OTHER COMMUNICATION SERVICES						ADEME05	Services (imprimerie, publicite, architecture et ingenierie, maintenance multi-technique des batiments, gardiennage, nettoyage, securite, agence de voyage, autres services aux entreprises)	0.17	0.0	0.136	541800	Advertising and public relations	0.13	0.0	0.104	0.16	0.04	0.128									macro	0.16	0.04	0.128	CC15	purchases	services	9	4.5
CD01	CULTURE : OEUVRES ET OBJETS D'ART EXISTANTS	CULTURE : EXISTING WORKS AND OBJECTS OF ART						ADEME33	Activites creatives, artistiques et de spectacle; Biblioth_x001A_ques, archives, musees et autres activites culturelles; _x001A_ Organisation de jeux de hasard et d'argent	0.21	0.0	0.168	711500	Independent artists, writers, and performers	0.02	0.0	0.016	0.09	0.1	0.072									macro	0.09	0.1	0.072	CD03	purchases	services	10	4.2
CD02	CULTURE : REALISATION D'OEUVRES ET OBJETS D'ART	CULTURE : PRODUCTION OF WORKS AND OBJECTS OF ART						ADEME33	Activites creatives, artistiques et de spectacle; Biblioth_x001A_ques, archives, musees et autres activites culturelles; _x001A_ Organisation de jeux de hasard et d'argent	0.21	0.0	0.168	711500	Independent artists, writers, and performers	0.02	0.0	0.016	0.09	0.1	0.072									macro	0.09	0.1	0.072	CD03	purchases	services	10	4.2
CD03	CULTURE: REPRODUCTION D'OEUVRES ET OBJETS D'ART	CULTURE : REPRODUCTION OF WORKS AND OBJECTS OF ART						ADEME33	Activites creatives, artistiques et de spectacle; Biblioth_x001A_ques, archives, musees et autres activites culturelles; _x001A_ Organisation de jeux de hasard et d'argent	0.21	0.0	0.168	711500	Independent artists, writers, and performers	0.02	0.0	0.016	0.09	0.1	0.072									macro	0.09	0.1	0.072	CD03	purchases	services	10	4.2
CD11	CULTURE : ACHATS DE REPRESENTATIONS ARTISTIQUES	CULTURE : PURCHASE OF ARTISTIC REPRESENTATIONS						ADEME33	Activites creatives, artistiques et de spectacle; Biblioth_x001A_ques, archives, musees et autres activites culturelles; _x001A_ Organisation de jeux de hasard et d'argent	0.21	0.0	0.168	711A00	Promoters and agents	0.12	0.0	0.096	0.16	0.04	0.128									macro	0.16	0.04	0.128	CC15	purchases	services	9	4.5
CD12	CULTURE : CONCEPTION-REALISATION-INSTALLATION D'ECLAIRAGE ET/OU DE SON	CULTURE : DESIGN-REALISATION-INSTALLATION OF LIGHTING AND/OR SOUND						ADEME33 / ADEME20	Activites creatives, artistiques et de spectacle; Biblioth_x001A_ques, archives, musees et autres activites culturelles; _x001A_ Organisation de jeux de hasard et d'argent / Meubles et autres biens manufactures	0.36	0.21	0.288	711A00 / 339990	Promoters and agents / Gaskets, seals, musical instruments, fasteners, brooms, brushes, mop and other misc. goods	0.15	0.05	0.12	0.29	0.23	0.232									macro	0.29	0.23	0.232	CD14	purchases	services	9	4.5
CD13	CULTURE : CONCEPTION-REALISATION-INSTALLATION DE DECORS	CULTURE: DESIGN, PRODUCTION AND INSTALLATION OF SCENERY						ADEME33 / ADEME20	Activites creatives, artistiques et de spectacle; Biblioth_x001A_ques, archives, musees et autres activites culturelles; _x001A_ Organisation de jeux de hasard et d'argent / Meubles et autres biens manufactures	0.36	0.21	0.288	711A00 / 339990	Promoters and agents / Gaskets, seals, musical instruments, fasteners, brooms, brushes, mop and other misc. goods	0.15	0.05	0.12	0.29	0.23	0.232									macro	0.29	0.23	0.232	CD14	purchases	services	9	4.5
CD14	CULTURE : CONCEPTION-REALISATION DE COSTUMES	CULTURE : DESIGN AND PRODUCTION OF COSTUMES						ADEME33 / ADEME20	Activites creatives, artistiques et de spectacle; Biblioth_x001A_ques, archives, musees et autres activites culturelles; _x001A_ Organisation de jeux de hasard et d'argent / Meubles et autres biens manufactures	0.36	0.21	0.288	711A00 / 339990	Promoters and agents / Gaskets, seals, musical instruments, fasteners, brooms, brushes, mop and other misc. goods	0.15	0.05	0.12	0.29	0.23	0.232									macro	0.29	0.23	0.232	CD14	purchases	services	9	4.5
CD21	SERVICES DE GESTION, DE CONSERV. ET DE RESTAUR. DES COLLECTIONS DES MUSEES	MANAGEMENT, CONSERV. AND RESTORATION OF MUSEUM COLLECTIONS						ADEME33	Activites creatives, artistiques et de spectacle; Biblioth_x001A_ques, archives, musees et autres activites culturelles; _x001A_ Organisation de jeux de hasard et d'argent	0.21	0.0	0.168	5419A0	Marketing research and all other miscellaneous professional, scientific, and technical services	0.08	0.0	0.064	0.12	0.08	0.096									macro	0.12	0.08	0.096	CD34	purchases	services	9	4.5
CD22	SERVICES DE PRESERVATION DES SITES CLASSES OU INSCRITS	PRESERVATION SERVICES FOR CLASSIFIED OR LISTED SITES						ADEME05 / ADEME33	Services (imprimerie, publicite, architecture et ingenierie, maintenance multi-technique des batiments, gardiennage, nettoyage, securite, agence de voyage, autres services aux entreprises) / Activites creatives, artistiques et de spectacle; Biblioth_x001A_ques, archives, musees et autres activites culturelles; _x001A_ Organisation de jeux de hasard et d'argent	0.19	0.03	0.152	5419A0	Marketing research and all other miscellaneous professional, scientific, and technical services	0.08	0.0	0.064	0.12	0.07	0.096									macro	0.12	0.07	0.096	CD24	purchases	services	9	4.5
CD23	SERVICES RELATIFS A LA PRESERVATION DES JARDINS, ZOOS ET RESERVES NATURELLES	SERVICES RELATING TO THE PRESERVATION OF GARDENS, ZOOS AND NATURE RESERVES						ADEME05 / ADEME33	Services (imprimerie, publicite, architecture et ingenierie, maintenance multi-technique des batiments, gardiennage, nettoyage, securite, agence de voyage, autres services aux entreprises) / Activites creatives, artistiques et de spectacle; Biblioth_x001A_ques, archives, musees et autres activites culturelles; _x001A_ Organisation de jeux de hasard et d'argent	0.19	0.03	0.152	5419A0	Marketing research and all other miscellaneous professional, scientific, and technical services	0.08	0.0	0.064	0.12	0.07	0.096									macro	0.12	0.07	0.096	CD24	purchases	services	9	4.5
CD24	AUTRES SERVICES DE CONSERVATION DU PATRIMOINE (HORS ARCHIVAGE)	OTHER HERITAGE CONSERVATION SERVICES (EXCLUDING ARCHIVING)						ADEME05 / ADEME33	Services (imprimerie, publicite, architecture et ingenierie, maintenance multi-technique des batiments, gardiennage, nettoyage, securite, agence de voyage, autres services aux entreprises) / Activites creatives, artistiques et de spectacle; Biblioth_x001A_ques, archives, musees et autres activites culturelles; _x001A_ Organisation de jeux de hasard et d'argent	0.19	0.03	0.152	5419A0	Marketing research and all other miscellaneous professional, scientific, and technical services	0.08	0.0	0.064	0.12	0.07	0.096									macro	0.12	0.07	0.096	CD24	purchases	services	9	4.5
CD25	SERVICES D'INVENTAIRES SPECIFIQUES	SPECIFIC INVENTORY SERVICES						ADEME05	Services (imprimerie, publicite, architecture et ingenierie, maintenance multi-technique des batiments, gardiennage, nettoyage, securite, agence de voyage, autres services aux entreprises)	0.17	0.0	0.136	5419A0	Marketing research and all other miscellaneous professional, scientific, and technical services	0.08	0.0	0.064	0.11	0.05	0.08800000000000001									macro	0.11	0.05	0.08800000000000001	HC02	purchases	services	9	4.5
CD31	CULTURE : SERVICES D'ANIMATION CULTURELLE	CULTURE : CULTURAL ANIMATION SERVICES						ADEME33	Activites creatives, artistiques et de spectacle; Biblioth_x001A_ques, archives, musees et autres activites culturelles; _x001A_ Organisation de jeux de hasard et d'argent	0.21	0.0	0.168	5419A0	Marketing research and all other miscellaneous professional, scientific, and technical services	0.08	0.0	0.064	0.12	0.08	0.096									macro	0.12	0.08	0.096	CD34	purchases	services	9	4.5
CD32	SERVICES DE PARCS DE RECREATION, DE PLAGES, DE PARCS D'ATTRACTION	RECREATION PARK, BEACH AND AMUSEMENT PARK SERVICES						ADEME34	Activites sportives, recreatives et de loisirs	0.27	0.0	0.216	5419A0	Marketing research and all other miscellaneous professional, scientific, and technical services	0.08	0.0	0.064	0.14	0.11	0.112									macro	0.14	0.11	0.112	CD32	purchases	services	9	4.5
CD33	CULTURE : SERVICES DE MEDIATION CULTURELLE	CULTURE : CULTURAL MEDIATION SERVICES						ADEME33	Activites creatives, artistiques et de spectacle; Biblioth_x001A_ques, archives, musees et autres activites culturelles; _x001A_ Organisation de jeux de hasard et d'argent	0.21	0.0	0.168	5419A0	Marketing research and all other miscellaneous professional, scientific, and technical services	0.08	0.0	0.064	0.12	0.08	0.096									macro	0.12	0.08	0.096	CD34	purchases	services	9	4.5
CD34	CULTURE : AUTRES SERVICES SOCIO-CULTURELS	CULTURE : OTHER SOCIO-CULTURAL SERVICES						ADEME33	Activites creatives, artistiques et de spectacle; Biblioth_x001A_ques, archives, musees et autres activites culturelles; _x001A_ Organisation de jeux de hasard et d'argent	0.21	0.0	0.168	5419A0	Marketing research and all other miscellaneous professional, scientific, and technical services	0.08	0.0	0.064	0.12	0.08	0.096									macro	0.12	0.08	0.096	CD34	purchases	services	9	4.5
CD41	CONSOMMABLES SPECIFIQUES POUR LA CONSERVATION ET LA RESTAURATION DES COLLECTIONS	SPECIFIC CONSUMABLES FOR THE CONSERVATION AND RESTORATION OF COLLECTIONS						ADEME37	Consommables de bureau - Consommables bureautiques	0.92	0.0	0.7360000000000001	325510	Paints and coatings	0.46	0.0	0.368	0.68	0.23	0.544									macro	0.68	0.23	0.544	CD41	purchases	services	9	4.1
CD42	MATERIELS SPECIFIQUES POUR LA CONSERVATION ET LA RESTAURATION DES COLLECTIONS	SPECIFIC EQUIPMENT FOR THE CONSERVATION AND RESTORATION OF COLLECTIONS						ADEME20	Meubles et autres biens manufactures	0.5	0.0	0.4	332200	Cutlery and handtools	0.39	0.0	0.3120000000000001	0.5	0.11	0.4									macro	0.5	0.11	0.4	CD42	purchases	services	10	4.2
CD43	MOBILIER SPECIFIQUE POUR LA CONSERVATION DES COLLECTIONS	SPECIFIC FURNITURE FOR THE CONSERVATION OF COLLECTIONS						ADEME20	Meubles et autres biens manufactures	0.5	0.0	0.4	337215	Shelving and lockers	0.68	0.0	0.544	0.61	0.09	0.488									macro	0.61	0.09	0.488	CD43	purchases	services	10	4.2
CE01	DOCUMENTATION : LIVRES SCOLAIRES IMPRIMES DE TOUTES MATIERES	DOCUMENTATION: PRINTED SCHOOL BOOKS IN ALL SUBJECTS						ADEME06	edition (livres, journaux, revues, etc.)	0.28	0.0	0.224	511130	Books	0.21	0.0	0.168	0.22	0.06	0.176									macro	0.22	0.06	0.176	CE04	purchases	lab.life	9	4.1
CE02	DOCUMENTATION : LIVRES SCOLAIRES ELECTRONIQUES DE TOUTES MATIERES	DOCUMENTATION: ELECTRONIC SCHOOL BOOKS IN ALL SUBJECTS						ADEME06	edition (livres, journaux, revues, etc.)	0.28	0.0	0.224	511130	Books	0.21	0.0	0.168	0.22	0.06	0.176									macro	0.22	0.06	0.176	CE04	purchases	lab.life	9	4.1
CE03	DOCUMENTATION : LIVRES NON SCOLAIRES IMPRIMES	DOCUMENTATION : PRINTED NON-SCHOOL BOOKS						ADEME06	edition (livres, journaux, revues, etc.)	0.28	0.0	0.224	511130	Books	0.21	0.0	0.168	0.22	0.06	0.176									macro	0.22	0.06	0.176	CE04	purchases	lab.life	9	4.1
CE04	DOCUMENTATION : LIVRES NON SCOLAIRES ELECTRONIQUES	DOCUMENTATION: ELECTRONIC NON-SCHOOL BOOKS						ADEME06	edition (livres, journaux, revues, etc.)	0.28	0.0	0.224	511130	Books	0.21	0.0	0.168	0.22	0.06	0.176									macro	0.22	0.06	0.176	CE04	purchases	lab.life	9	4.1
CE05	DOCUMENTATION : LIVRES D'OCCASION ET EPUISES	DOCUMENTATION: USED AND OUT-OF-PRINT BOOKS						Ne doit pas _x001A_tre compte		0.0	0.0	0.0	511130	Books	0.21	0.0	0.168	0.12	0.11	0.096									macro	0.12	0.11	0.096	CE06	purchases	lab.life	9	4.1
CE06	DOCUMENTATION : LIVRES ANCIENS PUBLIES AVANT 1900	DOCUMENTATION : OLD BOOKS PUBLISHED BEFORE 1900						Ne doit pas _x001A_tre compte		0.0	0.0	0.0	511130	Books	0.21	0.0	0.168	0.12	0.11	0.096									macro	0.12	0.11	0.096	CE06	purchases	lab.life	9	4.1
CE11	DOCUMENT. : JOURNAUX, REVUES ET PERIODIQUES SCIENTIFIQUES (SUPPORT PAPIER)	DOCUMENTATION. DOCUMENTATION: NEWSPAPERS, JOURNALS AND SCIENTIFIC PERIODICALS (PAPER-BASED)						ADEME06	edition (livres, journaux, revues, etc.)	0.28	0.0	0.224	511120	Magazines and journals	0.17	0.0	0.136	0.22	0.05	0.176									macro	0.22	0.05	0.176	XC17	purchases	lab.life	9	4.1
CE12	DOCUMENT. : JOURNAUX, REVUES ET PERIODIQUES NON SCIENTIFIQUES (SUPPORT PAPIER)	DOCUMENT. : NEWSPAPERS, JOURNALS AND NON-SCIENTIFIC PERIODICALS (PAPER-BASED)						ADEME06	edition (livres, journaux, revues, etc.)	0.28	0.0	0.224	511120	Magazines and journals	0.17	0.0	0.136	0.22	0.05	0.176									macro	0.22	0.05	0.176	XC17	purchases	lab.life	9	4.1
CE13	DOCUMENT. : JOURNAUX, REVUES ET PERIODIQUES SCIENTIFIQUES (ELECTRONIQUES)	DOCUMENT. : SCIENTIFIC NEWSPAPERS, JOURNALS AND PERIODICALS (ELECTRONIC)						ADEME06	edition (livres, journaux, revues, etc.)	0.28	0.0	0.224	511120	Magazines and journals	0.17	0.0	0.136	0.22	0.05	0.176									macro	0.22	0.05	0.176	XC17	purchases	lab.life	9	4.5
CE14	DOCUMENT. : JOURNAUX, REVUES ET PERIODIQUES NON SCIENTIFIQUES (ELECTRONIQUES)	DOCUMENT. : NEWSPAPERS, JOURNALS AND PERIODICALS (ELECTRONIC)						ADEME06	edition (livres, journaux, revues, etc.)	0.28	0.0	0.224	511120	Magazines and journals	0.17	0.0	0.136	0.22	0.05	0.176									macro	0.22	0.05	0.176	XC17	purchases	lab.life	9	4.5
CE21	DOCUMENT. : DROIT D'ACCES A DES BASES DE DONNEES DOCUMENTAIRES SCIENTIFIQUES	DOCUMENT. RIGHT OF ACCESS TO SCIENTIFIC DOCUMENTARY DATABASES						ADEME05	Services (imprimerie, publicite, architecture et ingenierie, maintenance multi-technique des batiments, gardiennage, nettoyage, securite, agence de voyage, autres services aux entreprises)	0.17	0.0	0.136	518200	Data processing and hosting	0.18	0.0	0.144	0.16	0.02	0.128									macro	0.16	0.02	0.128	CE22	purchases	lab.life	9	4.5
CE22	DOCUMENT.: DROIT D'ACCES A DES BASES DE DONNEES DOCUMENTAIRES NON SCIENTIFIQUES	DOCUMENT: ACCESS RIGHTS TO NON-SCIENTIFIC DOCUMENTARY DATABASES						ADEME05	Services (imprimerie, publicite, architecture et ingenierie, maintenance multi-technique des batiments, gardiennage, nettoyage, securite, agence de voyage, autres services aux entreprises)	0.17	0.0	0.136	518200	Data processing and hosting	0.18	0.0	0.144	0.16	0.02	0.128									macro	0.16	0.02	0.128	CE22	purchases	lab.life	9	4.5
CE31	DOCUMENTATION : PARTITIONS MUSICALES	DOCUMENTATION: MUSICAL SCORES						ADEME06 / ADEME05	edition (livres, journaux, revues, etc.) / Services (imprimerie, publicite, architecture et ingenierie, maintenance multi-technique des batiments, gardiennage, nettoyage, securite, agence de voyage, autres services aux entreprises)	0.22	0.08	0.176	5191A0	News syndicates, libraries, archives, Internet publishing and all other information services	0.17	0.0	0.136	0.19	0.05	0.152									macro	0.19	0.05	0.152	CF23	purchases	lab.life	9	4.1
CE32	DOCUMENTATION : CARTES (GEOGRAPHIQUES, TOPOGRAPHIQUES_x001A_) ET GLOBES TERRESTRES	DOCUMENTATION: MAPS (GEOGRAPHIC, TOPOGRAPHIC...) AND GLOBES						ADEME06 / ADEME05	edition (livres, journaux, revues, etc.) / Services (imprimerie, publicite, architecture et ingenierie, maintenance multi-technique des batiments, gardiennage, nettoyage, securite, agence de voyage, autres services aux entreprises)	0.22	0.08	0.176	5191A0	News syndicates, libraries, archives, Internet publishing and all other information services	0.17	0.0	0.136	0.19	0.05	0.152									macro	0.19	0.05	0.152	CF23	purchases	lab.life	9	4.1
CE33	DOCUMENTATION : NORMES	DOCUMENTATION: STANDARDS						ADEME06 / ADEME05	edition (livres, journaux, revues, etc.) / Services (imprimerie, publicite, architecture et ingenierie, maintenance multi-technique des batiments, gardiennage, nettoyage, securite, agence de voyage, autres services aux entreprises)	0.22	0.08	0.176	5191A0	News syndicates, libraries, archives, Internet publishing and all other information services	0.17	0.0	0.136	0.19	0.05	0.152									macro	0.19	0.05	0.152	CF23	purchases	lab.life	9	4.1
CE34	DOCUMENTATION : AUTRES DOCUMENTS	DOCUMENTATION: OTHER DOCUMENTS						ADEME06 / ADEME05	edition (livres, journaux, revues, etc.) / Services (imprimerie, publicite, architecture et ingenierie, maintenance multi-technique des batiments, gardiennage, nettoyage, securite, agence de voyage, autres services aux entreprises)	0.22	0.08	0.176	5191A0	News syndicates, libraries, archives, Internet publishing and all other information services	0.17	0.0	0.136	0.19	0.05	0.152									macro	0.19	0.05	0.152	CF23	purchases	lab.life	9	4.1
CE41	DOCUMENTATION : IMAGES FIXES	DOCUMENTATION: STILL IMAGES						ADEME26 / ADEME05	Produits informatiques, electroniques et optiques / Services (imprimerie, publicite, architecture et ingenierie, maintenance multi-technique des batiments, gardiennage, nettoyage, securite, agence de voyage, autres services aux entreprises)	0.28	0.16	0.224	5191A0 / 512100 / 541800 / 541920 / 323110	News syndicates, libraries, archives, Internet publishing and all other information services / Movies and film / Advertising and public relations / Photographers / Books, newspapers, magazines, and other print media	0.17	0.13	0.136	0.23	0.16	0.184									macro	0.23	0.16	0.184	CE43	purchases	lab.life	9	4.1
CE42	DOCUMENTATION : IMAGES ANIMEES SUR TOUT SUPPORT	DOCUMENTATION: ANIMATED IMAGES IN ANY MEDIUM						ADEME26 / ADEME05	Produits informatiques, electroniques et optiques / Services (imprimerie, publicite, architecture et ingenierie, maintenance multi-technique des batiments, gardiennage, nettoyage, securite, agence de voyage, autres services aux entreprises)	0.28	0.16	0.224	5191A0 / 512100 / 541800 / 541920 / 323110	News syndicates, libraries, archives, Internet publishing and all other information services / Movies and film / Advertising and public relations / Photographers / Books, newspapers, magazines, and other print media	0.17	0.13	0.136	0.23	0.16	0.184									macro	0.23	0.16	0.184	CE43	purchases	lab.life	9	4.1
CE43	DOCUMENTATION : AUTRES IMAGES	DOCUMENTATION: OTHER IMAGES						ADEME26 / ADEME05	Produits informatiques, electroniques et optiques / Services (imprimerie, publicite, architecture et ingenierie, maintenance multi-technique des batiments, gardiennage, nettoyage, securite, agence de voyage, autres services aux entreprises)	0.28	0.16	0.224	5191A0 / 512100 / 541800 / 541920 / 323110	News syndicates, libraries, archives, Internet publishing and all other information services / Movies and film / Advertising and public relations / Photographers / Books, newspapers, magazines, and other print media	0.17	0.13	0.136	0.23	0.16	0.184									macro	0.23	0.16	0.184	CE43	purchases	lab.life	9	4.1
CE51	DOCUMENTATION : ENTREGISTREMENTS SONORES	DOCUMENTATION: SOUND RECORDINGS						ADEME26 / ADEME33	Produits informatiques, electroniques et optiques / Activites creatives, artistiques et de spectacle; Biblioth_x001A_ques, archives, musees et autres activites culturelles; _x001A_ Organisation de jeux de hasard et d'argent	0.3	0.13	0.24	512200	Sound recording	0.08	0.0	0.064	0.21	0.14	0.168									macro	0.21	0.14	0.168	CE43	purchases	lab.life	9	4.1
CF01	DOC. : ARCHIVES DE JOURNAUX, REVUES ET PERIODIQUES SCIENTIFIQUES (PAPIER)	DOC. DOCUMENTATION: ARCHIVES OF NEWSPAPERS, JOURNALS AND SCIENTIFIC PERIODICALS (PAPER)						ADEME33 / ADEME05	Activites creatives, artistiques et de spectacle; Biblioth_x001A_ques, archives, musees et autres activites culturelles; _x001A_ Organisation de jeux de hasard et d'argent / Services (imprimerie, publicite, architecture et ingenierie, maintenance multi-technique des batiments, gardiennage, nettoyage, securite, agence de voyage, autres services aux entreprises)	0.19	0.03	0.152	5191A0 / 511120 / 541610	News syndicates, libraries, archives, Internet publishing and all other information services / Magazines and journals / Management consulting	0.14	0.05	0.112	0.16	0.06	0.128									macro	0.16	0.06	0.128	CF04	purchases	lab.life	9	4.1
CF02	DOC. : ARCHIVES DE JOURNAUX, REVUES ET PERIODIQUES NON SCIENTIFIQUES (PAPIER)	DOC. ARCHIVES OF NEWSPAPERS, JOURNALS AND NON-SCIENTIFIC PERIODICALS (PAPER)						ADEME33 / ADEME05	Activites creatives, artistiques et de spectacle; Biblioth_x001A_ques, archives, musees et autres activites culturelles; _x001A_ Organisation de jeux de hasard et d'argent / Services (imprimerie, publicite, architecture et ingenierie, maintenance multi-technique des batiments, gardiennage, nettoyage, securite, agence de voyage, autres services aux entreprises)	0.19	0.03	0.152	5191A0 / 511120 / 541610	News syndicates, libraries, archives, Internet publishing and all other information services / Magazines and journals / Management consulting	0.14	0.05	0.112	0.16	0.06	0.128									macro	0.16	0.06	0.128	CF04	purchases	lab.life	9	4.1
CF03	DOC. : ARCHIVES DE JOURNAUX, REVUES ET PERIODIQUES SCIENTIFIQUES (ELECTRONIQUES)	DOC. ARCHIVES OF SCIENTIFIC NEWSPAPERS, JOURNALS AND PERIODICALS (ELECTRONIC)						ADEME33 / ADEME05	Activites creatives, artistiques et de spectacle; Biblioth_x001A_ques, archives, musees et autres activites culturelles; _x001A_ Organisation de jeux de hasard et d'argent / Services (imprimerie, publicite, architecture et ingenierie, maintenance multi-technique des batiments, gardiennage, nettoyage, securite, agence de voyage, autres services aux entreprises)	0.19	0.03	0.152	5191A0 / 511120 / 541610	News syndicates, libraries, archives, Internet publishing and all other information services / Magazines and journals / Management consulting	0.14	0.05	0.112	0.16	0.06	0.128									macro	0.16	0.06	0.128	CF04	purchases	lab.life	9	4.5
CF04	DOC. : ARCHIVES DE JOURNAUX, REVUES ET PERIODIQUES NON SCIENTIF. (ELECTRONIQUES)	DOC. ARCHIVES OF NEWSPAPERS, JOURNALS AND NON-SCIENTIFIC PERIODICALS (ELECTRONIC) (ELECTRONIC)						ADEME33 / ADEME05	Activites creatives, artistiques et de spectacle; Biblioth_x001A_ques, archives, musees et autres activites culturelles; _x001A_ Organisation de jeux de hasard et d'argent / Services (imprimerie, publicite, architecture et ingenierie, maintenance multi-technique des batiments, gardiennage, nettoyage, securite, agence de voyage, autres services aux entreprises)	0.19	0.03	0.152	5191A0 / 511120 / 541610	News syndicates, libraries, archives, Internet publishing and all other information services / Magazines and journals / Management consulting	0.14	0.05	0.112	0.16	0.06	0.128									macro	0.16	0.06	0.128	CF04	purchases	lab.life	9	4.5
CF11	DOC. : DROIT D'ACCES A DES ARCHIVES DE BASES DE DONNEES DOCUMENTAIRES SCIENTIF.	DOC. ACCESS RIGHTS TO ARCHIVES OF SCIENTIFIC DOCUMENTARY DATABASES						ADEME33	Activites creatives, artistiques et de spectacle; Biblioth_x001A_ques, archives, musees et autres activites culturelles; _x001A_ Organisation de jeux de hasard et d'argent	0.21	0.0	0.168	518200	Data processing and hosting	0.18	0.0	0.144	0.18	0.03	0.144									macro	0.18	0.03	0.144	CE22	purchases	lab.life	9	4.5
CF12	DOC. : DROIT D'ACCES A DES ARCHIVES DE BASES DE DONNEES DOCUMENT. NON SCIENTIF.	DOC. ACCESS RIGHTS TO DOCUMENT DATABASE ARCHIVES. NON SCIENTIF.						ADEME33	Activites creatives, artistiques et de spectacle; Biblioth_x001A_ques, archives, musees et autres activites culturelles; _x001A_ Organisation de jeux de hasard et d'argent	0.21	0.0	0.168	518200	Data processing and hosting	0.18	0.0	0.144	0.18	0.03	0.144									macro	0.18	0.03	0.144	CE22	purchases	lab.life	9	4.5
CF21	DOCUMENTATION : ARCHIVES DE PARTITIONS MUSICALES	DOCUMENTATION: ARCHIVES OF MUSICAL SCORES						ADEME33 / ADEME05	Activites creatives, artistiques et de spectacle; Biblioth_x001A_ques, archives, musees et autres activites culturelles; _x001A_ Organisation de jeux de hasard et d'argent / Services (imprimerie, publicite, architecture et ingenierie, maintenance multi-technique des batiments, gardiennage, nettoyage, securite, agence de voyage, autres services aux entreprises)	0.19	0.03	0.152	5191A0 / 512100 / 541800 / 541920 / 323110	News syndicates, libraries, archives, Internet publishing and all other information services / Movies and film / Advertising and public relations / Photographers / Books, newspapers, magazines, and other print media	0.17	0.13	0.136	0.2	0.12	0.16									macro	0.2	0.12	0.16	CF23	purchases	lab.life	9	4.1
CF22	DOCUMENTATION : ARCHIVES DE CARTES (GEOGRAPHIQUES, TOPOGRAPHIQUES_x001A_)	DOCUMENTATION: ARCHIVES OF MAPS (GEOGRAPHIC, TOPOGRAPHIC...)						ADEME33 / ADEME05	Activites creatives, artistiques et de spectacle; Biblioth_x001A_ques, archives, musees et autres activites culturelles; _x001A_ Organisation de jeux de hasard et d'argent / Services (imprimerie, publicite, architecture et ingenierie, maintenance multi-technique des batiments, gardiennage, nettoyage, securite, agence de voyage, autres services aux entreprises)	0.19	0.03	0.152	5191A0 / 512100 / 541800 / 541920 / 323110	News syndicates, libraries, archives, Internet publishing and all other information services / Movies and film / Advertising and public relations / Photographers / Books, newspapers, magazines, and other print media	0.17	0.13	0.136	0.2	0.12	0.16									macro	0.2	0.12	0.16	CF23	purchases	lab.life	9	4.1
CF23	DOCUMENTATION : ARCHIVES D'AUTRES DOCUMENTS IMPRIMES	DOCUMENTATION: ARCHIVES OF OTHER PRINTED DOCUMENTS						ADEME33 / ADEME05	Activites creatives, artistiques et de spectacle; Biblioth_x001A_ques, archives, musees et autres activites culturelles; _x001A_ Organisation de jeux de hasard et d'argent / Services (imprimerie, publicite, architecture et ingenierie, maintenance multi-technique des batiments, gardiennage, nettoyage, securite, agence de voyage, autres services aux entreprises)	0.19	0.03	0.152	5191A0 / 512100 / 541800 / 541920 / 323110	News syndicates, libraries, archives, Internet publishing and all other information services / Movies and film / Advertising and public relations / Photographers / Books, newspapers, magazines, and other print media	0.17	0.13	0.136	0.2	0.12	0.16									macro	0.2	0.12	0.16	CF23	purchases	lab.life	9	4.1
CF31	DOCUMENTATION : ARCHIVES D'IMAGES FIXES	DOCUMENTATION: STILL IMAGE ARCHIVES						ADEME33 / ADEME05	Activites creatives, artistiques et de spectacle; Biblioth_x001A_ques, archives, musees et autres activites culturelles; _x001A_ Organisation de jeux de hasard et d'argent / Services (imprimerie, publicite, architecture et ingenierie, maintenance multi-technique des batiments, gardiennage, nettoyage, securite, agence de voyage, autres services aux entreprises)	0.19	0.03	0.152	5191A0	News syndicates, libraries, archives, Internet publishing and all other information services	0.17	0.0	0.136	0.18	0.02	0.144									macro	0.18	0.02	0.144	CE43	purchases	lab.life	9	4.1
CF32	DOCUMENTATION : ARCHIVES D'IMAGES ANIMEES SUR TOUT SUPPORT	DOCUMENTATION: ARCHIVES OF ANIMATED IMAGES IN ANY MEDIUM						ADEME33 / ADEME05	Activites creatives, artistiques et de spectacle; Biblioth_x001A_ques, archives, musees et autres activites culturelles; _x001A_ Organisation de jeux de hasard et d'argent / Services (imprimerie, publicite, architecture et ingenierie, maintenance multi-technique des batiments, gardiennage, nettoyage, securite, agence de voyage, autres services aux entreprises)	0.19	0.03	0.152	5191A0	News syndicates, libraries, archives, Internet publishing and all other information services	0.17	0.0	0.136	0.18	0.02	0.144									macro	0.18	0.02	0.144	CE43	purchases	lab.life	9	4.1
CF33	DOCUMENTATION : ARCHIVES D'AUTRES IMAGES	DOCUMENTATION: ARCHIVES OF OTHER IMAGES						ADEME33 / ADEME05	Activites creatives, artistiques et de spectacle; Biblioth_x001A_ques, archives, musees et autres activites culturelles; _x001A_ Organisation de jeux de hasard et d'argent / Services (imprimerie, publicite, architecture et ingenierie, maintenance multi-technique des batiments, gardiennage, nettoyage, securite, agence de voyage, autres services aux entreprises)	0.19	0.03	0.152	5191A0	News syndicates, libraries, archives, Internet publishing and all other information services	0.17	0.0	0.136	0.18	0.02	0.144									macro	0.18	0.02	0.144	CE43	purchases	lab.life	9	4.1
CF41	DOCUMENTATION : ARCHIVES D'ENTREGISTREMENTS SONORES	DOCUMENTATION: SOUND RECORDING ARCHIVES						ADEME33 / ADEME05	Activites creatives, artistiques et de spectacle; Biblioth_x001A_ques, archives, musees et autres activites culturelles; _x001A_ Organisation de jeux de hasard et d'argent / Services (imprimerie, publicite, architecture et ingenierie, maintenance multi-technique des batiments, gardiennage, nettoyage, securite, agence de voyage, autres services aux entreprises)	0.19	0.03	0.152	5191A0	News syndicates, libraries, archives, Internet publishing and all other information services	0.17	0.0	0.136	0.18	0.02	0.144									macro	0.18	0.02	0.144	CE43	purchases	lab.life	9	4.1
CG01	DOCUMENTATION : FOURNITURES ET EQUIPEMENTS DE CONSERVATION DE DOCUMENTS	DOCUMENTATION: SUPPLIES AND EQUIPMENT FOR DOCUMENT STORAGE						ADEME38	Consommables de bureau - Petites fournitures	0.37	0.0	0.296	339940	Office supplies (not paper)	0.58	0.0	0.464	0.5	0.12	0.4									macro	0.5	0.12	0.4	CG01	purchases	lab.life	10	4.2
CG11	DOCUMENTATION : MOBILIER DE RANGEMENT DE BIBLIOTHEQUES ET DE MAGASINS D'ARCHIVES	DOCUMENTATION: STORAGE FURNITURE FOR LIBRARIES AND ARCHIVE SHOPS						ADEME20	Meubles et autres biens manufactures	0.5	0.0	0.4	33721A / 337215	Office furniture and custom architectural woodwork and millwork / Shelving and lockers	0.56	0.16	0.4480000000000001	0.52	0.17	0.416									macro	0.52	0.17	0.416	CG12	purchases	lab.life	10	4.2
CG12	DOCUMENTATION : MOBILIER POUR BIBLIOTHEQUES ET MAGASINS D'ARCHIVES	DOCUMENTATION: FURNITURE FOR LIBRARIES AND ARCHIVE SHOPS						ADEME20	Meubles et autres biens manufactures	0.5	0.0	0.4	33721A / 337215	Office furniture and custom architectural woodwork and millwork / Shelving and lockers	0.56	0.16	0.4480000000000001	0.52	0.17	0.416									macro	0.52	0.17	0.416	CG12	purchases	lab.life	10	4.2
CG21	DOC : EQUIPEMENTS DE NUMERISATION POUR BIBLIOTHEQUES ET MAGASINS D'ARCHIVES	DOC: DIGITISATION EQUIPMENT FOR LIBRARIES AND ARCHIVE SHOPS						ADEME26	Produits informatiques, electroniques et optiques	0.4	0.0	0.3200000000000001	334610 / 333316	External hard drives, CDs, other storage media / Photography and photocopying equipment	0.33	0.34	0.264	0.41	0.21	0.328									macro	0.41	0.21	0.328	CG21	purchases	lab.life	9	4.1
CG31	REPARATION ET MAINTECE DES MOBILIERS DE BIBLIOTHEQUES ET MAGASINS D'ARCHIVES	REPAIR AND MAINTENANCE OF LIBRARY AND ARCHIVE FURNITURE						ADEME07	Reparation et installation de machines et d'equipements	0.39	0.0	0.3120000000000001	811300	Commercial machinery repair	0.19	0.0	0.152	0.24	0.13	0.192									macro	0.24	0.13	0.192	UF43	purchases	lab.life	9	4.5
CG32	REPAR. ET MAINTECE DES EQUIPEMENTS DE BIBLIOTHEQUES ET MAGASINS D'ARCHIVES	REPAIR. AND MAINTENANCE OF LIBRARY AND ARCHIVE SHOP EQUIPMENT						ADEME07	Reparation et installation de machines et d'equipements	0.39	0.0	0.3120000000000001	811300	Commercial machinery repair	0.19	0.0	0.152	0.24	0.13	0.192									macro	0.24	0.13	0.192	UF43	purchases	lab.life	9	4.5
CH01	DOC : LOGICIELS STANDARDS DE GESTION DE BIBLIOTHEQUES	DOC: STANDARD LIBRARY MANAGEMENT SOFTWARE						ADEME05	Services (imprimerie, publicite, architecture et ingenierie, maintenance multi-technique des batiments, gardiennage, nettoyage, securite, agence de voyage, autres services aux entreprises)	0.17	0.0	0.136	511200	Software	0.08	0.0	0.064	0.12	0.05	0.096									macro	0.12	0.05	0.096	WA15	purchases	lab.life	9	4.5
CH02	DOC : LOGICIELS SPECIFIQUES DE GESTION DE BIBLIOTHEQUES	DOC: SPECIFIC LIBRARY MANAGEMENT SOFTWARE						ADEME05	Services (imprimerie, publicite, architecture et ingenierie, maintenance multi-technique des batiments, gardiennage, nettoyage, securite, agence de voyage, autres services aux entreprises)	0.17	0.0	0.136	511200	Software	0.08	0.0	0.064	0.12	0.05	0.096									macro	0.12	0.05	0.096	WA15	purchases	lab.life	9	4.5
CH03	DOC : LOGIC. STANDARDS D'ACCES AUX CONTENUS ET RESSOURCES DOCUMENT.	DOC: LOGIC. STANDARDS FOR ACCESS TO DOCUMENT CONTENT AND RESOURCES						ADEME05	Services (imprimerie, publicite, architecture et ingenierie, maintenance multi-technique des batiments, gardiennage, nettoyage, securite, agence de voyage, autres services aux entreprises)	0.17	0.0	0.136	511200	Software	0.08	0.0	0.064	0.12	0.05	0.096									macro	0.12	0.05	0.096	WA15	purchases	lab.life	9	4.5
CH04	DOC : LOGIC. SPECIFIQUES D'ACCES AUX CONTENUS ET RESSOURCES DOCUMENT.	DOC : LOGIC. SPECIFIC SOFTWARE FOR ACCESSING DOCUMENT CONTENT AND RESOURCES.						ADEME05	Services (imprimerie, publicite, architecture et ingenierie, maintenance multi-technique des batiments, gardiennage, nettoyage, securite, agence de voyage, autres services aux entreprises)	0.17	0.0	0.136	511200	Software	0.08	0.0	0.064	0.12	0.05	0.096									macro	0.12	0.05	0.096	WA15	purchases	lab.life	9	4.5
CH05	DOC : LOGIC. STANDARDS DE TRAITEMENT ET DE CATALOGAGE PARTAGE DE DOC.	DOC: LOGIC. STANDARDS FOR PROCESSING AND CATALOGUING SHARED DOC.						ADEME05	Services (imprimerie, publicite, architecture et ingenierie, maintenance multi-technique des batiments, gardiennage, nettoyage, securite, agence de voyage, autres services aux entreprises)	0.17	0.0	0.136	511200	Software	0.08	0.0	0.064	0.12	0.05	0.096									macro	0.12	0.05	0.096	WA15	purchases	lab.life	9	4.5
CH06	DOC : LOGIC. SPECIFIQUES DE TRAITEMENT ET DE CATALOGAGE PARTAGE DE DOC.	DOC: LOGIC. DOC : SPECIFIC SOFTWARE FOR PROCESSING AND CATALOGUING DOCUMENT SHARING						ADEME05	Services (imprimerie, publicite, architecture et ingenierie, maintenance multi-technique des batiments, gardiennage, nettoyage, securite, agence de voyage, autres services aux entreprises)	0.17	0.0	0.136	511200	Software	0.08	0.0	0.064	0.12	0.05	0.096									macro	0.12	0.05	0.096	WA15	purchases	lab.life	9	4.5
CH07	DOC : AUTRES LOGICIELS STANDARDS DE GESTION DOCUMENTAIRE	DOC: OTHER STANDARD DOCUMENT MANAGEMENT SOFTWARE						ADEME05	Services (imprimerie, publicite, architecture et ingenierie, maintenance multi-technique des batiments, gardiennage, nettoyage, securite, agence de voyage, autres services aux entreprises)	0.17	0.0	0.136	511200	Software	0.08	0.0	0.064	0.12	0.05	0.096									macro	0.12	0.05	0.096	WA15	purchases	lab.life	9	4.5
CH08	DOCUMENTATION : AUTRES LOGICIELS SPECIFIQUES DE GESTION DOCUMENTAIRE	DOCUMENTATION: OTHER SPECIFIC DOCUMENT MANAGEMENT SOFTWARE						ADEME05	Services (imprimerie, publicite, architecture et ingenierie, maintenance multi-technique des batiments, gardiennage, nettoyage, securite, agence de voyage, autres services aux entreprises)	0.17	0.0	0.136	511200	Software	0.08	0.0	0.064	0.12	0.05	0.096									macro	0.12	0.05	0.096	WA15	purchases	lab.life	9	4.5
CH11	DOCUMENTATION : LOGICIELS STANDARDS DE GESTION D'ARCHIVAGE	DOCUMENTATION: STANDARD RECORDS MANAGEMENT SOFTWARE						ADEME05	Services (imprimerie, publicite, architecture et ingenierie, maintenance multi-technique des batiments, gardiennage, nettoyage, securite, agence de voyage, autres services aux entreprises)	0.17	0.0	0.136	511200	Software	0.08	0.0	0.064	0.12	0.05	0.096									macro	0.12	0.05	0.096	WA15	purchases	lab.life	9	4.5
CH12	DOCUMENTATION : LOGICIELS SPECIFIQUES DE GESTION D'ARCHIVAGE	DOCUMENTATION: SPECIFIC RECORDS MANAGEMENT SOFTWARE						ADEME05	Services (imprimerie, publicite, architecture et ingenierie, maintenance multi-technique des batiments, gardiennage, nettoyage, securite, agence de voyage, autres services aux entreprises)	0.17	0.0	0.136	511200	Software	0.08	0.0	0.064	0.12	0.05	0.096									macro	0.12	0.05	0.096	WA15	purchases	lab.life	9	4.5
CH21	DOC : MAINTECE LOGICIELS STANDARDS DE GESTION DE BIBLIOTHEQUES	DOC: MAINTENANCE OF STANDARD LIBRARY MANAGEMENT SOFTWARE						ADEME05	Services (imprimerie, publicite, architecture et ingenierie, maintenance multi-technique des batiments, gardiennage, nettoyage, securite, agence de voyage, autres services aux entreprises)	0.17	0.0	0.136	811300	Commercial machinery repair	0.19	0.0	0.152	0.17	0.02	0.136									macro	0.17	0.02	0.136	CH32	purchases	lab.life	9	4.5
CH22	DOC. : MAINTECE LOGICIELS SPECIFIQUES DE GESTION DE BIBLIOTHEQUES	DOC. DOCUMENTATION: MAINTECE SPECIFIC LIBRARY MANAGEMENT SOFTWARE						ADEME05	Services (imprimerie, publicite, architecture et ingenierie, maintenance multi-technique des batiments, gardiennage, nettoyage, securite, agence de voyage, autres services aux entreprises)	0.17	0.0	0.136	811300	Commercial machinery repair	0.19	0.0	0.152	0.17	0.02	0.136									macro	0.17	0.02	0.136	CH32	purchases	lab.life	9	4.5
CH23	DOC. : MAINTECE LOGIC. STANDARDS D'ACCES AUX CONTENUS ET RESSOURCES DOC.	DOC. : MAINTECE LOGIC. STANDARDS FOR ACCESS TO CONTENT AND RESOURCES DOC.						ADEME05	Services (imprimerie, publicite, architecture et ingenierie, maintenance multi-technique des batiments, gardiennage, nettoyage, securite, agence de voyage, autres services aux entreprises)	0.17	0.0	0.136	811300	Commercial machinery repair	0.19	0.0	0.152	0.17	0.02	0.136									macro	0.17	0.02	0.136	CH32	purchases	lab.life	9	4.5
CH24	DOC. : MAINTECE LOGIC. SPECIFIQUES D'ACCES AUX CONTENUS ET RESSOURCES DOC.	DOC. : MAINTECE LOGIC. SPECIFIC ACCESS TO CONTENT AND RESOURCES DOC.						ADEME05	Services (imprimerie, publicite, architecture et ingenierie, maintenance multi-technique des batiments, gardiennage, nettoyage, securite, agence de voyage, autres services aux entreprises)	0.17	0.0	0.136	811300	Commercial machinery repair	0.19	0.0	0.152	0.17	0.02	0.136									macro	0.17	0.02	0.136	CH32	purchases	lab.life	9	4.5
CH25	DOC. : MAINTECE LOGIC. STANDARDS DE TRAIT. ET DE CATALOGAGE PARTAGE DE DOC	DOC. : MAINTECE LOGIC. STANDARDS FOR PROCESSING AND CATALOGUING AND CATALOGUING STANDARDS DOC.						ADEME05	Services (imprimerie, publicite, architecture et ingenierie, maintenance multi-technique des batiments, gardiennage, nettoyage, securite, agence de voyage, autres services aux entreprises)	0.17	0.0	0.136	811300	Commercial machinery repair	0.19	0.0	0.152	0.17	0.02	0.136									macro	0.17	0.02	0.136	CH32	purchases	lab.life	9	4.5
CH26	DOC. : MAINTECE LOGIC. SPECIFIQ. DE TRAIT. ET DE CATALOGAGE PARTAGE DE DOC	DOC. SHARING: MAINTECE LOGIC. SPECIFIQ. PROCESSING AND CATALOGUING SOFTWARE DOC SHARING						ADEME05	Services (imprimerie, publicite, architecture et ingenierie, maintenance multi-technique des batiments, gardiennage, nettoyage, securite, agence de voyage, autres services aux entreprises)	0.17	0.0	0.136	811300	Commercial machinery repair	0.19	0.0	0.152	0.17	0.02	0.136									macro	0.17	0.02	0.136	CH32	purchases	lab.life	9	4.5
CH27	DOC. : MAINTECE D'AUTRES LOGICIELS STANDARDS DE GESTION DOCUMENTAIRE	DOC. MAINTENANCE OF OTHER STANDARD DOCUMENT MANAGEMENT SOFTWARE						ADEME05	Services (imprimerie, publicite, architecture et ingenierie, maintenance multi-technique des batiments, gardiennage, nettoyage, securite, agence de voyage, autres services aux entreprises)	0.17	0.0	0.136	811300	Commercial machinery repair	0.19	0.0	0.152	0.17	0.02	0.136									macro	0.17	0.02	0.136	CH32	purchases	lab.life	9	4.5
CH28	DOC. : MAINTECE D'AUTRES LOGICIELS SPECIFIQUES DE GESTION DOCUMENTAIRE	DOC. DOCUMENTATION: MAINTENANCE OF OTHER SPECIFIC DOCUMENT MANAGEMENT SOFTWARE						ADEME05	Services (imprimerie, publicite, architecture et ingenierie, maintenance multi-technique des batiments, gardiennage, nettoyage, securite, agence de voyage, autres services aux entreprises)	0.17	0.0	0.136	811300	Commercial machinery repair	0.19	0.0	0.152	0.17	0.02	0.136									macro	0.17	0.02	0.136	CH32	purchases	lab.life	9	4.5
CH31	DOCUMENTATION : MAINTECE DES LOGICIELS STANDARDS DE GESTION D'ARCHIVES	DOCUMENTATION: MAINTENANCE OF STANDARD RECORDS MANAGEMENT SOFTWARE						ADEME05	Services (imprimerie, publicite, architecture et ingenierie, maintenance multi-technique des batiments, gardiennage, nettoyage, securite, agence de voyage, autres services aux entreprises)	0.17	0.0	0.136	811300	Commercial machinery repair	0.19	0.0	0.152	0.17	0.02	0.136									macro	0.17	0.02	0.136	CH32	purchases	lab.life	9	4.5
CH32	DOCUMENTATION : MAINTECE DES LOGICIELS SPECIFIQUES DE GESTION D'ARCHIVES	DOCUMENTATION: MAINTENANCE OF SPECIFIC RECORDS MANAGEMENT SOFTWARE						ADEME05	Services (imprimerie, publicite, architecture et ingenierie, maintenance multi-technique des batiments, gardiennage, nettoyage, securite, agence de voyage, autres services aux entreprises)	0.17	0.0	0.136	811300	Commercial machinery repair	0.19	0.0	0.152	0.17	0.02	0.136									macro	0.17	0.02	0.136	CH32	purchases	lab.life	9	4.5
CI01	DOCUMENTATION : SERVICES DE NUMERISATION D'OUVRAGES ET DE DOCUMENTS	DOCUMENTATION: DIGITISATION SERVICES FOR BOOKS AND DOCUMENTS						ADEME33 / ADEME05	Activites creatives, artistiques et de spectacle; Biblioth_x001A_ques, archives, musees et autres activites culturelles; _x001A_ Organisation de jeux de hasard et d'argent / Services (imprimerie, publicite, architecture et ingenierie, maintenance multi-technique des batiments, gardiennage, nettoyage, securite, agence de voyage, autres services aux entreprises)	0.19	0.03	0.152	54151A	Other computer related services, including facilities management	0.08	0.0	0.064	0.14	0.06	0.112									macro	0.14	0.06	0.112	CI04	purchases	lab.life	9	4.5
CI02	DOCUMENTATION : SERVICES DE NUMERISATION DE FONDS SONORES ET SOURCES AUDIO	DOCUMENTATION: DIGITISATION SERVICES FOR AUDIO COLLECTIONS AND SOURCES						ADEME33 / ADEME05	Activites creatives, artistiques et de spectacle; Biblioth_x001A_ques, archives, musees et autres activites culturelles; _x001A_ Organisation de jeux de hasard et d'argent / Services (imprimerie, publicite, architecture et ingenierie, maintenance multi-technique des batiments, gardiennage, nettoyage, securite, agence de voyage, autres services aux entreprises)	0.19	0.03	0.152	54151A	Other computer related services, including facilities management	0.08	0.0	0.064	0.14	0.06	0.112									macro	0.14	0.06	0.112	CI04	purchases	lab.life	9	4.5
CI03	DOCUMENTATION : SERVICES DE NUMERISATION DE FONDS AUDIOVISUELS	DOCUMENTATION: DIGITISATION SERVICES FOR AUDIOVISUAL COLLECTIONS						ADEME33 / ADEME05	Activites creatives, artistiques et de spectacle; Biblioth_x001A_ques, archives, musees et autres activites culturelles; _x001A_ Organisation de jeux de hasard et d'argent / Services (imprimerie, publicite, architecture et ingenierie, maintenance multi-technique des batiments, gardiennage, nettoyage, securite, agence de voyage, autres services aux entreprises)	0.19	0.03	0.152	54151A	Other computer related services, including facilities management	0.08	0.0	0.064	0.14	0.06	0.112									macro	0.14	0.06	0.112	CI04	purchases	lab.life	9	4.5
CI04	DOCUMENTATION : AUTRES SERVICES DE GESTION DOCUMENTAIRE	DOCUMENTATION: OTHER DOCUMENT MANAGEMENT SERVICES						ADEME33 / ADEME05	Activites creatives, artistiques et de spectacle; Biblioth_x001A_ques, archives, musees et autres activites culturelles; _x001A_ Organisation de jeux de hasard et d'argent / Services (imprimerie, publicite, architecture et ingenierie, maintenance multi-technique des batiments, gardiennage, nettoyage, securite, agence de voyage, autres services aux entreprises)	0.19	0.03	0.152	54151A	Other computer related services, including facilities management	0.08	0.0	0.064	0.14	0.06	0.112									macro	0.14	0.06	0.112	CI04	purchases	lab.life	9	4.5
CI11	DOCUMENTATION : SERVICES D'ARCHIVAGE	DOCUMENTATION: ARCHIVING SERVICES						ADEME33	Activites creatives, artistiques et de spectacle; Biblioth_x001A_ques, archives, musees et autres activites culturelles; _x001A_ Organisation de jeux de hasard et d'argent	0.21	0.0	0.168	54151A	Other computer related services, including facilities management	0.08	0.0	0.064	0.14	0.07	0.112									macro	0.14	0.07	0.112	CI04	purchases	lab.life	9	4.5
CI12	DOCUMENTATION : SERVICES DE CONSEIL ET D'ASSISTANCE EN ARCHIVAGE TRADITIONNEL	DOCUMENTATION: TRADITIONAL ARCHIVING CONSULTANCY AND SUPPORT SERVICES						ADEME01	Assurance, services bancaires, conseil et honoraires	0.11	0.0	0.08800000000000001	54151A	Other computer related services, including facilities management	0.08	0.0	0.064	0.11	0.03	0.08800000000000001									macro	0.11	0.03	0.08800000000000001	ID17	purchases	lab.life	9	4.5
CI13	DOCUMENTATION : SERVICES DE CONSEIL ET D'ASSISTANCE EN ARCHIVAGE ELECTRONIQUE	DOCUMENTATION: ELECTRONIC ARCHIVING CONSULTANCY AND SUPPORT SERVICES						ADEME01	Assurance, services bancaires, conseil et honoraires	0.11	0.0	0.08800000000000001	54151A	Other computer related services, including facilities management	0.08	0.0	0.064	0.11	0.03	0.08800000000000001									macro	0.11	0.03	0.08800000000000001	ID17	purchases	lab.life	9	4.5
CI14	DOCUMENTATION : AUTRES SERVICES D'ARCHIVAGE	DOCUMENTATION: OTHER ARCHIVING SERVICES						ADEME33	Activites creatives, artistiques et de spectacle; Biblioth_x001A_ques, archives, musees et autres activites culturelles; _x001A_ Organisation de jeux de hasard et d'argent	0.21	0.0	0.168	54151A	Other computer related services, including facilities management	0.08	0.0	0.064	0.14	0.07	0.112									macro	0.14	0.07	0.112	CI04	purchases	lab.life	9	4.5
DA01	SERVICES DE TAXI OU DE VTC	TAXI OR VTC SERVICES						ADEME08	Transport terrestre	0.56	0.0	0.4480000000000001	485000	Passenger ground transport	0.47	0.0	0.376	0.5	0.06	0.4									macro	0.5	0.06	0.4	DA15	travels	transport	13	3.5
DA02	LOCATION DE VEHICULES ROUTIERS SANS CHAUFFEUR (COURTE DUREE)	HIRE OF ROAD VEHICLES WITHOUT DRIVERS (SHORT TERM)						ADEME08	Transport terrestre	0.56	0.0	0.4480000000000001	532100	Vehicle rental and leasing	0.19	0.0	0.152	0.28	0.25	0.224									macro	0.28	0.25	0.224	DA02	purchases	transport	14	4.4
DA11	SERVICES DE TRANSPORT FERROVIAIRE DE PERSONNES	PASSENGER TRANSPORT SERVICES BY RAIL						ADEME08	Transport terrestre	0.56	0.0	0.4480000000000001	482000	Rail transport	0.85	0.0	0.68	0.73	0.15	0.584									macro	0.73	0.15	0.584	FC04	travels	transport	13	3.5
DA12	SERVICES DE TRANSPORT AERIEN DE PERSONNES	PASSENGER AIR TRANSPORT SERVICES						ADEME10	Transport aerien	1.2	0.0	0.96	481000	Air transport	1.1	0.0	0.8800000000000001	1.2	0.11	0.96									macro	1.2	0.1	0.96	FC02	travels	transport	13	3.5
DA13	SERVICES DE TRANSPORT MARITIME, FLUVIAL ET COTIER DE PERSONNES	MARITIME, INLAND WATERWAY AND COASTAL PASSENGER TRANSPORT SERVICES						ADEME09	Transport fluvial et maritime	0.59	0.0	0.472	483000	Water transport (boats, ships, ferries)	0.86	0.0	0.6880000000000001	0.9	0.33	0.7200000000000001									macro	0.9	0.33	0.7200000000000001	FC03	travels	transport	13	3.5
DA14	SERVICES DE TRANSPORT COLLECTIF ROUTIER ET URBAIN DE PERSONNES	PUBLIC ROAD AND URBAN PASSENGER TRANSPORT SERVICES						ADEME08	Transport terrestre	0.56	0.0	0.4480000000000001	485000	Passenger ground transport	0.47	0.0	0.376	0.5	0.06	0.4									macro	0.5	0.06	0.4	DA15	travels	transport	13	3.5
DA15	SERV.TRANSP. SPECIALISES DE PERSONNES EN SITUATION HANDICAP	SPECIALISED TRANSP. SPECIALISED TRANSPORT OF DISABLED PERSONS						ADEME08	Transport terrestre	0.56	0.0	0.4480000000000001	485000	Passenger ground transport	0.47	0.0	0.376	0.5	0.06	0.4									macro	0.5	0.06	0.4	DA15	travels	transport	13	3.5
DA16	BILLETS DE TELEPHERIQUES, REMONTEES MECANIQUES OU FUNICULAIRES	TELEPHONE, SKI LIFT OR FUNICULAR TICKETS						ADEME08	Transport terrestre	0.56	0.0	0.4480000000000001	48A000	Scenic and sightseeing transportation and support activities for transportation	0.34	0.0	0.272	0.4	0.14	0.3200000000000001									macro	0.4	0.14	0.3200000000000001	DA16	purchases	transport	13	3.5
DA17	PEAGES AUTOROUTE ET DROITS DE STATIONNEMENT	MOTORWAY TOLLS AND PARKING FEES						ADEME11	Entreposage et services auxiliaires des transports	0.17	0.0	0.136	54151A	Other computer related services, including facilities management	0.08	0.0	0.064	0.13	0.05	0.104									macro	0.13	0.05	0.104	DA17	purchases	transport	9	4.5
DA18	PRESTATIONS DE TRANSPORTS SANITAIRES	MEDICAL TRANSPORT SERVICES						ADEME08	Transport terrestre	0.56	0.0	0.4480000000000001	(621500 ; 621400)	Medical laboratories/Outpatient healthcare	0.13	0.0	0.104	0.29	0.23	0.232									macro	0.29	0.23	0.232	DA18	purchases	transport	13	3.5
DA19	PRESTATIONS DE TRANSPORTS FUNERAIRES	FUNERAL TRANSPORT SERVICES						ADEME08	Transport terrestre	0.56	0.0	0.4480000000000001	812200	Funerary services	0.04	0.0	0.032	0.31	0.26	0.248									macro	0.31	0.26	0.248	DA19	purchases	transport	13	3.5
DB11	HEBERGEMENT EN H_x001A_TEL (HORS EVENEMENTIEL)	HOTEL ACCOMMODATION (EXCLUDING EVENTS)						ADEME04	Hebergement et restauration	0.32	0.0	0.256	721000	Hotels and campgrounds	0.23	0.0	0.184	0.29	0.05	0.232									macro	0.29	0.05	0.232	DB11	purchases	transport	9	4.5
DB12	HEBERGEMENT EN PENSION, DEMI-PENSION, REFUGE, CAMPING... (HORS EVENEMENTIEL)	ACCOMMODATION IN BOARD, HALF-BOARD, REFUGE, CAMPING... (EXCLUDING EVENTS)						ADEME04	Hebergement et restauration	0.32	0.0	0.256	721000	Hotels and campgrounds	0.23	0.0	0.184	0.34	0.13	0.272									macro	0.34	0.13	0.272	DB12	purchases	transport	9	4.5
DC01	SERVICES DE RESERVATIONS PAR AGENCES DE VOYAGE OU CENTRALES DE RESERVATION	RESERVATION SERVICES THROUGH TRAVEL AGENCIES OR RESERVATION CENTRES						ADEME05	Services (imprimerie, publicite, architecture et ingenierie, maintenance multi-technique des batiments, gardiennage, nettoyage, securite, agence de voyage, autres services aux entreprises)	0.17	0.0	0.136	561500	Travel arrangement and reservation	0.1	0.0	0.08000000000000002	0.16	0.05	0.128									macro	0.16	0.05	0.128	DC01	travels	transport	9	4.5
DC11	SERVICES DE GESTION DES VISAS ET DES FORMALITES ADMINISTRATIVES_x001A__x001A__x001A__x001A__x001A__x001A__x001A__x001A__x001A__x001A__x001A__x001A__x001A__x001A__x001A__x001A__x001A__x001A__x001A__x001A__x001A__x001A__x001A__x001A__x001A__x001A__x001A__x001A__x001A__x001A__x001A__x001A__x001A__x001A__x001A__x001A__x001A__x001A__x001A__x001A__x001A__x001A__x001A__x001A__x001A__x001A__x001A__x001A__x001A__x001A__x001A__x001A__x001A__x001A__x001A__x001A__x001A__x001A__x001A__x001A__x001A__x001A__x001A__x001A_ _x001A__x001A__x001A__x001A__x001A__x001A__x001A__x001A__x001A__x001A__x001A__x001A__x001A__x001A__x001A__x001A__x001A__x001A__x001A__x001A__x001A__x001A__x001A__x001A__x001A__x001A__x001A__x001A__x001A__x001A_	VISA AND ADMINISTRATIVE FORMALITIES MANAGEMENT SERVICES						ADEME28	Administration publiques et defense, securite sociale obligatoire	0.16	0.0	0.128	561100	Office administration	0.09	0.0	0.072	0.12	0.03	0.096									macro	0.12	0.03	0.096	DC11	purchases	transport	9	4.5
DC12	VOYAGES D ETUDES	STUDY TRIPS						ADEME05	Services (imprimerie, publicite, architecture et ingenierie, maintenance multi-technique des batiments, gardiennage, nettoyage, securite, agence de voyage, autres services aux entreprises)	0.17	0.0	0.136	561500	Travel arrangement and reservation	0.1	0.0	0.08000000000000002	0.16	0.05	0.128									macro	0.16	0.05	0.128	DC12	travels	transport	16	3.4
EA01	ASSURANCES DU PARC VEHICULES ROUTIER	ROAD VEHICLE FLEET INSURANCE						ADEME01	Assurance, services bancaires, conseil et honoraires	0.11	0.0	0.08800000000000001	524200 / 5241XX	Insurance agencies and brokerages / Insurance carriers, except direct life	0.04	0.0	0.032	0.07	0.04	0.05600000000000001									macro	0.07	0.04	0.05600000000000001	EA31	purchases	services	9	4.5
EA02	ASSURANCES DE LA FLOTTE AERIENNE	AIR FLEET INSURANCE						ADEME01	Assurance, services bancaires, conseil et honoraires	0.11	0.0	0.08800000000000001	524200 / 5241XX	Insurance agencies and brokerages / Insurance carriers, except direct life	0.04	0.0	0.032	0.07	0.04	0.05600000000000001									macro	0.07	0.04	0.05600000000000001	EA31	purchases	services	9	4.5
EA03	ASSURANCES DES VEHICULES MARITIMES, FLUVIAUX ET LACUSTRES	MARINE, INLAND WATERWAY AND LAKE VEHICLE INSURANCE						ADEME01	Assurance, services bancaires, conseil et honoraires	0.11	0.0	0.08800000000000001	524200 / 5241XX	Insurance agencies and brokerages / Insurance carriers, except direct life	0.04	0.0	0.032	0.07	0.04	0.05600000000000001									macro	0.07	0.04	0.05600000000000001	EA31	purchases	services	9	4.5
EA11	ASSURANCES DE BIENS IMMOBILIERS	REAL ESTATE INSURANCE						ADEME01	Assurance, services bancaires, conseil et honoraires	0.11	0.0	0.08800000000000001	524200 / 5241XX	Insurance agencies and brokerages / Insurance carriers, except direct life	0.04	0.0	0.032	0.07	0.04	0.05600000000000001									macro	0.07	0.04	0.05600000000000001	EA31	purchases	services	9	4.5
EA12	ASSURANCES D'EQUIPEMENTS SCIENTIFIQUES	SCIENTIFIC EQUIPMENT INSURANCE						ADEME01	Assurance, services bancaires, conseil et honoraires	0.11	0.0	0.08800000000000001	524200 / 5241XX	Insurance agencies and brokerages / Insurance carriers, except direct life	0.04	0.0	0.032	0.07	0.04	0.05600000000000001									macro	0.07	0.04	0.05600000000000001	EA31	purchases	services	9	4.5
EA13	ASSURANCES DES MARCHANDISES TRANSPORTEES	INSURANCE OF TRANSPORTED GOODS						ADEME01	Assurance, services bancaires, conseil et honoraires	0.11	0.0	0.08800000000000001	524200 / 5241XX	Insurance agencies and brokerages / Insurance carriers, except direct life	0.04	0.0	0.032	0.07	0.04	0.05600000000000001									macro	0.07	0.04	0.05600000000000001	EA31	purchases	services	9	4.5
EA14	ASSURANCES DES ANIMAUX	ANIMAL INSURANCE						ADEME01	Assurance, services bancaires, conseil et honoraires	0.11	0.0	0.08800000000000001	524200 / 5241XX	Insurance agencies and brokerages / Insurance carriers, except direct life	0.04	0.0	0.032	0.07	0.04	0.05600000000000001									macro	0.07	0.04	0.05600000000000001	EA31	purchases	services	9	4.5
EA21	ASSURANCE RESPONSABILITE CIVILE	INSURANCE						ADEME01	Assurance, services bancaires, conseil et honoraires	0.11	0.0	0.08800000000000001	524200 / 5241XX	Insurance agencies and brokerages / Insurance carriers, except direct life	0.04	0.0	0.032	0.07	0.04	0.05600000000000001									macro	0.07	0.04	0.05600000000000001	EA31	purchases	services	9	4.5
EA22	ASSURANCES RAPATRIEMENT DES AGENTS EN MISSION	REPATRIATION INSURANCE FOR STAFF ON MISSION						ADEME01	Assurance, services bancaires, conseil et honoraires	0.11	0.0	0.08800000000000001	524200 / 5241XX	Insurance agencies and brokerages / Insurance carriers, except direct life	0.04	0.0	0.032	0.07	0.04	0.05600000000000001									macro	0.07	0.04	0.05600000000000001	EA31	purchases	services	9	4.5
EA23	ASSURANCES COUVERTURE SANTE / MUTUELLE	HEALTH INSURANCE / MUTUAL INSURANCE						ADEME01	Assurance, services bancaires, conseil et honoraires	0.11	0.0	0.08800000000000001	524200 / 5241XX	Insurance agencies and brokerages / Insurance carriers, except direct life	0.04	0.0	0.032	0.07	0.04	0.05600000000000001									macro	0.07	0.04	0.05600000000000001	EA31	purchases	services	9	4.5
EA24	AUTRES ASSURANCES	OTHER INSURANCE						ADEME01	Assurance, services bancaires, conseil et honoraires	0.11	0.0	0.08800000000000001	524200 / 5241XX	Insurance agencies and brokerages / Insurance carriers, except direct life	0.04	0.0	0.032	0.07	0.04	0.05600000000000001									macro	0.07	0.04	0.05600000000000001	EA31	purchases	services	9	4.5
EA31	SERVICES DE CONSEIL ET AUDIT EN ASSURANCE	INSURANCE CONSULTANCY AND AUDITING SERVICES						ADEME01	Assurance, services bancaires, conseil et honoraires	0.11	0.0	0.08800000000000001	524200 / 5241XX	Insurance agencies and brokerages / Insurance carriers, except direct life	0.04	0.0	0.032	0.07	0.04	0.05600000000000001									macro	0.07	0.04	0.05600000000000001	EA31	purchases	services	9	4.5
EB01	ETUDES DE MARCHES DANS LE DOMAINE DE LA VALORISATION DE LA RECHERCHE	MARKET STUDIES IN THE FIELD OF RESEARCH DEVELOPMENT						ADEME01	Assurance, services bancaires, conseil et honoraires	0.11	0.0	0.08800000000000001	541610 / 5419A0	Management consulting / Marketing research and all other miscellaneous professional, scientific, and technical services	0.08	0.01	0.064	0.09	0.02	0.072									macro	0.09	0.02	0.072	EB04	purchases	services	9	4.5
EB02	ASSISTANCE A MAITRISE D'OUVRAGE (HORS BATIMENTS ET SI - TELECOM)	PROJECT MANAGEMENT ASSISTANCE (EXCLUDING BUILDINGS AND TELECOMMUNICATIONS)						ADEME05	Services (imprimerie, publicite, architecture et ingenierie, maintenance multi-technique des batiments, gardiennage, nettoyage, securite, agence de voyage, autres services aux entreprises)	0.17	0.0	0.136	541610 / 5419A0	Management consulting / Marketing research and all other miscellaneous professional, scientific, and technical services	0.08	0.01	0.064	0.11	0.05	0.08800000000000001									macro	0.11	0.05	0.08800000000000001	EB02	purchases	services	9	4.5
EB03	CONSEIL EN SECURITE (HORS CHANTIER) ET PROTECTION DES BIENS ET DES PERSONNES	SAFETY CONSULTANCY (EXCLUDING CONSTRUCTION SITES) AND PROTECTION OF GOODS AND PEOPLE						ADEME01	Assurance, services bancaires, conseil et honoraires	0.11	0.0	0.08800000000000001	541610 / 5419A0	Management consulting / Marketing research and all other miscellaneous professional, scientific, and technical services	0.08	0.01	0.064	0.09	0.02	0.072									macro	0.09	0.02	0.072	EB04	purchases	services	9	4.5
EB04	AUTRES MISSIONS D'ETUDES ET DE CONSEIL (HORS B_x001A_TIMENT ET INFORMATIQUE)	OTHER STUDIES AND CONSULTANCY SERVICES (EXCLUDING BUILDING AND IT)						ADEME01	Assurance, services bancaires, conseil et honoraires	0.11	0.0	0.08800000000000001	541610 / 5419A0	Management consulting / Marketing research and all other miscellaneous professional, scientific, and technical services	0.08	0.01	0.064	0.09	0.02	0.072									macro	0.09	0.02	0.072	EB04	purchases	services	9	4.5
EB11	AUDIT ORGANISATIONNEL	ORGANISATIONAL AUDIT						ADEME01	Assurance, services bancaires, conseil et honoraires	0.11	0.0	0.08800000000000001	541200 / 561100	Accounting, tax preparation, bookkeeping, and payroll / Office administration	0.08	0.03	0.064	0.09	0.02	0.072									macro	0.09	0.02	0.072	EB04	purchases	services	9	4.5
EB12	AUDIT FICIER	FICER AUDIT						ADEME01	Assurance, services bancaires, conseil et honoraires	0.11	0.0	0.08800000000000001	541200 / 561100	Accounting, tax preparation, bookkeeping, and payroll / Office administration	0.08	0.03	0.064	0.09	0.02	0.072									macro	0.09	0.02	0.072	EB04	purchases	services	9	4.5
EB13	CERTIFICATION LEGALE DES COMPTES	LEGAL CERTIFICATION OF ACCOUNTS						ADEME01	Assurance, services bancaires, conseil et honoraires	0.11	0.0	0.08800000000000001	541200 / 561100	Accounting, tax preparation, bookkeeping, and payroll / Office administration	0.08	0.03	0.064	0.09	0.02	0.072									macro	0.09	0.02	0.072	EB04	purchases	services	9	4.5
EB14	AUDIT ENERGERTIQUE (ENVIRONNEMENTAL, BILAN CARBONE,_x001A_)	ENERGY AUDIT (ENVIRONMENTAL, CARBON FOOTPRINT,...)						ADEME01	Assurance, services bancaires, conseil et honoraires	0.11	0.0	0.08800000000000001	541200 / 561100	Accounting, tax preparation, bookkeeping, and payroll / Office administration	0.08	0.03	0.064	0.09	0.02	0.072									macro	0.09	0.02	0.072	EB04	purchases	services	9	4.5
EB15	AUDIT HYGIENE ET SECURITE	HYGIENE AND SAFETY AUDIT						ADEME01	Assurance, services bancaires, conseil et honoraires	0.11	0.0	0.08800000000000001	541200 / 561100	Accounting, tax preparation, bookkeeping, and payroll / Office administration	0.08	0.03	0.064	0.09	0.02	0.072									macro	0.09	0.02	0.072	EB04	purchases	services	9	4.5
EB16	AUTRES SERVICES D'AUDIT ET D'ACCREDITATION	OTHER AUDIT AND ACCREDITATION SERVICES						ADEME01	Assurance, services bancaires, conseil et honoraires	0.11	0.0	0.08800000000000001	541200 / 561100	Accounting, tax preparation, bookkeeping, and payroll / Office administration	0.08	0.03	0.064	0.09	0.02	0.072									macro	0.09	0.02	0.072	EB04	purchases	services	9	4.5
EB21	ENQUETES	SURVEYS						ADEME05	Services (imprimerie, publicite, architecture et ingenierie, maintenance multi-technique des batiments, gardiennage, nettoyage, securite, agence de voyage, autres services aux entreprises)	0.17	0.0	0.136	541610 / 561900	Management consulting / Other support services	0.13	0.08	0.104	0.15	0.06	0.12									macro	0.15	0.06	0.12	EB23	purchases	services	9	4.5
EB22	SONDAGES	SURVEYS						ADEME05	Services (imprimerie, publicite, architecture et ingenierie, maintenance multi-technique des batiments, gardiennage, nettoyage, securite, agence de voyage, autres services aux entreprises)	0.17	0.0	0.136	541610 / 561900	Management consulting / Other support services	0.13	0.08	0.104	0.15	0.06	0.12									macro	0.15	0.06	0.12	EB23	purchases	services	9	4.5
EB23	PRESTATION DE SERVICE DE VOTES (URNE OU ELECTRONIQUE)	VOTING SERVICES (BALLOT BOX OR ELECTRONIC)						ADEME05	Services (imprimerie, publicite, architecture et ingenierie, maintenance multi-technique des batiments, gardiennage, nettoyage, securite, agence de voyage, autres services aux entreprises)	0.17	0.0	0.136	541610 / 561900	Management consulting / Other support services	0.13	0.08	0.104	0.15	0.06	0.12									macro	0.15	0.06	0.12	EB23	purchases	services	9	4.5
EB31	SERVICES BANCAIRES	BANKING SERVICES						ADEME01	Assurance, services bancaires, conseil et honoraires	0.11	0.0	0.08800000000000001	541200	Accounting, tax preparation, bookkeeping, and payroll	0.06	0.0	0.048	0.08	0.03	0.064									macro	0.08	0.03	0.064	XD53	purchases	services	9	4.5
EB32	INTERMEDIATION FICIERE ET ACTIVITES DE CONSEIL	FINANCIAL INTERMEDIATION AND ADVISORY SERVICES						ADEME01	Assurance, services bancaires, conseil et honoraires	0.11	0.0	0.08800000000000001	541200	Accounting, tax preparation, bookkeeping, and payroll	0.06	0.0	0.048	0.08	0.03	0.064									macro	0.08	0.03	0.064	XD53	purchases	services	9	4.5
EB33	AUTRES SERVICES FICIERS ET COMPTABLES	OTHER FINANCIAL AND ACCOUNTING SERVICES						ADEME01	Assurance, services bancaires, conseil et honoraires	0.11	0.0	0.08800000000000001	541200	Accounting, tax preparation, bookkeeping, and payroll	0.06	0.0	0.048	0.08	0.03	0.064									macro	0.08	0.03	0.064	XD53	purchases	services	9	4.5
EB41	SERVICES D'ADMINISTRATION D'IMMEUBLES ET FRAIS D'AGENCES IMMOBILIERES	REAL ESTATE MANAGEMENT SERVICES AND REAL ESTATE AGENCY FEES						ADEME01	Assurance, services bancaires, conseil et honoraires	0.11	0.0	0.08800000000000001	531ORE	Other real estate	0.46	0.0	0.368	0.26	0.18	0.208									macro	0.26	0.18	0.208	EB41	purchases	services	9	4.5
EB51	SERVICES DE TRADUCTION	TRANSLATION SERVICES						ADEME05	Services (imprimerie, publicite, architecture et ingenierie, maintenance multi-technique des batiments, gardiennage, nettoyage, securite, agence de voyage, autres services aux entreprises)	0.17	0.0	0.136	5419A0 / 541610	Marketing research and all other miscellaneous professional, scientific, and technical services / Management consulting	0.08	0.01	0.064	0.11	0.05	0.08800000000000001									macro	0.11	0.05	0.08800000000000001	EB56	purchases	services	9	4.5
EB52	SERVICES D'INTERPRETARIAT	INTERPRETING SERVICES						ADEME05	Services (imprimerie, publicite, architecture et ingenierie, maintenance multi-technique des batiments, gardiennage, nettoyage, securite, agence de voyage, autres services aux entreprises)	0.17	0.0	0.136	5419A0 / 541610	Marketing research and all other miscellaneous professional, scientific, and technical services / Management consulting	0.08	0.01	0.064	0.11	0.05	0.08800000000000001									macro	0.11	0.05	0.08800000000000001	EB56	purchases	services	9	4.5
EB53	SERVICES DE TRANSCRIPTION	TRANSCRIPTION SERVICES						ADEME05	Services (imprimerie, publicite, architecture et ingenierie, maintenance multi-technique des batiments, gardiennage, nettoyage, securite, agence de voyage, autres services aux entreprises)	0.17	0.0	0.136	5419A0 / 541610	Marketing research and all other miscellaneous professional, scientific, and technical services / Management consulting	0.08	0.01	0.064	0.11	0.05	0.08800000000000001									macro	0.11	0.05	0.08800000000000001	EB56	purchases	services	9	4.5
EB54	SERVICES DE SONORISATION	PUBLIC ADDRESS SERVICES						ADEME05	Services (imprimerie, publicite, architecture et ingenierie, maintenance multi-technique des batiments, gardiennage, nettoyage, securite, agence de voyage, autres services aux entreprises)	0.17	0.0	0.136	5419A0 / 541610	Marketing research and all other miscellaneous professional, scientific, and technical services / Management consulting	0.08	0.01	0.064	0.11	0.05	0.08800000000000001									macro	0.11	0.05	0.08800000000000001	EB56	purchases	services	9	4.5
EB55	SERVICES DE SOUS-TITRAGE	SUBTITLING SERVICES						ADEME05	Services (imprimerie, publicite, architecture et ingenierie, maintenance multi-technique des batiments, gardiennage, nettoyage, securite, agence de voyage, autres services aux entreprises)	0.17	0.0	0.136	5419A0 / 541610	Marketing research and all other miscellaneous professional, scientific, and technical services / Management consulting	0.08	0.01	0.064	0.11	0.05	0.08800000000000001									macro	0.11	0.05	0.08800000000000001	EB56	purchases	services	9	4.5
EB56	SERVICES DE REVISION DE TEXTES	TEXT REVISION SERVICES						ADEME05	Services (imprimerie, publicite, architecture et ingenierie, maintenance multi-technique des batiments, gardiennage, nettoyage, securite, agence de voyage, autres services aux entreprises)	0.17	0.0	0.136	5419A0 / 541610	Marketing research and all other miscellaneous professional, scientific, and technical services / Management consulting	0.08	0.01	0.064	0.11	0.05	0.08800000000000001									macro	0.11	0.05	0.08800000000000001	EB56	purchases	services	9	4.5
EB61	SERVICES DE CONSEILS JURIDIQUES	LEGAL ADVICE SERVICES						ADEME01	Assurance, services bancaires, conseil et honoraires	0.11	0.0	0.08800000000000001	541100	Legal services	0.07	0.0	0.05600000000000001	0.08	0.03	0.064									macro	0.08	0.03	0.064	XD44	purchases	services	9	4.5
EB62	SERVICES D'ETABLISSEMENT D'ACTES AUTHENTIQUES ET DES AUXILIAIRES DE JUSTICE	AUTHENTICATION AND COURT OFFICER SERVICES						ADEME01 / ADEME05	Assurance, services bancaires, conseil et honoraires / Services (imprimerie, publicite, architecture et ingenierie, maintenance multi-technique des batiments, gardiennage, nettoyage, securite, agence de voyage, autres services aux entreprises)	0.14	0.04	0.112	541100	Legal services	0.07	0.0	0.05600000000000001	0.09	0.05	0.072									macro	0.09	0.05	0.072	EB63	purchases	services	9	4.5
EB63	SERVICES DE REPRESENTATION JURIDIQUE	LEGAL REPRESENTATION SERVICES						ADEME01 / ADEME05	Assurance, services bancaires, conseil et honoraires / Services (imprimerie, publicite, architecture et ingenierie, maintenance multi-technique des batiments, gardiennage, nettoyage, securite, agence de voyage, autres services aux entreprises)	0.14	0.04	0.112	541100	Legal services	0.07	0.0	0.05600000000000001	0.09	0.05	0.072									macro	0.09	0.05	0.072	EB63	purchases	services	9	4.5
EC01	FORMATIONS D'ACCOMPAGNEMENT TECHNIQUES ET METIERS SCIENTIFIQUES	TECHNICAL AND SCIENTIFIC TRAINING COURSES						ADEME29	Enseignement	0.12	0.0	0.096	561400 / 611B00	Business support / Other educational services	0.16	0.01	0.128	0.14	0.02	0.112									macro	0.14	0.02	0.112	EC08	purchases	services	9	4.5
EC02	FORMATIONS D'ACCOMPAGNEMENT EN LANGUES	LANGUAGE TRAINING AND COACHING						ADEME29	Enseignement	0.12	0.0	0.096	561400 / 611B00	Business support / Other educational services	0.16	0.01	0.128	0.14	0.02	0.112									macro	0.14	0.02	0.112	EC08	purchases	services	9	4.5
EC03	FORMATIONS D'ACCOMPAGNEMENT EN BUREAUTIQUE	ACCOMPANYING COURSES IN OFFICE AUTOMATION						ADEME29	Enseignement	0.12	0.0	0.096	561400 / 611B00	Business support / Other educational services	0.16	0.01	0.128	0.14	0.02	0.112									macro	0.14	0.02	0.112	EC08	purchases	services	9	4.5
EC04	FORMATIONS D'ACCOMPAGNEMENT EN PREVENTION ET SECURITE	TRAINING COURSES IN PREVENTION AND SAFETY						ADEME29	Enseignement	0.12	0.0	0.096	561400 / 611B00	Business support / Other educational services	0.16	0.01	0.128	0.14	0.02	0.112									macro	0.14	0.02	0.112	EC08	purchases	services	9	4.5
EC05	FORMATIONS D'ACCOMPAGNEMENT EN METHODES DE TRAVAIL (MANAGEMENT, SAVOIR ETRE,_x001A_)	COACHING IN WORKING METHODS (MANAGEMENT, INTERPERSONAL SKILLS, ETC.)						ADEME29	Enseignement	0.12	0.0	0.096	561400 / 611B00	Business support / Other educational services	0.16	0.01	0.128	0.14	0.02	0.112									macro	0.14	0.02	0.112	EC08	purchases	services	9	4.5
EC06	FORMATIONS D'ACCOMPAGNEMENT DES FONCTIONS SUPPORT ET SOUTIEN	SUPPORT TRAINING FOR SUPPORT FUNCTIONS AND SUPPORT						ADEME29	Enseignement	0.12	0.0	0.096	561400 / 611B00	Business support / Other educational services	0.16	0.01	0.128	0.14	0.02	0.112									macro	0.14	0.02	0.112	EC08	purchases	services	9	4.5
EC07	AUTRES FORMATIONS D'ACCOMPAGNEMENT	OTHER COACHING COURSES						ADEME29	Enseignement	0.12	0.0	0.096	561400 / 611B00	Business support / Other educational services	0.16	0.01	0.128	0.14	0.02	0.112									macro	0.14	0.02	0.112	EC08	purchases	services	9	4.5
EC08	TESTS PROFESSIONNELS	PROFESSIONAL TESTS						ADEME29	Enseignement	0.12	0.0	0.096	561400 / 611B00	Business support / Other educational services	0.16	0.01	0.128	0.14	0.02	0.112									macro	0.14	0.02	0.112	EC08	purchases	services	9	4.5
EC11	FORMATIONS D'APPRENTISSAGE DE LA CONDUITE (AUTOMOBILE, BATEAU, AVION,_x001A_)	TRAINING COURSES IN DRIVING SKILLS (CAR, BOAT, PLANE, ETC.)						ADEME29	Enseignement	0.12	0.0	0.096	611B00	Other educational services	0.17	0.0	0.136	0.14	0.03	0.112									macro	0.14	0.03	0.112	EE21	purchases	services	9	4.5
EC12	PREPARATIONS AUX CONCOURS	PREPARATION FOR COMPETITIVE EXAMINATIONS						ADEME29	Enseignement	0.12	0.0	0.096	611B00	Other educational services	0.17	0.0	0.136	0.14	0.03	0.112									macro	0.14	0.03	0.112	EE21	purchases	services	9	4.5
EC13	PREPARATIONS AUX EXAMENS PROFESSIONNELS	PREPARATION FOR PROFESSIONAL EXAMS						ADEME29	Enseignement	0.12	0.0	0.096	611B00	Other educational services	0.17	0.0	0.136	0.14	0.03	0.112									macro	0.14	0.03	0.112	EE21	purchases	services	9	4.5
EC14	FORMATIONS D'INSERTION PROFESSIONNELLE	TRAINING FOR PROFESSIONAL INTEGRATION						ADEME29	Enseignement	0.12	0.0	0.096	611B00	Other educational services	0.17	0.0	0.136	0.14	0.03	0.112									macro	0.14	0.03	0.112	EE21	purchases	services	9	4.5
EC15	AUTRES FORMATIONS PREPARATOIRES	OTHER PREPARATORY COURSES						ADEME29	Enseignement	0.12	0.0	0.096	611B00	Other educational services	0.17	0.0	0.136	0.14	0.03	0.112									macro	0.14	0.03	0.112	EE21	purchases	services	9	4.5
EC21	BILANS DE COMPETENCES, VAE, QUALIFICATION, INSERTION PROFESSIONNELLE	SKILLS ASSESSMENT, VOCATIONAL TRAINING, QUALIFICATION, PROFESSIONAL INTEGRATION						ADEME29	Enseignement	0.12	0.0	0.096	561300	Employment services	0.04	0.0	0.032	0.07	0.04	0.05600000000000001									macro	0.07	0.04	0.05600000000000001	EC23	purchases	services	9	4.5
EC22	AUDITS D'UNITES OU DE SERVICES	AUDITS OF UNITS OR SERVICES						ADEME01	Assurance, services bancaires, conseil et honoraires	0.11	0.0	0.08800000000000001	561300	Employment services	0.04	0.0	0.032	0.07	0.04	0.05600000000000001									macro	0.07	0.04	0.05600000000000001	EC23	purchases	services	9	4.5
EC23	ASSISTANCE, CONSEIL ET SERVICES EN RECRUTEMENT	ASSISTANCE, ADVICE AND SERVICES IN RECRUITMENT						ADEME01	Assurance, services bancaires, conseil et honoraires	0.11	0.0	0.08800000000000001	561300	Employment services	0.04	0.0	0.032	0.07	0.04	0.05600000000000001									macro	0.07	0.04	0.05600000000000001	EC23	purchases	services	9	4.5
EC24	PSYCHOLOGUES, GRAPHOLOGUES	PSYCHOLOGISTS, GRAPHOLOGISTS						ADEME31	Activites pour la sante humaine	0.12	0.0	0.096	561300	Employment services	0.04	0.0	0.032	0.07	0.04	0.05600000000000001									macro	0.07	0.04	0.05600000000000001	EC23	purchases	services	9	4.5
EC25	ORGANISATION DE CONCOURS	ORGANISATION OF COMPETITIONS						ADEME05	Services (imprimerie, publicite, architecture et ingenierie, maintenance multi-technique des batiments, gardiennage, nettoyage, securite, agence de voyage, autres services aux entreprises)	0.17	0.0	0.136	561300	Employment services	0.04	0.0	0.032	0.09	0.07	0.072									macro	0.09	0.07	0.072	EC23	purchases	services	9	4.5
EC26	SERVICES D'AGENCES INTERIM	INTERIM AGENCY SERVICES						ADEME05	Services (imprimerie, publicite, architecture et ingenierie, maintenance multi-technique des batiments, gardiennage, nettoyage, securite, agence de voyage, autres services aux entreprises)	0.17	0.0	0.136	561300	Employment services	0.04	0.0	0.032	0.09	0.07	0.072									macro	0.09	0.07	0.072	EC23	purchases	services	9	4.5
EC27	AUTRES SERVICES DE GESTION DES RESSOURCES HUMAINES	OTHER HUMAN RESOURCES MANAGEMENT SERVICES						ADEME05	Services (imprimerie, publicite, architecture et ingenierie, maintenance multi-technique des batiments, gardiennage, nettoyage, securite, agence de voyage, autres services aux entreprises)	0.17	0.0	0.136	561300	Employment services	0.04	0.0	0.032	0.09	0.07	0.072									macro	0.09	0.07	0.072	EC23	purchases	services	9	4.5
EC31	SERVICES SOCIAUX DE CONSEIL EN ECONOMIE SOCIALE ET FAMILIALE	SOCIAL SERVICES OF SOCIAL AND FAMILY ECONOMY COUNSELLING						ADEME32	Action sociale	0.1	0.0	0.08000000000000002	624A00	Community food, housing, and other relief services, including rehabilitation services	0.34	0.0	0.272	0.23	0.12	0.184									macro	0.23	0.12	0.184	EC36	purchases	services	9	4.5
EC32	SERVICES SOCIAUX D'HEBERGEMENT	SOCIAL HOUSING SERVICES						ADEME04	Hebergement et restauration	0.32	0.0	0.256	624A00	Community food, housing, and other relief services, including rehabilitation services	0.34	0.0	0.272	0.3	0.06	0.24									macro	0.3	0.06	0.24	EC32	purchases	services	9	4.5
EC33	SERVICES SOCIAUX DE REINSERTION	SOCIAL REHABILITATION SERVICES						ADEME32	Action sociale	0.1	0.0	0.08000000000000002	624A00	Community food, housing, and other relief services, including rehabilitation services	0.34	0.0	0.272	0.23	0.12	0.184									macro	0.23	0.12	0.184	EC36	purchases	services	9	4.5
EC34	SERVICES SOCIAUX DE SOIN ET D'AIDE A DOMICILE	SOCIAL SERVICES FOR HOME CARE AND ASSISTANCE						ADEME32	Action sociale	0.1	0.0	0.08000000000000002	624A00	Community food, housing, and other relief services, including rehabilitation services	0.34	0.0	0.272	0.23	0.12	0.184									macro	0.23	0.12	0.184	EC36	purchases	services	9	4.5
EC35	SERVICES SOCIAUX : ASSISTANTES SOCIALES INTER-ENTREPRISES	SOCIAL SERVICES: INTER-COMPANY SOCIAL WORKERS						ADEME32	Action sociale	0.1	0.0	0.08000000000000002	624A00	Community food, housing, and other relief services, including rehabilitation services	0.34	0.0	0.272	0.23	0.12	0.184									macro	0.23	0.12	0.184	EC36	purchases	services	9	4.5
EC36	AUTRES SERVICES SOCIAUX	OTHER SOCIAL SERVICES						ADEME32	Action sociale	0.1	0.0	0.08000000000000002	624A00	Community food, housing, and other relief services, including rehabilitation services	0.34	0.0	0.272	0.23	0.12	0.184									macro	0.23	0.12	0.184	EC36	purchases	services	9	4.5
EC41	MEDECINE DE PREVENTION : PRESTATAIRES MEDICAUX	PREVENTIVE MEDICINE: MEDICAL PROVIDERS						ADEME31	Activites pour la sante humaine	0.12	0.0	0.096	(621500 ; 621400) / (62100 ; 62200 ; 62300)	Medical laboratories/Outpatient healthcare / Physicians/Dentists/Healthcare practitioners (except physicians and dentists)	0.12	0.02	0.096	0.13	0.04	0.104									macro	0.13	0.04	0.104	EC42	purchases	services	9	4.5
EC42	MEDECINE DE PREVENTION : FOURNITURES MEDICALES ET DE SOIN	PREVENTIVE MEDICINE : MEDICAL AND CARE SUPPLIES						ADEME31	Activites pour la sante humaine	0.12	0.0	0.096	(621500 ; 621400) / (62100 ; 62200 ; 62300)	Medical laboratories/Outpatient healthcare / Physicians/Dentists/Healthcare practitioners (except physicians and dentists)	0.12	0.02	0.096	0.13	0.04	0.104									macro	0.13	0.04	0.104	EC42	purchases	services	9	4.5
ED01	SERVICES DE DEPOT DE BREVET D'INVENTION ET DE LOGICIELS APP	PATENT AND SOFTWARE REGISTRATION SERVICES APP						ADEME28	Administration publiques et defense, securite sociale obligatoire	0.16	0.0	0.128	541100	Legal services	0.07	0.0	0.05600000000000001	0.1	0.06	0.08000000000000002									macro	0.1	0.06	0.08000000000000002	ED11	purchases	services	9	4.5
ED02	SERVICES DE PROPRIETE INTELLECTUELLE : BREVET D'INVENTION, GESTION DES ANNUITES	INTELLECTUAL PROPERTY SERVICES: PATENT, ANNUITY MANAGEMENT						ADEME28	Administration publiques et defense, securite sociale obligatoire	0.16	0.0	0.128	541100	Legal services	0.07	0.0	0.05600000000000001	0.1	0.06	0.08000000000000002									macro	0.1	0.06	0.08000000000000002	ED11	purchases	services	9	4.5
ED11	AUTRES SERVICES DE PROPRIETE INTELLECTUELLE (HORS BREVETS D'INVENTION)	OTHER INTELLECTUAL PROPERTY SERVICES (EXCLUDING PATENTS)						ADEME28	Administration publiques et defense, securite sociale obligatoire	0.16	0.0	0.128	541100	Legal services	0.07	0.0	0.05600000000000001	0.1	0.06	0.08000000000000002									macro	0.1	0.06	0.08000000000000002	ED11	purchases	services	9	4.5
EE01	SERVICES DE FORMATION EN PRESENTIEL	FACE-TO-FACE TRAINING SERVICES						ADEME29	Enseignement	0.12	0.0	0.096	611B00	Other educational services	0.17	0.0	0.136	0.14	0.03	0.112									macro	0.14	0.03	0.112	EE21	purchases	services	9	4.5
EE02	SERVICES DE FORMATION EN LIGNE	E-LEARNING SERVICES						ADEME29	Enseignement	0.12	0.0	0.096	611B00	Other educational services	0.17	0.0	0.136	0.14	0.03	0.112									macro	0.14	0.03	0.112	EE21	purchases	services	9	4.5
EE11	CERTIFICATION DIPLOMATION EN PRESENTIEL	CERTIFICATION OF DIPLOMAS IN THE CLASSROOM						ADEME29	Enseignement	0.12	0.0	0.096	611B00	Other educational services	0.17	0.0	0.136	0.14	0.03	0.112									macro	0.14	0.03	0.112	EE21	purchases	services	9	4.5
EE12	CERTIFICATION DIPLOMATION EN LIGNE	CERTIFICATION OF ONLINE DIPLOMAS						ADEME29	Enseignement	0.12	0.0	0.096	611B00	Other educational services	0.17	0.0	0.136	0.14	0.03	0.112									macro	0.14	0.03	0.112	EE21	purchases	services	9	4.5
EE21	ASSISTANCE A LA CONCEPTION DE COURS EN LIGNE	ASSISTANCE IN DESIGNING ONLINE COURSES						ADEME29	Enseignement	0.12	0.0	0.096	611B00	Other educational services	0.17	0.0	0.136	0.14	0.03	0.112									macro	0.14	0.03	0.112	EE21	purchases	services	9	4.5
FA01	FOURNITURES D'EMBALLAGE ET DE TRANSPORT DE MARCHANDISES ORDINAIRES	PACKING AND TRANSPORT SUPPLIES FOR ORDINARY GOODS						ADEME17 / ADEME16	Papier et carton / Plastiques et caoutchouc	0.85	0.07	0.68	326110 / 322210	Plastic bags, films, and sheets / Paper bags and coated paper	0.62	0.02	0.496	0.71	0.16	0.568									macro	0.71	0.16	0.568	FA02	purchases	transport	9	4.1
FA02	FOURNITURES D'EMBALLAGE POUR LE TRANSPORT DE MARCHANDISES SPECIFIQUES	PACKAGING SUPPLIES FOR THE TRANSPORT OF SPECIFIC GOODS						ADEME17 / ADEME16	Papier et carton / Plastiques et caoutchouc	0.85	0.07	0.68	326110 / 322210	Plastic bags, films, and sheets / Paper bags and coated paper	0.62	0.02	0.496	0.71	0.16	0.568									macro	0.71	0.16	0.568	FA02	purchases	transport	9	4.1
FA03	EQUIPEMENTS POUR LE DEPLACEMENT DE MARCHANDISES ET ACCESSOIRES	EQUIPMENT FOR THE MOVEMENT OF GOODS AND ACCESSORIES						ADEME11 / ADEME27	Entreposage et services auxiliaires des transports / Materiel de transport	0.44	0.37	0.352	336999 / 332999	Other transportation equipment / Other fabricated metal manufacturing	0.44	0.11	0.352	0.49	0.25	0.392									macro	0.49	0.25	0.392	FA03	purchases	transport	10	4.2
FA11	EQUIPEMENTS DE PESEE DU COURRIER ET D'HORODATAGE	MAIL WEIGHING AND TIME STAMPING EQUIPMENT						ADEME26	Produits informatiques, electroniques et optiques	0.4	0.0	0.3200000000000001	33451A	Watches, clocks, and other measuring and controlling devices	0.22	0.0	0.176	0.32	0.09	0.256									macro	0.32	0.09	0.256	FA11	purchases	transport	10	4.2
FB01	COURRIER : COURRIERS ET AFFRANCHISSEMENT ORDINAIRE	MAIL: ORDINARY MAIL AND POSTAGE						ADEME02	Courrier	0.13	0.0	0.104	491000	Postal service	0.23	0.0	0.184	0.18	0.05	0.144									macro	0.18	0.05	0.144	FC06	purchases	transport	12	3.1
FB02	COURRIER : SERVICES DE COURSIERS ET COURRIERS EXPRESS	MAIL: COURIER AND EXPRESS SERVICES						ADEME02 / ADEME05	Courrier / Services (imprimerie, publicite, architecture et ingenierie, maintenance multi-technique des batiments, gardiennage, nettoyage, securite, agence de voyage, autres services aux entreprises)	0.15	0.03	0.12	491000 / 492000	Postal service / Couriers and messengers	0.44	0.29	0.352	0.27	0.23	0.216									macro	0.27	0.23	0.216	FB02	purchases	transport	12	3.1
FB11	SERVICES DE DISTRIBUTION ET ROUTAGE	DISTRIBUTION AND ROUTING SERVICES						ADEME02	Courrier	0.13	0.0	0.104	491000	Postal service	0.23	0.0	0.184	0.18	0.05	0.144									macro	0.18	0.05	0.144	FC06	purchases	transport	12	3.1
FB12	SERVICES DE BOITES POSTALES, DE POSTE RESTANTE OU DE REEXPEDITION	POST OFFICE BOX, REMITTANCE OR RE-MAILING SERVICES						ADEME02	Courrier	0.13	0.0	0.104	491000	Postal service	0.23	0.0	0.184	0.18	0.05	0.144									macro	0.18	0.05	0.144	FC06	purchases	services	9	4.5
FC01	TRANSPORTS ROUTIERS ET URBAINS DE MARCHANDISES (EN AFFRETEMENT)	ROAD AND URBAN FREIGHT TRANSPORT (ON CHARTER)						ADEME08	Transport terrestre	0.56	0.0	0.4480000000000001	484000	Truck transport	1.6	0.0	1.28	0.87	0.64	0.6960000000000001									macro	0.87	0.64	0.6960000000000001	FC01	purchases	transport	12	3.1
FC02	TRANSPORTS AERIENS DE MARCHANDISES	AIR FREIGHT TRANSPORT						ADEME10	Transport aerien	1.2	0.0	0.96	481000	Air transport	1.1	0.0	0.8800000000000001	1.2	0.11	0.96									macro	1.2	0.1	0.96	FC02	purchases	transport	12	3.1
FC03	TRANSPORTS MARITIMES ET FLUVIAUX EN CONTENEURS	MARITIME AND INLAND WATERWAY CONTAINER TRANSPORT						ADEME09	Transport fluvial et maritime	0.59	0.0	0.472	483000	Water transport (boats, ships, ferries)	0.86	0.0	0.6880000000000001	0.9	0.33	0.7200000000000001									macro	0.9	0.33	0.7200000000000001	FC03	purchases	transport	12	3.1
FC04	TRANSPORTS FERROVIAIRES DE MARCHANDISES	RAIL FREIGHT TRANSPORT						ADEME08	Transport terrestre	0.56	0.0	0.4480000000000001	482000	Rail transport	0.85	0.0	0.68	0.73	0.15	0.584									macro	0.73	0.15	0.584	FC04	purchases	transport	12	3.1
FC05	SERVICES DES GARES, AEROPORTS, PORTS FLUVIAUX ET MARITIMES,_x001A_	SERVICES OF RAILWAY STATIONS, AIRPORTS, RIVER AND SEA PORTS,...						ADEME11	Entreposage et services auxiliaires des transports	0.17	0.0	0.136	561900	Other support services	0.19	0.0	0.152	0.18	0.01	0.144									macro	0.18	0.01	0.144	UA37	purchases	transport	12	3.1
FC06	TRANSPORTS ADMINISTRATIFS DE DOCUMENT	ADMINISTRATIVE DOCUMENT TRANSPORT						ADEME02	Courrier	0.13	0.0	0.104	491000	Postal service	0.23	0.0	0.184	0.18	0.05	0.144									macro	0.18	0.05	0.144	FC06	purchases	transport	12	3.1
FC11	TRANSPORTS SPECIALISES D'ANIMAUX DE LABORATOIRE	SPECIALISED TRANSPORT OF LABORATORY ANIMALS						ADEME08	Transport terrestre	0.56	0.0	0.4480000000000001	492000 / 484000	Couriers and messengers / Truck transport	1.1	0.68	0.8800000000000001	0.69	0.56	0.5519999999999999									macro	0.69	0.56	0.5519999999999999	FC15	purchases	transport	12	3.1
FC12	TRANSPORTS SPECIALISES DE PRODUITS BIOLOGIQUES UN3373	SPECIALISED TRANSPORT OF BIOLOGICAL PRODUCTS UN3373						ADEME08	Transport terrestre	0.56	0.0	0.4480000000000001	492000 / 484000	Couriers and messengers / Truck transport	1.1	0.68	0.8800000000000001	0.69	0.56	0.5519999999999999									macro	0.69	0.56	0.5519999999999999	FC15	purchases	transport	12	3.1
FC13	TRANSPORTS DE MARCHANDISES DANGEREUSES	TRANSPORT OF DANGEROUS GOODS						ADEME08	Transport terrestre	0.56	0.0	0.4480000000000001	492000 / 484000	Couriers and messengers / Truck transport	1.1	0.68	0.8800000000000001	0.69	0.56	0.5519999999999999									macro	0.69	0.56	0.5519999999999999	FC15	purchases	transport	12	3.1
FC14	TRANSPORTS DE PRODUITS INFECTIEUX (CLASSE 6.2)	TRANSPORT OF INFECTIOUS PRODUCTS (CLASS 6.2)						ADEME08	Transport terrestre	0.56	0.0	0.4480000000000001	492000 / 484000	Couriers and messengers / Truck transport	1.1	0.68	0.8800000000000001	0.69	0.56	0.5519999999999999									macro	0.69	0.56	0.5519999999999999	FC15	purchases	transport	12	3.1
FC15	AUTRES SERVICES DE TRANSPORT/EXPEDITION SPECIALISES	OTHER SPECIALISED TRANSPORT/SHIPPING SERVICES						ADEME08	Transport terrestre	0.56	0.0	0.4480000000000001	492000 / 484000	Couriers and messengers / Truck transport	1.1	0.68	0.8800000000000001	0.69	0.56	0.5519999999999999									macro	0.69	0.56	0.5519999999999999	FC15	purchases	transport	12	3.1
FD01	SERVICES DE DEMENAGEMENT COURANTS	ROUTINE REMOVAL SERVICES						ADEME11	Entreposage et services auxiliaires des transports	0.17	0.0	0.136	493000	Warehousing	0.71	0.0	0.568	0.41	0.28	0.328									macro	0.41	0.28	0.328	FD12	purchases	transport	12	3.1
FD02	SERVICES DE DEMONTAGE ET DE DEMENAGEMENT D'INSTRUMENTS	INSTRUMENT DISMANTLING AND REMOVAL SERVICES						ADEME11	Entreposage et services auxiliaires des transports	0.17	0.0	0.136	493000	Warehousing	0.71	0.0	0.568	0.41	0.28	0.328									macro	0.41	0.28	0.328	FD12	purchases	transport	12	3.1
FD03	OPERATIONS DE MANUTENTION MECANIQUE DE MATERIEL	MECHANICAL MATERIAL HANDLING OPERATIONS						ADEME11	Entreposage et services auxiliaires des transports	0.17	0.0	0.136	493000	Warehousing	0.71	0.0	0.568	0.41	0.28	0.328									macro	0.41	0.28	0.328	FD12	purchases	transport	12	3.1
FD04	SERVICES DE LOCATION DE VEHICULES POUR TRANSPORT DE MARCHANDISES	FREIGHT VEHICLE RENTAL SERVICES						ADEME08	Transport terrestre	0.56	0.0	0.4480000000000001	493000 / 485000	Warehousing / Passenger ground transport	0.59	0.17	0.472	0.52	0.15	0.416									macro	0.52	0.15	0.416	FD04	purchases	transport	14	4.4
FD11	SERVICES DE GARDE-MEUBLES	FURNITURE STORAGE SERVICES						ADEME11	Entreposage et services auxiliaires des transports	0.17	0.0	0.136	493000	Warehousing	0.71	0.0	0.568	0.41	0.28	0.328									macro	0.41	0.28	0.328	FD12	purchases	transport	9	4.5
FD12	SERVICES D'ENTREPOT GARDIENNAGE DE MATERIEL	WAREHOUSE SERVICES EQUIPMENT STORAGE						ADEME11	Entreposage et services auxiliaires des transports	0.17	0.0	0.136	493000	Warehousing	0.71	0.0	0.568	0.41	0.28	0.328									macro	0.41	0.28	0.328	FD12	purchases	transport	9	4.5
GA01	ACETYLENE DE QUALITE INDUSTRIELLE EN BOUTEILLE	INDUSTRIAL QUALITY ACETYLENE IN CYLINDERS						ADEME21	Produits chimiques	1.6	0.0	1.28	325120	Compressed Gases	2.0	0.0	1.6	2.1	0.56	1.68					mGA01	acetylen (ACV)	0.67	0.53	micro	0.67	0.53	0.536	GA55	purchases	consumables	9	4.1
GA02	AIR SYNTHETIQUE DE QUALITE INDUSTRIELLE EN BOUTEILLE	INDUSTRIAL GRADE SYNTHETIC AIR IN CYLINDERS						ADEME21	Produits chimiques	1.6	0.0	1.28	325120	Compressed Gases	2.0	0.0	1.6	2.1	0.56	1.68					mGA02	nitrogen + oxygen (ACV)	0.22	0.17	micro	0.22	0.17	0.176	GA55	purchases	consumables	9	4.1
GA03	ARGON DE QUALITE INDUSTRIELLE EN BOUTEILLE	INDUSTRIAL GRADE ARGON IN CYLINDERS						ADEME21	Produits chimiques	1.6	0.0	1.28	325120	Compressed Gases	2.0	0.0	1.6	2.1	0.56	1.68					mGA03	argon (ACV)	0.39	0.31	micro	0.39	0.31	0.3120000000000001	GA55	purchases	consumables	9	4.1
GA04	AZOTE GAZEUX DE QUALITE INDUSTRIELLE EN BOUTEILLE	INDUSTRIAL GRADE NITROGEN GAS IN CYLINDERS						ADEME21	Produits chimiques	1.6	0.0	1.28	325120	Compressed Gases	2.0	0.0	1.6	2.1	0.56	1.68					mGA04	nitrogen (ACV)	0.17	0.14	micro	0.17	0.14	0.136	GA55	purchases	consumables	9	4.1
GA05	DIOXYDE DE CARBONE DE QUALITE INDUSTRIELLE EN BOUTEILLE	INDUSTRIAL GRADE CARBON DIOXIDE IN CYLINDERS						ADEME21	Produits chimiques	1.6	0.0	1.28	325120	Compressed Gases	2.0	0.0	1.6	2.1	0.56	1.68					mGA05	carbon dioxyde (ACV)	0.47	0.38	micro	0.47	0.38	0.376	GA55	purchases	consumables	9	4.1
GA06	HELIUM GAZEUX DE QUALITE INDUSTRIELLE EN BOUTEILLE	HELIUM GAS, INDUSTRIAL QUALITY IN CYLINDERS						ADEME21	Produits chimiques	1.6	0.0	1.28	325120	Compressed Gases	2.0	0.0	1.6	2.1	0.56	1.68					mGA06	helium (ACV)	0.07	0.06	micro	0.07	0.06	0.05600000000000001	GA55	purchases	consumables	9	4.1
GA07	HYDROGENE DE QUALITE INDUSTRIELLE EN BOUTEILLE	INDUSTRIAL GRADE HYDROGEN IN CYLINDERS						ADEME21	Produits chimiques	1.6	0.0	1.28	325120	Compressed Gases	2.0	0.0	1.6	2.1	0.56	1.68					mGA07	hydrogen (ACV	0.45	0.36	micro	0.45	0.36	0.36	GA55	purchases	consumables	9	4.1
GA08	OXYGENE DE QUALITE INDUSTRIELLE EN BOUTEILLE	INDUSTRIAL GRADE OXYGEN IN CYLINDERS						ADEME21	Produits chimiques	1.6	0.0	1.28	325120	Compressed Gases	2.0	0.0	1.6	2.1	0.56	1.68					mGA08	oxygen (ACV)	0.32	0.26	micro	0.32	0.26	0.256	GA55	purchases	consumables	9	4.1
GA09	AUTRES GAZ SIMPLES OU EN MELANGE DE QUALITE INDUSTRIELLE EN BOUTEILLE	OTHER SINGLE OR MIXED INDUSTRIAL GASES IN CYLINDERS						ADEME21	Produits chimiques	1.6	0.0	1.28	325120	Compressed Gases	2.0	0.0	1.6	2.1	0.56	1.68					mGA09	average all gases	0.35	0.28	micro	0.35	0.28	0.28	GA55	purchases	consumables	9	4.1
GA11	ARGON DE TRES HAUTE PURETE (SUPERIEURE A 5.0) EN BOUTEILLE	ULTRA HIGH PURITY ARGON (ABOVE 5.0) IN CYLINDER						ADEME21	Produits chimiques	1.6	0.0	1.28	325120	Compressed Gases	2.0	0.0	1.6	2.1	0.56	1.68					mGA11	high-purity argon (ACV)	0.31	0.25	micro	0.31	0.25	0.248	GA55	purchases	consumables	9	4.1
GA12	AZOTE GAZEUX DE TRES HAUTE PURETE (SUPERIEURE A 5.0) EN BOUTEILLE	NITROGEN GAS OF VERY HIGH PURITY (ABOVE 5.0) IN CYLINDERS						ADEME21	Produits chimiques	1.6	0.0	1.28	325120	Compressed Gases	2.0	0.0	1.6	2.1	0.56	1.68					mGA12	high-purity nitrogen (ACV)	0.1	0.08	micro	0.1	0.08	0.08000000000000002	GA55	purchases	consumables	9	4.1
GA13	DIOXYDE DE CARBONE DE HAUTE PURETE (PURETE SUPERIEURE A D.0) EN BOUTEILLE	CARBON DIOXIDE HIGH PURITY (GREATER THAN D.0) IN CYLINDERS						ADEME21	Produits chimiques	1.6	0.0	1.28	325120	Compressed Gases	2.0	0.0	1.6	2.1	0.56	1.68					mGA13	high-purity carbon dioxyde (ACV)	0.18	0.15	micro	0.18	0.15	0.144	GA55	purchases	consumables	9	4.1
GA14	GAZ RARES DE TRES HAUTE PURETE (NEON, XENON, KRYPTON,...) EN BOUTEILLE	HIGH PURITY RARE GASES (NEON, XENON, KRYPTON,...) IN CYLINDERS						ADEME21	Produits chimiques	1.6	0.0	1.28	325120	Compressed Gases	2.0	0.0	1.6	2.1	0.56	1.68					mGA14	high-purity xenon (ACV)	0.08	0.06	micro	0.08	0.06	0.064	GA55	purchases	consumables	9	4.1
GA15	HELIUM GAZEUX DE HAUTE PURETE (PURETE SUPERIEURE A 5.0) EN BOUTEILLE	HIGH PURITY HELIUM GAS (PURITY GREATER THAN 5.0) IN CYLINDERS						ADEME21	Produits chimiques	1.6	0.0	1.28	325120	Compressed Gases	2.0	0.0	1.6	2.1	0.56	1.68					mGA15	high-purity helium (ACV)	0.14	0.11	micro	0.14	0.11	0.112	GA55	purchases	consumables	9	4.1
GA16	GAZ FLUORES OU CHLORES DE TRES HAUTE PURETE (SUPERIEURE A D.0) EN BOUTEILLE	VERY HIGH PURITY (ABOVE D.0) FLUORESCENT OR CHLORINE GASES IN CYLINDERS						ADEME21	Produits chimiques	1.6	0.0	1.28	325120	Compressed Gases	2.0	0.0	1.6	2.1	0.56	1.68									macro	2.1	0.6	1.68	GA55	purchases	consumables	9	4.1
GA17	HYDROGENE DE HAUTE PURETE (PURETE SUPERIEURE A 5.0) EN BOUTEILLE	HIGH PURITY HYDROGEN (PURITY GREATER THAN 5.0) IN CYLINDERS						ADEME21	Produits chimiques	1.6	0.0	1.28	325120	Compressed Gases	2.0	0.0	1.6	2.1	0.56	1.68					mGA17	high-purity hydrogen (ACV)	0.12	0.09	micro	0.12	0.09	0.096	GA55	purchases	consumables	9	4.1
GA18	OXYGENE DE HAUTE PURETE (PURETE SUPERIEURE A 4.5) EN BOUTEILLE	HIGH PURITY OXYGEN (PURITY GREATER THAN 4.5) IN CYLINDERS						ADEME21	Produits chimiques	1.6	0.0	1.28	325120	Compressed Gases	2.0	0.0	1.6	2.1	0.56	1.68					mGA18	high-purity oxygen (ACV)	0.11	0.09	micro	0.11	0.09	0.08800000000000001	GA55	purchases	consumables	9	4.1
GA19	AUTRES GAZ NON MELANGES HAUTE PURETE EN BOUTEILLE	OTHER UNMIXED HIGH PURITY GASES IN CYLINDERS						ADEME21	Produits chimiques	1.6	0.0	1.28	325120	Compressed Gases	2.0	0.0	1.6	2.1	0.56	1.68					mGA19	average all pure gases	0.15	0.12	micro	0.15	0.12	0.12	GA55	purchases	consumables	9	4.1
GA21	MELANGES DE GAZ SCIENTIFIQUES DE HAUTE PURETE EN BOUTEILLE	HIGH PURITY SCIENTIFIC GAS MIXTURES IN CYLINDERS						ADEME21	Produits chimiques	1.6	0.0	1.28	325120	Compressed Gases	2.0	0.0	1.6	2.1	0.56	1.68					mGA19	average all pure gases	0.15	0.12	micro	0.15	0.12	0.12	GA55	purchases	consumables	9	4.1
GA31	GAZ MEDICAUX	MEDICAL GASES						ADEME21	Produits chimiques	1.6	0.0	1.28	325120	Compressed Gases	2.0	0.0	1.6	2.1	0.56	1.68									macro	2.1	0.6	1.68	GA55	purchases	consumables	9	4.1
GA41	PRESTATIONS CONNEXES A L'ACHAT DE GAZ EN BOUTEILLES (LOCATION DE BOUTEILLES,_x001A_)	SERVICES RELATED TO THE PURCHASE OF GASES IN CYLINDERS (CYLINDER HIRE, ETC.)						ADEME05	Services (imprimerie, publicite, architecture et ingenierie, maintenance multi-technique des batiments, gardiennage, nettoyage, securite, agence de voyage, autres services aux entreprises)	0.17	0.0	0.136	561900	Other support services	0.19	0.0	0.152	0.18	0.01	0.144									macro	0.18	0.01	0.144	GA61	purchases	consumables	14	4.4
GA51	AZOTE LIQUIDE EN VRAC ET DEWAR	LIQUID NITROGEN IN BULK AND DEWAR						ADEME21	Produits chimiques	1.6	0.0	1.28	325120	Compressed Gases	2.0	0.0	1.6	2.1	0.56	1.68					mGA51	liquid nitrogen (ACV)	0.42	0.33	micro	0.42	0.33	0.336	GA55	purchases	consumables	9	4.1
GA52	HELIUM LIQUIDE EN VRAC ET DEWAR	BULK LIQUID HELIUM AND DEWAR						ADEME21	Produits chimiques	1.6	0.0	1.28	325120	Compressed Gases	2.0	0.0	1.6	2.1	0.56	1.68					mGA52	liquid helium (ACV)	0.37	0.3	micro	0.37	0.3	0.296	GA55	purchases	consumables	9	4.1
GA53	ARGON EN VRAC ET DEWAR	BULK ARGON AND DEWAR						ADEME21	Produits chimiques	1.6	0.0	1.28	325120	Compressed Gases	2.0	0.0	1.6	2.1	0.56	1.68					mGA51	liquid nitrogen (ACV)	0.42	0.33	micro	0.42	0.33	0.336	GA55	purchases	consumables	9	4.1
GA54	OXYGENE EN VRAC ET DEWAR	BULK OXYGEN AND DEWAR						ADEME21	Produits chimiques	1.6	0.0	1.28	325120	Compressed Gases	2.0	0.0	1.6	2.1	0.56	1.68					mGA51	liquid nitrogen (ACV)	0.42	0.33	micro	0.42	0.33	0.336	GA55	purchases	consumables	9	4.1
GA55	GLACE CARBONIQUE (HORS TRANSPORT DE PRODUITS BIOLOGIQUES)	DRY ICE (EXCLUDING TRANSPORT OF BIOLOGICAL PRODUCTS)						ADEME21	Produits chimiques	1.6	0.0	1.28	325120	Compressed Gases	2.0	0.0	1.6	2.1	0.56	1.68					mGA55	dry ice (ACV)	0.96	0.77	micro	0.96	0.77	0.768	GA55	purchases	consumables	9	4.1
GA61	PRESTATIONS CONNEXES A L'ACHAT DE GAZ LIQUIDES ET SOLIDES EN VRAC	SERVICES RELATED TO THE PURCHASE OF LIQUID AND SOLID BULK GASES						ADEME05	Services (imprimerie, publicite, architecture et ingenierie, maintenance multi-technique des batiments, gardiennage, nettoyage, securite, agence de voyage, autres services aux entreprises)	0.17	0.0	0.136	561900	Other support services	0.19	0.0	0.152	0.18	0.01	0.144									macro	0.18	0.01	0.144	GA61	purchases	consumables	9	4.5
GB01	GENERATEURS DE GAZ (AIR, AZOTE, HYDROGENE, OXYGENE,_x001A_)	GAS GENERATORS (AIR, NITROGEN, HYDROGEN, OXYGEN,...)						ADEME25	Machines et equipements	0.7	0.0	0.5599999999999999	333912	Air and gas compressors	0.16	0.0	0.128	0.4	0.27	0.3200000000000001									macro	0.4	0.27	0.3200000000000001	GB04	purchases	lab.equipment	10	4.2
GB02	MATERIEL DE TRAITEMENT ET PURIFICATION DES GAZ (COMPRESSEURS, SECHEURS,_x001A_)	GAS TREATMENT AND PURIFICATION EQUIPMENT (COMPRESSORS, DRYERS,...)						ADEME25	Machines et equipements	0.7	0.0	0.5599999999999999	333912	Air and gas compressors	0.16	0.0	0.128	0.4	0.27	0.3200000000000001									macro	0.4	0.27	0.3200000000000001	GB04	purchases	lab.equipment	10	4.2
GB03	LIQUEFACTEURS ET ACCESSOIRES	LIQUEFIERS AND ACCESSORIES						ADEME25	Machines et equipements	0.7	0.0	0.5599999999999999	333912	Air and gas compressors	0.16	0.0	0.128	0.4	0.27	0.3200000000000001									macro	0.4	0.27	0.3200000000000001	GB04	purchases	lab.equipment	10	4.2
GB04	MATERIEL DE PREPARATION DES GAZ (REALISATION DE MELANGES,_x001A_)	GAS PREPARATION EQUIPMENT (MAKING MIXTURES,...)						ADEME25	Machines et equipements	0.7	0.0	0.5599999999999999	333912	Air and gas compressors	0.16	0.0	0.128	0.4	0.27	0.3200000000000001									macro	0.4	0.27	0.3200000000000001	GB04	purchases	lab.equipment	10	4.2
GB11	MATERIEL DE STOCKAGE DES GAZ ET PRODUITS CRYOGENIQUES	EQUIPMENT FOR THE STORAGE OF GASES AND CRYOGENIC PRODUCTS						ADEME25	Machines et equipements	0.7	0.0	0.5599999999999999	332420	Heavy gauge metal tanks	0.21	0.0	0.168	0.56	0.3	0.4480000000000001									macro	0.56	0.3	0.4480000000000001	GB11	purchases	lab.equipment	10	4.2
GB12	MATERIEL DE DISTRIBUTION DES GAZ ET PRODUITS CRYOGENIQUES	EQUIPMENT FOR THE DISTRIBUTION OF GASES AND CRYOGENIC PRODUCTS						ADEME25	Machines et equipements	0.7	0.0	0.5599999999999999	332996	Fabricated pipe and pipe fittings	0.44	0.0	0.352	0.54	0.14	0.4320000000000001									macro	0.54	0.14	0.4320000000000001	GB11	purchases	lab.equipment	10	4.2
GB13	CRYOGENERATEURS ET CRYOSTATS (HORS MICROSCOPIE ET RMN)	CRYOGENERATORS AND CRYOSTATS (EXCLUDING MICROSCOPY AND RMN)						ADEME25	Machines et equipements	0.7	0.0	0.5599999999999999	333415 / 339113 / 332420	Air conditioning, refrigeration, and warm air heating equipment / Surgical appliance and supplies / Heavy gauge metal tanks	0.46	0.34	0.368	0.57	0.28	0.456									macro	0.57	0.28	0.456	GB13	purchases	lab.equipment	10	4.2
GB21	INSTRUMENTS POUR L'ANALYSE DES GAZ (HORS RGA)	INSTRUMENTS FOR GAS ANALYSIS (EXCLUDING RGA)						ADEME26	Produits informatiques, electroniques et optiques	0.4	0.0	0.3200000000000001	334514	Fluid meters and counting devices	0.08	0.0	0.064	0.28	0.17	0.224									macro	0.28	0.17	0.224	PB13	purchases	lab.equipment	10	4.2
GC01	REPARATION ET MAINTECE DES EQUIPEMENTS DE GENERATION ET TRAITEMENT DES GAZ	REPAIR AND MAINTENANCE OF GAS GENERATION AND TREATMENT EQUIPMENT						ADEME07	Reparation et installation de machines et d'equipements	0.39	0.0	0.3120000000000001	811300	Commercial machinery repair	0.19	0.0	0.152	0.24	0.13	0.192									macro	0.24	0.13	0.192	UB22	purchases	maintenance	9	4.5
GC02	REPARATION ET MAINTECE DES EQUIPEMENTS DE STOCKAGE ET DISTRIBUTION DES GAZ	REPAIR AND MAINTENANCE OF GAS STORAGE AND DISTRIBUTION EQUIPMENT						ADEME07	Reparation et installation de machines et d'equipements	0.39	0.0	0.3120000000000001	811300	Commercial machinery repair	0.19	0.0	0.152	0.24	0.13	0.192									macro	0.24	0.13	0.192	UB22	purchases	maintenance	9	4.5
GC03	REPARATION ET MAINTECE DES CRYOGENERATEURS ET CRYOSTATS	REPAIR AND MAINTENANCE OF CRYOGENERATORS AND CRYOSTATS						ADEME07	Reparation et installation de machines et d'equipements	0.39	0.0	0.3120000000000001	811300	Commercial machinery repair	0.19	0.0	0.152	0.24	0.13	0.192									macro	0.24	0.13	0.192	UB22	purchases	maintenance	9	4.5
HA01	EPI : GANTS A USAGE UNIQUE	PPE: DISPOSABLE GLOVES						ADEME16	Plastiques et caoutchouc	0.8	0.0	0.6400000000000001	326190	Other plastic products	0.05	0.0	0.04000000000000001	0.52	0.41	0.416	MHA01	Ansell	0.74	0.592	mHA01	nitrile gloves (Nizan et al 2021)	0.3	0.24	MeMi	0.52	0.42	0.416	HA05	purchases	consumables	9	4.1
HA02	EPI : AUTRES EPI JETABLES (BLOUSES, SURCHAUSSES, CHARLOTTES, MASQUES_x001A_)	PPE: OTHER DISPOSABLE PPE (GOWNS, OVERSHOES, GOWNS, MASKS...)						ADEME16	Plastiques et caoutchouc	0.8	0.0	0.6400000000000001	326190	Other plastic products	0.05	0.0	0.04000000000000001	0.52	0.41	0.416	MHA01	Ansell	0.74	0.592					meso	0.74	0.59	0.592	HA05	purchases	consumables	9	4.1
HA03	EPI : BLOUSES ET AUTRES VETEMENTS DE LABORATOIRE REUTILISABLES	PPE: GOWNS AND OTHER REUSABLE LABORATORY CLOTHING						ADEME19	Textile et habillement	0.6	0.0	0.48	315000 / 315000	Clothing / Clothing	2.2	0.0	1.76	1.1	0.93	0.8800000000000001									macro	1.1	0.9	0.8800000000000001	HA07	purchases	lab.life	10	4.2
HA04	EPI : VETEMENTS DE TRAVAIL ET DE PROTECTION COURANTS (HORS LABORATOIRE)	PPE: STANDARD WORK AND PROTECTIVE CLOTHING (NON-LABORATORY)						ADEME19	Textile et habillement	0.6	0.0	0.48	315000 / 315000	Clothing / Clothing	2.2	0.0	1.76	1.1	0.93	0.8800000000000001	MHA01	Ansell	0.74	0.592					meso	0.74	0.59	0.592	HA07	purchases	lab.life	10	4.2
HA05	EPI : ACCESSOIRES (LUNETTES, CASQUES, ETC_x001A_)	PPE: ACCESSORIES (GOGGLES, HELMETS, ETC...)						ADEME16	Plastiques et caoutchouc	0.8	0.0	0.6400000000000001	326190	Other plastic products	0.05	0.0	0.04000000000000001	0.52	0.41	0.416	MHA01	Ansell	0.74	0.592					meso	0.74	0.59	0.592	HA05	purchases	lab.life	9	4.1
HA06	EQUIPEMENTS ET VETEMENTS DE PROTECTION ET SECURITE INDIVIDUELLE SPECIAUX	SPECIAL PERSONAL PROTECTIVE AND SAFETY EQUIPMENT AND CLOTHING						ADEME19	Textile et habillement	0.6	0.0	0.48	315000 / 315000	Clothing / Clothing	2.2	0.0	1.76	1.1	0.93	0.8800000000000001	MHA01	Ansell	0.74	0.592					meso	0.74	0.59	0.592	HA07	purchases	lab.equipment	10	4.2
HA07	EQUIPEMENTS DE RADIOPROTECTION INDIVIDUELLE	INDIVIDUAL RADIATION PROTECTION EQUIPMENT						ADEME19	Textile et habillement	0.6	0.0	0.48	315000 / 315000	Clothing / Clothing	2.2	0.0	1.76	1.1	0.93	0.8800000000000001									macro	1.1	0.9	0.8800000000000001	HA07	purchases	lab.equipment	10	4.2
HA11	CONSOMMABLES POUR RECEPTION DES DECHETS (ABSORBANTS, RECIPIENTS,_x001A_)	CONSUMABLES FOR WASTE RECEPTION (ABSORBENTS, CONTAINERS, ETC.)						ADEME37	Consommables de bureau - Consommables bureautiques	0.92	0.0	0.7360000000000001	326190 / 322291	Other plastic products / Sanitary paper (tissues, napkins, diapers, etc.)	0.39	0.48	0.3120000000000001	0.7	0.39	0.5599999999999999					mHA11	paper roll (Ecoinvent 3.8)	0.95	0.76	macro	0.7	0.39	0.5599999999999999	HA11	purchases	consumables	9	4.1
HA12	PETIT MATERIEL DE SECURITE COLLECTIVE (SIGNALETIQUE, DETECTEURS_x001A_)	SMALL COLLECTIVE SAFETY EQUIPMENT (SIGNS, DETECTORS, ETC.)						ADEME20	Meubles et autres biens manufactures	0.5	0.0	0.4	339950 / 339990	Signs / Gaskets, seals, musical instruments, fasteners, brooms, brushes, mop and other misc. goods	0.32	0.2	0.256	0.44	0.15	0.352									macro	0.44	0.15	0.352	HA12	purchases	lab.life	10	4.2
HA21	ARMOIRES DE SECURITE ET RANGEMENTS	SAFETY CABINETS AND STORAGE						ADEME20 / ADEME24	Meubles et autres biens manufactures / Produits metalliques, sauf machines et equipements	0.55	0.07	0.4400000000000001	33712N	Other household nonupholstered furniture	1.0	0.0	0.8	0.75	0.24	0.6000000000000001									macro	0.75	0.24	0.6000000000000001	HA22	purchases	lab.equipment	10	4.2
HA22	ENCEINTES DE CONFINEMENT DES SUBST. DANGEREUSES ET CONSOMM. ASSOCIES	CONTAINMENT OF HAZARDOUS SUBSTANCES AND AND CONSUMABLES. ASSOCIATED						ADEME20 / ADEME24	Meubles et autres biens manufactures / Produits metalliques, sauf machines et equipements	0.55	0.07	0.4400000000000001	33712N	Other household nonupholstered furniture	1.0	0.0	0.8	0.75	0.24	0.6000000000000001									macro	0.75	0.24	0.6000000000000001	HA22	purchases	lab.equipment	10	4.2
HA23	POSTES DE SECURITE MICROBIOLOGIQUES (PSM) - HOTTES ET CONSOMMABLES ASSOCIES	MICROBIOLOGICAL SAFETY CABINETS (PSM) - HOODS AND ASSOCIATED CONSUMABLES						ADEME20	Meubles et autres biens manufactures	0.5	0.0	0.4	339113	Surgical appliance and supplies	0.32	0.0	0.256	0.35	0.13	0.28									macro	0.35	0.13	0.28	KC51	purchases	lab.equipment	10	4.2
HA24	SECURITE AU TRAVAIL : AUTRES EQUIPEMENTS SPECIAUX ET CONSOMMABLES ASSOCIES	SAFETY AT WORK: OTHER SPECIAL EQUIPMENT AND ASSOCIATED CONSUMABLES						ADEME20	Meubles et autres biens manufactures	0.5	0.0	0.4	339113	Surgical appliance and supplies	0.32	0.0	0.256	0.35	0.13	0.28									macro	0.35	0.13	0.28	KC51	purchases	lab.equipment	9	4.1
HB01	SECURITE AU TRAVAIL : REPARATION, MAINTECE ET VERIFICATION DES HOTTES ET PSM	SAFETY AT WORK: REPAIR, MAINTENANCE AND CHECKING OF FUME HOODS AND PSM						ADEME07	Reparation et installation de machines et d'equipements	0.39	0.0	0.3120000000000001	811300	Commercial machinery repair	0.19	0.0	0.152	0.24	0.13	0.192									macro	0.24	0.13	0.192	UB22	purchases	maintenance	9	4.5
HB02	SECURITE AU TRAVAIL : MAINTECE ET VERIF. DES AUTRES EQUIP. DE PROTECTION	SAFETY AT WORK: MAINTENANCE AND CHECKING OF OTHER EQUIPMENT						ADEME07	Reparation et installation de machines et d'equipements	0.39	0.0	0.3120000000000001	811300	Commercial machinery repair	0.19	0.0	0.152	0.24	0.13	0.192									macro	0.24	0.13	0.192	UB22	purchases	maintenance	9	4.5
HC01	SERVICES DE LOCATION ET ENTRETIEN DES BLOUSES DE LABORATOIRE	RENTAL AND MAINTENANCE SERVICES OF LABORATORY COATS						ADEME05	Services (imprimerie, publicite, architecture et ingenierie, maintenance multi-technique des batiments, gardiennage, nettoyage, securite, agence de voyage, autres services aux entreprises)	0.17	0.0	0.136	5419A0	Marketing research and all other miscellaneous professional, scientific, and technical services	0.08	0.0	0.064	0.11	0.05	0.08800000000000001									macro	0.11	0.05	0.08800000000000001	HC02	purchases	services	14	4.4
HC02	SERVICES DE LOCATION ET ENTRETIEN AUTRES VETEMENTS DE PROTECTION INDIVIDUELLE	RENTAL AND MAINTENANCE SERVICES OF OTHER PERSONAL PROTECTIVE CLOTHING						ADEME05	Services (imprimerie, publicite, architecture et ingenierie, maintenance multi-technique des batiments, gardiennage, nettoyage, securite, agence de voyage, autres services aux entreprises)	0.17	0.0	0.136	5419A0	Marketing research and all other miscellaneous professional, scientific, and technical services	0.08	0.0	0.064	0.11	0.05	0.08800000000000001									macro	0.11	0.05	0.08800000000000001	HC02	purchases	services	14	4.4
IA01	MICRO-ORDINATEURS ET STATIONS DE TRAVAIL FIXES	MICROCOMPUTERS AND FIXED WORKSTATIONS						ADEME26	Produits informatiques, electroniques et optiques	0.4	0.0	0.3200000000000001	334118	Computer terminals and other computer peripheral equipment	0.35	0.0	0.28	0.43	0.1	0.344									macro	0.43	0.1	0.344	IA34	devices	info	10	4.2
IA11	ORDINATEURS PORTABLES	PORTABLE COMPUTERS						ADEME26	Produits informatiques, electroniques et optiques	0.4	0.0	0.3200000000000001	334118	Computer terminals and other computer peripheral equipment	0.35	0.0	0.28	0.43	0.1	0.344									macro	0.43	0.1	0.344	IA34	devices	info	10	4.2
IA12	AUTRES APPAREILS MOBILES (TABLETTES ET ORDINATEURS ULTRAPORTABLES)	OTHER MOBILE DEVICES (TABLETS AND ULTRAPORTABLE COMPUTERS)						ADEME26	Produits informatiques, electroniques et optiques	0.4	0.0	0.3200000000000001	334118	Computer terminals and other computer peripheral equipment	0.35	0.0	0.28	0.43	0.1	0.344									macro	0.43	0.1	0.344	IA34	devices	info	10	4.2
IA21	IMPRIMANTES	PRINTERS						ADEME26	Produits informatiques, electroniques et optiques	0.4	0.0	0.3200000000000001	334118	Computer terminals and other computer peripheral equipment	0.35	0.0	0.28	0.43	0.1	0.344									macro	0.43	0.1	0.344	IA34	devices	info	10	4.2
IA22	CONSOMMABLES POUR IMPRIMANTES	PRINTER CONSUMABLES						ADEME37	Consommables de bureau - Consommables bureautiques	0.92	0.0	0.7360000000000001	325910	Ink and ink cartridges	0.41	0.0	0.328	0.74	0.28	0.592									macro	0.74	0.28	0.592	IA22	purchases	lab.life	9	4.1
IA23	PETITES FOURNITURES POUR LE STOCKAGE EXTERNE DES DONNEES	SMALL SUPPLIES FOR EXTERNAL DATA STORAGE						ADEME26	Produits informatiques, electroniques et optiques	0.4	0.0	0.3200000000000001	334112	Computer storage device readers	0.24	0.0	0.192	0.33	0.09	0.264									macro	0.33	0.09	0.264	IA32	devices	info	10	4.2
IA24	AUTRE MATERIEL INFORMATIQUE PERIPHERIQUE (ECRANS, CLAVIERS, SOURIS,_x001A_)	OTHER COMPUTER PERIPHERALS (MONITORS, KEYBOARDS, MICE, ETC.)						ADEME26	Produits informatiques, electroniques et optiques	0.4	0.0	0.3200000000000001	334118	Computer terminals and other computer peripheral equipment	0.35	0.0	0.28	0.43	0.1	0.344									macro	0.43	0.1	0.344	IA34	devices	info	10	4.2
IA25	COMPOSANTS INTERNES POUR ORDINATEURS	INTERNAL COMPUTER COMPONENTS						ADEME26	Produits informatiques, electroniques et optiques	0.4	0.0	0.3200000000000001	334418	Printed circuit and electronic assembly	0.14	0.0	0.112	0.32	0.16	0.256									macro	0.32	0.16	0.256	TA01	devices	info	10	4.2
IA31	SERVEURS D'APPLICATIONS	APPLICATION SERVERS						ADEME26	Produits informatiques, electroniques et optiques	0.4	0.0	0.3200000000000001	334118	Computer terminals and other computer peripheral equipment	0.35	0.0	0.28	0.43	0.1	0.344									macro	0.43	0.1	0.344	IA34	devices	info	10	4.2
IA32	SYSTEMES POUR LE STOCKAGE ET LA SAUVEGARDE DE DONNEES	SYSTEMS FOR DATA STORAGE AND BACKUP						ADEME26	Produits informatiques, electroniques et optiques	0.4	0.0	0.3200000000000001	334112	Computer storage device readers	0.24	0.0	0.192	0.33	0.09	0.264									macro	0.33	0.09	0.264	IA32	devices	info	10	4.2
IA33	SERVEURS POUR LE CALCUL OU L'EXPLOITATION DE DONNEES SCIENTIFIQUES	SERVERS FOR COMPUTING OR SCIENTIFIC DATA PROCESSING						ADEME26	Produits informatiques, electroniques et optiques	0.4	0.0	0.3200000000000001	334118	Computer terminals and other computer peripheral equipment	0.35	0.0	0.28	0.43	0.1	0.344									macro	0.43	0.1	0.344	IA34	devices	info	10	4.2
IA34	SERVEURS HAUTES PERFORMANCES, SUPER CALCULATEURS	HIGH PERFORMANCE SERVERS, SUPERCOMPUTERS						ADEME26	Produits informatiques, electroniques et optiques	0.4	0.0	0.3200000000000001	334118	Computer terminals and other computer peripheral equipment	0.35	0.0	0.28	0.43	0.1	0.344									macro	0.43	0.1	0.344	IA34	devices	info	10	4.2
IA41	RESEAUX : PETITS EQUIPEMENTS DE RESEAUX INFORMATIQUES	NETWORKS : SMALL COMPUTER NETWORK EQUIPMENT						ADEME26	Produits informatiques, electroniques et optiques	0.4	0.0	0.3200000000000001	334290	Communications equipment	0.11	0.0	0.08800000000000001	0.26	0.14	0.208									macro	0.26	0.14	0.208	IG04	purchases	info	10	4.2
IA42	RESEAUX : EQUIPEMENTS DE RESEAUX INFORMATIQUES	NETWORKS : COMPUTER NETWORK EQUIPMENT						ADEME26	Produits informatiques, electroniques et optiques	0.4	0.0	0.3200000000000001	334220	Wireless communications	0.24	0.0	0.192	0.33	0.08	0.264									macro	0.33	0.08	0.264	IA43	devices	info	10	4.2
IA43	RESEAUX : EQUIPEMENTS DE TRANSMISSION DE DONNEES SANS FIL (dont bornes Wi-Fi)	NETWORKS: WIRELESS DATA TRANSMISSION EQUIPMENT (including Wi-Fi terminals)						ADEME26	Produits informatiques, electroniques et optiques	0.4	0.0	0.3200000000000001	334220	Wireless communications	0.24	0.0	0.192	0.33	0.08	0.264									macro	0.33	0.08	0.264	IA43	devices	info	10	4.2
IA44	RESEAUX : EQUIPEMENTS DE SUPERVISION ET METROLOGIE	NETWORKS : SUPERVISION AND METROLOGY EQUIPMENT						ADEME26	Produits informatiques, electroniques et optiques	0.4	0.0	0.3200000000000001	334290	Communications equipment	0.11	0.0	0.08800000000000001	0.26	0.14	0.208									macro	0.26	0.14	0.208	IG04	purchases	info	10	4.2
IA45	RESEAUX : ANALYSEURS	NETWORKS : ANALYSERS						ADEME26	Produits informatiques, electroniques et optiques	0.4	0.0	0.3200000000000001	334290 / 334515	Communications equipment / Signal testing instruments	0.11	0.01	0.08800000000000001	0.26	0.15	0.208									macro	0.26	0.15	0.208	IA45	purchases	info	10	4.2
IA46	CONCEPTION, REALISATION DE RESEAUX INFORMATIQUES	DESIGN AND CONSTRUCTION OF COMPUTER NETWORKS						ADEME26	Produits informatiques, electroniques et optiques	0.4	0.0	0.3200000000000001	541512	Computer systems design	0.07	0.0	0.05600000000000001	0.2	0.17	0.16									macro	0.2	0.17	0.16	IA46	purchases	info	9	4.5
IA51	INFORMATIQUE : SYSTEMES DE SORTIE POUR LA REALITE VIRTUELLE	COMPUTER SCIENCE : OUTPUT SYSTEMS FOR VIRTUAL REALITY						ADEME26	Produits informatiques, electroniques et optiques	0.4	0.0	0.3200000000000001	334118 / 334300	Computer terminals and other computer peripheral equipment / Audio and video equipment	0.86	0.73	0.6880000000000001	0.63	0.49	0.504									macro	0.63	0.49	0.504	IA51	purchases	info	10	4.2
IA52	INFORMATIQUE : CALCULATEURS EMBARQUES	COMPUTER SCIENCE : EMBEDDED COMPUTERS						ADEME26	Produits informatiques, electroniques et optiques	0.4	0.0	0.3200000000000001	334118	Computer terminals and other computer peripheral equipment	0.35	0.0	0.28	0.43	0.1	0.344									macro	0.43	0.1	0.344	UC36	purchases	info	10	4.2
IA53	INFORMATIQUE : ROBOTS PROTOTYPES	COMPUTING : PROTOTYPE ROBOTS						ADEME26	Produits informatiques, electroniques et optiques	0.4	0.0	0.3200000000000001	334118	Computer terminals and other computer peripheral equipment	0.35	0.0	0.28	0.43	0.1	0.344									macro	0.43	0.1	0.344	UC36	purchases	info	10	4.2
IA54	INFORMATIQUE : AUTRES SYSTEMES DE PILOTAGE	COMPUTER SCIENCE : OTHER CONTROL SYSTEMS						ADEME26	Produits informatiques, electroniques et optiques	0.4	0.0	0.3200000000000001	334118	Computer terminals and other computer peripheral equipment	0.35	0.0	0.28	0.43	0.1	0.344									macro	0.43	0.1	0.344	UC36	purchases	info	10	4.2
IA55	INFORMATIQUE : CAPTEURS POUR LA REALITE VIRTUELLE	COMPUTING : SENSORS FOR VIRTUAL REALITY						ADEME26	Produits informatiques, electroniques et optiques	0.4	0.0	0.3200000000000001	334118 / 334300	Computer terminals and other computer peripheral equipment / Audio and video equipment	0.86	0.73	0.6880000000000001	0.63	0.49	0.504									macro	0.63	0.49	0.504	IE33	purchases	info	10	4.2
IA56	INFORMATIQUE : CAPTEURS POUR LA ROBOTIQUE	COMPUTING : SENSORS FOR ROBOTICS						ADEME26	Produits informatiques, electroniques et optiques	0.4	0.0	0.3200000000000001	334118	Computer terminals and other computer peripheral equipment	0.35	0.0	0.28	0.43	0.1	0.344									macro	0.43	0.1	0.344	UC36	purchases	info	10	4.2
IA57	INFORMATIQUE : ACTIONNEURS	COMPUTING : ACTUATORS						ADEME26	Produits informatiques, electroniques et optiques	0.4	0.0	0.3200000000000001	334118	Computer terminals and other computer peripheral equipment	0.35	0.0	0.28	0.43	0.1	0.344									macro	0.43	0.1	0.344	UC36	purchases	info	10	4.2
IB01	DROITS D'UTILISATION DE LOGICIELS STANDARDS POUR SYSTEME ET RESEAUX	RIGHTS OF USE OF STANDARD SOFTWARE FOR SYSTEMS AND NETWORKS						ADEME05	Services (imprimerie, publicite, architecture et ingenierie, maintenance multi-technique des batiments, gardiennage, nettoyage, securite, agence de voyage, autres services aux entreprises)	0.17	0.0	0.136	511200	Software	0.08	0.0	0.064	0.12	0.05	0.096									macro	0.12	0.05	0.096	WA15	purchases	info	9	4.5
IB02	DROITS D'UTILISATION DE LOGICIELS SPECIFIQUES POUR SYSTEME ET RESEAUX	RIGHTS OF USE OF SPECIFIC SOFTWARE FOR SYSTEMS AND NETWORKS						ADEME05	Services (imprimerie, publicite, architecture et ingenierie, maintenance multi-technique des batiments, gardiennage, nettoyage, securite, agence de voyage, autres services aux entreprises)	0.17	0.0	0.136	511200	Software	0.08	0.0	0.064	0.12	0.05	0.096									macro	0.12	0.05	0.096	WA15	purchases	info	9	4.5
IB03	MAINTECE DES LOGICIELS POUR SYSTEME ET RESEAUX	MAINTENANCE OF SYSTEM AND NETWORK SOFTWARE						ADEME05	Services (imprimerie, publicite, architecture et ingenierie, maintenance multi-technique des batiments, gardiennage, nettoyage, securite, agence de voyage, autres services aux entreprises)	0.17	0.0	0.136	511200	Software	0.08	0.0	0.064	0.12	0.05	0.096									macro	0.12	0.05	0.096	WA15	purchases	info	9	4.5
IB11	DROITS D'UTILISATION DE LOGICIELS STANDARDS DE BUREAUTIQUE	RIGHTS TO USE STANDARD OFFICE SOFTWARE						ADEME05	Services (imprimerie, publicite, architecture et ingenierie, maintenance multi-technique des batiments, gardiennage, nettoyage, securite, agence de voyage, autres services aux entreprises)	0.17	0.0	0.136	511200	Software	0.08	0.0	0.064	0.12	0.05	0.096									macro	0.12	0.05	0.096	WA15	purchases	info	9	4.5
IB12	DROITS D'UTILISATION DE LOGICIELS SPECIFIQUES DE BUREAUTIQUE	RIGHTS OF USE OF SPECIFIC OFFICE SOFTWARE						ADEME05	Services (imprimerie, publicite, architecture et ingenierie, maintenance multi-technique des batiments, gardiennage, nettoyage, securite, agence de voyage, autres services aux entreprises)	0.17	0.0	0.136	511200	Software	0.08	0.0	0.064	0.12	0.05	0.096									macro	0.12	0.05	0.096	WA15	purchases	info	9	4.5
IB13	MAINTECE DES LOGICIELS DE BUREAUTIQUE	MAINTENANCE OF OFFICE AUTOMATION SOFTWARE						ADEME05	Services (imprimerie, publicite, architecture et ingenierie, maintenance multi-technique des batiments, gardiennage, nettoyage, securite, agence de voyage, autres services aux entreprises)	0.17	0.0	0.136	511200	Software	0.08	0.0	0.064	0.12	0.05	0.096									macro	0.12	0.05	0.096	WA15	purchases	info	9	4.5
IB21	DROITS D'UTILISATION DE LOGICIELS STANDARDS DE DEVELOPPEMENT	RIGHTS TO USE STANDARD DEVELOPMENT SOFTWARE						ADEME05	Services (imprimerie, publicite, architecture et ingenierie, maintenance multi-technique des batiments, gardiennage, nettoyage, securite, agence de voyage, autres services aux entreprises)	0.17	0.0	0.136	511200	Software	0.08	0.0	0.064	0.12	0.05	0.096									macro	0.12	0.05	0.096	WA15	purchases	info	9	4.5
IB22	DROITS D'UTILISATION DE LOGICIELS SPECIFIQUES DE DEVELOPPEMENT	RIGHTS OF USE OF SPECIFIC DEVELOPMENT SOFTWARE						ADEME05	Services (imprimerie, publicite, architecture et ingenierie, maintenance multi-technique des batiments, gardiennage, nettoyage, securite, agence de voyage, autres services aux entreprises)	0.17	0.0	0.136	511200	Software	0.08	0.0	0.064	0.12	0.05	0.096									macro	0.12	0.05	0.096	WA15	purchases	info	9	4.5
IB23	MAINTECE DES LOGICIELS DE DEVELOPPEMENT	MAINTENANCE OF DEVELOPMENT SOFTWARE						ADEME05	Services (imprimerie, publicite, architecture et ingenierie, maintenance multi-technique des batiments, gardiennage, nettoyage, securite, agence de voyage, autres services aux entreprises)	0.17	0.0	0.136	511200	Software	0.08	0.0	0.064	0.12	0.05	0.096									macro	0.12	0.05	0.096	WA15	purchases	info	9	4.5
IB31	DROITS D'UTIL. DES AUTRES LOGICIELS SCIENTIFIQUES	RIGHTS OF USE OF OTHER SCIENTIFIC SOFTWARE						ADEME05	Services (imprimerie, publicite, architecture et ingenierie, maintenance multi-technique des batiments, gardiennage, nettoyage, securite, agence de voyage, autres services aux entreprises)	0.17	0.0	0.136	511200	Software	0.08	0.0	0.064	0.12	0.05	0.096									macro	0.12	0.05	0.096	WA15	purchases	info	9	4.5
IB32	DROITS D'UTILISATION DES AUTRES LOGICIELS	RIGHTS OF USE OF OTHER SOFTWARE						ADEME05	Services (imprimerie, publicite, architecture et ingenierie, maintenance multi-technique des batiments, gardiennage, nettoyage, securite, agence de voyage, autres services aux entreprises)	0.17	0.0	0.136	511200	Software	0.08	0.0	0.064	0.12	0.05	0.096									macro	0.12	0.05	0.096	WA15	purchases	info	9	4.5
IB33	MAINTECE DES AUTRES LOGICIELS SCIENTIFIQUES	MAINTENANCE OF OTHER SCIENTIFIC SOFTWARE						ADEME05	Services (imprimerie, publicite, architecture et ingenierie, maintenance multi-technique des batiments, gardiennage, nettoyage, securite, agence de voyage, autres services aux entreprises)	0.17	0.0	0.136	511200	Software	0.08	0.0	0.064	0.12	0.05	0.096									macro	0.12	0.05	0.096	WA15	purchases	info	9	4.5
IB34	MAINTECE DES AUTRES LOGICIELS	MAINTENANCE OF OTHER SOFTWARE						ADEME05	Services (imprimerie, publicite, architecture et ingenierie, maintenance multi-technique des batiments, gardiennage, nettoyage, securite, agence de voyage, autres services aux entreprises)	0.17	0.0	0.136	511200	Software	0.08	0.0	0.064	0.12	0.05	0.096									macro	0.12	0.05	0.096	WA15	purchases	info	9	4.5
IC01	MAINTECE ET REPARATION DES MICRO-ORDINATEURS, STATIONS DE TRAVAIL FIXES	MAINTENANCE AND REPAIR OF MICROCOMPUTERS, FIXED WORKSTATIONS						ADEME07	Reparation et installation de machines et d'equipements	0.39	0.0	0.3120000000000001	811200	Electronic  equipment repair and maintenance	0.11	0.0	0.08800000000000001	0.21	0.16	0.168									macro	0.21	0.16	0.168	UG43	purchases	maintenance	9	4.5
IC02	MAINTECE ET REPARATION DES APPAREILS MOBILES	MAINTENANCE AND REPAIR OF MOBILE DEVICES						ADEME07	Reparation et installation de machines et d'equipements	0.39	0.0	0.3120000000000001	811200	Electronic  equipment repair and maintenance	0.11	0.0	0.08800000000000001	0.21	0.16	0.168									macro	0.21	0.16	0.168	UG43	purchases	maintenance	9	4.5
IC11	MAINTECE ET REPARATION DES PERIPHERIQUES INFORMATIQUES	MAINTENANCE AND REPAIR OF COMPUTER PERIPHERALS						ADEME07	Reparation et installation de machines et d'equipements	0.39	0.0	0.3120000000000001	811200	Electronic  equipment repair and maintenance	0.11	0.0	0.08800000000000001	0.21	0.16	0.168									macro	0.21	0.16	0.168	UG43	purchases	maintenance	9	4.5
IC21	MAINTECE ET REPARATION DES SERVEURS D'APPLICATIONS	MAINTENANCE AND REPAIR OF APPLICATION SERVERS						ADEME07	Reparation et installation de machines et d'equipements	0.39	0.0	0.3120000000000001	811200	Electronic  equipment repair and maintenance	0.11	0.0	0.08800000000000001	0.21	0.16	0.168									macro	0.21	0.16	0.168	UG43	purchases	maintenance	9	4.5
IC22	MAINTECE ET REPARATION DES SYST. DE STOCKAGE ET DE SAUVEGARDE DE DONNEES	MAINTENANCE AND REPAIR OF DATA STORAGE AND BACKUP SYSTEMS REPAIR OF DATA STORAGE AND BACKUP SYSTEMS						ADEME07	Reparation et installation de machines et d'equipements	0.39	0.0	0.3120000000000001	811200	Electronic  equipment repair and maintenance	0.11	0.0	0.08800000000000001	0.21	0.16	0.168									macro	0.21	0.16	0.168	UG43	purchases	maintenance	9	4.5
IC23	MAINTECE ET REPARATION SERVEURS DE CALCUL OU D'EXPLOIT. DE DONNEES SCIENTIF.	MAINTENANCE AND REPAIR OF COMPUTING OR SCIENTIFIC DATA SERVERS SCIENTIFIC DATA SERVERS						ADEME07	Reparation et installation de machines et d'equipements	0.39	0.0	0.3120000000000001	811200	Electronic  equipment repair and maintenance	0.11	0.0	0.08800000000000001	0.21	0.16	0.168									macro	0.21	0.16	0.168	UG43	purchases	maintenance	9	4.5
IC24	MAINTECE ET REPARATION DES SERVEURS HAUTE PERFORMANCE, SUPER CALCULATEURS	MAINTENANCE AND REPAIR OF HIGH PERFORMANCE SERVERS, SUPERCOMPUTERS						ADEME07	Reparation et installation de machines et d'equipements	0.39	0.0	0.3120000000000001	811200	Electronic  equipment repair and maintenance	0.11	0.0	0.08800000000000001	0.21	0.16	0.168									macro	0.21	0.16	0.168	UG43	purchases	maintenance	9	4.5
IC31	MAINTECE ET REPARATION DES EQUIPEMENTS DE RESEAUX INFORMATIQUES	MAINTENANCE AND REPAIR OF COMPUTER NETWORK EQUIPMENT						ADEME07	Reparation et installation de machines et d'equipements	0.39	0.0	0.3120000000000001	811200	Electronic  equipment repair and maintenance	0.11	0.0	0.08800000000000001	0.21	0.16	0.168									macro	0.21	0.16	0.168	UG43	purchases	maintenance	9	4.5
IC41	MAINTECE ET REPARATION DES SYSTEMES SPECIALISES	MAINTECE AND REPAIR OF SPECIALISED SYSTEMS						ADEME07	Reparation et installation de machines et d'equipements	0.39	0.0	0.3120000000000001	811200	Electronic  equipment repair and maintenance	0.11	0.0	0.08800000000000001	0.21	0.16	0.168									macro	0.21	0.16	0.168	UG43	purchases	maintenance	9	4.5
ID01	INFORMATIQUE : PRESTATIONS D'ADMINISTRATION ET EXPLOITATION DE SERVICES RESEAUX	COMPUTING : ADMINISTRATION AND OPERATION OF NETWORK SERVICES						ADEME05	Services (imprimerie, publicite, architecture et ingenierie, maintenance multi-technique des batiments, gardiennage, nettoyage, securite, agence de voyage, autres services aux entreprises)	0.17	0.0	0.136	54151A	Other computer related services, including facilities management	0.08	0.0	0.064	0.13	0.05	0.104									macro	0.13	0.05	0.104	ID17	purchases	services	9	4.5
ID11	INFORMATIQUE : SCHEMA DIRECTEUR ET AUDIT	INFORMATION TECHNOLOGY : MASTER PLAN AND AUDIT						ADEME01	Assurance, services bancaires, conseil et honoraires	0.11	0.0	0.08800000000000001	54151A	Other computer related services, including facilities management	0.08	0.0	0.064	0.11	0.03	0.08800000000000001									macro	0.11	0.03	0.08800000000000001	ID17	purchases	services	9	4.5
ID12	INFORMATIQUE : ASSISTANCE A MAITRISE D'OUVRAGE	INFORMATION TECHNOLOGY : PROJECT MANAGEMENT ASSISTANCE						ADEME05	Services (imprimerie, publicite, architecture et ingenierie, maintenance multi-technique des batiments, gardiennage, nettoyage, securite, agence de voyage, autres services aux entreprises)	0.17	0.0	0.136	54151A	Other computer related services, including facilities management	0.08	0.0	0.064	0.13	0.05	0.104									macro	0.13	0.05	0.104	ID17	purchases	services	9	4.5
ID13	INFORMATIQUE : ASSISTANCE A MAITRISE D'OEUVRE	INFORMATION TECHNOLOGY : PROJECT MANAGEMENT ASSISTANCE						ADEME05	Services (imprimerie, publicite, architecture et ingenierie, maintenance multi-technique des batiments, gardiennage, nettoyage, securite, agence de voyage, autres services aux entreprises)	0.17	0.0	0.136	54151A	Other computer related services, including facilities management	0.08	0.0	0.064	0.13	0.05	0.104									macro	0.13	0.05	0.104	ID17	purchases	services	9	4.5
ID14	INFORMATIQUE : TRAITEMENTS INFORMATIQUES	INFORMATION TECHNOLOGY : DATA PROCESSING						ADEME05	Services (imprimerie, publicite, architecture et ingenierie, maintenance multi-technique des batiments, gardiennage, nettoyage, securite, agence de voyage, autres services aux entreprises)	0.17	0.0	0.136	541511	Custom computer programming	0.09	0.0	0.072	0.15	0.06	0.12									macro	0.15	0.06	0.12	ID17	purchases	services	9	4.5
ID15	INFORMATIQUE : INFOGERANCE DE SYSTEMES D'INFORMATION	DATA PROCESSING : INFORMATION SYSTEMS MANAGEMENT						ADEME05	Services (imprimerie, publicite, architecture et ingenierie, maintenance multi-technique des batiments, gardiennage, nettoyage, securite, agence de voyage, autres services aux entreprises)	0.17	0.0	0.136	54151A	Other computer related services, including facilities management	0.08	0.0	0.064	0.13	0.05	0.104									macro	0.13	0.05	0.104	ID17	purchases	services	9	4.5
ID16	INFORMATIQUE : DEVELOPPEMENTS D'APPLICATION DE SYSTEMES D'INFORMATION	COMPUTER SCIENCE : INFORMATION SYSTEMS APPLICATION DEVELOPMENT						ADEME05	Services (imprimerie, publicite, architecture et ingenierie, maintenance multi-technique des batiments, gardiennage, nettoyage, securite, agence de voyage, autres services aux entreprises)	0.17	0.0	0.136	541511	Custom computer programming	0.09	0.0	0.072	0.15	0.06	0.12									macro	0.15	0.06	0.12	ID17	purchases	services	9	4.5
ID17	INFORMATIQUE : DEVELOPPEMENTS D'APPLICATION A USAGE SCIENTIFIQUE	COMPUTER SCIENCE : DEVELOPMENT OF APPLICATIONS FOR SCIENTIFIC USE						ADEME05	Services (imprimerie, publicite, architecture et ingenierie, maintenance multi-technique des batiments, gardiennage, nettoyage, securite, agence de voyage, autres services aux entreprises)	0.17	0.0	0.136	541511	Custom computer programming	0.09	0.0	0.072	0.15	0.06	0.12									macro	0.15	0.06	0.12	ID17	purchases	services	9	4.5
ID18	INFORMATIQUE : AUTRES MISSIONS D'ETUDES ET DE CONSEILS	DATA PROCESSING : OTHER STUDIES AND CONSULTING SERVICES						ADEME01	Assurance, services bancaires, conseil et honoraires	0.11	0.0	0.08800000000000001	54151A	Other computer related services, including facilities management	0.08	0.0	0.064	0.11	0.03	0.08800000000000001									macro	0.11	0.03	0.08800000000000001	ID17	purchases	services	9	4.5
ID19	INFORMATIQUE : AUTRES SERVICES INFORMATIQUES	COMPUTING: OTHER COMPUTING SERVICES						ADEME05	Services (imprimerie, publicite, architecture et ingenierie, maintenance multi-technique des batiments, gardiennage, nettoyage, securite, agence de voyage, autres services aux entreprises)	0.17	0.0	0.136	54151A	Other computer related services, including facilities management	0.08	0.0	0.064	0.13	0.05	0.104									macro	0.13	0.05	0.104	ID17	purchases	services	9	4.5
IE01	APPAREILS DE PRODUCTION AUDIOVISUELLE	AUDIOVISUAL PRODUCTION EQUIPMENT						ADEME26	Produits informatiques, electroniques et optiques	0.4	0.0	0.3200000000000001	334300	Audio and video equipment	1.4	0.0	1.12	0.83	0.5	0.664									macro	0.83	0.5	0.664	IE41	purchases	info	10	4.2
IE02	EQUIPEMENTS DE VISIOCONFERENCE	VIDEO CONFERENCING EQUIPMENT						ADEME26	Produits informatiques, electroniques et optiques	0.4	0.0	0.3200000000000001	334118 / 334300	Computer terminals and other computer peripheral equipment / Audio and video equipment	0.86	0.73	0.6880000000000001	0.63	0.49	0.504									macro	0.63	0.49	0.504	IE02	purchases	info	10	4.2
IE11	PIECES DETACHEES POUR L'AUDIOVISUEL	AUDIOVISUAL SPARE PARTS						ADEME26	Produits informatiques, electroniques et optiques	0.4	0.0	0.3200000000000001	334290 / 334300	Communications equipment / Audio and video equipment	0.75	0.9	0.6000000000000001	0.55	0.58	0.4400000000000001									macro	0.55	0.58	0.4400000000000001	IE11	purchases	info	10	4.2
IE12	CONSOMMABLES POUR L'AUDIOVISUEL (HORS CONSOMMABLES INFORMATIQUES)	AUDIOVISUAL CONSUMABLES (EXCLUDING COMPUTER CONSUMABLES)						ADEME37	Consommables de bureau - Consommables bureautiques	0.92	0.0	0.7360000000000001	334290 / 334300	Communications equipment / Audio and video equipment	0.75	0.9	0.6000000000000001	0.72	0.59	0.576									macro	0.72	0.59	0.576	IE34	purchases	info	9	4.1
IE21	APPAREILS DE RECEPTION, ENREGISTREMENT OU REPRODUCTION DU SON	SOUND RECEPTION, RECORDING OR REPRODUCTION EQUIPMENT						ADEME26	Produits informatiques, electroniques et optiques	0.4	0.0	0.3200000000000001	334300	Audio and video equipment	1.4	0.0	1.12	0.83	0.5	0.664									macro	0.83	0.5	0.664	IE41	purchases	info	10	4.2
IE22	CONSOMMABLES POUR APPAREILS DE RECEP., ENREG. OU REPRO. DU SON	CONSUMABLES FOR SOUND RECEP. OR REPRO. EQUIPMENT						ADEME37	Consommables de bureau - Consommables bureautiques	0.92	0.0	0.7360000000000001	334300 / 334290	Audio and video equipment / Communications equipment	0.75	0.9	0.6000000000000001	0.72	0.59	0.576									macro	0.72	0.59	0.576	IE34	purchases	info	10	4.2
IE23	APPAREILS PROFESSIONNELS DE RECEPT., ENREG. OU REPROD. DU SON (BROADCAST)	PROFESSIONAL SOUND RECEIVING, RECORDING OR REPRODUCING EQUIPMENT OR REPROD. SOUND (BROADCAST)						ADEME26	Produits informatiques, electroniques et optiques	0.4	0.0	0.3200000000000001	334300	Audio and video equipment	1.4	0.0	1.12	0.83	0.5	0.664									macro	0.83	0.5	0.664	IE41	purchases	info	10	4.2
IE31	APPAREILS DE RECEPTION ENREGISTREMENT REPRODUCTION IMAGE	IMAGE RECEPTION, RECORDING AND REPRODUCTION EQUIPMENT						ADEME26	Produits informatiques, electroniques et optiques	0.4	0.0	0.3200000000000001	334300	Audio and video equipment	1.4	0.0	1.12	0.83	0.5	0.664									macro	0.83	0.5	0.664	IE41	purchases	info	10	4.2
IE32	VIDEOPROJECTEURS	VIDEO PROJECTORS						ADEME26	Produits informatiques, electroniques et optiques	0.4	0.0	0.3200000000000001	334300 / 334118	Audio and video equipment / Computer terminals and other computer peripheral equipment	0.86	0.73	0.6880000000000001	0.63	0.49	0.504									macro	0.63	0.49	0.504	IE33	devices	info	10	4.2
IE33	TABLEAUX BLANCS INTERACTIFS	INTERACTIVE WHITEBOARDS						ADEME26	Produits informatiques, electroniques et optiques	0.4	0.0	0.3200000000000001	334300 / 334118	Audio and video equipment / Computer terminals and other computer peripheral equipment	0.86	0.73	0.6880000000000001	0.63	0.49	0.504									macro	0.63	0.49	0.504	IE33	purchases	info	10	4.2
IE34	CONSOMMABLES POUR APPAREILS DE RECEPT., ENREG. OU REPROD. DE L'IMAGE	CONSUMABLES FOR RECEPTION, RECORDING OR REPRODUCTION EQUIPMENT OR REPROD. EQUIPMENT						ADEME37	Consommables de bureau - Consommables bureautiques	0.92	0.0	0.7360000000000001	334300 / 334290	Audio and video equipment / Communications equipment	0.75	0.9	0.6000000000000001	0.72	0.59	0.576									macro	0.72	0.59	0.576	IE34	purchases	info	9	4.1
IE35	APPAREILS PROFESSIONNELS DE RECEP., ENREG. OU REPROD. DE L'IMAGE (BROADCAST)	PROFESSIONAL RECEP., RECORDING OR REPRODUCTION EQUIPMENT OR REPROD. OR REPRODUCTION EQUIPMENT (BROADCAST)						ADEME26	Produits informatiques, electroniques et optiques	0.4	0.0	0.3200000000000001	334300	Audio and video equipment	1.4	0.0	1.12	0.83	0.5	0.664									macro	0.83	0.5	0.664	IE41	purchases	info	10	4.2
IE36	MATERIEL PHOTOGRAPHIQUE	PHOTOGRAPHIC EQUIPMENT						ADEME26	Produits informatiques, electroniques et optiques	0.4	0.0	0.3200000000000001	333316	Photography and photocopying equipment	0.57	0.0	0.456	0.49	0.09	0.392									macro	0.49	0.09	0.392	IE36	purchases	info	10	4.2
IE37	PREPARATIONS ET PRODUITS DE LABORATOIRE POUR LA PHOTOGRAPHIE	LABORATORY PREPARATIONS AND PRODUCTS FOR PHOTOGRAPHY						ADEME26	Produits informatiques, electroniques et optiques	1.6	0.0	1.28	323120	Printing support	0.3	0.0	0.24	0.75	0.74	0.6000000000000001									macro	0.75	0.74	0.6000000000000001	IE37	purchases	info	9	4.1
IE41	MATERIEL CINEMATOGRAPHIQUE	CINEMATOGRAPHIC EQUIPMENT						ADEME26	Produits informatiques, electroniques et optiques	0.4	0.0	0.3200000000000001	334300	Audio and video equipment	1.4	0.0	1.12	0.83	0.5	0.664									macro	0.83	0.5	0.664	IE41	purchases	info	10	4.2
IE42	PLAQUES, PELLICULES, FILMS ET SURFACES SENSIBLES POUR LE CINEMA	PLATES, FILM AND SENSITIVE SURFACES FOR THE CINEMA						ADEME26	Produits informatiques, electroniques et optiques	0.92	0.0	0.7360000000000001	334300	Audio and video equipment	1.4	0.0	1.12	1.0	0.34	0.8									macro	1.0	0.3	0.8	IE42	purchases	info	9	4.1
IE43	PREPARATIONS ET PRODUITS DE LABORATOIRE POUR LE CINEMA	LABORATORY PREPARATIONS AND PRODUCTS FOR THE CINEMA						ADEME26	Produits informatiques, electroniques et optiques	1.6	0.0	1.28	334300	Audio and video equipment	1.4	0.0	1.12	1.2	0.46	0.96									macro	1.2	0.5	0.96	IE43	purchases	info	9	4.1
IF01	MAINTECE ET REPAR. D'APPAREILS DE PRODUCTION AUDIOVISUELLE	MAINTENANCE AND REPAIR OF OF AUDIOVISUAL PRODUCTION EQUIPMENT						ADEME07	Reparation et installation de machines et d'equipements	0.39	0.0	0.3120000000000001	811200	Electronic  equipment repair and maintenance	0.11	0.0	0.08800000000000001	0.21	0.16	0.168									macro	0.21	0.16	0.168	UG43	purchases	maintenance	9	4.5
IF02	MAINTECE ET REPAR. DES APPAREILS DE RECEPT., ENREG. OU REPROD. DU SON	OPERATION AND REPAIR OF OF RECEIVING, RECORDING OR REPRODUCING EQUIPMENT OR REPROD. REPRODUCTION						ADEME07	Reparation et installation de machines et d'equipements	0.39	0.0	0.3120000000000001	811200	Electronic  equipment repair and maintenance	0.11	0.0	0.08800000000000001	0.21	0.16	0.168									macro	0.21	0.16	0.168	UG43	purchases	maintenance	9	4.5
IF03	MAINTECE ET REPAR. DES APPAREILS PROFES. DE RECEP., ENREG. OU REPROD. DU SON	MAINTENANCE AND REPAIR OF OF PROFESSIONAL RECEP. PROFESSIONAL RECEP., RECORD. OR REPROD. OF SOUND						ADEME07	Reparation et installation de machines et d'equipements	0.39	0.0	0.3120000000000001	811200	Electronic  equipment repair and maintenance	0.11	0.0	0.08800000000000001	0.21	0.16	0.168									macro	0.21	0.16	0.168	UG43	purchases	maintenance	9	4.5
IF04	MAINTECE ET REPAR. DES APPAREILS DE RECEPT. ENREG. OU REPROD. DE L'IMAGE	MAINTENANCE AND REPAIR OF OF RECEP. RECORDING OR REPROD. RECORDING OR REPRODUCING EQUIPMENT						ADEME07	Reparation et installation de machines et d'equipements	0.39	0.0	0.3120000000000001	811200	Electronic  equipment repair and maintenance	0.11	0.0	0.08800000000000001	0.21	0.16	0.168									macro	0.21	0.16	0.168	UG43	purchases	maintenance	9	4.5
IF05	MAINTECE ET REPAR. DES APPAR. PROFES. DE RECEP., ENREG. OU REPROD. DE L'IMAGE	MAINTENANCE AND REPAIR OF OF APPARATUS. PROFES. RECEPTION, RECORDING OR REPROD. OF IMAGE						ADEME07	Reparation et installation de machines et d'equipements	0.39	0.0	0.3120000000000001	811200	Electronic  equipment repair and maintenance	0.11	0.0	0.08800000000000001	0.21	0.16	0.168									macro	0.21	0.16	0.168	UG43	purchases	maintenance	9	4.5
IF06	MAINTECE ET REPAR. DU MATERIEL PHOTOGRAPHIQUE	MAINTENANCE AND REPAIR OF PHOTOGRAPHIC EQUIPMENT						ADEME07	Reparation et installation de machines et d'equipements	0.39	0.0	0.3120000000000001	811200	Electronic  equipment repair and maintenance	0.11	0.0	0.08800000000000001	0.21	0.16	0.168									macro	0.21	0.16	0.168	UG43	purchases	maintenance	9	4.5
IF07	MAINTECE ET REPAR. DU MATERIEL CINEMATOGRAPHIQUE	MAINTENANCE AND REPAIR OF OF CINEMATOGRAPHIC EQUIPMENT						ADEME07	Reparation et installation de machines et d'equipements	0.39	0.0	0.3120000000000001	811200	Electronic  equipment repair and maintenance	0.11	0.0	0.08800000000000001	0.21	0.16	0.168									macro	0.21	0.16	0.168	UG43	purchases	maintenance	9	4.5
IG01	TELECOMMUNICATIONS : TERMINAUX DE TELEPHONIE FIXE	TELECOMMUNICATIONS: FIXED TELEPHONY TERMINALS						ADEME26	Produits informatiques, electroniques et optiques	0.4	0.0	0.3200000000000001	334210	Telephones	0.27	0.0	0.216	0.44	0.2	0.352									macro	0.44	0.2	0.352	IG01	purchases	info	10	4.2
IG02	TELECOMMUNICATIONS : TERMINAUX DE TELEPHONIE MOBILE	TELECOMMUNICATIONS: MOBILE TELEPHONY TERMINALS						ADEME26	Produits informatiques, electroniques et optiques	0.4	0.0	0.3200000000000001	334220 / 334210	Wireless communications / Telephones	0.25	0.02	0.2	0.39	0.18	0.3120000000000001									macro	0.39	0.18	0.3120000000000001	IG02	devices	info	10	4.2
IG03	TELECOMMUNICATIONS : AUTRES TERMINAUX : TELECOPIEURS, TELEIMPRIMEURS	TELECOMMUNICATIONS : OTHER TERMINALS : TELECOPIERS, TELEPRINTERS						ADEME26	Produits informatiques, electroniques et optiques	0.4	0.0	0.3200000000000001	334290	Communications equipment	0.11	0.0	0.08800000000000001	0.26	0.14	0.208									macro	0.26	0.14	0.208	IG04	purchases	info	10	4.2
IG04	TELECOMMUNICATIONS : AUTRES EQUIPEMENTS DE TELECOMUNICATIONS	TELECOMMUNICATIONS: OTHER TELECOMMUNICATION EQUIPMENT						ADEME26	Produits informatiques, electroniques et optiques	0.4	0.0	0.3200000000000001	334290	Communications equipment	0.11	0.0	0.08800000000000001	0.26	0.14	0.208									macro	0.26	0.14	0.208	IG04	purchases	info	10	4.2
IH01	MAINTECE ET REPARATION DES EQUIPEMENTS DE TELEPHONIE	MAINTENANCE AND REPAIR OF TELEPHONE EQUIPMENT						ADEME07	Reparation et installation de machines et d'equipements	0.39	0.0	0.3120000000000001	811200	Electronic  equipment repair and maintenance	0.11	0.0	0.08800000000000001	0.21	0.16	0.168									macro	0.21	0.16	0.168	UG43	purchases	maintenance	9	4.5
IH02	MAINTECE ET REPARATION DES POSTES TELEPHONIQUES D'USAGERS ET AUTRES TERMINAUX	MAINTENANCE AND REPAIR OF USER TELEPHONES AND OTHER TERMINALS						ADEME07	Reparation et installation de machines et d'equipements	0.39	0.0	0.3120000000000001	811200	Electronic  equipment repair and maintenance	0.11	0.0	0.08800000000000001	0.21	0.16	0.168									macro	0.21	0.16	0.168	UG43	purchases	maintenance	9	4.5
IH03	MAINTECE ET REPARATION DES AUTRES EQUIPEMENTS DE TELECOMUNICATIONS	MAINTENANCE AND REPAIR OF OTHER TELECOMMUNICATIONS EQUIPMENT						ADEME07	Reparation et installation de machines et d'equipements	0.39	0.0	0.3120000000000001	811200	Electronic  equipment repair and maintenance	0.11	0.0	0.08800000000000001	0.21	0.16	0.168									macro	0.21	0.16	0.168	UG43	purchases	maintenance	9	4.5
II01	TELECOM : CONSOMMATIONS, ABONNEMENTS, RACCORDEMENTS TELEPHONIE FILAIRE	TELECOM: CONSUMPTION, SUBSCRIPTIONS, WIRELINE TELEPHONY CONNECTIONS						ADEME03	Telecommunications	0.17	0.0	0.136	517110	Telecommunications	0.09	0.0	0.072	0.16	0.06	0.128									macro	0.16	0.06	0.128	II13	purchases	services	9	4.5
II02	TELECOM : CONSOMMATIONS, ABONNEMENTS TELEPHONIE MOBILE (VOIX ET DATA)	TELECOM: CONSUMPTION, SUBSCRIPTIONS MOBILE TELEPHONY (VOICE AND DATA)						ADEME03	Telecommunications	0.17	0.0	0.136	517110	Telecommunications	0.09	0.0	0.072	0.16	0.06	0.128									macro	0.16	0.06	0.128	II13	purchases	services	9	4.5
II03	TELECOM : LIAISONS SPECIALISEES (FIBRES OPTIQUES, NOIRES, LIAISONS LOUEES...)	TELECOM: SPECIALISED LINKS (OPTICAL FIBRES, DARK FIBRE, LEASED LINKS, ETC.)						ADEME03	Telecommunications	0.17	0.0	0.136	517110	Telecommunications	0.09	0.0	0.072	0.16	0.06	0.128									macro	0.16	0.06	0.128	II13	purchases	services	9	4.5
II04	TELECOMMUNICATIONS : CONSOMMATIONS, ABONNEMENTS LIAISONS IRIDIUM	TELECOMMUNICATIONS: CONSUMPTION, SUBSCRIPTIONS IRIDIUM LINKS						ADEME03	Telecommunications	0.17	0.0	0.136	517110	Telecommunications	0.09	0.0	0.072	0.16	0.06	0.128									macro	0.16	0.06	0.128	II13	purchases	services	9	4.5
II05	TELECOMMUNICATIONS : PRESTATIONS DE REPRISE ET REINTEGRATION DES DONNEES	TELECOMMUNICATIONS: DATA RECOVERY AND REINTEGRATION SERVICES						ADEME03	Telecommunications	0.17	0.0	0.136	517110	Telecommunications	0.09	0.0	0.072	0.16	0.06	0.128									macro	0.16	0.06	0.128	II13	purchases	services	9	4.5
II11	TELECOMMUNICATIONS : INSTALLATION ET MONTAGE DE MATERIEL DE TELEPHONIE	TELECOMMUNICATIONS: INSTALLATION AND ASSEMBLY OF TELEPHONY EQUIPMENT						ADEME03	Telecommunications	0.17	0.0	0.136	517110	Telecommunications	0.09	0.0	0.072	0.16	0.06	0.128									macro	0.16	0.06	0.128	II13	purchases	services	9	4.5
II12	TELECOMMUNICATIONS : MISE EN PLACE DE PLATE-FORMES TELEPHONIQUES	TELECOMMUNICATIONS: INSTALLATION OF TELEPHONE PLATFORMS						ADEME03	Telecommunications	0.17	0.0	0.136	517110	Telecommunications	0.09	0.0	0.072	0.16	0.06	0.128									macro	0.16	0.06	0.128	II13	purchases	services	9	4.5
II13	TELECOMMUNICATIONS : SERVICES DE CONSEIL / AMO EN TELECOMMUNICATION	TELECOMMUNICATIONS: TELECOMMUNICATION CONSULTANCY / AMO SERVICES						ADEME03	Telecommunications	0.17	0.0	0.136	517110	Telecommunications	0.09	0.0	0.072	0.16	0.06	0.128									macro	0.16	0.06	0.128	II13	purchases	services	9	4.5
JA01	ARMOIRES SIMPLES, RANGEMENTS, CHAISES ET CHARIOTS DE LABORATOIRE	SIMPLE CABINETS, STORAGE UNITS, CHAIRS AND LABORATORY TROLLEYS						ADEME20	Meubles et autres biens manufactures	0.5	0.0	0.4	339113	Surgical appliance and supplies	0.32	0.0	0.256	0.35	0.13	0.28									macro	0.35	0.13	0.28	KC51	purchases	lab.equipment	10	4.2
JA02	PAILLASSES DE LABORATOIRE	LABORATORY BENCHES						ADEME20	Meubles et autres biens manufactures	0.5	0.0	0.4	339113	Surgical appliance and supplies	0.32	0.0	0.256	0.35	0.13	0.28									macro	0.35	0.13	0.28	KC51	purchases	lab.equipment	10	4.2
JA03	CLOISONS DE SALLE BLANCHE	CLEAN ROOM PARTITIONS						ADEME20	Meubles et autres biens manufactures	0.5	0.0	0.4	339113	Surgical appliance and supplies	0.32	0.0	0.256	0.35	0.13	0.28									macro	0.35	0.13	0.28	KC51	purchases	lab.equipment	10	4.2
JA11	TRAITEMENT DE L'AIR : EQUIPEMENTS DE PURIFICATION DE L'AIR (SALLE BLANCHE,_x001A_)	AIR TREATMENT : AIR PURIFICATION EQUIPMENT (CLEAN ROOM,...)						ADEME25	Machines et equipements	0.7	0.0	0.5599999999999999	333413	Industrial and commercial fan and blower and air purification equipment	0.37	0.0	0.296	0.52	0.17	0.416									macro	0.52	0.17	0.416	JA11	purchases	lab.equipment	10	4.2
JA12	TRAITEMENT DE L'AIR : CONSOMMABLES ET PIECES DETACHEES DEDIES AUX EQUIPEMENTS	AIR TREATMENT : CONSUMABLES AND SPARE PARTS FOR EQUIPMENT						ADEME24	Produits metalliques, sauf machines et equipements	0.6	0.0	0.48	333413 / 339990	Industrial and commercial fan and blower and air purification equipment / Gaskets, seals, musical instruments, fasteners, brooms, brushes, mop and other misc. goods	0.28	0.13	0.224	0.46	0.18	0.368									macro	0.46	0.18	0.368	JA12	purchases	consumables	9	4.1
JA13	TRAITEMENT DE L'EAU : MATERIEL DE PURIFICATION D'EAU ET ACCESSOIRES	WATER TREATMENT : WATER PURIFICATION EQUIPMENT AND ACCESSORIES						ADEME25	Machines et equipements	0.7	0.0	0.5599999999999999	334516	Analytical laboratory instruments	0.08	0.0	0.064	0.34	0.32	0.272									macro	0.34	0.32	0.272	UC24	purchases	lab.equipment	10	4.2
JA14	TRAITEMENT DE L'EAU : CONSOMMABLES ET PIECES DETACHEES	WATER TREATMENT : CONSUMABLES AND SPARE PARTS						ADEME24	Produits metalliques, sauf machines et equipements	0.6	0.0	0.48	339990	Gaskets, seals, musical instruments, fasteners, brooms, brushes, mop and other misc. goods	0.19	0.0	0.152	0.44	0.22	0.352									macro	0.44	0.22	0.352	JA14	purchases	consumables	9	4.1
JB01	TRAITEMENT DE L'AIR : REPARATION ET MAINTECE EQUIPEMENTS (SALLE BLANCHE,_x001A_)	AIR TREATMENT : REPAIR AND MAINTENANCE OF EQUIPMENT (CLEAN ROOM,...)						ADEME07	Reparation et installation de machines et d'equipements	0.39	0.0	0.3120000000000001	811300	Commercial machinery repair	0.19	0.0	0.152	0.24	0.13	0.192									macro	0.24	0.13	0.192	UF43	purchases	maintenance	9	4.5
JB11	TRAITEMENT DE L'EAU : REPARATION ET MAINTECE DES EQUIPEMENTS (OSMOSEURS,_x001A_)	WATER TREATMENT: REPAIR AND MAINTENANCE OF EQUIPMENT (OSMOSIS,...)						ADEME07	Reparation et installation de machines et d'equipements	0.39	0.0	0.3120000000000001	811300	Commercial machinery repair	0.19	0.0	0.152	0.24	0.13	0.192									macro	0.24	0.13	0.192	UF43	purchases	maintenance	9	4.5
KA01	RATS ET LIGNEES ENTRETENUES DE RATS	RATS AND MAINTAINED LINES OF RATS						ADEME13 / ADEME30	Produits agricoles et de la mer / recherche et developpement	1.3	1.4	1.04	112A00 / 541700	Animal farms and aquaculture ponds (except cattle and poultry) / Scientific research and development	0.97	1.1	0.776	0.99	1.2	0.792	MKA0	Emission factor Charles river (Scope 1+2+3)/revenue	0.2	0.16					meso	0.2	0.16	0.16	KA34	purchases	consumables	9	4.1
KA02	SOURIS ET LIGNEES ENTRETENUES DE SOURIS	MICE AND MAINTAINED LINES OF MICE						ADEME13 / ADEME30	Produits agricoles et de la mer / recherche et developpement	1.3	1.4	1.04	112A00 / 541700	Animal farms and aquaculture ponds (except cattle and poultry) / Scientific research and development	0.97	1.1	0.776	0.99	1.2	0.792	MKA0	Emission factor Charles river (Scope 1+2+3)/revenue	0.2	0.16					meso	0.2	0.16	0.16	KA34	purchases	consumables	9	4.1
KA03	COBAYES ET LIGNEES ENTRETENUES DE COBAYES	GUINEA PIGS AND MAINTAINED LINES OF GUINEA PIGS						ADEME13 / ADEME30	Produits agricoles et de la mer / recherche et developpement	1.3	1.4	1.04	112A00 / 541700	Animal farms and aquaculture ponds (except cattle and poultry) / Scientific research and development	0.97	1.1	0.776	0.99	1.2	0.792	MKA0	Emission factor Charles river (Scope 1+2+3)/revenue	0.2	0.16					meso	0.2	0.16	0.16	KA34	purchases	consumables	9	4.1
KA04	LAPINS ET LIGNEES ENTRETENUES DE LAPINS	RABBITS AND TENDED LINES OF RABBITS						ADEME13 / ADEME30	Produits agricoles et de la mer / recherche et developpement	1.3	1.4	1.04	112A00 / 541700	Animal farms and aquaculture ponds (except cattle and poultry) / Scientific research and development	0.97	1.1	0.776	0.99	1.2	0.792	MKA0	Emission factor Charles river (Scope 1+2+3)/revenue	0.2	0.16					meso	0.2	0.16	0.16	KA34	purchases	consumables	9	4.1
KA05	AUTRES RONGEURS ET PETITS MAMMIFERES (CHIENS, CHATS,_x001A_)	OTHER RODENTS AND SMALL MAMMALS (DOGS, CATS,...)						ADEME13 / ADEME30	Produits agricoles et de la mer / recherche et developpement	1.3	1.4	1.04	112A00 / 541700	Animal farms and aquaculture ponds (except cattle and poultry) / Scientific research and development	0.97	1.1	0.776	0.99	1.2	0.792	MKA0	Emission factor Charles river (Scope 1+2+3)/revenue	0.2	0.16					meso	0.2	0.16	0.16	KA34	purchases	consumables	9	4.1
KA11	PRIMATES ET LIGNEES ENTRETENUES DE PRIMATES	PRIMATES AND MAINTAINED LINES OF PRIMATES						ADEME13 / ADEME30	Produits agricoles et de la mer / recherche et developpement	1.3	1.4	1.04	112A00 / 541700	Animal farms and aquaculture ponds (except cattle and poultry) / Scientific research and development	0.97	1.1	0.776	0.99	1.2	0.792	MKA0	Emission factor Charles river (Scope 1+2+3)/revenue	0.2	0.16					meso	0.2	0.16	0.16	KA15	purchases	consumables	9	4.1
KA12	BOVINS ET LIGNEES ENTRETENUES DE BOVINS	CATTLE AND TENDED LINES OF CATTLE						ADEME13 / ADEME30	Produits agricoles et de la mer / recherche et developpement	1.3	1.4	1.04	1121A0 / 541700	Cattle ranches and feedlots / Scientific research and development	2.3	3.0	1.84	1.7	2.3	1.36	MKA0	Emission factor Charles river (Scope 1+2+3)/revenue	0.2	0.16					meso	0.2	0.16	0.16	KA12	purchases	consumables	9	4.1
KA13	OVINS, CAPRINS ET LIGNEES ENTRETENUES D'OVINS ET CAPRINS	SHEEP, GOATS AND MAINTAINED LINES OF SHEEP AND GOATS						ADEME13 / ADEME30	Produits agricoles et de la mer / recherche et developpement	1.3	1.4	1.04	1121A0 / 541700	Cattle ranches and feedlots / Scientific research and development	2.3	3.0	1.84	1.7	2.3	1.36	MKA0	Emission factor Charles river (Scope 1+2+3)/revenue	0.2	0.16					meso	0.2	0.16	0.16	KA15	purchases	consumables	9	4.1
KA14	PORCINS ET LIGNEES ENTRETENUES DE PORCINS	PIGS AND MAINTAINED LINES OF PIGS						ADEME13 / ADEME30	Produits agricoles et de la mer / recherche et developpement	1.3	1.4	1.04	112A00 / 541700	Animal farms and aquaculture ponds (except cattle and poultry) / Scientific research and development	0.97	1.1	0.776	0.99	1.2	0.792	MKA0	Emission factor Charles river (Scope 1+2+3)/revenue	0.2	0.16					meso	0.2	0.16	0.16	KA15	purchases	consumables	9	4.1
KA15	AUTRES GROS MAMMIFERES (EQUIDES_x001A_)	OTHER LARGE MAMMALS (HORSES, ETC.)						ADEME13 / ADEME30	Produits agricoles et de la mer / recherche et developpement	1.3	1.4	1.04	112A00 / 541700	Animal farms and aquaculture ponds (except cattle and poultry) / Scientific research and development	0.97	1.1	0.776	0.99	1.2	0.792	MKA0	Emission factor Charles river (Scope 1+2+3)/revenue	0.2	0.16					meso	0.2	0.16	0.16	KA15	purchases	consumables	9	4.1
KA21	VOLAILLES ET LIGNEES ENTRETENUES DE VOLAILLES	POULTRY AND POULTRY MEAT						ADEME13 / ADEME30	Produits agricoles et de la mer / recherche et developpement	1.3	1.4	1.04	112300 / 541700	Poultry farms / Scientific research and development	0.77	0.79	0.6160000000000001	0.96	1.1	0.768	MKA0	Emission factor Charles river (Scope 1+2+3)/revenue	0.2	0.16					meso	0.2	0.16	0.16	KA15	purchases	consumables	9	4.1
KA22	OEUFS D'OISEAUX	EGGS OF BIRDS						ADEME13 / ADEME30	Produits agricoles et de la mer / recherche et developpement	1.3	1.4	1.04	112300 / 541700	Poultry farms / Scientific research and development	0.77	0.79	0.6160000000000001	0.96	1.1	0.768	MKA0	Emission factor Charles river (Scope 1+2+3)/revenue	0.2	0.16					meso	0.2	0.16	0.16	KA15	purchases	consumables	9	4.1
KA23	AUTRES OISEAUX QUE VOLAILLES	OTHER BIRDS THAN POULTRY						ADEME13 / ADEME30	Produits agricoles et de la mer / recherche et developpement	1.3	1.4	1.04	112300 / 541700	Poultry farms / Scientific research and development	0.77	0.79	0.6160000000000001	0.96	1.1	0.768	MKA0	Emission factor Charles river (Scope 1+2+3)/revenue	0.2	0.16					meso	0.2	0.16	0.16	KA15	purchases	consumables	9	4.1
KA31	AMPHIBIENS ET LIGNEES ENTRETENUES D'AMPHIBIENS	AMPHIBIANS AND MAINTAINED LINES OF AMPHIBIANS						ADEME13 / ADEME30	Produits agricoles et de la mer / recherche et developpement	1.3	1.4	1.04	112A00 / 541700	Animal farms and aquaculture ponds (except cattle and poultry) / Scientific research and development	0.97	1.1	0.776	0.99	1.2	0.792	MKA0	Emission factor Charles river (Scope 1+2+3)/revenue	0.2	0.16					meso	0.2	0.16	0.16	KA34	purchases	consumables	9	4.1
KA32	POISSONS ET LIGNEES ENTRETENUES DE POISSONS	FISH AND NURSED LINES OF FISH						ADEME13 / ADEME30	Produits agricoles et de la mer / recherche et developpement	1.3	1.4	1.04	112A00 / 541700	Animal farms and aquaculture ponds (except cattle and poultry) / Scientific research and development	0.97	1.1	0.776	0.99	1.2	0.792	MKA0	Emission factor Charles river (Scope 1+2+3)/revenue	0.2	0.16					meso	0.2	0.16	0.16	KA34	purchases	consumables	9	4.1
KA33	INSECTES, ARACHNIDES ET LIGNEES ENTRETENUES D'INSECTES ET ARACHNIDES	INSECTS, ARACHNIDS AND TENDED LINES OF INSECTS AND ARACHNIDS						ADEME13 / ADEME30	Produits agricoles et de la mer / recherche et developpement	1.3	1.4	1.04	112A00 / 541700	Animal farms and aquaculture ponds (except cattle and poultry) / Scientific research and development	0.97	1.1	0.776	0.99	1.2	0.792	MKA0	Emission factor Charles river (Scope 1+2+3)/revenue	0.2	0.16					meso	0.2	0.16	0.16	KA34	purchases	consumables	9	4.1
KA34	AUTRES ANIMAUX (CRUSTACES, MOLLUSQUES, REPTILES_x001A_)	OTHER ANIMALS (CRUSTACEANS, MOLLUSCS, REPTILES...)						ADEME13 / ADEME30	Produits agricoles et de la mer / recherche et developpement	1.3	1.4	1.04	112A00 / 541700	Animal farms and aquaculture ponds (except cattle and poultry) / Scientific research and development	0.97	1.1	0.776	0.99	1.2	0.792	MKA0	Emission factor Charles river (Scope 1+2+3)/revenue	0.2	0.16					meso	0.2	0.16	0.16	KA34	purchases	consumables	9	4.1
KA41	ANIMAUX SANS FINALITE EXPERIMENTALE (CHEVAUX D'EQUITATION,_x001A_)	ANIMALS WITHOUT EXPERIMENTAL PURPOSES (RIDING HORSES,...)						ADEME13	Produits agricoles et de la mer	2.3	0.0	1.84	1121A0 / 112A00	Cattle ranches and feedlots / Animal farms and aquaculture ponds (except cattle and poultry)	3.1	1.9	2.48	2.5	1.4	2.0									macro	2.5	1.4	2.0	KA41	purchases	consumables	9	4.1
KB01	ALIMENTS NON COMPOSES POUR RONGEURS ET PETITS MAMMIFERES	NON-COMPOUND FEED FOR RODENTS AND SMALL MAMMALS						ADEME13	Produits agricoles et de la mer	2.3	0.0	1.84	311119	Other animal food	0.66	0.0	0.528	1.3	0.89	1.04									macro	1.3	0.9	1.04	KB41	purchases	consumables	9	4.1
KB02	ALIMENTS COMPOSES POUR RONGEURS ET PETITS MAMMIFERES	COMPOUND FEED FOR RODENTS AND SMALL MAMMALS						ADEME14	Produit agro-alimentaires transformes	1.0	0.0	0.8	311119	Other animal food	0.66	0.0	0.528	0.85	0.17	0.68									macro	0.85	0.17	0.68	KB31	purchases	consumables	9	4.1
KB03	COMPLEMENTS VITAMINIQUES ET OLIGO-ELEMENTS POUR RONGEURS ET PETITS MAMMIFERES	VITAMIN AND TRACE ELEMENT SUPPLEMENTS FOR RODENTS AND SMALL MAMMALS						ADEME22	Produits pharmaceutiques	0.5	0.0	0.4	311119	Other animal food	0.66	0.0	0.528	0.68	0.19	0.544									macro	0.68	0.19	0.544	KB03	purchases	consumables	9	4.1
KB11	ALIMENTS ORIG. ANIMALE COMPOS., CONDITION. OU TRANSF. PR GROS MAMMIF. ET OISEAUX	COMPOUNDED, PACKAGED OR PROCESSED ANIMAL ORIGIN COMPOUNDED, PACKAGED OR PROCESSED FOODS FOR LARGE MAMMALS AND BIRDS. OR PROCESSED FOR LARGE MAMMALS AND BIRDS						ADEME14	Produit agro-alimentaires transformes	1.0	0.0	0.8	311119	Other animal food	0.66	0.0	0.528	0.85	0.17	0.68									macro	0.85	0.17	0.68	KB31	purchases	consumables	9	4.1
KB12	ALIMENTS VEGETAUX COMPOSES, CONDITIONNES OU TRANSF. PR GROS MAMMIF. ET OISEAUX	COMPOUNDED, PACKAGED OR PROCESSED VEGETABLE FEEDS FOR LARGE MAMMALS AND BIRDS FOR LARGE MAMMALS AND BIRDS						ADEME14	Produit agro-alimentaires transformes	1.0	0.0	0.8	311119	Other animal food	0.66	0.0	0.528	0.85	0.17	0.68									macro	0.85	0.17	0.68	KB31	purchases	consumables	9	4.1
KB13	COMPLEMENTS ALIMENTAIRES POUR GROS MAMMIFERES ET OISEAUX	FOOD SUPPLEMENTS FOR LARGE MAMMALS AND BIRDS						ADEME14	Produit agro-alimentaires transformes	1.0	0.0	0.8	311119	Other animal food	0.66	0.0	0.528	0.85	0.17	0.68									macro	0.85	0.17	0.68	KB31	purchases	consumables	9	4.1
KB21	ALIMENTS POUR PRIMATES FRUITS ET LEGUMES POUR L'ALIMENTATION DES ANIMAUX	FOOD FOR PRIMATES FRUITS AND VEGETABLES FOR ANIMAL FEED						ADEME13	Produits agricoles et de la mer	2.3	0.0	1.84	311119	Other animal food	0.66	0.0	0.528	1.3	0.89	1.04									macro	1.3	0.9	1.04	KB41	purchases	consumables	9	4.1
KB22	ALIMENTS RECOLTES POUR GROS MAMMIFERES ET OISEAUX (GRAIN, FOURRAGE,...)	HARVESTED FEED FOR LARGE MAMMALS AND BIRDS (GRAIN, FODDER,...)						ADEME13	Produits agricoles et de la mer	2.3	0.0	1.84	311119	Other animal food	0.66	0.0	0.528	1.3	0.89	1.04									macro	1.3	0.9	1.04	KB41	purchases	consumables	9	4.1
KB23	VIANDES ET POISSONS POUR L'ALIMENTATION DES ANIMAUX	MEAT AND FISH FOR ANIMAL FEED						ADEME13	Produits agricoles et de la mer	2.3	0.0	1.84	311119	Other animal food	0.66	0.0	0.528	1.3	0.89	1.04									macro	1.3	0.9	1.04	KB41	purchases	consumables	9	4.1
KB24	PETITS ANIMAUX VIVANTS POUR L'ALIMENTATION DES ANIMAUX	SMALL LIVE ANIMALS FOR ANIMAL FEED						ADEME13	Produits agricoles et de la mer	2.3	0.0	1.84	311119	Other animal food	0.66	0.0	0.528	1.3	0.89	1.04									macro	1.3	0.9	1.04	KB41	purchases	consumables	9	4.1
KB31	ALIMENTS POUR AUTRES ANIMAUX (POISSONS, BATRACIENS, ETC.)	FEED FOR OTHER ANIMALS (FISH, AMPHIBIANS, ETC.)						ADEME14	Produit agro-alimentaires transformes	1.0	0.0	0.8	311119	Other animal food	0.66	0.0	0.528	0.85	0.17	0.68									macro	0.85	0.17	0.68	KB31	purchases	consumables	9	4.1
KB41	MATIERES PREMIERES POUR LA FABRICATION D'ALIMENTS POUR ANIMAUX	RAW MATERIALS FOR THE MANUFACTURE OF ANIMAL FEED						ADEME13	Produits agricoles et de la mer	2.3	0.0	1.84	311119	Other animal food	0.66	0.0	0.528	1.3	0.89	1.04									macro	1.3	0.9	1.04	KB41	purchases	consumables	9	4.1
KC01	EQUIPEMENTS ET CONSOMMABLES D'IDENTIFICATION DES ANIMAUX (MARQUAGE)	ANIMAL IDENTIFICATION EQUIPMENT AND CONSUMABLES (MARKING)						ADEME38	Consommables de bureau - Petites fournitures	0.37	0.0	0.296	339113	Surgical appliance and supplies	0.32	0.0	0.256	0.31	0.06	0.248									macro	0.31	0.06	0.248	KC01	purchases	lab.equipment	10	4.2
KC11	EQUIPEMENTS DE CONTENTION (CAGES...) ET ACCESSOIRES D'ANIMALERIE	RESTRAINT EQUIPMENT (CAGES...) AND ACCESSORIES FOR ANIMAL HOUSES						ADEME24	Produits metalliques, sauf machines et equipements	0.6	0.0	0.48	332430 / 333111	Light gauge metal cans, boxes, and containers / Farm machinery and equipment	0.25	0.18	0.2	0.51	0.34	0.408									macro	0.51	0.34	0.408	KC12	purchases	lab.equipment	10	4.2
KC12	EQUIPEMENTS DE CONTENTION DES GROS MAMMIFERES	RESTRAINT EQUIPMENT FOR LARGE MAMMALS						ADEME24	Produits metalliques, sauf machines et equipements	0.6	0.0	0.48	332430 / 333111	Light gauge metal cans, boxes, and containers / Farm machinery and equipment	0.25	0.18	0.2	0.51	0.34	0.408									macro	0.51	0.34	0.408	KC12	purchases	lab.equipment	10	4.2
KC13	EQUIPEMENTS DE CONTENTION DES POISSONS, REPTILES ET BATRACIENS	EQUIPMENT FOR FISH, REPTILES AND AMPHIBIANS						ADEME24 / ADEME20	Produits metalliques, sauf machines et equipements / Meubles et autres biens manufactures	0.55	0.07	0.4400000000000001	326130 / 327200	Laminated plastic plates and shapes / Glass and glass products	0.61	0.39	0.488	0.65	0.31	0.52									macro	0.65	0.31	0.52	KC13	purchases	lab.equipment	10	4.2
KC21	LITIERE	LITTER						ADEME18	Bois et article en bois	0.5	0.0	0.4	3219A0	Veneer, plywood, and engineered wood	0.4	0.0	0.3200000000000001	0.48	0.08	0.384									macro	0.48	0.08	0.384	KC21	purchases	consumables	9	4.1
KC22	MATERIEL DE LAVAGE ET DESINFECTION DES ANIMALERIES ET MILIEUX D'ELEVAGE	WASHING AND DISINFECTION EQUIPMENT FOR ANIMAL HOUSES AND BREEDING ENVIRONMENTS						ADEME21	Produits chimiques	1.6	0.0	1.28	325620	Toiletries	0.48	0.0	0.384	0.85	0.65	0.68									macro	0.85	0.65	0.68	KC22	purchases	lab.equipment	10	4.2
KC23	CONSOMMABLES D'HYGIENE ET DE SOIN DES ANIMAUX	CONSUMABLES FOR HYGIENE AND ANIMAL CARE						ADEME22	Produits pharmaceutiques	0.5	0.0	0.4	325620 / 339990 / 325412	Toiletries / Gaskets, seals, musical instruments, fasteners, brooms, brushes, mop and other misc. goods / Pharmaceutical products (pills, powders, solutions, etc.)	0.39	0.18	0.3120000000000001	0.43	0.16	0.344									macro	0.43	0.16	0.344	KC23	purchases	consumables	9	4.1
KC24	CONSOMMABLES ET PRODUITS VETERINAIRES	VETERINARY CONSUMABLES AND PRODUCTS						ADEME22	Produits pharmaceutiques	0.5	0.0	0.4	325412 / 325413	Pharmaceutical products (pills, powders, solutions, etc.) / Blood sugar, pregnancy, and other diagnostic test kits	0.35	0.23	0.28	0.36	0.19	0.288									macro	0.36	0.19	0.288	KC24	purchases	consumables	9	4.1
KC25	MATERIELS POUR L'ENTRETIEN ET LE SOIN DES ANIMAUX	MATERIALS FOR THE MAINTENANCE AND CARE OF ANIMALS						ADEME20	Meubles et autres biens manufactures	0.5	0.0	0.4	325620	Toiletries	0.48	0.0	0.384	0.48	0.01	0.384									macro	0.48	0.01	0.384	KC25	purchases	lab.equipment	10	4.2
KC31	MATERIEL DE PREPARATION ET DE DISTRIBUTION D'ALIMENTS POUR ANIMAUX	EQUIPMENT FOR THE PREPARATION AND DISTRIBUTION OF ANIMAL FEED						ADEME20	Meubles et autres biens manufactures	0.5	0.0	0.4	339113 / 333111	Surgical appliance and supplies / Farm machinery and equipment	0.35	0.04	0.28	0.39	0.12	0.3120000000000001									macro	0.39	0.12	0.3120000000000001	KC32	purchases	lab.equipment	10	4.2
KC32	MATERIEL POUR LA CONSERVATION D'ALIMENTS POUR ANIMAUX	EQUIPMENT FOR THE CONSERVATION OF ANIMAL FEED						ADEME20	Meubles et autres biens manufactures	0.5	0.0	0.4	339113 / 333111	Surgical appliance and supplies / Farm machinery and equipment	0.35	0.04	0.28	0.39	0.12	0.3120000000000001									macro	0.39	0.12	0.3120000000000001	KC32	purchases	lab.equipment	10	4.2
KC41	VETEMENTS ET EQUIPEMENTS POUR L'EQUITATION	CLOTHING AND EQUIPMENT FOR HORSE RIDING						ADEME19	Textile et habillement	0.6	0.0	0.48	339920	Sporting and athletic goods	0.8	0.0	0.6400000000000001	0.68	0.11	0.544									macro	0.68	0.11	0.544	KC41	purchases	lab.equipment	10	4.2
KC42	MATERIELS ET CONSOMMABLES DE TRAITE, ABATTAGE, CRIBLAGE_x001A_	EQUIPMENT AND CONSUMABLES FOR MILKING, SLAUGHTERING, SCREENING, ETC.						ADEME20	Meubles et autres biens manufactures	0.5	0.0	0.4	333111	Farm machinery and equipment	0.38	0.0	0.304	0.42	0.07	0.336									macro	0.42	0.07	0.336	KC42	purchases	lab.equipment	10	4.2
KC51	MATERIELS ET CONSOMMABLES POUR L'ETUDE DU COMPORTEMENT ANIMAL	EQUIPMENT AND CONSUMABLES FOR THE STUDY OF ANIMAL BEHAVIOUR						ADEME20	Meubles et autres biens manufactures	0.5	0.0	0.4	339113	Surgical appliance and supplies	0.32	0.0	0.256	0.35	0.13	0.28									macro	0.35	0.13	0.28	KC51	purchases	lab.equipment	10	4.2
KD01	SUBSTANCES ACTIVES MEDICAMENTEUSES VETERINAIRES NATURELLES	NATURAL VETERINARY MEDICINAL ACTIVE SUBSTANCES						ADEME22	Produits pharmaceutiques	0.5	0.0	0.4	325412	Pharmaceutical products (pills, powders, solutions, etc.)	0.52	0.0	0.416	0.41	0.17	0.328									macro	0.41	0.17	0.328	LA12	purchases	consumables	9	4.1
KD02	SUBSTANCES ACTIVES MEDICAMENTEUSES VETERINAIRES SYNTHETIQUES	SYNTHETIC VETERINARY MEDICINAL ACTIVE SUBSTANCES						ADEME22	Produits pharmaceutiques	0.5	0.0	0.4	325412	Pharmaceutical products (pills, powders, solutions, etc.)	0.52	0.0	0.416	0.41	0.17	0.328									macro	0.41	0.17	0.328	LA12	purchases	consumables	9	4.1
KD03	EXCIPIENTS VETERINAIRES D'ORIGINE NATURELLE	VETERINARY EXCIPIENTS OF NATURAL ORIGIN						ADEME22	Produits pharmaceutiques	0.5	0.0	0.4	325412	Pharmaceutical products (pills, powders, solutions, etc.)	0.52	0.0	0.416	0.41	0.17	0.328									macro	0.41	0.17	0.328	LA12	purchases	consumables	9	4.1
KD04	EXCIPIENTS VETERINAIRES D'ORIGINE SYNTHETIQUE	VETERINARY EXCIPIENTS OF SYNTHETIC ORIGIN						ADEME22	Produits pharmaceutiques	0.5	0.0	0.4	325412	Pharmaceutical products (pills, powders, solutions, etc.)	0.52	0.0	0.416	0.41	0.17	0.328									macro	0.41	0.17	0.328	LA12	purchases	consumables	9	4.1
KD05	MEDICAMENTS ET PREPARATIONS MEDICAMENTEUSES A DESTINATION ANIMALE	MEDICINAL PRODUCTS AND PREPARATIONS FOR ANIMAL USE						ADEME22	Produits pharmaceutiques	0.5	0.0	0.4	325412	Pharmaceutical products (pills, powders, solutions, etc.)	0.52	0.0	0.416	0.41	0.17	0.328									macro	0.41	0.17	0.328	LA12	purchases	consumables	9	4.1
KD11	VACCINS POUR EXPERIMENTATION ANIMALE	VACCINES FOR ANIMAL EXPERIMENTATION						ADEME22	Produits pharmaceutiques	0.5	0.0	0.4	325412	Pharmaceutical products (pills, powders, solutions, etc.)	0.52	0.0	0.416	0.41	0.17	0.328									macro	0.41	0.17	0.328	LA12	purchases	consumables	9	4.1
KD12	ADDITIFS POUR VACCINS POUR EXPERIMENTATION ANIMALE	ADDITIVES FOR ANIMAL TESTING VACCINES						ADEME22	Produits pharmaceutiques	0.5	0.0	0.4	325412	Pharmaceutical products (pills, powders, solutions, etc.)	0.52	0.0	0.416	0.41	0.17	0.328									macro	0.41	0.17	0.328	LA12	purchases	consumables	9	4.1
KD21	CONSOMMABLES ET PRODUITS DE SOINS POUR EXPERIMENTATION ANIMALE	CONSUMABLES AND CARE PRODUCTS FOR ANIMAL EXPERIMENTATION						ADEME22	Produits pharmaceutiques	0.5	0.0	0.4	325620 / 339990	Toiletries / Gaskets, seals, musical instruments, fasteners, brooms, brushes, mop and other misc. goods	0.33	0.2	0.264	0.45	0.16	0.36									macro	0.45	0.16	0.36	KD21	purchases	consumables	9	4.1
KE01	EQUIPEMENTS D'IMAGERIE ANIMALE	ANIMAL IMAGING EQUIPMENT						ADEME26	Produits informatiques, electroniques et optiques	0.4	0.0	0.3200000000000001	334510 / 339113	Electromedical appartuses / Surgical appliance and supplies	0.21	0.15	0.168	0.31	0.14	0.248									macro	0.31	0.14	0.248	KE01	purchases	lab.equipment	10	4.2
KE02	CONSOMMABLES D'IMAGERIE ANIMALE	ANIMAL IMAGING CONSUMABLES						ADEME37	Consommables de bureau - Consommables bureautiques	0.92	0.0	0.7360000000000001	339113 / 339990	Surgical appliance and supplies / Gaskets, seals, musical instruments, fasteners, brooms, brushes, mop and other misc. goods	0.25	0.09	0.2	0.52	0.37	0.416									macro	0.52	0.37	0.416	KE02	purchases	consumables	9	4.1
KE11	MATERIELS D'ANESTHESIE	ANAESTHESIA EQUIPMENT						ADEME20	Meubles et autres biens manufactures	0.5	0.0	0.4	339112	Surgical and medical instruments	0.24	0.0	0.192	0.32	0.16	0.256									macro	0.32	0.16	0.256	KE11	purchases	lab.equipment	10	4.2
KE12	MATERIELS CHIRUGICAUX ET DE TECHNIQUES OPERATOIRES ANIMALES	SURGICAL AND OPERATING TECHNIQUE EQUIPMENT FOR ANIMALS						ADEME24	Produits metalliques, sauf machines et equipements	0.6	0.0	0.48	339112	Surgical and medical instruments	0.24	0.0	0.192	0.35	0.21	0.28									macro	0.35	0.21	0.28	KE12	purchases	lab.equipment	10	4.2
KE13	CONSOMMABLES D'ANESTHESIE ET DE TECHNIQUES OPERATOIRES ANIMALES	ANAESTHESIA AND ANIMAL SURGERY CONSUMABLES						ADEME22	Produits pharmaceutiques	0.5	0.0	0.4	339113 / 339990	Surgical appliance and supplies / Gaskets, seals, musical instruments, fasteners, brooms, brushes, mop and other misc. goods	0.25	0.09	0.2	0.4	0.16	0.3200000000000001									macro	0.4	0.16	0.3200000000000001	KE22	purchases	consumables	9	4.1
KE21	MATERIELS CARDIOVASCULAIRES, RENAUX ET RESPIRATOIRES	CARDIOVASCULAR, RENAL AND RESPIRATORY EQUIPMENT						ADEME26	Produits informatiques, electroniques et optiques	0.4	0.0	0.3200000000000001	339112	Surgical and medical instruments	0.24	0.0	0.192	0.29	0.1	0.232									macro	0.29	0.1	0.232	KE23	purchases	lab.equipment	10	4.2
KE22	CONSOMMABLES POUR EQUIPEMENTS D'EXPERIMENTATION ANIMALE	CONSUMABLES FOR ANIMAL TESTING EQUIPMENT						ADEME20	Meubles et autres biens manufactures	0.5	0.0	0.4	339113 / 339990	Surgical appliance and supplies / Gaskets, seals, musical instruments, fasteners, brooms, brushes, mop and other misc. goods	0.25	0.09	0.2	0.4	0.16	0.3200000000000001									macro	0.4	0.16	0.3200000000000001	KE22	purchases	consumables	9	4.1
KE23	AUTRES EQUIPEMENTS D'INVESTIGATION ANIMALE	OTHER ANIMAL INVESTIGATION EQUIPMENT						ADEME26	Produits informatiques, electroniques et optiques	0.4	0.0	0.3200000000000001	339112	Surgical and medical instruments	0.24	0.0	0.192	0.29	0.1	0.232									macro	0.29	0.1	0.232	KE23	purchases	lab.equipment	10	4.2
KE31	AUTRES EQUIPEMENTS ET CONSOMMABLES D'EXPERIMENTATION ANIMALE	OTHER ANIMAL INVESTIGATION EQUIPMENT AND CONSUMABLES						ADEME20	Meubles et autres biens manufactures	0.5	0.0	0.4	339113 / 339112 / 339113	Surgical appliance and supplies / Surgical and medical instruments / Surgical appliance and supplies	0.29	0.04	0.232	0.36	0.14	0.288									macro	0.36	0.14	0.288	KE23	purchases	lab.equipment	10	4.2
KE41	EQUIPEMENTS ET CONSOMMABLES POUR L'EXPLOITATION ANIMALE	EQUIPMENT AND CONSUMABLES FOR ANIMAL EXPLOITATION						ADEME20	Meubles et autres biens manufactures	0.5	0.0	0.4	339113 / 339112	Surgical appliance and supplies / Surgical and medical instruments	0.28	0.05	0.224	0.34	0.15	0.272									macro	0.34	0.15	0.272	KE23	purchases	lab.equipment	10	4.2
KE51	MATERIELS ET CONSOMMABLES POUR L'ETUDE DU COMPORTEMENT ANIMAL	EQUIPMENT AND CONSUMABLES FOR THE STUDY OF ANIMAL BEHAVIOUR						ADEME20	Meubles et autres biens manufactures	0.5	0.0	0.4	339113 / 339112	Surgical appliance and supplies / Surgical and medical instruments	0.28	0.05	0.224	0.34	0.15	0.272									macro	0.34	0.15	0.272	KE23	purchases	consumables	10	4.2
KF01	MAINTECE REPAR. CONTR_x001A_LE MATERIEL DE DESINFECT. ET LAVAGE DES ANIMALERIES	MAINTECE REPAR. CONTROL OF DISINFECTION EQUIPMENT AND WASHING OF ANIMAL HOUSES						ADEME07	Reparation et installation de machines et d'equipements	0.39	0.0	0.3120000000000001	811200	Electronic  equipment repair and maintenance	0.11	0.0	0.08800000000000001	0.21	0.16	0.168									macro	0.21	0.16	0.168	UG43	purchases	maintenance	9	4.5
KF02	MAINTECE ET REPARATION DES AUTRES EQUIPEMENTS D'ELEVAGE ANIMAL	REPAIR AND MAINTENANCE OF OTHER ANIMAL HUSBANDRY EQUIPMENT						ADEME07	Reparation et installation de machines et d'equipements	0.39	0.0	0.3120000000000001	811200	Electronic  equipment repair and maintenance	0.11	0.0	0.08800000000000001	0.21	0.16	0.168									macro	0.21	0.16	0.168	UG43	purchases	maintenance	9	4.5
KF03	MAINTECE ET REPARATION DES MATERIELS POUR L'ETUDE DES ANIMAUX	MAINTENANCE AND REPAIR OF ANIMAL STUDY EQUIPMENT						ADEME07	Reparation et installation de machines et d'equipements	0.39	0.0	0.3120000000000001	811200	Electronic  equipment repair and maintenance	0.11	0.0	0.08800000000000001	0.21	0.16	0.168									macro	0.21	0.16	0.168	UG43	purchases	maintenance	9	4.5
KF11	MAINTECE ET REPARATION DES MATERIELS D'IMAGERIE ANIMALE	MANUFACTURE AND REPAIR OF ANIMAL IMAGING EQUIPMENT						ADEME07	Reparation et installation de machines et d'equipements	0.39	0.0	0.3120000000000001	811200	Electronic  equipment repair and maintenance	0.11	0.0	0.08800000000000001	0.21	0.16	0.168									macro	0.21	0.16	0.168	UG43	purchases	maintenance	9	4.5
KF12	MAINTECE ET REPARATION DES MATERIELS D'ANESTHESIE ET DE TECHNIQ. OPERATOIRES	MANUFACTURE AND REPAIR OF ANAESTHESIA AND OPERATIVE TECHNIQ. OPERATORS						ADEME07	Reparation et installation de machines et d'equipements	0.39	0.0	0.3120000000000001	811200	Electronic  equipment repair and maintenance	0.11	0.0	0.08800000000000001	0.21	0.16	0.168									macro	0.21	0.16	0.168	UG43	purchases	maintenance	9	4.5
KF13	MAINTECE ET REPARATION DES MATERIELS D'INVESTIGATION ANIMALE	MAINTENANCE AND REPAIR OF ANIMAL INVESTIGATION EQUIPMENT						ADEME07	Reparation et installation de machines et d'equipements	0.39	0.0	0.3120000000000001	811200	Electronic  equipment repair and maintenance	0.11	0.0	0.08800000000000001	0.21	0.16	0.168									macro	0.21	0.16	0.168	UG43	purchases	maintenance	9	4.5
KF14	MAINTECE ET REPARATION DES AUTRES MATERIELS D'EXPERIMENTATION ANIMALE	MAINTENANCE AND REPAIR OF OTHER ANIMAL EXPERIMENTATION EQUIPMENT						ADEME07	Reparation et installation de machines et d'equipements	0.39	0.0	0.3120000000000001	811200	Electronic  equipment repair and maintenance	0.11	0.0	0.08800000000000001	0.21	0.16	0.168									macro	0.21	0.16	0.168	UG43	purchases	maintenance	9	4.5
KG01	SERVICES D'EXTERNALISATION DE LA GESTION D'UNE ANIMALERIE	OUTSOURCING SERVICES FOR THE MANAGEMENT OF A PET SHOP						ADEME05	Services (imprimerie, publicite, architecture et ingenierie, maintenance multi-technique des batiments, gardiennage, nettoyage, securite, agence de voyage, autres services aux entreprises)	0.17	0.0	0.136	541700 / 541940	Scientific research and development / Veterinarians	0.18	0.05	0.144	0.18	0.04	0.144									macro	0.18	0.04	0.144	KG04	purchases	services	9	4.5
KG02	CONTROLES SANITAIRES ET ANALYSES VETERINAIRES	HEALTH CONTROLS AND VETERINARY ANALYSIS						ADEME31	Activites pour la sante humaine	0.12	0.0	0.096	541700 / 541940	Scientific research and development / Veterinarians	0.18	0.05	0.144	0.16	0.05	0.128									macro	0.16	0.05	0.128	KG04	purchases	services	9	4.5
KG03	SERVICES RELATIFS A LA REPRODUCTION DES ANIMAUX	ANIMAL REPRODUCTION SERVICES						ADEME31	Activites pour la sante humaine	0.12	0.0	0.096	541700 / 541940	Scientific research and development / Veterinarians	0.18	0.05	0.144	0.16	0.05	0.128									macro	0.16	0.05	0.128	KG04	purchases	services	9	4.5
KG04	AUTRES SERVICES VETERINAIRES	OTHER VETERINARY SERVICES						ADEME31	Activites pour la sante humaine	0.12	0.0	0.096	541700 / 541940	Scientific research and development / Veterinarians	0.18	0.05	0.144	0.16	0.05	0.128									macro	0.16	0.05	0.128	KG04	purchases	services	9	4.5
KG05	AUTRES SERVICES RELATIFS A L'ELEVAGE DES ANIMAUX	OTHER ANIMAL HUSBANDRY SERVICES						ADEME05	Services (imprimerie, publicite, architecture et ingenierie, maintenance multi-technique des batiments, gardiennage, nettoyage, securite, agence de voyage, autres services aux entreprises)	0.17	0.0	0.136	541700 / 541940	Scientific research and development / Veterinarians	0.18	0.05	0.144	0.18	0.04	0.144									macro	0.18	0.04	0.144	KG04	purchases	services	9	4.5
KG06	SERVICES RELATIFS A LA CRYOCONSERVATION	SERVICES RELATED TO CRYOPRESERVATION						ADEME05	Services (imprimerie, publicite, architecture et ingenierie, maintenance multi-technique des batiments, gardiennage, nettoyage, securite, agence de voyage, autres services aux entreprises)	0.17	0.0	0.136	541700 / 541940	Scientific research and development / Veterinarians	0.18	0.05	0.144	0.18	0.04	0.144									macro	0.18	0.04	0.144	KG04	purchases	services	9	4.5
KG11	SERVICES D'IMAGERIE ANIMALE	ANIMAL IMAGING SERVICES						ADEME05	Services (imprimerie, publicite, architecture et ingenierie, maintenance multi-technique des batiments, gardiennage, nettoyage, securite, agence de voyage, autres services aux entreprises)	0.17	0.0	0.136	541700 / 541940	Scientific research and development / Veterinarians	0.18	0.05	0.144	0.18	0.04	0.144									macro	0.18	0.04	0.144	KG04	purchases	services	9	4.5
KG12	AUTRES SERVICES D'EXPERIMENTATION ANIMALE	OTHER ANIMAL TESTING SERVICES						ADEME05	Services (imprimerie, publicite, architecture et ingenierie, maintenance multi-technique des batiments, gardiennage, nettoyage, securite, agence de voyage, autres services aux entreprises)	0.17	0.0	0.136	541700 / 541940	Scientific research and development / Veterinarians	0.18	0.05	0.144	0.18	0.04	0.144									macro	0.18	0.04	0.144	KG04	purchases	services	9	4.5
LA01	SUBSTANCES ACTIVES MEDICAMENTEUSES NATURELLES	NATURAL MEDICINAL ACTIVE SUBSTANCES						ADEME22	Produits pharmaceutiques	0.5	0.0	0.4	325412	Pharmaceutical products (pills, powders, solutions, etc.)	0.52	0.0	0.416	0.41	0.17	0.328	MLA01	Mygreenlab	0.19	0.152					meso	0.19	0.15	0.152	LA12	purchases	consumables	9	4.1
LA02	SUBSTANCES ACTIVES MEDICAMENTEUSES SYNTHETIQUES	SYNTHETIC MEDICINAL ACTIVE SUBSTANCES						ADEME22	Produits pharmaceutiques	0.5	0.0	0.4	325412	Pharmaceutical products (pills, powders, solutions, etc.)	0.52	0.0	0.416	0.41	0.17	0.328	MLA01	Mygreenlab	0.19	0.152					meso	0.19	0.15	0.152	LA12	purchases	consumables	9	4.1
LA03	EXCIPIENTS D'ORIGINE NATURELLE	EXCIPIENTS OF NATURAL ORIGIN						ADEME22	Produits pharmaceutiques	0.5	0.0	0.4	325412	Pharmaceutical products (pills, powders, solutions, etc.)	0.52	0.0	0.416	0.41	0.17	0.328	MLA01	Mygreenlab	0.19	0.152					meso	0.19	0.15	0.152	LA12	purchases	consumables	9	4.1
LA04	EXCIPIENTS D'ORIGINE SYNTHETIQUE	EXCIPIENTS OF SYNTHETIC ORIGIN						ADEME22	Produits pharmaceutiques	0.5	0.0	0.4	325412	Pharmaceutical products (pills, powders, solutions, etc.)	0.52	0.0	0.416	0.41	0.17	0.328	MLA01	Mygreenlab	0.19	0.152					meso	0.19	0.15	0.152	LA12	purchases	consumables	9	4.1
LA05	MEDICAMENTS ET PREPARATIONS MEDICAMENTEUSES	MEDICINES AND MEDICAL PREPARATIONS						ADEME22	Produits pharmaceutiques	0.5	0.0	0.4	325412	Pharmaceutical products (pills, powders, solutions, etc.)	0.52	0.0	0.416	0.41	0.17	0.328	MLA01	Mygreenlab	0.19	0.152					meso	0.19	0.15	0.152	LA12	purchases	consumables	9	4.1
LA11	VACCINS	VACCINES						ADEME22	Produits pharmaceutiques	0.5	0.0	0.4	325412	Pharmaceutical products (pills, powders, solutions, etc.)	0.52	0.0	0.416	0.41	0.17	0.328	MLA01	Mygreenlab	0.19	0.152					meso	0.19	0.15	0.152	LA12	purchases	consumables	9	4.1
LA12	ADDITIFS POUR VACCINS	ADDITIVES FOR VACCINES						ADEME22	Produits pharmaceutiques	0.5	0.0	0.4	325412	Pharmaceutical products (pills, powders, solutions, etc.)	0.52	0.0	0.416	0.41	0.17	0.328	MLA01	Mygreenlab	0.19	0.152					meso	0.19	0.15	0.152	LA12	purchases	consumables	9	4.1
LB01	EQUIPEMENTS DE CABINETS MEDICAUX, Y COMPRIS POUR MEDECINE DU TRAVAIL	MEDICAL PRACTICE EQUIPMENT, INCLUDING FOR OCCUPATIONAL MEDICINE						ADEME26 / ADEME20	Produits informatiques, electroniques et optiques / Meubles et autres biens manufactures	0.45	0.07	0.36	339112	Surgical and medical instruments	0.24	0.0	0.192	0.3	0.13	0.24									macro	0.3	0.13	0.24	LB32	purchases	lab.equipment	10	4.2
LB02	PETIT MATERIEL POUR CABINETS MEDICAUX, Y COMPRIS POUR MEDECINE DU TRAVAIL	SMALL EQUIPMENT FOR MEDICAL PRACTICES, INCLUDING FOR OCCUPATIONAL MEDICINE						ADEME24	Produits metalliques, sauf machines et equipements	0.6	0.0	0.48	339112	Surgical and medical instruments	0.24	0.0	0.192	0.35	0.21	0.28									macro	0.35	0.21	0.28	LB02	purchases	lab.equipment	10	4.2
LB03	PRODUITS ET CONSOMMABLES DE SOINS MEDICAUX	MEDICAL CARE PRODUCTS AND CONSUMABLES						ADEME22	Produits pharmaceutiques	0.5	0.0	0.4	339113	Surgical appliance and supplies	0.32	0.0	0.256	0.39	0.1	0.3120000000000001									macro	0.39	0.1	0.3120000000000001	LB33	purchases	consumables	9	4.1
LB11	EQUIPEMENTS D'IMAGERIE MEDICALE (IRM, SCANNER,...)	MEDICAL IMAGING EQUIPMENT (MRI, SCANNER,...)						ADEME26	Produits informatiques, electroniques et optiques	0.4	0.0	0.3200000000000001	334510 / 339112	Electromedical appartuses / Surgical and medical instruments	0.17	0.09	0.136	0.29	0.14	0.232									macro	0.29	0.14	0.232	LB31	purchases	lab.equipment	10	4.2
LB12	CONSOMMABLES POUR LES EQUIPEMENTS D'IMAGERIE MEDICALE	CONSUMABLES FOR MEDICAL IMAGING EQUIPMENT						ADEME37	Consommables de bureau - Consommables bureautiques	0.92	0.0	0.7360000000000001	339113	Surgical appliance and supplies	0.32	0.0	0.256	0.53	0.33	0.424									macro	0.53	0.33	0.424	LB12	purchases	consumables	9	4.1
LB21	EQUIPEMENTS D'ANESTHESIE ET DE TECHNIQUES OPERATOIRES	ANAESTHESIA AND OPERATING TECHNIQUES EQUIPMENT						ADEME25	Machines et equipements	0.7	0.0	0.5599999999999999	334510 / 339112	Electromedical appartuses / Surgical and medical instruments	0.17	0.09	0.136	0.39	0.29	0.3120000000000001									macro	0.39	0.29	0.3120000000000001	LB21	purchases	lab.equipment	10	4.2
LB22	CONSOMMABLES D'ANESTHESIE ET DE TECHNIQUES OPERATOIRES	CONSUMABLES FOR ANAESTHESIA AND OPERATING TECHNIQUES						ADEME22	Produits pharmaceutiques	0.5	0.0	0.4	339113	Surgical appliance and supplies	0.32	0.0	0.256	0.39	0.1	0.3120000000000001									macro	0.39	0.1	0.3120000000000001	LB33	purchases	consumables	9	4.1
LB31	MATERIEL D'INVESTIGATION CARDIOVASCUL., RENALE ET RESPIRAT.	CARDIOVASCULAR, RENAL AND RESPIRATORY INVESTIGATION EQUIPMENT						ADEME26	Produits informatiques, electroniques et optiques	0.4	0.0	0.3200000000000001	334510 / 339112	Electromedical appartuses / Surgical and medical instruments	0.17	0.09	0.136	0.29	0.14	0.232									macro	0.29	0.14	0.232	LB31	purchases	lab.equipment	10	4.2
LB32	AUTRES EQUIPEMENTS D'INVESTIGATION CLINIQUE	OTHER CLINICAL INVESTIGATION EQUIPMENT						ADEME26 / ADEME20	Produits informatiques, electroniques et optiques / Meubles et autres biens manufactures	0.45	0.07	0.36	339112	Surgical and medical instruments	0.24	0.0	0.192	0.3	0.13	0.24									macro	0.3	0.13	0.24	LB32	purchases	lab.equipment	10	4.2
LB33	CONSOMMABLES ET REACTIFS D'INVESTIGATION CLINIQUE	CLINICAL INVESTIGATION CONSUMABLES AND REAGENTS						ADEME22	Produits pharmaceutiques	0.5	0.0	0.4	339113	Surgical appliance and supplies	0.32	0.0	0.256	0.39	0.1	0.3120000000000001									macro	0.39	0.1	0.3120000000000001	LB33	purchases	consumables	9	4.1
LB41	AUTOMATES D'ANALYSES MEDICALES	AUTOMATIC MEDICAL ANALYSIS EQUIPMENT						ADEME26	Produits informatiques, electroniques et optiques	0.4	0.0	0.3200000000000001	334516	Analytical laboratory instruments	0.08	0.0	0.064	0.24	0.16	0.192									macro	0.24	0.16	0.192	UG22	purchases	lab.equipment	10	4.2
LB42	CONSOMMABLES POUR AUTOMATES D'ANALYSES MEDICALES	CONSUMABLES FOR MEDICAL ANALYSIS AUTOMATS						ADEME37	Consommables de bureau - Consommables bureautiques	0.92	0.0	0.7360000000000001	339113 / 339990	Surgical appliance and supplies / Gaskets, seals, musical instruments, fasteners, brooms, brushes, mop and other misc. goods	0.25	0.09	0.2	0.54	0.35	0.4320000000000001									macro	0.54	0.35	0.4320000000000001	LB42	purchases	consumables	9	4.1
LB51	PETITS MATERIELS POUR ODONTOLOGIE	SMALL MATERIALS FOR DENTISTRY						ADEME24	Produits metalliques, sauf machines et equipements	0.6	0.0	0.48	339114	Dental equipment and supplies	0.31	0.0	0.248	0.4	0.17	0.3200000000000001									macro	0.4	0.17	0.3200000000000001	LB51	purchases	lab.equipment	10	4.2
LB52	PRODUITS ET CONSOMMABLES  POUR ODONTOLOGIE	PRODUCTS AND CONSUMABLES FOR DENTISTRY						ADEME37	Consommables de bureau - Consommables bureautiques	0.92	0.0	0.7360000000000001	339114	Dental equipment and supplies	0.31	0.0	0.248	0.51	0.35	0.408									macro	0.51	0.35	0.408	LB54	purchases	consumables	9	4.1
LB53	EQUIPEMENTS D'IMAGERIE  POUR ODONTOLOGIE	IMAGING EQUIPMENT FOR DENTISTRY						ADEME26	Produits informatiques, electroniques et optiques	0.4	0.0	0.3200000000000001	339114	Dental equipment and supplies	0.31	0.0	0.248	0.34	0.06	0.272									macro	0.34	0.06	0.272	LB53	purchases	lab.equipment	10	4.2
LB54	CONSOMMABLES D'IMAGERIE POUR ODONTOLOGIE	IMAGING CONSUMABLES FOR DENTISTRY						ADEME37	Consommables de bureau - Consommables bureautiques	0.92	0.0	0.7360000000000001	339114	Dental equipment and supplies	0.31	0.0	0.248	0.51	0.35	0.408									macro	0.51	0.35	0.408	LB54	purchases	consumables	9	4.1
LB61	FOURNITURES OPTIQUES (VERRES, LUNETTES,_x001A_)	OPTICAL SUPPLIES (LENSES, GLASSES,...)						ADEME20	Meubles et autres biens manufactures	0.5	0.0	0.4	339115	Ophthalmic goods	0.42	0.0	0.336	0.41	0.1	0.328									macro	0.41	0.1	0.328	LB61	purchases	lab.equipment	10	4.2
LB62	MATERIELS D'OPHTALMOLOGIE	OPHTHALMIC EQUIPMENT						ADEME26	Produits informatiques, electroniques et optiques	0.4	0.0	0.3200000000000001	339115	Ophthalmic goods	0.42	0.0	0.336	0.37	0.07	0.296									macro	0.37	0.07	0.296	LB62	purchases	lab.equipment	10	4.2
LC01	MAINTECE ET REPARATION DES EQUIPEMENTS D'IMAGERIE MEDICALE (IRM,_x001A_)	MAINTENANCE AND REPAIR OF MEDICAL IMAGING EQUIPMENT (MRI,...)						ADEME07	Reparation et installation de machines et d'equipements	0.39	0.0	0.3120000000000001	811200	Electronic  equipment repair and maintenance	0.11	0.0	0.08800000000000001	0.21	0.16	0.168									macro	0.21	0.16	0.168	UG43	purchases	maintenance	9	4.5
LC02	MAINTECE ET REPARATION DU MATERIEL D'ANESTHESIE ET DE TECH. OPERATOIRES	MAINTENANCE AND REPAIR OF ANAESTHESIA AND OPERATIVE TECH. OPERATORS						ADEME07	Reparation et installation de machines et d'equipements	0.39	0.0	0.3120000000000001	811200	Electronic  equipment repair and maintenance	0.11	0.0	0.08800000000000001	0.21	0.16	0.168									macro	0.21	0.16	0.168	UG43	purchases	maintenance	9	4.5
LC03	MAINTECE ET REPARATION DES EQUIPEMENTS D'INVESTIGATION CLINIQUE	MAINTENANCE AND REPAIR OF CLINICAL INVESTIGATION EQUIPMENT						ADEME07	Reparation et installation de machines et d'equipements	0.39	0.0	0.3120000000000001	811200	Electronic  equipment repair and maintenance	0.11	0.0	0.08800000000000001	0.21	0.16	0.168									macro	0.21	0.16	0.168	UG43	purchases	maintenance	9	4.5
LC04	MAINTECE ET REPARATION DES EQUIPEMENTS DE BIOCHIMIE CLINIQUE	MAINTENANCE AND REPAIR OF CLINICAL BIOCHEMISTRY EQUIPMENT						ADEME07	Reparation et installation de machines et d'equipements	0.39	0.0	0.3120000000000001	811200	Electronic  equipment repair and maintenance	0.11	0.0	0.08800000000000001	0.21	0.16	0.168									macro	0.21	0.16	0.168	UG43	purchases	maintenance	9	4.5
LC05	MAINTECE ET REPARATION DES EQUIPEMENTS D'ODONTOLOGIE	MAINTENANCE AND REPAIR OF DENTISTRY EQUIPMENT						ADEME07	Reparation et installation de machines et d'equipements	0.39	0.0	0.3120000000000001	811200	Electronic  equipment repair and maintenance	0.11	0.0	0.08800000000000001	0.21	0.16	0.168									macro	0.21	0.16	0.168	UG43	purchases	maintenance	9	4.5
LC06	MAINTECE ET REPARATION DES MATERIELS D'OPHTALMOLOGIE	OPERATION AND REPAIR OF OPHTHALMIC EQUIPMENT						ADEME07	Reparation et installation de machines et d'equipements	0.39	0.0	0.3120000000000001	811200	Electronic  equipment repair and maintenance	0.11	0.0	0.08800000000000001	0.21	0.16	0.168									macro	0.21	0.16	0.168	UG43	purchases	maintenance	9	4.5
LD01	SERVICES DE CONDUITE D'ESSAIS CLINIQUES (PHASES I A IV)	CLINICAL TRIAL SERVICES (PHASES I TO IV)						ADEME31	Activites pour la sante humaine	0.12	0.0	0.096	541700 / (621500 ; 621400)	Scientific research and development / Medical laboratories/Outpatient healthcare	0.17	0.06	0.136	0.17	0.06	0.136	MKA0	Emission factor Charles river (Scope 1+2+3)/revenue	0.2	0.16					meso	0.2	0.16	0.16	LD01	purchases	services	9	4.5
LD02	SERV. DE COND. D'ETUDES ET D'ENQU_x001A_TES D'EPIDEMIO., SANTE PUBL. ET SOCIOL MEDIC.	SERV. COND. EPIDEMIOLOGICAL, PUBLIC HEALTH AND MEDICAL SOCIOLOGY STUDIES AND SURVEYS AND SOCIOL MEDIC.						ADEME31 / ADEME05	Activites pour la sante humaine / Services (imprimerie, publicite, architecture et ingenierie, maintenance multi-technique des batiments, gardiennage, nettoyage, securite, agence de voyage, autres services aux entreprises)	0.14	0.04	0.112	541700 / (621500 ; 621400)	Scientific research and development / Medical laboratories/Outpatient healthcare	0.17	0.06	0.136	0.17	0.05	0.136									macro	0.17	0.05	0.136	LD03	purchases	services	9	4.5
LD03	SERV. DE COND. D'ETUDES A CARACTERE MEDICAL, HORS ESSAIS CLINIQUES ET ENQU_x001A_TES	SERV. OF COND. OF MEDICAL STUDIES, EXCLUDING CLINICAL TRIALS AND SURVEYS						ADEME31 / ADEME05	Activites pour la sante humaine / Services (imprimerie, publicite, architecture et ingenierie, maintenance multi-technique des batiments, gardiennage, nettoyage, securite, agence de voyage, autres services aux entreprises)	0.14	0.04	0.112	541700 / (621500 ; 621400)	Scientific research and development / Medical laboratories/Outpatient healthcare	0.17	0.06	0.136	0.17	0.05	0.136									macro	0.17	0.05	0.136	LD03	purchases	services	9	4.5
LD11	SERVICES D'IRM	MRI SERVICES						ADEME31	Activites pour la sante humaine	0.12	0.0	0.096	(621500 ; 621400)	Medical laboratories/Outpatient healthcare	0.13	0.0	0.104	0.15	0.03	0.12									macro	0.15	0.03	0.12	XB21	purchases	services	9	4.5
LD12	AUTRES SERVICES D'IMAGERIE MEDICALE	OTHER MEDICAL IMAGING SERVICES						ADEME31	Activites pour la sante humaine	0.12	0.0	0.096	(621500 ; 621400)	Medical laboratories/Outpatient healthcare	0.13	0.0	0.104	0.15	0.03	0.12									macro	0.15	0.03	0.12	XB21	purchases	services	9	4.5
LD21	SERVICES D'ANALYSES SANGUINES	BLOOD TESTING SERVICES						ADEME31	Activites pour la sante humaine	0.12	0.0	0.096	(621500 ; 621400)	Medical laboratories/Outpatient healthcare	0.13	0.0	0.104	0.15	0.03	0.12									macro	0.15	0.03	0.12	XB21	purchases	services	9	4.5
LD22	AUTRES SERVICES D'ANALYSE MEDICALE	OTHER MEDICAL TESTING SERVICES						ADEME31	Activites pour la sante humaine	0.12	0.0	0.096	(621500 ; 621400)	Medical laboratories/Outpatient healthcare	0.13	0.0	0.104	0.15	0.03	0.12									macro	0.15	0.03	0.12	XB21	purchases	services	9	4.5
LD31	NE PLUS UTILISER	NO LONGER IN USE						ADEME31	Activites pour la sante humaine	0.12	0.0	0.096	(62100 ; 62200 ; 62300)	Physicians/Dentists/Healthcare practitioners (except physicians and dentists)	0.1	0.0	0.08000000000000002	0.11	0.01	0.08800000000000001									macro	0.11	0.01	0.08800000000000001	XB24	purchases	services	9	4.5
LD32	SERVICES DE BIOBANQUES	BIOBANKING SERVICES						ADEME31	Activites pour la sante humaine	0.12	0.0	0.096	(62100 ; 62200 ; 62300)	Physicians/Dentists/Healthcare practitioners (except physicians and dentists)	0.1	0.0	0.08000000000000002	0.11	0.01	0.08800000000000001									macro	0.11	0.01	0.08800000000000001	XB24	purchases	services	9	4.5
LD33	AUTRES SERVICES MEDICAUX	OTHER MEDICAL SERVICES						ADEME31	Activites pour la sante humaine	0.12	0.0	0.096	(62100 ; 62200 ; 62300)	Physicians/Dentists/Healthcare practitioners (except physicians and dentists)	0.1	0.0	0.08000000000000002	0.11	0.01	0.08800000000000001									macro	0.11	0.01	0.08800000000000001	XB24	purchases	services	9	4.5
MA01	MATERIEL DE PREPARATION D'ECHANTILLONS POUR MICROSCOPIE	SAMPLE PREPARATION EQUIPMENT FOR MICROSCOPY						ADEME20	Meubles et autres biens manufactures	0.5	0.0	0.4	326220 / 339113 / 327200 / 339990	Rubber and plastic belts and hoses / Surgical appliance and supplies / Glass and glass products / Gaskets, seals, musical instruments, fasteners, brooms, brushes, mop and other misc. goods	0.46	0.3	0.368	0.49	0.19	0.392									macro	0.49	0.19	0.392	MA01	purchases	consumables	10	4.2
MA02	CONSOMMABLES POUR LA PREPARATION D'ECHANTILLONS (HORS LAMES)	CONSUMABLES FOR SAMPLE PREPARATION (EXCLUDING SLIDES)						ADEME21	Produits chimiques	1.6	0.0	1.28	326220 / 339113 / 327200 / 339990	Rubber and plastic belts and hoses / Surgical appliance and supplies / Glass and glass products / Gaskets, seals, musical instruments, fasteners, brooms, brushes, mop and other misc. goods	0.46	0.3	0.368	0.86	0.67	0.6880000000000001									macro	0.86	0.67	0.6880000000000001	MA02	purchases	consumables	9	4.1
MA11	MICROSCOPES A CHAMP PROCHE (AFM, SPM, SNOM, ELECTROCHIMIQUES_x001A_)	NEAR FIELD MICROSCOPES (AFM, SPM, SNOM, ELECTROCHEMICAL...)						ADEME26	Produits informatiques, electroniques et optiques	0.4	0.0	0.3200000000000001	334516 / 334510	Analytical laboratory instruments / Electromedical appartuses	0.1	0.02	0.08000000000000002	0.27	0.17	0.216									macro	0.27	0.17	0.216	NB62	purchases	lab.equipment	10	4.2
MA12	PROFILOMETRES A CONTACT	CONTACT PROFILOMETERS						ADEME26	Produits informatiques, electroniques et optiques	0.4	0.0	0.3200000000000001	334516 / 334510	Analytical laboratory instruments / Electromedical appartuses	0.1	0.02	0.08000000000000002	0.27	0.17	0.216									macro	0.27	0.17	0.216	NB62	purchases	lab.equipment	10	4.2
MA13	POINTES ET AUTRES CONSOMMABLES POUR MICROSCOPES A CHAMP PROCHE	TIPS AND OTHER CONSUMABLES FOR NEAR FIELD MICROSCOPES						ADEME26	Produits informatiques, electroniques et optiques	0.4	0.0	0.3200000000000001	33441A	Electronic capacitors, resistors, coils, transformers, connectors and other components (except  semiconductors and printed circuit assemblies)	0.13	0.0	0.104	0.27	0.14	0.216									macro	0.27	0.14	0.216	TA01	purchases	consumables	9	4.1
MA14	MICROSCOPIE A CHAMP PROCHE : AUTRE MATERIEL ET PIECES DETACHEES	NEAR FIELD MICROSCOPY: OTHER EQUIPMENT AND SPARE PARTS						ADEME26	Produits informatiques, electroniques et optiques	0.4	0.0	0.3200000000000001	334516 / 339990	Analytical laboratory instruments / Gaskets, seals, musical instruments, fasteners, brooms, brushes, mop and other misc. goods	0.14	0.07	0.112	0.31	0.2	0.248									macro	0.31	0.2	0.248	UG33	purchases	lab.equipment	10	4.2
MA15	MICROSCOPIE A CHAMP PROCHE : ELECTRONIQUE DE REMPLACEMENT	NEAR FIELD MICROSCOPY: REPLACEMENT ELECTRONICS						ADEME26	Produits informatiques, electroniques et optiques	0.4	0.0	0.3200000000000001	334413 / 334418 / 334413 / 334418 / 334418 / 33441A	Semiconductors / Printed circuit and electronic assembly / Semiconductors / Printed circuit and electronic assembly / Printed circuit and electronic assembly / Electronic capacitors, resistors, coils, transformers, connectors and other components (except  semiconductors and printed circuit assemblies)	0.2	0.08	0.16	0.39	0.24	0.3120000000000001									macro	0.39	0.24	0.3120000000000001	MA47	purchases	maintenance	10	4.2
MA21	MICROSCOPES ELECTRONIQUES ET IONIQUES	ELECTRON AND ION MICROSCOPES						ADEME26	Produits informatiques, electroniques et optiques	0.4	0.0	0.3200000000000001	334516 / 334510	Analytical laboratory instruments / Electromedical appartuses	0.1	0.02	0.08000000000000002	0.27	0.17	0.216									macro	0.27	0.17	0.216	NB62	purchases	lab.equipment	10	4.2
MA22	MICROSCOPIE ELECTRONIQUE ET IONIQUE : DETECTEURS SPECIFIQUES	ELECTRON AND ION MICROSCOPY: SPECIFIC DETECTORS						ADEME26	Produits informatiques, electroniques et optiques	0.4	0.0	0.3200000000000001	334516 / 334510	Analytical laboratory instruments / Electromedical appartuses	0.1	0.02	0.08000000000000002	0.27	0.17	0.216									macro	0.27	0.17	0.216	MA22	purchases	lab.equipment	10	4.2
MA23	MICROSCOPIE ELECTRONIQUE ET IONIQUE : CAMERAS	ELECTRON AND ION MICROSCOPY : CAMERAS						ADEME26	Produits informatiques, electroniques et optiques	0.4	0.0	0.3200000000000001	334516 / 334510	Analytical laboratory instruments / Electromedical appartuses	0.1	0.02	0.08000000000000002	0.27	0.17	0.216									macro	0.27	0.17	0.216	MA23	purchases	lab.equipment	10	4.2
MA24	MICROSCOPIE ELECTRONIQUE ET IONIQUE : AUTRE MATERIEL ET PIECES DETAC. HORS N1	ELECTRON AND ION MICROSCOPY: OTHER EQUIPMENT AND SPARE PARTS OUT OF N1						ADEME26	Produits informatiques, electroniques et optiques	0.4	0.0	0.3200000000000001	334516 / 339990	Analytical laboratory instruments / Gaskets, seals, musical instruments, fasteners, brooms, brushes, mop and other misc. goods	0.14	0.07	0.112	0.31	0.2	0.248									macro	0.31	0.2	0.248	UG33	purchases	lab.equipment	10	4.2
MA25	MICROSCOPIE ELECTRONIQUE ET IONIQUE : ELECTRONIQUE DE REMPLACEMENT	ELECTRON AND ION MICROSCOPY: REPLACEMENT ELECTRONICS						ADEME26	Produits informatiques, electroniques et optiques	0.4	0.0	0.3200000000000001	334413 / 334418 / 334413 / 334418 / 334418 / 33441A	Semiconductors / Printed circuit and electronic assembly / Semiconductors / Printed circuit and electronic assembly / Printed circuit and electronic assembly / Electronic capacitors, resistors, coils, transformers, connectors and other components (except  semiconductors and printed circuit assemblies)	0.2	0.08	0.16	0.39	0.24	0.3120000000000001									macro	0.39	0.24	0.3120000000000001	MA47	purchases	maintenance	10	4.2
MA31	SYST_x001A_MES DE MICROSCOPIE ACOUSTIQUE	ACOUSTIC MICROSCOPY SYSTEMS						ADEME26	Produits informatiques, electroniques et optiques	0.4	0.0	0.3200000000000001	334516 / 334510	Analytical laboratory instruments / Electromedical appartuses	0.1	0.02	0.08000000000000002	0.27	0.17	0.216									macro	0.27	0.17	0.216	NB62	purchases	lab.equipment	10	4.2
MA32	MICROSCOPIE ACOUSTIQUE : ACCESSOIRES, CONSOMMABLES ET PIECES DETACHEES	ACOUSTIC MICROSCOPY: ACCESSORIES, CONSUMABLES AND SPARE PARTS						ADEME26	Produits informatiques, electroniques et optiques	0.4	0.0	0.3200000000000001	334516 / 339990	Analytical laboratory instruments / Gaskets, seals, musical instruments, fasteners, brooms, brushes, mop and other misc. goods	0.14	0.07	0.112	0.31	0.2	0.248									macro	0.31	0.2	0.248	UG33	purchases	lab.equipment	10	4.2
MA33	MICROSCOPIE ACOUSTIQUE : ELECTRONIQUE DE REMPLACEMENT	ACOUSTIC MICROSCOPY: REPLACEMENT ELECTRONICS						ADEME26	Produits informatiques, electroniques et optiques	0.4	0.0	0.3200000000000001	334413 / 334418 / 334413 / 334418 / 334418 / 33441A	Semiconductors / Printed circuit and electronic assembly / Semiconductors / Printed circuit and electronic assembly / Printed circuit and electronic assembly / Electronic capacitors, resistors, coils, transformers, connectors and other components (except  semiconductors and printed circuit assemblies)	0.2	0.08	0.16	0.39	0.24	0.3120000000000001									macro	0.39	0.24	0.3120000000000001	MA33	purchases	maintenance	9	4.5
MA41	MICROSCOPIE A ANGLE DE BREWSTER : EQUIPEMENTS ET ACCESSOIRES	BREWSTER ANGLE MICROSCOPY : EQUIPMENT AND ACCESSORIES						ADEME26	Produits informatiques, electroniques et optiques	0.4	0.0	0.3200000000000001	333314 / 334516	Optical instruments and lenses / Analytical laboratory instruments	0.16	0.11	0.128	0.27	0.14	0.216									macro	0.27	0.14	0.216	MA47	purchases	lab.equipment	10	4.2
MA42	PROFILOMETRES OPTIQUES	OPTICAL PROFILOMETERS						ADEME26	Produits informatiques, electroniques et optiques	0.4	0.0	0.3200000000000001	333314 / 334516	Optical instruments and lenses / Analytical laboratory instruments	0.16	0.11	0.128	0.27	0.14	0.216									macro	0.27	0.14	0.216	MA47	purchases	lab.equipment	10	4.2
MA43	MICROSCOPIE PHOTONIQUE ET DE FLUORESCENCE : LOUPES ET STEREOMICROSCOPES	PHOTONIC AND FLUORESCENCE MICROSCOPY: MAGNIFIERS AND STEREOMICROSCOPES						ADEME26	Produits informatiques, electroniques et optiques	0.4	0.0	0.3200000000000001	333314 / 334516	Optical instruments and lenses / Analytical laboratory instruments	0.16	0.11	0.128	0.27	0.14	0.216									macro	0.27	0.14	0.216	MA47	purchases	lab.equipment	10	4.2
MA44	MICROSCOPES PHOTONIQUES ET DE FLUORESCENCE	PHOTONIC AND FLUORESCENCE MICROSCOPES						ADEME26	Produits informatiques, electroniques et optiques	0.4	0.0	0.3200000000000001	333314 / 334516	Optical instruments and lenses / Analytical laboratory instruments	0.16	0.11	0.128	0.27	0.14	0.216									macro	0.27	0.14	0.216	MA47	purchases	lab.equipment	10	4.2
MA45	LAMPES POUR MICROSCOPES PHOTONIQUES ET DE FLUORESCENCE	LAMPS FOR PHOTONIC AND FLUORESCENCE MICROSCOPES						ADEME26	Produits informatiques, electroniques et optiques	0.4	0.0	0.3200000000000001	333314 / 334516	Optical instruments and lenses / Analytical laboratory instruments	0.16	0.11	0.128	0.27	0.14	0.216									macro	0.27	0.14	0.216	MA47	purchases	consumables	10	4.2
MA46	MICROSCOPIE OPTIQUE : AUTRE MATERIEL ET PIECES DETACHEES HORS O0	OPTICAL MICROSCOPY: OTHER EQUIPMENT AND PARTS NOT INCLUDED IN O0						ADEME26	Produits informatiques, electroniques et optiques	0.4	0.0	0.3200000000000001	333314 / 334516	Optical instruments and lenses / Analytical laboratory instruments	0.16	0.11	0.128	0.27	0.14	0.216									macro	0.27	0.14	0.216	MA47	purchases	lab.equipment	10	4.2
MA47	AUTRES MICROSCOPES OPTIQUES (MAGNETO-OPTIQUES, A EMISSION DE LUMIERE_x001A_)	OTHER OPTICAL MICROSCOPES (MAGNETO-OPTICAL, LIGHT EMISSION, ETC.)						ADEME26	Produits informatiques, electroniques et optiques	0.4	0.0	0.3200000000000001	333314 / 334516	Optical instruments and lenses / Analytical laboratory instruments	0.16	0.11	0.128	0.27	0.14	0.216									macro	0.27	0.14	0.216	MA47	purchases	lab.equipment	10	4.2
MA48	MICROSCOPIE OPTIQUE : ELECTRONIQUE DE REMPLACEMENT	OPTICAL MICROSCOPY: REPLACEMENT ELECTRONICS						ADEME26	Produits informatiques, electroniques et optiques	0.4	0.0	0.3200000000000001	334413 / 334418 / 334413 / 334418 / 334418 / 33441A	Semiconductors / Printed circuit and electronic assembly / Semiconductors / Printed circuit and electronic assembly / Printed circuit and electronic assembly / Electronic capacitors, resistors, coils, transformers, connectors and other components (except  semiconductors and printed circuit assemblies)	0.2	0.08	0.16	0.39	0.24	0.3120000000000001									macro	0.39	0.24	0.3120000000000001	MA47	purchases	maintenance	10	4.2
MB01	MATERIEL DE PREP. D'ECHANTILLONS PR MICROSCOPIE : REPARATION ET MAINTECE	SAMPLE PREPARATION EQUIPMENT SAMPLE PREPARATION EQUIPMENT FOR MICROSCOPY: REPAIR AND MAINTENANCE						ADEME07	Reparation et installation de machines et d'equipements	0.39	0.0	0.3120000000000001	811200	Electronic  equipment repair and maintenance	0.11	0.0	0.08800000000000001	0.21	0.16	0.168									macro	0.21	0.16	0.168	UG43	purchases	maintenance	9	4.5
MB02	MICROSCOPIE A CHAMP PROCHE ET PROFILOMETRIE : REPARATION ET MAINTECE	NEAR FIELD MICROSCOPY AND PROFILOMETRY : REPAIR AND MAINTENANCE						ADEME07	Reparation et installation de machines et d'equipements	0.39	0.0	0.3120000000000001	811200	Electronic  equipment repair and maintenance	0.11	0.0	0.08800000000000001	0.21	0.16	0.168									macro	0.21	0.16	0.168	UG43	purchases	maintenance	9	4.5
MB03	MICROSCOPIE ELECTRONIQUE ET IONIQUE : REPARATION ET MAINTECE	ELECTRON AND ION MICROSCOPY: REPAIR AND MAINTENANCE						ADEME07	Reparation et installation de machines et d'equipements	0.39	0.0	0.3120000000000001	811200	Electronic  equipment repair and maintenance	0.11	0.0	0.08800000000000001	0.21	0.16	0.168									macro	0.21	0.16	0.168	UG43	purchases	maintenance	9	4.5
MB04	MICROSCOPIE ACOUSTIQUE : REPARATION ET MAINTECE DU MATERIEL	ACOUSTIC MICROSCOPY: REPAIR AND MAINTENANCE OF EQUIPMENT						ADEME07	Reparation et installation de machines et d'equipements	0.39	0.0	0.3120000000000001	811200	Electronic  equipment repair and maintenance	0.11	0.0	0.08800000000000001	0.21	0.16	0.168									macro	0.21	0.16	0.168	UG43	purchases	maintenance	9	4.5
MB05	MICROSCOPIE OPTIQUE : REPARATION ET MAINTECE	OPTICAL MICROSCOPY : REPAIR AND MAINTENANCE						ADEME07	Reparation et installation de machines et d'equipements	0.39	0.0	0.3120000000000001	811200	Electronic  equipment repair and maintenance	0.11	0.0	0.08800000000000001	0.21	0.16	0.168									macro	0.21	0.16	0.168	UG43	purchases	maintenance	9	4.5
MC01	MICROSCOPIE A CHAMP PROCHE ET PROFILOMETRIE A CONTACT : SERVICES D'ANALYSE	NEAR-FIELD MICROSCOPY AND CONTACT PROFILOMETRY: ANALYSIS SERVICES						ADEME05	Services (imprimerie, publicite, architecture et ingenierie, maintenance multi-technique des batiments, gardiennage, nettoyage, securite, agence de voyage, autres services aux entreprises)	0.17	0.0	0.136	541700	Scientific research and development	0.21	0.0	0.168	0.2	0.03	0.16									macro	0.2	0.03	0.16	XC25	purchases	services	9	4.5
MC02	MICROSCOPIE ELECTRONIQUE ET IONIQUE : SERVICES D'ANALYSE	ELECTRON AND ION MICROSCOPY: ANALYTICAL SERVICES						ADEME05	Services (imprimerie, publicite, architecture et ingenierie, maintenance multi-technique des batiments, gardiennage, nettoyage, securite, agence de voyage, autres services aux entreprises)	0.17	0.0	0.136	541700	Scientific research and development	0.21	0.0	0.168	0.2	0.03	0.16									macro	0.2	0.03	0.16	XC25	purchases	services	9	4.5
MC03	MICROSCOPIE ACOUSTIQUE : SERVICES D'ANALYSE	ACOUSTIC MICROSCOPY: ANALYTICAL SERVICES						ADEME05	Services (imprimerie, publicite, architecture et ingenierie, maintenance multi-technique des batiments, gardiennage, nettoyage, securite, agence de voyage, autres services aux entreprises)	0.17	0.0	0.136	541700	Scientific research and development	0.21	0.0	0.168	0.2	0.03	0.16									macro	0.2	0.03	0.16	XC25	purchases	services	9	4.5
MC04	MICROSCOPIE PHOTONIQUE ET PROFILOMETRIE OPTIQUE : SERVICES D'ANALYSE	PHOTONIC MICROSCOPY AND OPTICAL PROFILOMETRY: ANALYTICAL SERVICES						ADEME05	Services (imprimerie, publicite, architecture et ingenierie, maintenance multi-technique des batiments, gardiennage, nettoyage, securite, agence de voyage, autres services aux entreprises)	0.17	0.0	0.136	541700	Scientific research and development	0.21	0.0	0.168	0.2	0.03	0.16									macro	0.2	0.03	0.16	XC25	purchases	services	9	4.5
NA01	SOLVANTS : ACETATE D'ETHYLE ET AUTRES ESTERS	SOLVENTS: ETHYL ACETATE AND OTHER ESTERS						ADEME21	Produits chimiques	1.6	0.0	1.28	325190	Other basic organic chemicals	1.7	0.0	1.36	1.6	0.12	1.28	MNA01	Aldrich: Emission factor calculated by Ecovamed via chiffre affaires Aldrich	0.45	0.36	mNA01	ethyl acetate (ACV)	1.28	1.02	meso	0.45	0.36	0.36	NA28	purchases	consumables	9	4.1
NA02	SOLVANTS : ACETONE	SOLVENTS: ACETONE						ADEME21	Produits chimiques	1.6	0.0	1.28	325190	Other basic organic chemicals	1.7	0.0	1.36	1.6	0.12	1.28	MNA01	Aldrich: Emission factor calculated by Ecovamed via chiffre affaires Aldrich	0.45	0.36					meso	0.45	0.36	0.36	NA28	purchases	consumables	9	4.1
NA03	SOLVANTS : ACETONITRILE	SOLVENTS: ACETONITRILE						ADEME21	Produits chimiques	1.6	0.0	1.28	325190	Other basic organic chemicals	1.7	0.0	1.36	1.6	0.12	1.28	MNA01	Aldrich: Emission factor calculated by Ecovamed via chiffre affaires Aldrich	0.45	0.36					meso	0.45	0.36	0.36	NA28	purchases	consumables	9	4.1
NA04	SOLVANTS : SOLVANTS CHLORES (DICHLOROMETHANE, CHLOROFORME,_x001A_)	SOLVENTS: CHLORINE SOLVENTS (DICHLOROMETHANE, CHLOROFORM,...)						ADEME21	Produits chimiques	1.6	0.0	1.28	325190	Other basic organic chemicals	1.7	0.0	1.36	1.6	0.12	1.28	MNA01	Aldrich: Emission factor calculated by Ecovamed via chiffre affaires Aldrich	0.45	0.36					meso	0.45	0.36	0.36	NA28	purchases	consumables	9	4.1
NA05	SOLVANTS : EAU ET ALCOOLS (METHANOL, ETHANOL, PROPAN-2-OL,_x001A_)	SOLVENTS: WATER AND ALCOHOLS (METHANOL, ETHANOL, PROPAN-2-OL,...)						ADEME21	Produits chimiques	1.6	0.0	1.28	325190	Other basic organic chemicals	1.7	0.0	1.36	1.6	0.12	1.28	MNA01	Aldrich: Emission factor calculated by Ecovamed via chiffre affaires Aldrich	0.45	0.36	mNA05	ethanol (ACV)	0.54	0.14	meso	0.45	0.36	0.36	NA28	purchases	consumables	9	4.1
NA06	SOLVANTS : HYDROCARBURES (PENTANE, HEXANE, HEPTANE,_x001A_)	SOLVENTS: HYDROCARBONS (PENTANE, HEXANE, HEPTANE,...)						ADEME21	Produits chimiques	1.6	0.0	1.28	325190	Other basic organic chemicals	1.7	0.0	1.36	1.6	0.12	1.28	MNA01	Aldrich: Emission factor calculated by Ecovamed via chiffre affaires Aldrich	0.45	0.36					meso	0.45	0.36	0.36	NA28	purchases	consumables	9	4.1
NA07	SOLVANTS : AUTRES SOLVANTS (ETHERS,_x001A_)	SOLVENTS: OTHER SOLVENTS (ETHERS,...)						ADEME21	Produits chimiques	1.6	0.0	1.28	325190	Other basic organic chemicals	1.7	0.0	1.36	1.6	0.12	1.28	MNA01	Aldrich: Emission factor calculated by Ecovamed via chiffre affaires Aldrich	0.45	0.36					meso	0.45	0.36	0.36	NA28	purchases	consumables	9	4.1
NA08	SOLVANTS : SOLVANTS INDUSTRIELS (FUTS ET TONNELETS)	SOLVENTS: INDUSTRIAL SOLVENTS (DRUMS AND BARRELS)						ADEME21	Produits chimiques	1.6	0.0	1.28	325190	Other basic organic chemicals	1.7	0.0	1.36	1.6	0.12	1.28									macro	1.6	0.1	1.28	NA08	purchases	consumables	9	4.1
NA11	SOLVANTS ISOTOPIQUES (DEUTERIES,_x001A_)	ISOTOPIC SOLVENTS (DEUTERIUM,...)						ADEME21	Produits chimiques	1.6	0.0	1.28	325190	Other basic organic chemicals	1.7	0.0	1.36	1.6	0.12	1.28	MNA01	Aldrich: Emission factor calculated by Ecovamed via chiffre affaires Aldrich	0.45	0.36					meso	0.45	0.36	0.36	NA28	purchases	consumables	9	4.1
NA12	PRODUITS LIQUIDES ET SOLIDES ISOTOPIQUES NON RADIOACTIFS (HORS SOLVANTS)	NON-RADIOACTIVE LIQUID AND SOLID ISOTOPIC PRODUCTS (EXCLUDING SOLVENTS)						ADEME21	Produits chimiques	1.6	0.0	1.28	325190	Other basic organic chemicals	1.7	0.0	1.36	1.6	0.12	1.28	MNA01	Aldrich: Emission factor calculated by Ecovamed via chiffre affaires Aldrich	0.45	0.36					meso	0.45	0.36	0.36	NA28	purchases	consumables	9	4.1
NA13	CHIMIE ET BIOLOGIE : PRODUITS RADIOACTIFS	CHEMISTRY AND BIOLOGY: RADIOACTIVE PRODUCTS						ADEME21	Produits chimiques	1.6	0.0	1.28	325190	Other basic organic chemicals	1.7	0.0	1.36	1.6	0.12	1.28	MNA01	Aldrich: Emission factor calculated by Ecovamed via chiffre affaires Aldrich	0.45	0.36					meso	0.45	0.36	0.36	NA28	purchases	consumables	9	4.1
NA21	PRODUITS CHIMIQUES COURANTS (ACIDES, BASES, SELS...)	COMMON CHEMICAL PRODUCTS (ACIDS, BASES, SALTS...)						ADEME21	Produits chimiques	1.6	0.0	1.28	325180	Other basic inorganic chemicals	0.93	0.0	0.7440000000000001	1.3	0.33	1.04	MNA01	Aldrich: Emission factor calculated by Ecovamed via chiffre affaires Aldrich	0.45	0.36					meso	0.45	0.36	0.36	NA28	purchases	consumables	9	4.1
NA22	PRODUITS CHIMIQUES POUR LA SYNTHESE ORGANIQUE	CHEMICALS FOR ORGANIC SYNTHESIS						ADEME21	Produits chimiques	1.6	0.0	1.28	325190	Other basic organic chemicals	1.7	0.0	1.36	1.6	0.12	1.28	MNA01	Aldrich: Emission factor calculated by Ecovamed via chiffre affaires Aldrich	0.45	0.36					meso	0.45	0.36	0.36	NA28	purchases	consumables	9	4.1
NA23	METAUX PURS ET REACTIFS POUR LA SCIENCE DES MATERIAUX	PURE METALS AND REAGENTS FOR MATERIALS SCIENCE						ADEME23	Metaux (aluminium, cuivre, acier, etc.)	1.7	0.0	1.36	331110 / 331313 / 331410	Primary iron, steel, and ferroalloy products / Alumina refining and primary aluminum production / Nonferrous Metal (except Aluminum) Smelting and Refining	0.83	0.15	0.664	1.3	0.62	1.04	MNA01	Aldrich: Emission factor calculated by Ecovamed via chiffre affaires Aldrich	0.45	0.36					meso	0.45	0.36	0.36	WA03	purchases	consumables	9	4.1
NA24	ETALONS DE CALIBRATION, STANDARDS ET PRODUITS DE REFERENCE	CALIBRATION STANDARDS, STANDARDS AND REFERENCE PRODUCTS						ADEME22	Produits pharmaceutiques	0.5	0.0	0.4	325413 / 3259A1	Blood sugar, pregnancy, and other diagnostic test kits / 3259A1	0.19	0.0	0.152	0.38	0.24	0.304	MNA01	Aldrich: Emission factor calculated by Ecovamed via chiffre affaires Aldrich	0.45	0.36					meso	0.45	0.36	0.36	NA85	purchases	consumables	9	4.1
NA25	PRODUITS BIOCHIMIQUES COURANTS (TAMPONS, BSA, etc.)	COMMON BIOCHEMICALS (TAMPONS, BSA, etc.)						ADEME22	Produits pharmaceutiques	0.5	0.0	0.4	325413 / 3259A0	Blood sugar, pregnancy, and other diagnostic test kits / Chemicals (except basic chemicals, agrichemicals, polymers, paints, pharmaceuticals,soaps, cleaning compounds)	0.41	0.31	0.328	0.45	0.25	0.36	MNA01	Aldrich: Emission factor calculated by Ecovamed via chiffre affaires Aldrich	0.45	0.36					meso	0.45	0.36	0.36	NA85	purchases	consumables	9	4.1
NA26	BIOLOGIE : PEPTIDES ET ACIDES AMINES	BIOLOGY: PEPTIDES AND AMINO ACIDS						ADEME22	Produits pharmaceutiques	0.5	0.0	0.4	325411 / 325414	Medicinal and botanical ingredients / Vaccines and other biological medical products	0.24	0.2	0.192	0.32	0.2	0.256	MNA01	Aldrich: Emission factor calculated by Ecovamed via chiffre affaires Aldrich	0.45	0.36					meso	0.45	0.36	0.36	NA85	purchases	consumables	9	4.1
NA27	BIOLOGIE : PROTEINES RECOMBITES (A FACON)	BIOLOGY: RECOMBINANT PROTEINS (CUSTOM)						ADEME22	Produits pharmaceutiques	0.5	0.0	0.4	325411 / 325414	Medicinal and botanical ingredients / Vaccines and other biological medical products	0.24	0.2	0.192	0.32	0.2	0.256									macro	0.32	0.2	0.256	NA85	purchases	consumables	9	4.1
NA28	BIOLOGIE : PRODUITS CHIMIQUES A USAGE BIOCHIMIQUE OU BIOLOGIQUE	BIOLOGY: CHEMICALS FOR BIOCHEMICAL OR BIOLOGICAL USE						ADEME22	Produits pharmaceutiques	0.5	0.0	0.4	325411 / 325414	Medicinal and botanical ingredients / Vaccines and other biological medical products	0.24	0.2	0.192	0.32	0.2	0.256	MNA01	Aldrich: Emission factor calculated by Ecovamed via chiffre affaires Aldrich	0.45	0.36					meso	0.45	0.36	0.36	NA28	purchases	consumables	9	4.1
NA31	REACTIFS ET KITS POUR LE MARQUAGE ET LA DETECTION DES ACIDES NUCLEIQUES	REAGENTS AND KITS FOR THE MARKING AND DETECTION OF NUCLEIC ACIDS						ADEME21	Produits pharmaceutiques	0.5	0.0	0.4	325413	Blood sugar, pregnancy, and other diagnostic test kits	0.19	0.0	0.152	0.31	0.17	0.248	MNA01	Aldrich: Emission factor calculated by Ecovamed via chiffre affaires Aldrich	0.45	0.36					meso	0.45	0.36	0.36	NA32	purchases	consumables	9	4.1
NA32	REACTIFS ET KITS POUR LE MARQUAGE ET LA DETECTION DES PROTEINES	REAGENTS AND KITS FOR THE MARKING AND DETECTION OF PROTEINS						ADEME21	Produits pharmaceutiques	0.5	0.0	0.4	325413	Blood sugar, pregnancy, and other diagnostic test kits	0.19	0.0	0.152	0.31	0.17	0.248	MNA01	Aldrich: Emission factor calculated by Ecovamed via chiffre affaires Aldrich	0.45	0.36					meso	0.45	0.36	0.36	NA32	purchases	consumables	9	4.1
NA41	ANTICORPS PRIMAIRES NON COUPLES (HORS ANTICORPS CONTROLES ET ANTI-TAG)	NON-COUPLED PRIMARY ANTIBODIES (EXCLUDING CONTROL AND ANTI-TAG ANTIBODIES)						ADEME22	Produits pharmaceutiques	0.5	0.0	0.4	325414	Vaccines and other biological medical products	0.1	0.0	0.08000000000000002	0.25	0.21	0.2	MNA41	ABCam	0.14	0.112					meso	0.14	0.11	0.112	NA85	purchases	consumables	9	4.1
NA42	ANTICORPS PRIMAIRES NON COUPLES CONTROLES	PRIMARY ANTIBODIES NOT IN CONTROL PAIRS						ADEME22	Produits pharmaceutiques	0.5	0.0	0.4	325414	Vaccines and other biological medical products	0.1	0.0	0.08000000000000002	0.25	0.21	0.2	MNA41	ABCam	0.14	0.112					meso	0.14	0.11	0.112	NA85	purchases	consumables	9	4.1
NA43	ANTICORPS PRIMAIRES NON COUPLES ANTI-TAG	PRIMARY ANTIBODIES NOT IN ANTI-TAG PAIRS						ADEME22	Produits pharmaceutiques	0.5	0.0	0.4	325414	Vaccines and other biological medical products	0.1	0.0	0.08000000000000002	0.25	0.21	0.2	MNA41	ABCam	0.14	0.112					meso	0.14	0.11	0.112	NA85	purchases	consumables	9	4.1
NA44	ANTICORPS PRIMAIRES COUPLES MARQUEURS DE CELLULES	PRIMARY ANTIBODIES PAIRED WITH CELL MARKERS						ADEME22	Produits pharmaceutiques	0.5	0.0	0.4	325414	Vaccines and other biological medical products	0.1	0.0	0.08000000000000002	0.25	0.21	0.2	MNA41	ABCam	0.14	0.112					meso	0.14	0.11	0.112	NA85	purchases	consumables	9	4.1
NA45	AUTRES ANTICORPS PRIMAIRES COUPLES	OTHER PRIMARY ANTIBODIES PAIRS						ADEME22	Produits pharmaceutiques	0.5	0.0	0.4	325414	Vaccines and other biological medical products	0.1	0.0	0.08000000000000002	0.25	0.21	0.2	MNA41	ABCam	0.14	0.112					meso	0.14	0.11	0.112	NA85	purchases	consumables	9	4.1
NA46	ANTICORPS SECONDAIRES	SECONDARY ANTIBODIES						ADEME22	Produits pharmaceutiques	0.5	0.0	0.4	325414	Vaccines and other biological medical products	0.1	0.0	0.08000000000000002	0.25	0.21	0.2	MNA41	ABCam	0.14	0.112					meso	0.14	0.11	0.112	NA85	purchases	consumables	9	4.1
NA47	REACTIFS D'IMMUNOHISTOLOGIE ET D'HISTOCHIMIE	IMMUNOHISTOLOGY AND HISTOCHEMISTRY REAGENTS						ADEME22	Produits pharmaceutiques	0.5	0.0	0.4	325413 / 3259A1	Blood sugar, pregnancy, and other diagnostic test kits / 3259A1	0.19	0.0	0.152	0.38	0.24	0.304	MNA41	ABCam	0.14	0.112					meso	0.14	0.11	0.112	NA85	purchases	consumables	9	4.1
NA51	OLIGONUCLEOTIDES DE SYNTHESE ET ACIDES NUCLEIQUES	SYNTHETIC OLIGONUCLEOTIDES AND NUCLEIC ACIDS						ADEME22	Produits pharmaceutiques	0.5	0.0	0.4	325414 / 325411	Vaccines and other biological medical products / Medicinal and botanical ingredients	0.24	0.2	0.192	0.32	0.2	0.256									macro	0.32	0.2	0.256	NA56	purchases	consumables	9	4.1
NA52	KITS ET REACTIFS POUR L'ISOLEMENT ET LA PURIFICATION DES ACIDES NUCLEIQUES	KITS AND REAGENTS FOR THE ISOLATION AND PURIFICATION OF NUCLEIC ACIDS						ADEME22	Produits pharmaceutiques	0.5	0.0	0.4	325413 / 3259A1	Blood sugar, pregnancy, and other diagnostic test kits / 3259A1	0.19	0.0	0.152	0.38	0.24	0.304	MNA52	QIAGEN	0.16	0.128	mNA52	DNA preparation kit (QIAGEN corrected)	0.12	0.1	meso	0.16	0.13	0.128	NA56	purchases	consumables	9	4.1
NA53	ENZYMES DE RESTRICTION	RESTRICTION ENZYMES						ADEME22	Produits pharmaceutiques	0.5	0.0	0.4	325414	Vaccines and other biological medical products	0.1	0.0	0.08000000000000002	0.25	0.21	0.2									macro	0.25	0.21	0.2	NA56	purchases	consumables	9	4.1
NA54	ENZYMES DE MODIFICATION ET DE CLONAGE (Nucl_x001A_ases, Kinases, Phosphatases)	MODIFICATION AND CLONING ENZYMES (Nucleases, Kinases, Phosphatases)						ADEME22	Produits pharmaceutiques	0.5	0.0	0.4	325414	Vaccines and other biological medical products	0.1	0.0	0.08000000000000002	0.25	0.21	0.2									macro	0.25	0.21	0.2	NA56	purchases	consumables	9	4.1
NA55	ENZYMES ET KITS DE SYNTHESE DES ACIDES NUCLEIQUES (PCR_x001A_)	ENZYMES AND KITS FOR NUCLEIC ACID SYNTHESIS (PCR...)						ADEME22	Produits pharmaceutiques	0.5	0.0	0.4	325414	Vaccines and other biological medical products	0.1	0.0	0.08000000000000002	0.25	0.21	0.2	MNA52	QIAGEN/Illumina	0.115	0.092					meso	0.12	0.09	0.096	NA56	purchases	consumables	9	4.1
NA56	KITS ET REACTIFS POUR L'ISOLEMENT ET LA PURIFICATION DES PROTEINES	KITS AND REAGENTS FOR PROTEIN ISOLATION AND PURIFICATION						ADEME22	Produits pharmaceutiques	0.5	0.0	0.4	325414 / 325411 / 3259A1	Vaccines and other biological medical products / Medicinal and botanical ingredients / 3259A1	0.24	0.2	0.192	0.37	0.23	0.296	MNA52	QIAGEN	0.16	0.128					meso	0.16	0.13	0.128	NA56	purchases	consumables	9	4.1
NA61	AUTRES PRODUITS D'ORIGINE BIOLOGIQUE (SANG,_x001A_)	OTHER PRODUCTS OF BIOLOGICAL ORIGIN (BLOOD,...)						ADEME22	Produits pharmaceutiques	0.5	0.0	0.4	325414	Vaccines and other biological medical products	0.1	0.0	0.08000000000000002	0.25	0.21	0.2									macro	0.25	0.21	0.2	NA61	purchases	consumables	9	4.1
NA62	BIOPUCES (MICROARRAYS)	BIOCHIPS (MICROARRAYS)						ADEME22	Produits pharmaceutiques	0.5	0.0	0.4	325413	Blood sugar, pregnancy, and other diagnostic test kits	0.19	0.0	0.152	0.31	0.17	0.248									macro	0.31	0.17	0.248	NA85	purchases	consumables	9	4.1
NA71	SERUMS ET AUTRES MILIEUX POUR CULTURE DE CELLULES ANIMALES	SERUMS AND OTHER MEDIA FOR ANIMAL CELL CULTURE						ADEME22	Produits pharmaceutiques	0.5	0.0	0.4	325411	Medicinal and botanical ingredients	0.38	0.0	0.304	0.38	0.12	0.304	MNA74	BD	0.15	0.12	mNA74	culture broth (ACV)	0.16	0.13	MeMi	0.16	0.12	0.128	NA85	purchases	consumables	9	4.1
NA72	MILIEUX POUR CULTURE DE CELLULES VEGETALES	MEDIA FOR PLANT CELL CULTURE						ADEME22	Produits pharmaceutiques	0.5	0.0	0.4	325412	Pharmaceutical products (pills, powders, solutions, etc.)	0.52	0.0	0.416	0.42	0.15	0.336	MNA74	BD	0.15	0.12	mNA74	culture broth (ACV)	0.16	0.13	MeMi	0.16	0.12	0.128	NA85	purchases	consumables	9	4.1
NA73	MILIEUX POUR CULTURE DE PETITS ORGANISMES VIVANTS	MEDIA FOR SMALL CELL CULTURE						ADEME22	Produits pharmaceutiques	0.5	0.0	0.4	325413	Blood sugar, pregnancy, and other diagnostic test kits	0.19	0.0	0.152	0.31	0.16	0.248	MNA74	BD	0.15	0.12	mNA74	culture broth (ACV)	0.16	0.13	MeMi	0.16	0.12	0.128	NA85	purchases	consumables	9	4.1
NA74	MILIEUX DE BACTERIOLOGIE ET ADDITIFS	BACTERIOLOGY MEDIA AND ADDITIVES						ADEME22	Produits pharmaceutiques	0.5	0.0	0.4	325414	Vaccines and other biological medical products	0.1	0.0	0.08000000000000002	0.29	0.2	0.232	MNA74	BD	0.15	0.12	mNA74	culture broth (ACV)	0.16	0.13	MeMi	0.16	0.12	0.128	NA85	purchases	consumables	9	4.1
NA75	AUTRES MILIEUX DE CULTURE ET ADDITIFS	OTHER CULTURE MEDIA AND ADDITIVES						ADEME22	Produits pharmaceutiques	0.5	0.0	0.4	325415	325415	0.0	0.0	0.0	0.38	0.0	0.304	MNA74	BD	0.15	0.12	mNA74	culture broth (ACV)	0.16	0.13	MeMi	0.16	0.12	0.128	NA85	purchases	consumables	9	4.1
NA76	ANTIBIOTIQUES POUR CULTURE CELLULAIRE	ANTIBIOTICS FOR CELL CULTURE						ADEME22	Produits pharmaceutiques	0.5	0.0	0.4	325412	Pharmaceutical products (pills, powders, solutions, etc.)	0.52	0.0	0.416	0.41	0.17	0.328	MNA74	BD	0.15	0.12					meso	0.15	0.12	0.12	NA85	purchases	consumables	9	4.1
NA77	CYTOKINES, FACTEURS DE CROISSANCE ET INHIBITEURS	CYTOKINES, GROWTH FACTORS AND INHIBITORS						ADEME22	Produits pharmaceutiques	0.5	0.0	0.4	325412 / 325414	Pharmaceutical products (pills, powders, solutions, etc.) / Vaccines and other biological medical products	0.31	0.3	0.248	0.33	0.23	0.264	MNA74	BD	0.15	0.12					meso	0.15	0.12	0.12	NA85	purchases	consumables	9	4.1
NA78	ENZYMES POUR CULTURE CELLULAIRE	ENZYMES FOR CELL CULTURE						ADEME22	Produits pharmaceutiques	0.5	0.0	0.4	325414	Vaccines and other biological medical products	0.1	0.0	0.08000000000000002	0.25	0.21	0.2	MNA74	BD	0.15	0.12					meso	0.15	0.12	0.12	NA85	purchases	consumables	9	4.1
NA79	AUTRES PRODUITS POUR CULTURE CELLULAIRE	OTHER PRODUCTS FOR CELL CULTURE						ADEME22	Produits pharmaceutiques	0.5	0.0	0.4	325414 / 325411 / 3259A1	Vaccines and other biological medical products / Medicinal and botanical ingredients / 3259A1	0.24	0.2	0.192	0.37	0.23	0.296	MNA74	BD	0.15	0.12					meso	0.15	0.12	0.12	NA85	purchases	consumables	9	4.1
NA81	CELLULES, VIRUS ET PETITS ORGANISMES HORS ANIMAUX	CELLS, VIRUSES AND SMALL NON-ANIMAL ORGANISMS						ADEME22	Produits pharmaceutiques	0.5	0.0	0.4	325414	Vaccines and other biological medical products	0.1	0.0	0.08000000000000002	0.25	0.21	0.2									macro	0.25	0.21	0.2	NA85	purchases	consumables	9	4.1
NA82	KITS D'ISOLEMENT ET DE DETECTION DES CELLULES, VIRUS ET ORGANITES	KITS FOR THE ISOLATION AND DETECTION OF CELLS, VIRUSES AND ORGANELLES						ADEME22	Produits pharmaceutiques	0.5	0.0	0.4	325413 / 3259A0 / 325414	Blood sugar, pregnancy, and other diagnostic test kits / Chemicals (except basic chemicals, agrichemicals, polymers, paints, pharmaceuticals,soaps, cleaning compounds) / Vaccines and other biological medical products	0.3	0.28	0.24	0.4	0.24	0.3200000000000001									macro	0.4	0.24	0.3200000000000001	NA85	purchases	consumables	9	4.1
NA83	BIOLOGIE CELLULAIRE : PRODUITS ET REACTIFS BIOCHIMIQUES (DE DOSAGE_x001A_)	CELL BIOLOGY : BIOCHEMICAL PRODUCTS AND REAGENTS (FOR ASSAY...)						ADEME22	Produits pharmaceutiques	0.5	0.0	0.4	325413 / 3259A0 / 325414	Blood sugar, pregnancy, and other diagnostic test kits / Chemicals (except basic chemicals, agrichemicals, polymers, paints, pharmaceuticals,soaps, cleaning compounds) / Vaccines and other biological medical products	0.3	0.28	0.24	0.4	0.24	0.3200000000000001									macro	0.4	0.24	0.3200000000000001	NA85	purchases	consumables	9	4.1
NA84	BIOLOGIE CELLULAIRE : KITS DE DOSAGE, D'ESSAI FONCTIONNEL - KITS BIOCHIMIQUES	CELL BIOLOGY: ASSAY KITS, FUNCTIONAL ASSAYS - BIOCHEMICAL KITS						ADEME22	Produits pharmaceutiques	0.5	0.0	0.4	325413 / 3259A0 / 325414	Blood sugar, pregnancy, and other diagnostic test kits / Chemicals (except basic chemicals, agrichemicals, polymers, paints, pharmaceuticals,soaps, cleaning compounds) / Vaccines and other biological medical products	0.3	0.28	0.24	0.4	0.24	0.3200000000000001									macro	0.4	0.24	0.3200000000000001	NA85	purchases	consumables	9	4.1
NA85	MICROBIOLOGIE : REACTIFS ET KITS BIOCHIMIQUES	MICROBIOLOGY : REAGENTS AND BIOCHEMICAL KITS						ADEME22	Produits pharmaceutiques	0.5	0.0	0.4	325413 / 3259A0 / 325414	Blood sugar, pregnancy, and other diagnostic test kits / Chemicals (except basic chemicals, agrichemicals, polymers, paints, pharmaceuticals,soaps, cleaning compounds) / Vaccines and other biological medical products	0.3	0.28	0.24	0.4	0.24	0.3200000000000001									macro	0.4	0.24	0.3200000000000001	NA85	purchases	consumables	9	4.1
NB01	MICROPIPETTES MONO-CANAL, MULTI-CANAUX ET ACCESSOIRES	SINGLE AND MULTICHANNEL MICROPIPETTES AND ACCESSORIES						ADEME16	Plastiques et caoutchouc	0.8	0.0	0.6400000000000001	339113 / 339113	Surgical appliance and supplies / Surgical appliance and supplies	0.32	0.0	0.256	0.47	0.29	0.376									macro	0.47	0.29	0.376	NB01	purchases	lab.equipment	10	4.2
NB02	POINTES (CONES) POUR MICROPIPETTES MONO-CANAL ET MULTI-CANAUX	TIPS (CONES) FOR SINGLE AND MULTICHANNEL MICROPIPETTES						ADEME16	Plastiques et caoutchouc	0.8	0.0	0.6400000000000001	326190 / 339113	Other plastic products / Surgical appliance and supplies	0.18	0.19	0.144	0.49	0.38	0.392					mNB02	pipet tips (ACV)	0.17	0.02	micro	0.17	0.02	0.136	NB01	purchases	consumables	9	4.1
NB03	SERINGUES EN PLASTIQUE ET AIGUILLES	PLASTIC SYRINGES AND NEEDLES						ADEME16	Plastiques et caoutchouc	0.8	0.0	0.6400000000000001	326190 / 339113	Other plastic products / Surgical appliance and supplies	0.18	0.19	0.144	0.49	0.38	0.392									macro	0.49	0.38	0.392	NB01	purchases	consumables	9	4.1
NB04	PIPETTES A USAGE UNIQUE	SINGLE-USE PIPETTES						ADEME16	Plastiques et caoutchouc	0.8	0.0	0.6400000000000001	326190 / 327200 / 339113	Other plastic products / Glass and glass products / Surgical appliance and supplies	0.42	0.43	0.336	0.63	0.39	0.504					mNB04	plastic pipette (ACV)	0.44	0.352	micro	0.84	0.59	0.672	NB05	purchases	consumables	9	4.1
NB05	PIPETTES REUTILISABLES	REUSABLE PIPETTES						ADEME16	Plastiques et caoutchouc	0.8	0.0	0.6400000000000001	326190 / 327200 / 339113	Other plastic products / Glass and glass products / Surgical appliance and supplies	0.42	0.43	0.336	0.63	0.39	0.504					mNB43	laboratory glassware (ACV)	0.14	0.1	micro	0.23	0.1	0.184	NB05	purchases	lab.equipment	10	4.2
NB11	MICROTUBES, CRYOTUBES, TUBES A USAGE UNIQUE	MICROTUBES, CRYOTUBES, DISPOSABLE TUBES						ADEME16 / ADEME38	Plastiques et caoutchouc / Consommables de bureau - Petites fournitures	0.58	0.31	0.464	326190 / 339113 / 339113	Other plastic products / Surgical appliance and supplies / Surgical appliance and supplies	0.23	0.15	0.184	0.42	0.3	0.336					mNB11	plastic tube (ACV)	0.38	0.31	macro	0.42	0.3	0.336	NB17	purchases	consumables	9	4.1
NB12	PORTOIRS ET BOITES DE STOCKAGE POUR MICROTUBES	RACKS AND STORAGE BOXES FOR MICROTUBES						ADEME16 / ADEME38	Plastiques et caoutchouc / Consommables de bureau - Petites fournitures	0.58	0.31	0.464	326190 / 339113 / 339113	Other plastic products / Surgical appliance and supplies / Surgical appliance and supplies	0.23	0.15	0.184	0.42	0.3	0.336									macro	0.42	0.3	0.336	NB17	purchases	consumables	10	4.2
NB13	CULTURE CELLULAIRE EUCARYOTE : CONSOMMABLES EN PLASTIQUE SPECIFIQUES	EUKARYOTIC CELL CULTURE : SPECIFIC PLASTIC CONSUMABLES						ADEME16 / ADEME38	Plastiques et caoutchouc / Consommables de bureau - Petites fournitures	0.58	0.31	0.464	326190 / 339113 / 339113	Other plastic products / Surgical appliance and supplies / Surgical appliance and supplies	0.23	0.15	0.184	0.42	0.3	0.336					mNB15	Microplate (ACV)	0.32	0.26	micro	0.32	0.26	0.256	NB17	purchases	consumables	9	4.1
NB14	BACTERIOLOGIE : CONSOMMABLES EN PLASTIQUE SPECIFIQUES	BACTERIOLOGY : SPECIFIC PLASTIC CONSUMABLES						ADEME16 / ADEME38	Plastiques et caoutchouc / Consommables de bureau - Petites fournitures	0.58	0.31	0.464	326190 / 339113 / 339113	Other plastic products / Surgical appliance and supplies / Surgical appliance and supplies	0.23	0.15	0.184	0.42	0.3	0.336					mNB14	Petri dish (ACV)	0.84	0.59	macro	0.42	0.3	0.336	NB17	purchases	consumables	9	4.1
NB15	MICROPLAQUES (PCR, HTS, ELISA_x001A_) HORS CULTURE CELLULAIRE ET FILTRATION	MICROPLATES (PCR, HTS, ELISA...) EXCLUDING CELL CULTURE AND FILTRATION						ADEME16 / ADEME38	Plastiques et caoutchouc / Consommables de bureau - Petites fournitures	0.58	0.31	0.464	326190 / 339113 / 339113	Other plastic products / Surgical appliance and supplies / Surgical appliance and supplies	0.23	0.15	0.184	0.42	0.3	0.336					mNB15	Microplate (ACV)	0.32	0.26	micro	0.32	0.26	0.256	NB17	purchases	consumables	9	4.1
NB16	LAMES ET LAMELLES EN VERRE ET PLASTIQUE	GLASS AND PLASTIC SLIDES AND COVERSLIPS						ADEME16 / ADEME38	Plastiques et caoutchouc / Consommables de bureau - Petites fournitures	0.58	0.31	0.464	327200 / 326190 / 339113	Glass and glass products / Other plastic products / Surgical appliance and supplies	0.42	0.43	0.336	0.6	0.5	0.48									macro	0.6	0.5	0.48	NB16	purchases	consumables	9	4.1
NB17	AUTRES CONSOMMABLES EN PLASTIQUE ET EN VERRE HORS CULTURE CELL. ET BACTERIO	OTHER PLASTIC AND GLASS CONSUMABLES EXCEPT CELL CULTURE AND FILTRATION AND BACTERIO						ADEME16 / ADEME38	Plastiques et caoutchouc / Consommables de bureau - Petites fournitures	0.58	0.31	0.464	326190 / 339113 / 339113	Other plastic products / Surgical appliance and supplies / Surgical appliance and supplies	0.23	0.15	0.184	0.42	0.3	0.336									macro	0.42	0.3	0.336	NB17	purchases	consumables	9	4.1
NB21	CONSOMMABLES DE CHROMATOGRAPHIE ET D'EXTRACTION NON DEDIES AUX INSTRUMENTS	CHROMATOGRAPHY AND EXTRACTION CONSUMABLES NOT DEDICATED TO INSTRUMENTS						ADEME38 / ADEME21	Consommables de bureau - Petites fournitures / Produits chimiques	0.98	0.87	0.784	339113 / 339113 / 3259A0	Surgical appliance and supplies / Surgical appliance and supplies / Chemicals (except basic chemicals, agrichemicals, polymers, paints, pharmaceuticals,soaps, cleaning compounds)	0.42	0.18	0.336	0.61	0.62	0.488									macro	0.61	0.62	0.488	NB24	purchases	consumables	9	4.1
NB22	ELECTROPHORESE SUR GEL : CONSOMMABLES NON DEDIES AUX INSTRUMENTS	GEL ELECTROPHORESIS : NON-INSTRUMENT CONSUMABLES						ADEME38 / ADEME21	Consommables de bureau - Petites fournitures / Produits chimiques	0.98	0.87	0.784	339113 / 339113 / 3259A0	Surgical appliance and supplies / Surgical appliance and supplies / Chemicals (except basic chemicals, agrichemicals, polymers, paints, pharmaceuticals,soaps, cleaning compounds)	0.42	0.18	0.336	0.61	0.62	0.488									macro	0.61	0.62	0.488	NB24	purchases	consumables	9	4.1
NB23	MEMBRANES ET KITS POUR LE TRANSFERT D'ACIDES NUCLEIQUES ET DES PROTEINES (BLOT)	MEMBRANES AND KITS FOR THE TRANSFER OF NUCLEIC ACIDS AND PROTEINS (BLOT)						ADEME38 / ADEME21	Consommables de bureau - Petites fournitures / Produits chimiques	0.98	0.87	0.784	339113 / 339113 / 3259A0	Surgical appliance and supplies / Surgical appliance and supplies / Chemicals (except basic chemicals, agrichemicals, polymers, paints, pharmaceuticals,soaps, cleaning compounds)	0.42	0.18	0.336	0.61	0.62	0.488									macro	0.61	0.62	0.488	NB24	purchases	consumables	9	4.1
NB24	CONSOMMABLES POUR FILTRATION ET DIALYSE	CONSUMABLES FOR FILTRATION AND DIALYSIS						ADEME38 / ADEME21	Consommables de bureau - Petites fournitures / Produits chimiques	0.98	0.87	0.784	339113 / 339113 / 3259A0	Surgical appliance and supplies / Surgical appliance and supplies / Chemicals (except basic chemicals, agrichemicals, polymers, paints, pharmaceuticals,soaps, cleaning compounds)	0.42	0.18	0.336	0.61	0.62	0.488	MNB24	Sartorius	0.15	0.12					meso	0.15	0.12	0.12	NB24	purchases	consumables	9	4.1
NB31	FILMS AUTORADIOGRAPHIQUES ET PHOTOGRAPHIQUES ET REACTIFS	AUTORADIOGRAPHIC AND PHOTOGRAPHIC FILMS AND REAGENTS						ADEME37	Consommables de bureau - Consommables bureautiques	0.92	0.0	0.7360000000000001	326190 / 3259A0	Other plastic products / Chemicals (except basic chemicals, agrichemicals, polymers, paints, pharmaceuticals,soaps, cleaning compounds)	0.34	0.4	0.272	0.65	0.37	0.52									macro	0.65	0.37	0.52	NB31	purchases	consumables	9	4.1
NB32	HUILE A IMMERSION POUR MICROSCOPIE	IMMERSION OIL FOR MICROSCOPY						ADEME21	Produits chimiques	1.6	0.0	1.28	3259A0	Chemicals (except basic chemicals, agrichemicals, polymers, paints, pharmaceuticals,soaps, cleaning compounds)	0.62	0.0	0.496	0.97	0.55	0.776									macro	0.97	0.55	0.776	NB32	purchases	consumables	9	4.1
NB33	CONSOMMABLES LAMPES ET AMPOULES DIVERSES (HORS MICROSCOPIE ET SPECTRO)	CONSUMABLES FOR LAMPS AND BULBS (EXCEPT MICROSCOPY AND SPECTRO)						ADEME37	Consommables de bureau - Consommables bureautiques	0.92	0.0	0.7360000000000001	335110	Light bulbs	0.47	0.0	0.376	0.62	0.26	0.496									macro	0.62	0.26	0.496	NB33	purchases	consumables	9	4.1
NB34	PRODUITS DE LAVAGE, DESINFECTION, STERILISATION	WASHING, DISINFECTION AND STERILISATION PRODUCTS						ADEME21	Produits chimiques	1.6	0.0	1.28	325610	Soap and cleaning compounds	0.46	0.0	0.368	0.88	0.63	0.7040000000000001									macro	0.88	0.63	0.7040000000000001	NB34	purchases	consumables	9	4.1
NB35	AUTRES CONSOMMABLES DE LABO HORS PLASTIQUE ET VERRE	OTHER LAB CONSUMABLES EXCEPT PLASTIC AND GLASS						ADEME17	Papier et carton	0.9	0.0	0.7200000000000001	339113 / 3259A0 / 339113	Surgical appliance and supplies / Chemicals (except basic chemicals, agrichemicals, polymers, paints, pharmaceuticals,soaps, cleaning compounds) / Surgical appliance and supplies	0.42	0.18	0.336	0.58	0.32	0.464									macro	0.58	0.32	0.464	NB35	purchases	consumables	9	4.1
NB41	ROTORS RMN, TUBES RMN ET BOUCHONS ASSOCIES	RMN ROTORS, RMN TUBES AND ASSOCIATED STOPPERS						ADEME15	Produit mineraux (ciment, verre, etc.)	1.8	0.0	1.44	327200 / 339113	Glass and glass products / Surgical appliance and supplies	0.6	0.4	0.48	1.0	0.79	0.8									macro	1.0	0.8	0.8	NB45	purchases	lab.equipment	10	4.2
NB42	VERRERIE SOUFFLEE (A FACON)	BLOWN GLASSWARE (CUSTOM-MADE)						ADEME15	Produit mineraux (ciment, verre, etc.)	1.8	0.0	1.44	327200 / 339113	Glass and glass products / Surgical appliance and supplies	0.6	0.4	0.48	1.0	0.79	0.8					mNB43	laboratory glassware (ACV)	0.23	0.1	micro	0.23	0.1	0.184	NB45	purchases	lab.equipment	10	4.2
NB43	VAISSELLE DE LABORATOIRE REUTILISABLE EN VERRE, PLASTIQUE, PORCELAINE	REUSABLE GLASS, PLASTIC AND PORCELAIN LABORATORY WARE						ADEME15	Produit mineraux (ciment, verre, etc.)	1.8	0.0	1.44	327200 / 339113	Glass and glass products / Surgical appliance and supplies	0.6	0.4	0.48	1.0	0.79	0.8					mNB43	laboratory glassware (ACV)	0.23	0.1	micro	0.23	0.1	0.184	NB45	purchases	lab.equipment	10	4.2
NB44	CUVETTES EN VERRE ET QUARTZ POUR SPECTROMETRES	GLASS AND QUARTZ CUVETTES FOR SPECTROMETERS						ADEME15	Produit mineraux (ciment, verre, etc.)	1.8	0.0	1.44	327200 / 339113	Glass and glass products / Surgical appliance and supplies	0.6	0.4	0.48	1.0	0.79	0.8					mNB43	laboratory glassware (ACV)	0.23	0.1	micro	0.23	0.1	0.184	NB45	purchases	lab.equipment	10	4.2
NB45	RECIPIENTS, CREUSETS EN MATERIAUX SPECIAUX (HORS CIBLES)	CONTAINERS, CRUCIBLES OF SPECIAL MATERIALS (EXCEPT TARGETS)						ADEME15	Produit mineraux (ciment, verre, etc.)	1.8	0.0	1.44	327200 / 339113	Glass and glass products / Surgical appliance and supplies	0.6	0.4	0.48	1.0	0.79	0.8									macro	1.0	0.8	0.8	NB45	purchases	lab.equipment	10	4.2
NB51	PETIT MATERIEL DE PAILLASSE NON ELECTRIQUE COURANT	SMALL NON-ELECTRIC BENCH TOP EQUIPMENT						ADEME38 / ADEME20	Consommables de bureau - Petites fournitures / Meubles et autres biens manufactures	0.43	0.09	0.344	334516	Analytical laboratory instruments	0.08	0.0	0.064	0.26	0.18	0.208									macro	0.26	0.18	0.208	NB51	purchases	consumables	10	4.2
NB61	ELECTROCHIMIE DE PAILLASSE : MATERIEL ET CONSOMMABLES	ELECTROCHEMISTRY : EQUIPMENT AND CONSUMABLES						ADEME26	Produits informatiques, electroniques et optiques	0.4	0.0	0.3200000000000001	334516 / 339113	Analytical laboratory instruments / Surgical appliance and supplies	0.2	0.16	0.16	0.28	0.14	0.224									macro	0.28	0.14	0.224	NB62	purchases	lab.equipment	10	4.2
NB62	ELECTROCHIMIE : POTENTIOSTATS / GALVANOSTATS ET ACCESSOIRES	ELECTROCHEMISTRY : POTENTIOSTATS / GALVANOSTATS AND ACCESSORIES						ADEME26	Produits informatiques, electroniques et optiques	0.4	0.0	0.3200000000000001	334516 / 339113	Analytical laboratory instruments / Surgical appliance and supplies	0.2	0.16	0.16	0.28	0.14	0.224									macro	0.28	0.14	0.224	NB62	purchases	lab.equipment	10	4.2
NB71	BALANCES, MATERIEL DE PESEE DE PAILLASSE ET ACCESSOIRES	BALANCES, BENCH SCALES AND ACCESSORIES						ADEME25	Machines et equipements	0.7	0.0	0.5599999999999999	339113	Surgical appliance and supplies	0.32	0.0	0.256	0.42	0.24	0.336									macro	0.42	0.24	0.336	NB71	purchases	lab.equipment	10	4.2
NB72	AGITATEURS MAGNETIQUES CHAUFFANTS OU NON	MAGNETIC STIRRERS, HEATED OR NOT						ADEME26 / ADEME25	Produits informatiques, electroniques et optiques / Machines et equipements	0.55	0.21	0.4400000000000001	339113	Surgical appliance and supplies	0.32	0.0	0.256	0.37	0.2	0.296									macro	0.37	0.2	0.296	NB71	purchases	lab.equipment	10	4.2
NB73	AGITATEURS, MELANGEURS ET ACCESSOIRES	STIRRERS, MIXERS AND ACCESSORIES						ADEME26 / ADEME25	Produits informatiques, electroniques et optiques / Machines et equipements	0.55	0.21	0.4400000000000001	339113	Surgical appliance and supplies	0.32	0.0	0.256	0.37	0.2	0.296									macro	0.37	0.2	0.296	NB71	purchases	lab.equipment	10	4.2
NB74	BROYAGE, FRACTIONNEMENT, TAMISAGE : MATERIEL ET ACCESSOIRES	GRINDING, FRACTIONING, SIEVING: EQUIPMENT AND ACCESSORIES						ADEME24	Produits metalliques, sauf machines et equipements	0.6	0.0	0.48	339113	Surgical appliance and supplies	0.32	0.0	0.256	0.39	0.19	0.3120000000000001									macro	0.39	0.19	0.3120000000000001	NB71	purchases	lab.equipment	10	4.2
NB75	POMPES (HORS VIDE VA.01) (POMPES OSMOTIQUES_x001A_)	PUMPS (EXCEPT VACUUM VA.01) (OSMOTIC PUMPS...)						ADEME25	Machines et equipements	0.7	0.0	0.5599999999999999	339113 / 33391A	Surgical appliance and supplies / Pumps and pumping equipment	0.28	0.04	0.224	0.43	0.24	0.344									macro	0.43	0.24	0.344	NB71	purchases	lab.equipment	10	4.2
NB76	CHAUFFAGE : FOURS SIMPLES, BRULEURS, PLAQUES, CHAUFFE-BALLONS,_x001A_	HEATING : SIMPLE OVENS, BURNERS, PLATES, BALLOON HEATERS,...						ADEME25	Machines et equipements	0.7	0.0	0.5599999999999999	339113	Surgical appliance and supplies	0.32	0.0	0.256	0.42	0.24	0.336									macro	0.42	0.24	0.336	NB71	purchases	lab.equipment	10	4.2
NB77	THERMOSTATISATION ET SECHAGE : ETUVES, ENCEINTES, BAINS, DESSICATEURS_x001A_	THERMOSTATISATION AND DRYING: OVENS, CHAMBERS, BATHS, DESICCATORS, ETC.						ADEME24	Produits metalliques, sauf machines et equipements	0.6	0.0	0.48	339113	Surgical appliance and supplies	0.32	0.0	0.256	0.39	0.19	0.3120000000000001									macro	0.39	0.19	0.3120000000000001	NB71	purchases	lab.equipment	10	4.2
NB78	MICROCENTRIFUGATION : MICROCENTRIFUGEUSES ET CYTOCENTRIFUGEUSES	MICROCENTRIFUGATION: MICROCENTRIFUGES AND CYTOCENTRIFUGES						ADEME25	Machines et equipements	0.7	0.0	0.5599999999999999	339113	Surgical appliance and supplies	0.32	0.0	0.256	0.42	0.24	0.336									macro	0.42	0.24	0.336	NB71	purchases	lab.equipment	10	4.2
NB79	CHIMIE ET BIOLOGIE : AUTRE MATERIEL ELECTRIQUE DE PAILLASSE COURANT	CHEMISTRY AND BIOLOGY: OTHER COMMON BENCH-TOP ELECTRICAL EQUIPMENT						ADEME25	Machines et equipements	0.7	0.0	0.5599999999999999	339113	Surgical appliance and supplies	0.32	0.0	0.256	0.42	0.24	0.336									macro	0.42	0.24	0.336	NB71	purchases	lab.equipment	10	4.2
NB81	CENTRIFUGATION : CENTRIFUGEUSES ET ULTRACENTRIFUGEUSES	CENTRIFUGATION: CENTRIFUGES AND ULTRACENTRIFUGES						ADEME25	Machines et equipements	0.7	0.0	0.5599999999999999	339113 / 334510	Surgical appliance and supplies / Electromedical appartuses	0.21	0.15	0.168	0.41	0.28	0.328									macro	0.41	0.28	0.328	NB81	purchases	lab.equipment	10	4.2
NB82	CENTRIFUGATION : ACCESSOIRES (ROTORS, GODETS_x001A_)	CENTRIFUGATION : ACCESSORIES (ROTORS, BUCKETS...)						ADEME24	Produits metalliques, sauf machines et equipements	0.6	0.0	0.48	339113 / 334510	Surgical appliance and supplies / Electromedical appartuses	0.21	0.15	0.168	0.37	0.22	0.296									macro	0.37	0.22	0.296	NB81	purchases	lab.equipment	10	4.2
NB83	INCUBATION : INCUBATEURS, INCUBATEURS A CO2 ET ACCESSOIRES	INCUBATION : INCUBATORS, CO2 INCUBATORS AND ACCESSORIES						ADEME25	Machines et equipements	0.7	0.0	0.5599999999999999	339113 / 334510	Surgical appliance and supplies / Electromedical appartuses	0.21	0.15	0.168	0.41	0.28	0.328									macro	0.41	0.28	0.328	NB81	purchases	lab.equipment	10	4.2
NB84	FROID : BANQUES DE SANG, CONGELATEURS, REFRIGERATEURS,_x001A_	COLD : BLOOD BANKS, FREEZERS, REFRIGERATORS,...						ADEME25	Machines et equipements	0.7	0.0	0.5599999999999999	339113 / 334510	Surgical appliance and supplies / Electromedical appartuses	0.21	0.15	0.168	0.41	0.28	0.328									macro	0.41	0.28	0.328	NB81	purchases	lab.equipment	10	4.2
NB85	PURIFICATION DES SOLVANTS, ACIDES ET BASES : MATERIEL ET ACCESSOIRES	PURIFICATION OF SOLVENTS, ACIDS AND BASES: EQUIPMENT AND ACCESSORIES						ADEME20	Meubles et autres biens manufactures	0.5	0.0	0.4	339113 / 334510	Surgical appliance and supplies / Electromedical appartuses	0.21	0.15	0.168	0.34	0.18	0.272									macro	0.34	0.18	0.272	NB81	purchases	lab.equipment	10	4.2
NB86	LAVAGE : MATERIEL ET ACCESSOIRES	WASHING : EQUIPMENT AND ACCESSORIES						ADEME20	Meubles et autres biens manufactures	0.5	0.0	0.4	339113 / 334510	Surgical appliance and supplies / Electromedical appartuses	0.21	0.15	0.168	0.34	0.18	0.272									macro	0.34	0.18	0.272	NB81	purchases	lab.equipment	10	4.2
NB87	STERILISATION ET DESINFECTION : STERILISATEURS ET ACCESSOIRES	STERILISATION AND DISINFECTION : STERILISERS AND ACCESSORIES						ADEME20	Meubles et autres biens manufactures	0.5	0.0	0.4	339113 / 334510	Surgical appliance and supplies / Electromedical appartuses	0.21	0.15	0.168	0.34	0.18	0.272									macro	0.34	0.18	0.272	NB81	purchases	lab.equipment	10	4.2
NC01	ELECTROPHORESE SUR GEL ET TRANSFERT : PETIT MATERIEL ET ACCESSOIRES DEDIES	GEL ELECTROPHORESIS AND TRANSFER: SMALL EQUIPMENT AND ACCESSORIES						ADEME20	Meubles et autres biens manufactures	0.5	0.0	0.4	334516 / 334510	Analytical laboratory instruments / Electromedical appartuses	0.1	0.02	0.08000000000000002	0.3	0.21	0.24									macro	0.3	0.21	0.24	NB62	purchases	lab.equipment	10	4.2
NC02	PURIFICATION DES BIOMOLECULES : AUTOMATES ET ACCESSOIRES DEDIES	BIOMOLECULE PURIFICATION : AUTOMATS AND DEDICATED ACCESSORIES						ADEME26	Produits informatiques, electroniques et optiques	0.4	0.0	0.3200000000000001	334516 / 334510	Analytical laboratory instruments / Electromedical appartuses	0.1	0.02	0.08000000000000002	0.27	0.17	0.216									macro	0.27	0.17	0.216	NB62	purchases	lab.equipment	10	4.2
NC03	PURIFICATION DES BIOMOLECULES : CONSOMMABLES DEDIES AUX AUTOMATES	BIOMOLECULE PURIFICATION: CONSUMABLES FOR AUTOMATS						ADEME38	Consommables de bureau - Petites fournitures	0.37	0.0	0.296	334516 / 334510	Analytical laboratory instruments / Electromedical appartuses	0.1	0.02	0.08000000000000002	0.26	0.15	0.208									macro	0.26	0.15	0.208	NB62	purchases	consumables	9	4.1
NC04	EXTRACTION ET SEPARATION DES MOLECULES : EQUIPEMENT DE FLASH CHROMATOGRAPHIE	MOLECULE EXTRACTION AND SEPARATION : FLASH CHROMATOGRAPHY EQUIPMENT						ADEME26	Produits informatiques, electroniques et optiques	0.4	0.0	0.3200000000000001	334516 / 334510	Analytical laboratory instruments / Electromedical appartuses	0.1	0.02	0.08000000000000002	0.27	0.17	0.216									macro	0.27	0.17	0.216	NB62	purchases	lab.equipment	10	4.2
NC05	EXTRACTION ET SEPARATION DES MOLECULES : CONSOMMABLES POUR FLASH CHROMATOGRAPHIE	MOLECULE EXTRACTION AND SEPARATION : CONSUMABLES FOR FLASH CHROMATOGRAPHY						ADEME38	Consommables de bureau - Petites fournitures	0.37	0.0	0.296	334516 / 334510	Analytical laboratory instruments / Electromedical appartuses	0.1	0.02	0.08000000000000002	0.26	0.15	0.208									macro	0.26	0.15	0.208	NB62	purchases	consumables	9	4.1
NC06	SEPARATION DES MOLECULES : AUTRES EQUIPEMENTS (SFC, CPC, EXTRACTEURS_x001A_)	MOLECULE SEPARATION : OTHER EQUIPMENT (SFC, CPC, EXTRACTORS...)						ADEME26	Produits informatiques, electroniques et optiques	0.4	0.0	0.3200000000000001	334516 / 334510	Analytical laboratory instruments / Electromedical appartuses	0.1	0.02	0.08000000000000002	0.27	0.17	0.216									macro	0.27	0.17	0.216	NB62	purchases	lab.equipment	10	4.2
NC07	SEPARATION DES MOLECULES : CONSOMMABLES DEDIES AUX AUTRES EQUIPEMENTS	MOLECULE SEPARATION : CONSUMABLES FOR OTHER EQUIPMENT						ADEME38	Consommables de bureau - Petites fournitures	0.37	0.0	0.296	334516 / 334510	Analytical laboratory instruments / Electromedical appartuses	0.1	0.02	0.08000000000000002	0.26	0.15	0.208									macro	0.26	0.15	0.208	NB62	purchases	consumables	9	4.1
NC11	BIOMOL : IMAGEURS POUR GELS ET MEMBRANES ET ACCESSOIRES	BIOMOL: GEL AND MEMBRANE IMAGERS AND ACCESSORIES						ADEME26	Produits informatiques, electroniques et optiques	0.4	0.0	0.3200000000000001	334516 / 334510	Analytical laboratory instruments / Electromedical appartuses	0.1	0.02	0.08000000000000002	0.27	0.17	0.216									macro	0.27	0.17	0.216	NB62	purchases	lab.equipment	10	4.2
NC12	BIOMOL : COMPTEURS DE RADIOACTIVITE (SIMPLE OU MULTI DETECTION)	BIOMOL: RADIOACTIVITY COUNTERS (SINGLE OR MULTI DETECTION)						ADEME26	Produits informatiques, electroniques et optiques	0.4	0.0	0.3200000000000001	334516 / 334510	Analytical laboratory instruments / Electromedical appartuses	0.1	0.02	0.08000000000000002	0.27	0.17	0.216									macro	0.27	0.17	0.216	NB62	purchases	lab.equipment	10	4.2
NC13	BIOMOL : SCANNERS (LECTEURS OPTIQUES) DE BIOPUCES	BIOMOL: SCANNERS (OPTICAL READERS) FOR BIOCHIPS						ADEME26	Produits informatiques, electroniques et optiques	0.4	0.0	0.3200000000000001	334516 / 334510	Analytical laboratory instruments / Electromedical appartuses	0.1	0.02	0.08000000000000002	0.27	0.17	0.216									macro	0.27	0.17	0.216	NB62	purchases	lab.equipment	10	4.2
NC14	BIOMOL : SCANNERS / IMAGEURS MULTIFONCTIONS (IN VITRO, IN VIVO, GELS,_x001A_)	BIOMOL: MULTIFUNCTION SCANNERS / IMAGERS (IN VITRO, IN VIVO, GELS,...)						ADEME26	Produits informatiques, electroniques et optiques	0.4	0.0	0.3200000000000001	334516 / 334510	Analytical laboratory instruments / Electromedical appartuses	0.1	0.02	0.08000000000000002	0.27	0.17	0.216									macro	0.27	0.17	0.216	NB62	purchases	lab.equipment	10	4.2
NC15	BIOMOL : AUTOMATES D'HYBRIDATION IN SITU ET ACCESSOIRES	BIOMOL: AUTOMATIC IN SITU HYBRIDISATION MACHINES AND ACCESSORIES						ADEME26	Produits informatiques, electroniques et optiques	0.4	0.0	0.3200000000000001	334516 / 334510	Analytical laboratory instruments / Electromedical appartuses	0.1	0.02	0.08000000000000002	0.27	0.17	0.216									macro	0.27	0.17	0.216	NB62	purchases	lab.equipment	10	4.2
NC16	BIOMOL : SEQUENCEURS, ANALYSEURS GENETIQUES ET ACCESSOIRES	BIOMOL: SEQUENCERS, GENE ANALYSERS AND ACCESSORIES						ADEME26	Produits informatiques, electroniques et optiques	0.4	0.0	0.3200000000000001	334516 / 334510	Analytical laboratory instruments / Electromedical appartuses	0.1	0.02	0.08000000000000002	0.27	0.17	0.216									macro	0.27	0.17	0.216	NB62	purchases	lab.equipment	10	4.2
NC17	BIOMOL : SEQUENCEURS HAUT DEBIT	BIOMOL : HIGH SPEED SEQUENCERS						ADEME26	Produits informatiques, electroniques et optiques	0.4	0.0	0.3200000000000001	334516 / 334510	Analytical laboratory instruments / Electromedical appartuses	0.1	0.02	0.08000000000000002	0.27	0.17	0.216									macro	0.27	0.17	0.216	NB62	purchases	lab.equipment	10	4.2
NC21	BIOLOGIE MOLECULAIRE : THERMOCYCLEURS POUR PCR CONVENTIONELLE ET ACCESSOIRES	MOLECULAR BIOLOGY: THERMOCYCLERS FOR CONVENTIONAL PCR AND ACCESSORIES						ADEME26	Produits informatiques, electroniques et optiques	0.4	0.0	0.3200000000000001	334516 / 334510	Analytical laboratory instruments / Electromedical appartuses	0.1	0.02	0.08000000000000002	0.27	0.17	0.216									macro	0.27	0.17	0.216	NB62	purchases	lab.equipment	10	4.2
NC22	BIOLOGIE MOLECULAIRE : THERMOCYCLEURS POUR PCR QUANTITATIVE ET ACCESSOIRES	MOLECULAR BIOLOGY : THERMOCYCLERS FOR QUANTITATIVE PCR AND ACCESSORIES						ADEME26	Produits informatiques, electroniques et optiques	0.4	0.0	0.3200000000000001	334516 / 334510	Analytical laboratory instruments / Electromedical appartuses	0.1	0.02	0.08000000000000002	0.27	0.17	0.216									macro	0.27	0.17	0.216	NB62	purchases	lab.equipment	10	4.2
NC23	BIOLOGIE : AUTOMATES POUR LA SYNTHESE DES OLIGONUCLEOTIDES ET ACCESSOIRES	BIOLOGY: AUTOMATIC OLIGONUCLEOTIDE SYNTHESIS MACHINES AND ACCESSORIES						ADEME26	Produits informatiques, electroniques et optiques	0.4	0.0	0.3200000000000001	334516 / 334510	Analytical laboratory instruments / Electromedical appartuses	0.1	0.02	0.08000000000000002	0.27	0.17	0.216									macro	0.27	0.17	0.216	NB62	purchases	lab.equipment	10	4.2
NC24	BIOLOGIE : AUTOMATES POUR LA SYNTHESE DES PEPTIDES ET ACCESSOIRES	BIOLOGY: AUTOMATED PEPTIDE SYNTHESIS SYSTEMS AND ACCESSORIES						ADEME26	Produits informatiques, electroniques et optiques	0.4	0.0	0.3200000000000001	334516 / 334510	Analytical laboratory instruments / Electromedical appartuses	0.1	0.02	0.08000000000000002	0.27	0.17	0.216									macro	0.27	0.17	0.216	NB62	purchases	lab.equipment	10	4.2
NC25	CHIMIE : APPAREILS ET REACTEURS POUR LA CHIMIE ORGANIQUE	CHEMISTRY : APPARATUS AND REACTORS FOR ORGANIC CHEMISTRY						ADEME26	Produits informatiques, electroniques et optiques	0.4	0.0	0.3200000000000001	334516 / 334510	Analytical laboratory instruments / Electromedical appartuses	0.1	0.02	0.08000000000000002	0.27	0.17	0.216									macro	0.27	0.17	0.216	NB62	purchases	lab.equipment	10	4.2
NC31	BIOLOGIE : STATION D'HYBRIDATION DE BIOPUCES (MICROARRAYS)	BIOLOGY: MICROARRAY HYBRIDIZATION STATIONS						ADEME26	Produits informatiques, electroniques et optiques	0.4	0.0	0.3200000000000001	334516 / 334510	Analytical laboratory instruments / Electromedical appartuses	0.1	0.02	0.08000000000000002	0.27	0.17	0.216									macro	0.27	0.17	0.216	NB62	purchases	lab.equipment	10	4.2
NC32	CHIMIE ET BIOLOGIE : STATIONS DE PIPETAGE AUTOMATISEES	CHEMISTRY AND BIOLOGY: AUTOMATED PIPETTING STATIONS						ADEME26	Produits informatiques, electroniques et optiques	0.4	0.0	0.3200000000000001	334516 / 334510	Analytical laboratory instruments / Electromedical appartuses	0.1	0.02	0.08000000000000002	0.27	0.17	0.216									macro	0.27	0.17	0.216	NB62	purchases	lab.equipment	10	4.2
NC33	CHIMIE ET BIOLOGIE : POINTES (CONES) POUR ROBOTS DE PIPETAGE	CHEMISTRY AND BIOLOGY : TIPS (CONES) FOR PIPETTING ROBOTS						ADEME20	Meubles et autres biens manufactures	0.5	0.0	0.4	334516 / 334510	Analytical laboratory instruments / Electromedical appartuses	0.1	0.02	0.08000000000000002	0.3	0.21	0.24									macro	0.3	0.21	0.24	NB62	purchases	consumables	10	4.1
NC34	CHIMIE ET BIOLOGIE : AUTOMATES DE SCREENING HAUT DEBIT	CHEMISTRY AND BIOLOGY: HIGH-SPEED SCREENING MACHINES						ADEME26	Produits informatiques, electroniques et optiques	0.4	0.0	0.3200000000000001	334516 / 334510	Analytical laboratory instruments / Electromedical appartuses	0.1	0.02	0.08000000000000002	0.27	0.17	0.216									macro	0.27	0.17	0.216	NB62	purchases	lab.equipment	10	4.2
NC35	CHIMIE ET BIOLOGIE : AUTOMATES D'ELECTROPHYSIOLOGIE	CHEMISTRY AND BIOLOGY : ELECTROPHYSIOLOGY AUTOMATS						ADEME26	Produits informatiques, electroniques et optiques	0.4	0.0	0.3200000000000001	334516 / 334510	Analytical laboratory instruments / Electromedical appartuses	0.1	0.02	0.08000000000000002	0.27	0.17	0.216									macro	0.27	0.17	0.216	NB62	purchases	lab.equipment	10	4.2
NC41	CULTURE CELLULAIRE : FERMENTEURS ET BIOREACTEURS	CELL CULTURE: FERMENTERS AND BIOREACTORS						ADEME26	Produits informatiques, electroniques et optiques	0.4	0.0	0.3200000000000001	334516 / 334510	Analytical laboratory instruments / Electromedical appartuses	0.1	0.02	0.08000000000000002	0.27	0.17	0.216									macro	0.27	0.17	0.216	NB62	purchases	lab.equipment	10	4.2
NC51	MATERIEL DE MICROMANIPULATION DES CELLULES, ACCESSOIRES ET CONSOMMABLES DEDIES	CELL MICROMANIPULATION EQUIPMENT, ACCESSORIES AND CONSUMABLES						ADEME20	Meubles et autres biens manufactures	0.5	0.0	0.4	334516 / 334510	Analytical laboratory instruments / Electromedical appartuses	0.1	0.02	0.08000000000000002	0.3	0.21	0.24									macro	0.3	0.21	0.24	NB62	purchases	lab.equipment	10	4.2
NC52	BIOLOGIE CELLULAIRE : MATERIEL DE DETECTION INTRACELLULAIRE	CELL BIOLOGY: INTRACELLULAR DETECTION EQUIPMENT						ADEME26	Produits informatiques, electroniques et optiques	0.4	0.0	0.3200000000000001	334516 / 334510	Analytical laboratory instruments / Electromedical appartuses	0.1	0.02	0.08000000000000002	0.27	0.17	0.216									macro	0.27	0.17	0.216	NB62	purchases	lab.equipment	10	4.2
NC53	DETECTION INTRACELLULAIRE : CONSOMMABLES DEDIES AUX INSTRUMENTS	INTRACELLULAR DETECTION : CONSUMABLES FOR INSTRUMENTS						ADEME20	Meubles et autres biens manufactures	0.5	0.0	0.4	334516 / 334510	Analytical laboratory instruments / Electromedical appartuses	0.1	0.02	0.08000000000000002	0.3	0.21	0.24									macro	0.3	0.21	0.24	NB62	purchases	consumables	9	4.1
NC54	CYTOMETRIE EN FLUX ET TRI CELLULAIRE : MATERIEL ET ACCESSOIRES	FLOW CYTOMETRY AND CELL SORTING: EQUIPMENT AND ACCESSORIES						ADEME26	Produits informatiques, electroniques et optiques	0.4	0.0	0.3200000000000001	334516 / 334510	Analytical laboratory instruments / Electromedical appartuses	0.1	0.02	0.08000000000000002	0.27	0.17	0.216									macro	0.27	0.17	0.216	NB62	purchases	lab.equipment	10	4.2
NC55	CYTOMETRIE EN FLUX ET TRI CELLULAIRE : CONSOMMABLES DEDIES AUX INSTRUMENTS	FLOW CYTOMETRY AND CELL SORTING : CONSUMABLES FOR INSTRUMENTS						ADEME38	Consommables de bureau - Petites fournitures	0.37	0.0	0.296	334516 / 334510	Analytical laboratory instruments / Electromedical appartuses	0.1	0.02	0.08000000000000002	0.26	0.15	0.208									macro	0.26	0.15	0.208	NB62	purchases	consumables	9	4.1
NC56	COMPTAGE CELLULAIRE : MATERIEL ET ACCESSOIRES	CELL COUNTING: EQUIPMENT AND ACCESSORIES						ADEME26	Produits informatiques, electroniques et optiques	0.4	0.0	0.3200000000000001	334516 / 334510	Analytical laboratory instruments / Electromedical appartuses	0.1	0.02	0.08000000000000002	0.27	0.17	0.216									macro	0.27	0.17	0.216	NB62	purchases	lab.equipment	10	4.2
NC57	COMPTAGE CELLULAIRE : CONSOMMABLES DEDIES AUX INSTRUMENTS	CELL COUNTING : CONSUMABLES FOR INSTRUMENTS						ADEME38	Consommables de bureau - Petites fournitures	0.37	0.0	0.296	334516 / 334510	Analytical laboratory instruments / Electromedical appartuses	0.1	0.02	0.08000000000000002	0.26	0.15	0.208									macro	0.26	0.15	0.208	NB62	purchases	consumables	9	4.1
NC58	ELECTROPHYSIOLOGIE CONVENTIONNELLE (PATCH CLAMP) : MATERIEL ET ACCESSOIRES	CONVENTIONAL ELECTROPHYSIOLOGY (PATCH CLAMP): EQUIPMENT AND ACCESSORIES						ADEME26	Produits informatiques, electroniques et optiques	0.4	0.0	0.3200000000000001	334516 / 334510	Analytical laboratory instruments / Electromedical appartuses	0.1	0.02	0.08000000000000002	0.27	0.17	0.216									macro	0.27	0.17	0.216	NB62	purchases	lab.equipment	10	4.2
NC59	ELECTROPHYSIOLOGIE CONVENTIONNELLE : CONSOMMABLES DEDIES AUX INSTRUMENTS	CONVENTIONAL ELECTROPHYSIOLOGY : CONSUMABLES FOR INSTRUMENTS						ADEME38	Consommables de bureau - Petites fournitures	0.37	0.0	0.296	334516 / 334510	Analytical laboratory instruments / Electromedical appartuses	0.1	0.02	0.08000000000000002	0.26	0.15	0.208									macro	0.26	0.15	0.208	NB62	purchases	consumables	9	4.1
NC61	GENIE CHIMIQUE : REACTEURS	CHEMICAL ENGINEERING: REACTORS						ADEME25	Machines et equipements	0.7	0.0	0.5599999999999999	334516	Analytical laboratory instruments	0.08	0.0	0.064	0.34	0.32	0.272									macro	0.34	0.32	0.272	UC24	purchases	lab.equipment	10	4.2
NC62	GENIE CHIMIQUE : EQUIPEMENTS DE PURIFICATION	CHEMICAL ENGINEERING: PURIFICATION EQUIPMENT						ADEME25	Machines et equipements	0.7	0.0	0.5599999999999999	334516	Analytical laboratory instruments	0.08	0.0	0.064	0.34	0.32	0.272									macro	0.34	0.32	0.272	UC24	purchases	lab.equipment	10	4.2
NC63	GENIE CHIMIQUE : AUTRES EQUIPEMENTS	CHEMICAL ENGINEERING: OTHER EQUIPMENT						ADEME25	Machines et equipements	0.7	0.0	0.5599999999999999	334516	Analytical laboratory instruments	0.08	0.0	0.064	0.34	0.32	0.272									macro	0.34	0.32	0.272	UC24	purchases	lab.equipment	10	4.2
NC64	GENIE CHIMIQUE : ACCESSOIRES ET CONSOMMABLES	CHEMICAL ENGINEERING: ACCESSORIES AND CONSUMABLES						ADEME20	Meubles et autres biens manufactures	0.5	0.0	0.4	334516	Analytical laboratory instruments	0.08	0.0	0.064	0.28	0.21	0.224									macro	0.28	0.21	0.224	NB62	purchases	lab.equipment	9	4.1
NC71	CHIMIE : APPAREILS D'ANALYSE ELEMENTAIRE (CHNS-O, AOX, TN, TS,... )	CHEMISTRY: BASIC ANALYSIS EQUIPMENT (CHNS-O, AOX, TN, TS,...)						ADEME26	Produits informatiques, electroniques et optiques	0.4	0.0	0.3200000000000001	334516	Analytical laboratory instruments	0.08	0.0	0.064	0.24	0.16	0.192	MSB21	Shimadzu	0.2	0.16					meso	0.2	0.16	0.16	UG22	purchases	lab.equipment	10	4.2
NC72	CHIMIE : ANALYSEURS DE MERCURE	CHEMISTRY: MERCURY ANALYSERS						ADEME26	Produits informatiques, electroniques et optiques	0.4	0.0	0.3200000000000001	334516	Analytical laboratory instruments	0.08	0.0	0.064	0.24	0.16	0.192									macro	0.24	0.16	0.192	UG22	purchases	lab.equipment	10	4.2
NC73	CHIMIE : APPAREILS DE SPECIATION (DU MERCURE,_x001A_)	CHEMISTRY: SPECIATION DEVICES (MERCURY,...)						ADEME26	Produits informatiques, electroniques et optiques	0.4	0.0	0.3200000000000001	334516	Analytical laboratory instruments	0.08	0.0	0.064	0.24	0.16	0.192									macro	0.24	0.16	0.192	UG22	purchases	lab.equipment	10	4.2
NC74	CHIMIE : ANALYSEURS DES SELS NUTRITIFS (SILICATE, PHOSPHATE, NITRATE,...)	CHEMISTRY: NUTRIENT SALT ANALYSERS (SILICATE, PHOSPHATE, NITRATE,...)						ADEME26	Produits informatiques, electroniques et optiques	0.4	0.0	0.3200000000000001	334516	Analytical laboratory instruments	0.08	0.0	0.064	0.24	0.16	0.192									macro	0.24	0.16	0.192	UG22	purchases	lab.equipment	10	4.2
NC75	CHIMIE : AUTRES INSTRUMENTS D'ANALYSE DE L'EAU	CHEMISTRY: OTHER WATER ANALYSIS INSTRUMENTS						ADEME26	Produits informatiques, electroniques et optiques	0.4	0.0	0.3200000000000001	334516	Analytical laboratory instruments	0.08	0.0	0.064	0.24	0.16	0.192									macro	0.24	0.16	0.192	UG22	purchases	lab.equipment	10	4.2
NC76	CHIMIE : AUTRES INSTRUMENTS D'ANALYSE DE L'ENVIRONNEMENT	CHEMISTRY : OTHER ENVIRONMENTAL ANALYSIS INSTRUMENTS						ADEME26	Produits informatiques, electroniques et optiques	0.4	0.0	0.3200000000000001	334516	Analytical laboratory instruments	0.08	0.0	0.064	0.24	0.16	0.192									macro	0.24	0.16	0.192	UG22	purchases	lab.equipment	10	4.2
NC81	CHIMIE ET PHYSICO-CHIMIE : EQUIPEMENTS DE TESTS PHARMACEUTIQUES	CHEMISTRY AND PHYSICAL CHEMISTRY: PHARMACEUTICAL TEST EQUIPMENT						ADEME26	Produits informatiques, electroniques et optiques	0.4	0.0	0.3200000000000001	334516 / 334510	Analytical laboratory instruments / Electromedical appartuses	0.1	0.02	0.08000000000000002	0.27	0.17	0.216									macro	0.27	0.17	0.216	NB62	purchases	lab.equipment	10	4.2
ND01	MICROPIPETTES MONO ET MULTICANALES : MAINTECE - VERIFICATION - REPARATION	SINGLE AND MULTICHANNEL MICROPIPETTES : MAINTENANCE - CHECKING - REPAIR						ADEME07	Reparation et installation de machines et d'equipements	0.39	0.0	0.3120000000000001	811300 / 811200	Commercial machinery repair / Electronic  equipment repair and maintenance	0.15	0.06	0.12	0.22	0.15	0.176									macro	0.22	0.15	0.176	WB11	purchases	maintenance	9	4.5
ND02	VERRERIE SOUFFLEE : REPARATION	BLOWN GLASSWARE : REPAIR						ADEME07	Reparation et installation de machines et d'equipements	0.39	0.0	0.3120000000000001	327200	Glass and glass products	0.88	0.0	0.7040000000000001	0.64	0.25	0.512									macro	0.64	0.25	0.512	ND02	purchases	maintenance	9	4.5
ND03	BALANCES POUR LA CHIMIE ET BIOLOGIE : MAINTECE - REPARATION - VERIFICATION	BALANCES FOR CHEMISTRY AND BIOLOGY: MAINTENANCE - REPAIR - CHECKING						ADEME07	Reparation et installation de machines et d'equipements	0.39	0.0	0.3120000000000001	811300 / 811200	Commercial machinery repair / Electronic  equipment repair and maintenance	0.15	0.06	0.12	0.22	0.15	0.176									macro	0.22	0.15	0.176	WB11	purchases	maintenance	9	4.5
ND04	CENTRIFUGEUSES : MAINTECE - REPARATION - VERIFICATION	CENTRIFUGES: MAINTENANCE - REPAIR - CHECKING						ADEME07	Reparation et installation de machines et d'equipements	0.39	0.0	0.3120000000000001	811300 / 811200	Commercial machinery repair / Electronic  equipment repair and maintenance	0.15	0.06	0.12	0.22	0.15	0.176									macro	0.22	0.15	0.176	WB11	purchases	maintenance	9	4.5
ND05	AUTRE MATERIEL DE PAILLASSE COURANT : MAINTECE - VERIFICATION - REPARATION	OTHER COMMON BENCH-TOP EQUIPMENT: MAINTENANCE - CHECKING - REPAIR						ADEME07	Reparation et installation de machines et d'equipements	0.39	0.0	0.3120000000000001	811300 / 811200	Commercial machinery repair / Electronic  equipment repair and maintenance	0.15	0.06	0.12	0.22	0.15	0.176									macro	0.22	0.15	0.176	WB11	purchases	maintenance	9	4.5
ND11	CHAMBRES ET AUTRES MACHINES THERMIQUES : MAINTECE - REPARATION	CHAMBERS AND OTHER THERMAL MACHINES : MAINTENANCE - REPAIR						ADEME07	Reparation et installation de machines et d'equipements	0.39	0.0	0.3120000000000001	811300 / 811200	Commercial machinery repair / Electronic  equipment repair and maintenance	0.15	0.06	0.12	0.22	0.15	0.176									macro	0.22	0.15	0.176	WB11	purchases	maintenance	9	4.5
ND12	INCUBATEURS ET INCUBATEURS A CO2 : MAINTECE - REPARATION	INCUBATORS AND CO2 INCUBATORS : MAINTECE - REPAIR						ADEME07	Reparation et installation de machines et d'equipements	0.39	0.0	0.3120000000000001	811300 / 811200	Commercial machinery repair / Electronic  equipment repair and maintenance	0.15	0.06	0.12	0.22	0.15	0.176									macro	0.22	0.15	0.176	WB11	purchases	maintenance	9	4.5
ND13	STERILISATEURS : MAINTECE - REPARATION - CONTR_x001A_LE	STERILISERS: MAINTENANCE - REPAIR - CONTROL						ADEME07	Reparation et installation de machines et d'equipements	0.39	0.0	0.3120000000000001	811300 / 811200	Commercial machinery repair / Electronic  equipment repair and maintenance	0.15	0.06	0.12	0.22	0.15	0.176									macro	0.22	0.15	0.176	WB11	purchases	maintenance	9	4.5
ND14	AUTRE MATERIEL COURANT DE LABO : REPARATION _x001A_ MAINTECE - CALIBRATION	OTHER COMMON LAB EQUIPMENT : REPAIR - MAINTENANCE - CALIBRATION						ADEME07	Reparation et installation de machines et d'equipements	0.39	0.0	0.3120000000000001	811300 / 811200	Commercial machinery repair / Electronic  equipment repair and maintenance	0.15	0.06	0.12	0.22	0.15	0.176									macro	0.22	0.15	0.176	WB11	purchases	maintenance	9	4.5
ND21	MATERIEL DE SEPARATION/PURIFICATION DES MOLECULES : MAINTECE - REPARATION	MOLECULE SEPARATION/PURIFICATION EQUIPMENT : REPAIR - MAINTECE - REPAIR						ADEME07	Reparation et installation de machines et d'equipements	0.39	0.0	0.3120000000000001	811300 / 811200	Commercial machinery repair / Electronic  equipment repair and maintenance	0.15	0.06	0.12	0.22	0.15	0.176									macro	0.22	0.15	0.176	WB11	purchases	maintenance	9	4.5
ND31	MATERIEL DE DETECTION POUR LA BIO. MOL. : MAINTECE REPARATION	DETECTION EQUIPMENT FOR BIO. MOL. DETECTION EQUIPMENT : MAINTECE - REPAIR						ADEME07	Reparation et installation de machines et d'equipements	0.39	0.0	0.3120000000000001	811300 / 811200	Commercial machinery repair / Electronic  equipment repair and maintenance	0.15	0.06	0.12	0.22	0.15	0.176									macro	0.22	0.15	0.176	WB11	purchases	maintenance	9	4.5
ND32	SEQUENCEURS ET ANALYSEURS GENETIQUES : MAINTECE - REPARATION	GENE SEQUENCERS AND ANALYSERS : MAINTECE - REPAIR						ADEME07	Reparation et installation de machines et d'equipements	0.39	0.0	0.3120000000000001	811300 / 811200	Commercial machinery repair / Electronic  equipment repair and maintenance	0.15	0.06	0.12	0.22	0.15	0.176									macro	0.22	0.15	0.176	WB11	purchases	maintenance	9	4.5
ND41	THERMOCYCLEURS ET AUTOMATES DE SYNTHESE : MAINTECE - REPARATION	THERMOCYCLERS AND AUTOMATIC SYNTHESIZERS : MAINTECE - REPAIR						ADEME07	Reparation et installation de machines et d'equipements	0.39	0.0	0.3120000000000001	811300 / 811200	Commercial machinery repair / Electronic  equipment repair and maintenance	0.15	0.06	0.12	0.22	0.15	0.176									macro	0.22	0.15	0.176	WB11	purchases	maintenance	9	4.5
ND51	AUTRES ROBOTS ET AUTOMATES : MAINTECE - REPARATION	OTHER ROBOTS AND AUTOMATS : MAINTENANCE - REPAIR						ADEME07	Reparation et installation de machines et d'equipements	0.39	0.0	0.3120000000000001	811300 / 811200	Commercial machinery repair / Electronic  equipment repair and maintenance	0.15	0.06	0.12	0.22	0.15	0.176									macro	0.22	0.15	0.176	WB11	purchases	maintenance	9	4.5
ND52	CYTOMETRIE, COMPTAGE ET TRI CELLULAIRE : MAINTECE - REPARATION	CYTOMETRY, COUNTING AND CELL SORTING : MAINTECE - REPAIR						ADEME07	Reparation et installation de machines et d'equipements	0.39	0.0	0.3120000000000001	811300 / 811200	Commercial machinery repair / Electronic  equipment repair and maintenance	0.15	0.06	0.12	0.22	0.15	0.176									macro	0.22	0.15	0.176	WB11	purchases	maintenance	9	4.5
ND53	AUTRES EQUIPEMENTS DE BIOLOGIE CELLULAIRE : MAINTECE - REPARATION	OTHER CELL BIOLOGY EQUIPMENT : REPAIR AND MAINTENANCE						ADEME07	Reparation et installation de machines et d'equipements	0.39	0.0	0.3120000000000001	811300 / 811200	Commercial machinery repair / Electronic  equipment repair and maintenance	0.15	0.06	0.12	0.22	0.15	0.176									macro	0.22	0.15	0.176	WB11	purchases	maintenance	9	4.5
ND54	EQUIPEMENTS DE GENIE CHIMIQUE : REPARATION ET MAINTECE	CHEMICAL ENGINEERING EQUIPMENT : REPAIR AND MAINTENANCE						ADEME07	Reparation et installation de machines et d'equipements	0.39	0.0	0.3120000000000001	811300 / 811200	Commercial machinery repair / Electronic  equipment repair and maintenance	0.15	0.06	0.12	0.22	0.15	0.176									macro	0.22	0.15	0.176	WB11	purchases	maintenance	9	4.5
ND55	AUTRE MATERIEL SPECIFIQ. DE CHIMIE ET PHYSICO-CHIMIE : MAINTECE, REPARATION	OTHER SPECIFIC CHEMISTRY AND PHYSICO-CHEMISTRY EQUIPMENT CHEMISTRY AND PHYSICAL CHEMISTRY EQUIPMENT: MAINTENANCE, REPAIR						ADEME07	Reparation et installation de machines et d'equipements	0.39	0.0	0.3120000000000001	811300 / 811200	Commercial machinery repair / Electronic  equipment repair and maintenance	0.15	0.06	0.12	0.22	0.15	0.176									macro	0.22	0.15	0.176	WB11	purchases	maintenance	9	4.5
NE01	BIOLOGIE : SERVICES DE SEQUENCAGE BAS DEBIT ET SERVICES CONNEXES	BIOLOGY: LOW-SPEED SEQUENCING AND RELATED SERVICES						ADEME05 / ADEME30	Services (imprimerie, publicite, architecture et ingenierie, maintenance multi-technique des batiments, gardiennage, nettoyage, securite, agence de voyage, autres services aux entreprises) / Recherche et developpement	0.21	0.06	0.168	541700	Scientific research and development	0.21	0.0	0.168	0.21	0.03	0.168	MLD2	Eurofins	0.07	0.056					meso	0.07	0.06	0.05600000000000001	XC25	purchases	services	9	4.5
NE02	BIOLOGIE : SERVICES DE SEQUENCAGE HAUT DEBIT ET SERVICES CONNEXES	BIOLOGY: HIGH-SPEED SEQUENCING AND RELATED SERVICES						ADEME05 / ADEME30	Services (imprimerie, publicite, architecture et ingenierie, maintenance multi-technique des batiments, gardiennage, nettoyage, securite, agence de voyage, autres services aux entreprises) / Recherche et developpement	0.21	0.06	0.168	541700	Scientific research and development	0.21	0.0	0.168	0.21	0.03	0.168	MLD2	Eurofins	0.07	0.056					meso	0.07	0.06	0.05600000000000001	XC25	purchases	services	9	4.5
NE03	BIOLOGIE : SERVICES DE GENOTYPAGE ET SERVICES CONNEXES	BIOLOGY: GENOTYPING AND RELATED SERVICES						ADEME05 / ADEME30	Services (imprimerie, publicite, architecture et ingenierie, maintenance multi-technique des batiments, gardiennage, nettoyage, securite, agence de voyage, autres services aux entreprises) / Recherche et developpement	0.21	0.06	0.168	541700	Scientific research and development	0.21	0.0	0.168	0.21	0.03	0.168	MLD2	Eurofins	0.07	0.056					meso	0.07	0.06	0.05600000000000001	XC25	purchases	services	9	4.5
NE04	BIOLOGIE : AUTRES SERVICES D'ANALYSE GENETIQUE	BIOLOGY: OTHER GENETIC ANALYSIS SERVICES						ADEME05 / ADEME30	Services (imprimerie, publicite, architecture et ingenierie, maintenance multi-technique des batiments, gardiennage, nettoyage, securite, agence de voyage, autres services aux entreprises) / Recherche et developpement	0.21	0.06	0.168	541700	Scientific research and development	0.21	0.0	0.168	0.21	0.03	0.168	MLD2	Eurofins	0.07	0.056					meso	0.07	0.06	0.05600000000000001	XC25	purchases	services	9	4.5
NE11	BIOLOGIE CELLULAIRE : SERVICES DE CYTOMETRIE EN FLUX ET DE TRI CELLULAIRE	CELL BIOLOGY: FLOW CYTOMETRY AND CELL SORTING SERVICES						ADEME05 / ADEME30	Services (imprimerie, publicite, architecture et ingenierie, maintenance multi-technique des batiments, gardiennage, nettoyage, securite, agence de voyage, autres services aux entreprises) / Recherche et developpement	0.21	0.06	0.168	541700	Scientific research and development	0.21	0.0	0.168	0.21	0.03	0.168									macro	0.21	0.03	0.168	XC25	purchases	services	9	4.5
NE12	BIOLOGIE CELLULAIRE : AUTRES SERVICES	CELL BIOLOGY: OTHER SERVICES						ADEME05 / ADEME30	Services (imprimerie, publicite, architecture et ingenierie, maintenance multi-technique des batiments, gardiennage, nettoyage, securite, agence de voyage, autres services aux entreprises) / Recherche et developpement	0.21	0.06	0.168	541700	Scientific research and development	0.21	0.0	0.168	0.21	0.03	0.168									macro	0.21	0.03	0.168	XC25	purchases	services	9	4.5
NE21	BIOLOGIE ET CHIMIE : SERVICES D'ANALYSES PAR CHROMATOGRAPHIE (HPLC_x001A_)	BIOLOGY AND CHEMISTRY: CHROMATOGRAPHIC ANALYSIS SERVICES (HPLC...)						ADEME05 / ADEME30	Services (imprimerie, publicite, architecture et ingenierie, maintenance multi-technique des batiments, gardiennage, nettoyage, securite, agence de voyage, autres services aux entreprises) / Recherche et developpement	0.21	0.06	0.168	541700	Scientific research and development	0.21	0.0	0.168	0.21	0.03	0.168	MLD2	Eurofins	0.07	0.056					meso	0.07	0.06	0.05600000000000001	XC25	purchases	services	9	4.5
NE22	BIOLOGIE : AUTRES SERVICES D'ANALYSES BIOLOGIQUES ET BIOCHIMIQUES	BIOLOGY: OTHER BIOLOGICAL AND BIOCHEMICAL ANALYSIS SERVICES						ADEME05 / ADEME30	Services (imprimerie, publicite, architecture et ingenierie, maintenance multi-technique des batiments, gardiennage, nettoyage, securite, agence de voyage, autres services aux entreprises) / Recherche et developpement	0.21	0.06	0.168	541700	Scientific research and development	0.21	0.0	0.168	0.21	0.03	0.168	MLD2	Eurofins	0.07	0.056					meso	0.07	0.06	0.05600000000000001	XC25	purchases	services	9	4.5
NE23	CHIMIE : AUTRES SERVICES D'ANALYSE CHIMIQUE	CHEMISTRY: OTHER CHEMICAL ANALYSIS SERVICES						ADEME05 / ADEME30	Services (imprimerie, publicite, architecture et ingenierie, maintenance multi-technique des batiments, gardiennage, nettoyage, securite, agence de voyage, autres services aux entreprises) / Recherche et developpement	0.21	0.06	0.168	541700	Scientific research and development	0.21	0.0	0.168	0.21	0.03	0.168	MLD2	Eurofins	0.07	0.056					meso	0.07	0.06	0.05600000000000001	XC25	purchases	services	9	4.5
NE24	GENIE CHIMIQUE : SERVICES D'ETUDES DE PROCEDES	CHEMICAL ENGINEERING: PROCESS DESIGN SERVICES						ADEME05 / ADEME30	Services (imprimerie, publicite, architecture et ingenierie, maintenance multi-technique des batiments, gardiennage, nettoyage, securite, agence de voyage, autres services aux entreprises) / Recherche et developpement	0.21	0.06	0.168	541700	Scientific research and development	0.21	0.0	0.168	0.21	0.03	0.168									macro	0.21	0.03	0.168	XC25	purchases	services	9	4.5
NE25	CHIMIE ET BIOLOGIE : AUTRES SERVICES	CHEMISTRY AND BIOLOGY: OTHER SERVICES						ADEME05 / ADEME30	Services (imprimerie, publicite, architecture et ingenierie, maintenance multi-technique des batiments, gardiennage, nettoyage, securite, agence de voyage, autres services aux entreprises) / Recherche et developpement	0.21	0.06	0.168	541700	Scientific research and development	0.21	0.0	0.168	0.21	0.03	0.168	MLD2	Eurofins	0.07	0.056					meso	0.07	0.06	0.05600000000000001	XC25	purchases	services	9	4.5
OA01	OPTO : LENTILLES ET SYSTEMES DE LENTILLES	OPTO : LENSES AND LENS SYSTEMS						ADEME26	Produits informatiques, electroniques et optiques	0.4	0.0	0.3200000000000001	333314	Optical instruments and lenses	0.24	0.0	0.192	0.3	0.09	0.24									macro	0.3	0.09	0.24	OA51	purchases	lab.equipment	10	4.2
OA02	OPTO : MIROIRS	OPTO : MIRRORS						ADEME26	Produits informatiques, electroniques et optiques	0.4	0.0	0.3200000000000001	333314	Optical instruments and lenses	0.24	0.0	0.192	0.3	0.09	0.24									macro	0.3	0.09	0.24	OA51	purchases	lab.equipment	10	4.2
OA03	OPTO : RESEAUX (DIFFRACTION, COMPRESSION,_x001A_)	OPTO : GRATINGS (DIFFRACTION, COMPRESSION,...)						ADEME26	Produits informatiques, electroniques et optiques	0.4	0.0	0.3200000000000001	333314	Optical instruments and lenses	0.24	0.0	0.192	0.3	0.09	0.24									macro	0.3	0.09	0.24	OA51	purchases	lab.equipment	10	4.2
OA04	OPTO : LAMES, FENETRES ET CRISTAUX OPTIQUES	OPTO : OPTICAL BLADES, WINDOWS AND CRYSTALS						ADEME26	Produits informatiques, electroniques et optiques	0.4	0.0	0.3200000000000001	333314	Optical instruments and lenses	0.24	0.0	0.192	0.3	0.09	0.24									macro	0.3	0.09	0.24	OA51	purchases	lab.equipment	10	4.2
OA05	OPTO : FILTRES OPTIQUES, POLARISATEURS, CUBES ET PRISMES	OPTO : OPTICAL FILTERS, POLARIZERS, CUBES AND PRISMS						ADEME26	Produits informatiques, electroniques et optiques	0.4	0.0	0.3200000000000001	333314	Optical instruments and lenses	0.24	0.0	0.192	0.3	0.09	0.24									macro	0.3	0.09	0.24	OA51	purchases	lab.equipment	10	4.2
OA06	OPTO : FIBRES OPTIQUES	OPTO : OPTICAL FIBRES						ADEME26	Produits informatiques, electroniques et optiques	0.4	0.0	0.3200000000000001	333314	Optical instruments and lenses	0.24	0.0	0.192	0.3	0.09	0.24									macro	0.3	0.09	0.24	OA51	purchases	lab.equipment	10	4.2
OA07	OPTO : AUTRES COMPOSANTS OPTIQUES PASSIFS	OPTO : OTHER PASSIVE OPTICAL COMPONENTS						ADEME26	Produits informatiques, electroniques et optiques	0.4	0.0	0.3200000000000001	333314	Optical instruments and lenses	0.24	0.0	0.192	0.3	0.09	0.24									macro	0.3	0.09	0.24	OA51	purchases	lab.equipment	10	4.2
OA08	OPTO : MASQUES ET MATERIEL CORONOGRAPHIQUE	OPTO : MASKS AND CORONOGRAPHIC MATERIAL						ADEME26	Produits informatiques, electroniques et optiques	0.4	0.0	0.3200000000000001	333314	Optical instruments and lenses	0.24	0.0	0.192	0.3	0.09	0.24									macro	0.3	0.09	0.24	OA51	purchases	lab.equipment	10	4.2
OA11	OPTO : CAMERAS UV-VISIBLE	OPTO : UV-VISIBLE CAMERAS						ADEME26	Produits informatiques, electroniques et optiques	0.4	0.0	0.3200000000000001	334300 / 339113	Audio and video equipment / Surgical appliance and supplies	0.85	0.76	0.68	0.58	0.53	0.464	MOA11	Hamamatsu	0.35	0.28					meso	0.35	0.28	0.28	OA14	purchases	lab.equipment	10	4.2
OA12	OPTO : CAMERAS INFRA-ROUGE	OPTO : INFRARED CAMERAS						ADEME26	Produits informatiques, electroniques et optiques	0.4	0.0	0.3200000000000001	334300 / 339113	Audio and video equipment / Surgical appliance and supplies	0.85	0.76	0.68	0.58	0.53	0.464	MOA11	Hamamatsu	0.35	0.28					meso	0.35	0.28	0.28	OA14	purchases	lab.equipment	10	4.2
OA13	OPTO : CAMERAS A RAYONS X	OPTO : X-RAY CAMERAS						ADEME26	Produits informatiques, electroniques et optiques	0.4	0.0	0.3200000000000001	334300 / 339113	Audio and video equipment / Surgical appliance and supplies	0.85	0.76	0.68	0.58	0.53	0.464	MOA11	Hamamatsu	0.35	0.28					meso	0.35	0.28	0.28	OA14	purchases	lab.equipment	10	4.2
OA14	OPTO : OPTIQUE POUR CAMERAS	OPTO : OPTICS FOR CAMERAS						ADEME26	Produits informatiques, electroniques et optiques	0.4	0.0	0.3200000000000001	334300 / 339113	Audio and video equipment / Surgical appliance and supplies	0.85	0.76	0.68	0.58	0.53	0.464	MOA11	Hamamatsu	0.35	0.28					meso	0.35	0.28	0.28	OA14	purchases	lab.equipment	10	4.2
OA15	OPTO : DETECTEURS ET AUTRE MATERIEL D'OPTOELECTRONIQUE (HORS CAMERAS)	OPTO : DETECTORS AND OTHER OPTOELECTRONIC EQUIPMENT (EXCEPT CAMERAS)						ADEME26	Produits informatiques, electroniques et optiques	0.4	0.0	0.3200000000000001	339113	Surgical appliance and supplies	0.32	0.0	0.256	0.32	0.08	0.256	MOA11	Hamamatsu	0.35	0.28					meso	0.35	0.28	0.28	OA15	purchases	lab.equipment	10	4.2
OA21	OPTO : MICROPOSITIONNEMENT ET OPTOMECANIQUE	OPTO : MICROPOSITIONING AND OPTOMECHANICS						ADEME26	Produits informatiques, electroniques et optiques	0.4	0.0	0.3200000000000001	332999 / 333314 / 339990	Other fabricated metal manufacturing / Optical instruments and lenses / Gaskets, seals, musical instruments, fasteners, brooms, brushes, mop and other misc. goods	0.32	0.18	0.256	0.39	0.15	0.3120000000000001									macro	0.39	0.15	0.3120000000000001	OA15	purchases	lab.equipment	10	4.2
OA22	OPTO : BANCS, TABLES OPTIQUES, ET ACCESSOIRES	OPTO : BENCHES, OPTICAL TABLES, AND ACCESSORIES						ADEME26	Produits informatiques, electroniques et optiques	0.4	0.0	0.3200000000000001	332999 / 333314 / 339990	Other fabricated metal manufacturing / Optical instruments and lenses / Gaskets, seals, musical instruments, fasteners, brooms, brushes, mop and other misc. goods	0.32	0.18	0.256	0.39	0.15	0.3120000000000001									macro	0.39	0.15	0.3120000000000001	OA15	purchases	lab.equipment	10	4.2
OA31	OPTO : LASERS A GAZ	OPTO : GAS LASERS						ADEME26	Produits informatiques, electroniques et optiques	0.4	0.0	0.3200000000000001	333314	Optical instruments and lenses	0.24	0.0	0.192	0.3	0.09	0.24									macro	0.3	0.09	0.24	OA51	purchases	lab.equipment	10	4.2
OA32	OPTO : LASERS A SOLIDE	OPTO : SOLID STATE LASERS						ADEME26	Produits informatiques, electroniques et optiques	0.4	0.0	0.3200000000000001	333314	Optical instruments and lenses	0.24	0.0	0.192	0.3	0.09	0.24									macro	0.3	0.09	0.24	OA51	purchases	lab.equipment	10	4.2
OA33	OPTO : LASERS A SEMI-CONDUCTEURS (DIODES LASERS)	OPTO : SEMICONDUCTOR LASERS (DIODE LASERS)						ADEME26	Produits informatiques, electroniques et optiques	0.4	0.0	0.3200000000000001	333314	Optical instruments and lenses	0.24	0.0	0.192	0.3	0.09	0.24									macro	0.3	0.09	0.24	OA51	purchases	lab.equipment	10	4.2
OA34	OPTO : LASERS A VAPEUR METALLIQUE	OPTO : METAL VAPOR LASERS						ADEME26	Produits informatiques, electroniques et optiques	0.4	0.0	0.3200000000000001	333314	Optical instruments and lenses	0.24	0.0	0.192	0.3	0.09	0.24									macro	0.3	0.09	0.24	OA51	purchases	lab.equipment	10	4.2
OA35	OPTO : LASERS A FIBRE	OPTO : FIBER LASERS						ADEME26	Produits informatiques, electroniques et optiques	0.4	0.0	0.3200000000000001	333314	Optical instruments and lenses	0.24	0.0	0.192	0.3	0.09	0.24									macro	0.3	0.09	0.24	OA51	purchases	lab.equipment	10	4.2
OA36	OPTO : LASERS A COLORANTS ORGANIQUES (DYE LASERS)	OPTO : DYE LASERS						ADEME26	Produits informatiques, electroniques et optiques	0.4	0.0	0.3200000000000001	333314	Optical instruments and lenses	0.24	0.0	0.192	0.3	0.09	0.24									macro	0.3	0.09	0.24	OA51	purchases	lab.equipment	10	4.2
OA37	OPTO : AUTRES TYPES DE LASERS (CHIMIQUES,_x001A_)	OPTO : OTHER TYPES OF LASERS (CHEMICAL,...)						ADEME26	Produits informatiques, electroniques et optiques	0.4	0.0	0.3200000000000001	333314	Optical instruments and lenses	0.24	0.0	0.192	0.3	0.09	0.24									macro	0.3	0.09	0.24	OA51	purchases	lab.equipment	10	4.2
OA38	OPTO : LAMPES ET AUTRES SOURCES LUMINEUSES (LAMPES FLASH OU CONTINUE...)	OPTO : LAMPS AND OTHER LIGHT SOURCES (FLASH OR CONTINUOUS LAMPS...)						ADEME26	Produits informatiques, electroniques et optiques	0.4	0.0	0.3200000000000001	333314	Optical instruments and lenses	0.24	0.0	0.192	0.3	0.09	0.24									macro	0.3	0.09	0.24	OA51	purchases	lab.equipment	10	4.2
OA39	OPTO : ACCESSOIRES ET CONSOMMABLES (COLORANTS,_x001A_) POUR LASERS	OPTO : ACCESSORIES AND CONSUMABLES (DYES,...) FOR LASERS						ADEME26	Produits informatiques, electroniques et optiques	0.4	0.0	0.3200000000000001	333314	Optical instruments and lenses	0.24	0.0	0.192	0.3	0.09	0.24									macro	0.3	0.09	0.24	OA51	purchases	consumables	9	4.1
OA41	OPTO : OUTILLAGE POUR L'OPTIQUE	OPTO : TOOLS FOR OPTICS						ADEME24	Produits metalliques, sauf machines et equipements	0.6	0.0	0.48	333314	Optical instruments and lenses	0.24	0.0	0.192	0.37	0.2	0.296									macro	0.37	0.2	0.296	OA15	purchases	lab.equipment	10	4.2
OA42	OPTO : INSTRUMENTS DE METROLOGIE DES FAISCEAUX LASERS	OPTO : LASER BEAM METROLOGY INSTRUMENTS						ADEME26	Produits informatiques, electroniques et optiques	0.4	0.0	0.3200000000000001	333314 / 339113	Optical instruments and lenses / Surgical appliance and supplies	0.28	0.05	0.224	0.31	0.08	0.248									macro	0.31	0.08	0.248	OA51	purchases	lab.equipment	10	4.2
OA43	OPTO : PYROMETRES OPTIQUES	OPTO : OPTICAL PYROMETERS						ADEME26	Produits informatiques, electroniques et optiques	0.4	0.0	0.3200000000000001	333314 / 339113	Optical instruments and lenses / Surgical appliance and supplies	0.28	0.05	0.224	0.31	0.08	0.248									macro	0.31	0.08	0.248	OA51	purchases	lab.equipment	10	4.2
OA44	OPTO : AUTRES INSTRUMENTS DE METROLOGIE OPTIQUE (REFLECTOMETRES,_x001A_)	OPTO : OTHER OPTICAL METROLOGY INSTRUMENTS (REFLECTOMETERS,...)						ADEME26	Produits informatiques, electroniques et optiques	0.4	0.0	0.3200000000000001	333314 / 339113	Optical instruments and lenses / Surgical appliance and supplies	0.28	0.05	0.224	0.31	0.08	0.248									macro	0.31	0.08	0.248	OA51	purchases	lab.equipment	10	4.2
OA45	OPTO : TELESCOPES, LUNETTES ASTRONOMIQUES, JUMELLES ET ACCESSOIRES	OPTO : TELESCOPES, TELESCOPES, BINOCULARS AND ACCESSORIES						ADEME26	Produits informatiques, electroniques et optiques	0.4	0.0	0.3200000000000001	333314	Optical instruments and lenses	0.24	0.0	0.192	0.3	0.09	0.24									macro	0.3	0.09	0.24	OA51	purchases	lab.equipment	10	4.2
OA51	SYSTEMES OPTIQUES OU OPTO ELECTRONIQUES COMPLEXES	COMPLEX OPTICAL OR OPTO-ELECTRONIC SYSTEMS						ADEME26	Produits informatiques, electroniques et optiques	0.4	0.0	0.3200000000000001	333314	Optical instruments and lenses	0.24	0.0	0.192	0.3	0.09	0.24									macro	0.3	0.09	0.24	OA51	purchases	lab.equipment	10	4.2
OB11	OPTO : REPARATION VERIFICATION MAINTECE DES LASERS	OPTO : REPAIR AND MAINTENANCE OF LASERS						ADEME07	Reparation et installation de machines et d'equipements	0.39	0.0	0.3120000000000001	811300 / 811200	Commercial machinery repair / Electronic  equipment repair and maintenance	0.15	0.06	0.12	0.22	0.15	0.176									macro	0.22	0.15	0.176	WB11	purchases	maintenance	9	4.5
OB12	OPTO : REPARATION VERIFICATION MAINTECE DES CAMERAS	OPTO : REPAIR AND MAINTENANCE OF CAMERAS						ADEME07	Reparation et installation de machines et d'equipements	0.39	0.0	0.3120000000000001	811300 / 811200	Commercial machinery repair / Electronic  equipment repair and maintenance	0.15	0.06	0.12	0.22	0.15	0.176									macro	0.22	0.15	0.176	WB11	purchases	maintenance	9	4.5
OB13	OPTO : REPARATION VERIFICATION MAINTECE DES AUTRES EQUIPEMENTS D'OPTIQUE	OPTO : REPAIR AND MAINTENANCE OF OTHER OPTICAL EQUIPMENT						ADEME07	Reparation et installation de machines et d'equipements	0.39	0.0	0.3120000000000001	811300 / 811200	Commercial machinery repair / Electronic  equipment repair and maintenance	0.15	0.06	0.12	0.22	0.15	0.176									macro	0.22	0.15	0.176	WB11	purchases	maintenance	9	4.5
OC01	OPTO : SERVICES D'USINAGE DES COMPOSANTS OPTIQUES (POLISSAGE,...)	OPTO : MACHINING SERVICES OF OPTICAL COMPONENTS (POLISHING,...)						ADEME05 / ADEME30	Services (imprimerie, publicite, architecture et ingenierie, maintenance multi-technique des batiments, gardiennage, nettoyage, securite, agence de voyage, autres services aux entreprises) / Recherche et developpement	0.21	0.06	0.168	541700	Scientific research and development	0.21	0.0	0.168	0.21	0.03	0.168									macro	0.21	0.03	0.168	XC25	purchases	services	9	4.5
OC02	OPTO : SERVICES DE TRAITEMENT DE SURFACE DES COMPOSANTS OPTIQUES	OPTO : SURFACE TREATMENT SERVICES OF OPTICAL COMPONENTS						ADEME05 / ADEME30	Services (imprimerie, publicite, architecture et ingenierie, maintenance multi-technique des batiments, gardiennage, nettoyage, securite, agence de voyage, autres services aux entreprises) / Recherche et developpement	0.21	0.06	0.168	541700	Scientific research and development	0.21	0.0	0.168	0.21	0.03	0.168									macro	0.21	0.03	0.168	XC25	purchases	services	9	4.5
OC03	OPTO : SERVICES DE CONTROLE DES COMPOSANTS OPTIQUES	OPTO : TESTING SERVICES OF OPTICAL COMPONENTS						ADEME05 / ADEME30	Services (imprimerie, publicite, architecture et ingenierie, maintenance multi-technique des batiments, gardiennage, nettoyage, securite, agence de voyage, autres services aux entreprises) / Recherche et developpement	0.21	0.06	0.168	541700	Scientific research and development	0.21	0.0	0.168	0.21	0.03	0.168									macro	0.21	0.03	0.168	XC25	purchases	services	9	4.5
OC04	OPTO : SERVICES D'ETUDES ET CONCEPTION EN OPTIQUE	OPTO : OPTICAL DESIGN AND ENGINEERING SERVICES						ADEME05 / ADEME30	Services (imprimerie, publicite, architecture et ingenierie, maintenance multi-technique des batiments, gardiennage, nettoyage, securite, agence de voyage, autres services aux entreprises) / Recherche et developpement	0.21	0.06	0.168	541700	Scientific research and development	0.21	0.0	0.168	0.21	0.03	0.168									macro	0.21	0.03	0.168	XC25	purchases	services	9	4.5
OC05	OPTO : SERVICES DE TESTS EN OPTIQUE	OPTO : OPTICAL TESTING SERVICES						ADEME05 / ADEME30	Services (imprimerie, publicite, architecture et ingenierie, maintenance multi-technique des batiments, gardiennage, nettoyage, securite, agence de voyage, autres services aux entreprises) / Recherche et developpement	0.21	0.06	0.168	541700	Scientific research and development	0.21	0.0	0.168	0.21	0.03	0.168									macro	0.21	0.03	0.168	XC25	purchases	services	9	4.5
PA01	RADIOACTIVITE : SOURCES RADIOACTIVES	RADIOACTIVITY: RADIOACTIVE SOURCES						ADEME26	Produits informatiques, electroniques et optiques	0.4	0.0	0.3200000000000001	334516 / 334517	Analytical laboratory instruments / Irradiation apparatuses	0.13	0.06	0.104	0.27	0.14	0.216									macro	0.27	0.14	0.216	SB54	purchases	lab.equipment	9	4.1
PA02	RADIOACTIVITE : INSTRUMENTS DE MESURE (HORS DETECTION EN BIOLOGIE)	RADIOACTIVITY: MEASURING INSTRUMENTS (EXCLUDING BIOLOGICAL DETECTION)						ADEME26	Produits informatiques, electroniques et optiques	0.4	0.0	0.3200000000000001	334516 / 334517	Analytical laboratory instruments / Irradiation apparatuses	0.13	0.06	0.104	0.27	0.14	0.216									macro	0.27	0.14	0.216	SB54	purchases	lab.equipment	10	4.2
PA11	PRODUCTION DE PARTICULES : CANONS A ELECTRONS ET CANONS A IONS	PARTICLE PRODUCTION : ELECTRON GUNS AND ION GUNS						ADEME26	Produits informatiques, electroniques et optiques	0.4	0.0	0.3200000000000001	339113 / 334517	Surgical appliance and supplies / Irradiation apparatuses	0.24	0.1	0.192	0.31	0.1	0.248									macro	0.31	0.1	0.248	PA11	purchases	lab.equipment	10	4.2
PA12	PRODUCTION DE PARTICULES : ACCESSOIRES ET PIECES DETACHEES DE CANONS	PARTICLE PRODUCTION: ACCESSORIES AND GUN PARTS						ADEME26	Produits informatiques, electroniques et optiques	0.4	0.0	0.3200000000000001	339113 / 339990	Surgical appliance and supplies / Gaskets, seals, musical instruments, fasteners, brooms, brushes, mop and other misc. goods	0.25	0.09	0.2	0.35	0.15	0.28									macro	0.35	0.15	0.28	PA11	purchases	lab.equipment	10	4.2
PA21	MATERIEL POUR L'ACCELERATION DES PARTICULES	PARTICLE ACCELERATION EQUIPMENT						ADEME26	Produits informatiques, electroniques et optiques	0.4	0.0	0.3200000000000001	334516 / 334517	Analytical laboratory instruments / Irradiation apparatuses	0.13	0.06	0.104	0.27	0.14	0.216									macro	0.27	0.14	0.216	SB54	purchases	lab.equipment	10	4.2
PA22	MATERIEL POUR LA CONVERGENCE DES FAISCEAUX DE PARTICULES	PARTICLE BEAM CONVERGENCE EQUIPMENT						ADEME26	Produits informatiques, electroniques et optiques	0.4	0.0	0.3200000000000001	334516 / 334517	Analytical laboratory instruments / Irradiation apparatuses	0.13	0.06	0.104	0.27	0.14	0.216									macro	0.27	0.14	0.216	SB54	purchases	lab.equipment	10	4.2
PA23	MATERIEL DE MESURES DE L'ACCELERATION DES PARTICULES	PARTICLE ACCELERATION MEASUREMENT EQUIPMENT						ADEME26	Produits informatiques, electroniques et optiques	0.4	0.0	0.3200000000000001	334516 / 334517	Analytical laboratory instruments / Irradiation apparatuses	0.13	0.06	0.104	0.27	0.14	0.216									macro	0.27	0.14	0.216	SB54	purchases	lab.equipment	10	4.2
PB01	INSTRUMENTS DE CALORIMETRIE, ANALYSE THERMIQUE ET THERMOMECANIQUE	CALORIMETRY, THERMAL ANALYSIS AND THERMOMECHANICAL INSTRUMENTS						ADEME26	Produits informatiques, electroniques et optiques	0.4	0.0	0.3200000000000001	334516	Analytical laboratory instruments	0.08	0.0	0.064	0.24	0.16	0.192									macro	0.24	0.16	0.192	UG22	purchases	lab.equipment	10	4.2
PB02	INSTRUMENTS DE METROLOGIE MECANIQUE DU SOLIDE (RHEOLOGIE,_x001A_) ET ACCESSOIRES	INSTRUMENTS FOR MECHANICAL SOLID STATE METROLOGY (RHEOLOGY,...) AND ACCESSORIES						ADEME26	Produits informatiques, electroniques et optiques	0.4	0.0	0.3200000000000001	334516	Analytical laboratory instruments	0.08	0.0	0.064	0.24	0.16	0.192									macro	0.24	0.16	0.192	UG22	purchases	lab.equipment	10	4.2
PB03	INSTRUMENTS DE CARACTERISATION MECANIQUE DES SURFACES ET ACCESSOIRES	MECHANICAL SURFACE CHARACTERISATION INSTRUMENTS AND ACCESSORIES						ADEME25	Machines et equipements	0.7	0.0	0.5599999999999999	334516	Analytical laboratory instruments	0.08	0.0	0.064	0.34	0.32	0.272									macro	0.34	0.32	0.272	UC24	purchases	lab.equipment	10	4.2
PB04	GRANULOMETRES LASERS ET ACCESSOIRES	LASER GRANULOMETERS AND ACCESSORIES						ADEME26	Produits informatiques, electroniques et optiques	0.4	0.0	0.3200000000000001	334516	Analytical laboratory instruments	0.08	0.0	0.064	0.24	0.16	0.192									macro	0.24	0.16	0.192	UG22	purchases	lab.equipment	10	4.2
PB05	ZETAMETRES ET ACCESSOIRES	ZETAMETERS AND ACCESSORIES						ADEME26	Produits informatiques, electroniques et optiques	0.4	0.0	0.3200000000000001	334516	Analytical laboratory instruments	0.08	0.0	0.064	0.24	0.16	0.192									macro	0.24	0.16	0.192	UG22	purchases	lab.equipment	10	4.2
PB06	AUTRES APPAREILS D'ANALYSE DES PARTICULES SOLIDES ET ACCESSOIRES	OTHER SOLID PARTICLE ANALYSIS INSTRUMENTS AND ACCESSORIES						ADEME26	Produits informatiques, electroniques et optiques	0.4	0.0	0.3200000000000001	334516	Analytical laboratory instruments	0.08	0.0	0.064	0.24	0.16	0.192									macro	0.24	0.16	0.192	UG22	purchases	lab.equipment	10	4.2
PB07	AUTRES INSTRUMENTS POUR LA CARACTERISATION DES SOLIDES  ET ACCESSOIRES	OTHER INSTRUMENTS FOR THE CHARACTERISATION OF SOLIDS AND ACCESSORIES						ADEME26	Produits informatiques, electroniques et optiques	0.4	0.0	0.3200000000000001	334516	Analytical laboratory instruments	0.08	0.0	0.064	0.24	0.16	0.192									macro	0.24	0.16	0.192	UG22	purchases	lab.equipment	10	4.2
PB11	APPAREILS DE MESURE / CAPTEURS DE PRESSION	MEASURING INSTRUMENTS / PRESSURE SENSORS						ADEME26	Produits informatiques, electroniques et optiques	0.4	0.0	0.3200000000000001	334514	Fluid meters and counting devices	0.08	0.0	0.064	0.28	0.17	0.224									macro	0.28	0.17	0.224	PB13	purchases	lab.equipment	10	4.2
PB12	APPAREILS DE MESURE / CAPTEURS DE TEMPERATURE (HORS CRYOGENIE)	TEMPERATURE MEASURING INSTRUMENTS / SENSORS (EXCLUDING CRYOGENICS)						ADEME26	Produits informatiques, electroniques et optiques	0.4	0.0	0.3200000000000001	334514	Fluid meters and counting devices	0.08	0.0	0.064	0.28	0.17	0.224									macro	0.28	0.17	0.224	PB13	purchases	lab.equipment	10	4.2
PB13	APPAREILS DE MESURE / CAPTEURS DE VITESSE / DEBIT	SPEED / FLOW MEASURING DEVICES / SENSORS						ADEME26	Produits informatiques, electroniques et optiques	0.4	0.0	0.3200000000000001	334514	Fluid meters and counting devices	0.08	0.0	0.064	0.28	0.17	0.224									macro	0.28	0.17	0.224	PB13	purchases	lab.equipment	10	4.2
PB21	SYSTEMES MAGNETIQUES (AIMANTS PERMANENTS,_x001A_)	MAGNETIC SYSTEMS (PERMANENT MAGNETS,...)						ADEME26	Produits informatiques, electroniques et optiques	0.4	0.0	0.3200000000000001	334516	Analytical laboratory instruments	0.08	0.0	0.064	0.24	0.16	0.192									macro	0.24	0.16	0.192	UG22	purchases	lab.equipment	10	4.2
PB22	INSTRUMENTATION MAGNETIQUE	MAGNETIC INSTRUMENTATION						ADEME26	Produits informatiques, electroniques et optiques	0.4	0.0	0.3200000000000001	334516	Analytical laboratory instruments	0.08	0.0	0.064	0.24	0.16	0.192									macro	0.24	0.16	0.192	UG22	purchases	lab.equipment	10	4.2
PB23	SYSTEMES CRYOMAGNETIQUES (HORS RMN)	CRYOMAGNETIC SYSTEMS (EXCLUDING RMN)						ADEME26	Produits informatiques, electroniques et optiques	0.4	0.0	0.3200000000000001	334516	Analytical laboratory instruments	0.08	0.0	0.064	0.24	0.16	0.192									macro	0.24	0.16	0.192	UG22	purchases	lab.equipment	10	4.2
PB24	SYSTEMES DE MESURES CRYOGENIQUES	CRYOGENIC MEASUREMENT SYSTEMS						ADEME26	Produits informatiques, electroniques et optiques	0.4	0.0	0.3200000000000001	334516	Analytical laboratory instruments	0.08	0.0	0.064	0.24	0.16	0.192									macro	0.24	0.16	0.192	UG22	purchases	lab.equipment	10	4.2
PB25	MATERIAUX SUPRACONDUCTEURS	SUPERCONDUCTING MATERIALS						ADEME26	Produits informatiques, electroniques et optiques	0.4	0.0	0.3200000000000001	334516	Analytical laboratory instruments	0.08	0.0	0.064	0.24	0.16	0.192									macro	0.24	0.16	0.192	UG22	purchases	lab.equipment	10	4.2
PB31	SYSTEMES DE MESURE A SONDE DE LANGMUIR	LANGMUIR PROBE MEASURING SYSTEMS						ADEME26	Produits informatiques, electroniques et optiques	0.4	0.0	0.3200000000000001	334516	Analytical laboratory instruments	0.08	0.0	0.064	0.24	0.16	0.192									macro	0.24	0.16	0.192	UG22	purchases	lab.equipment	10	4.2
PB32	BALANCES SPECIFIQUES (BALANCES D'ADSORPTION,_x001A_)	SPECIFIC BALANCES (ADSORPTION BALANCES,...)						ADEME26	Produits informatiques, electroniques et optiques	0.4	0.0	0.3200000000000001	334516	Analytical laboratory instruments	0.08	0.0	0.064	0.24	0.16	0.192									macro	0.24	0.16	0.192	UG22	purchases	lab.equipment	10	4.2
PB33	APPAREILS DE MESURE DE LA CHARGE ELECTRIQUE (ELECTROMETRES,_x001A_)	ELECTRICAL LOAD MEASURING DEVICES (ELECTROMETERS,...)						ADEME26	Produits informatiques, electroniques et optiques	0.4	0.0	0.3200000000000001	334516	Analytical laboratory instruments	0.08	0.0	0.064	0.24	0.16	0.192									macro	0.24	0.16	0.192	UG22	purchases	lab.equipment	10	4.2
PB34	APPAREILS DE MESURES ACOUSTIQUES	ACOUSTIC MEASURING DEVICES						ADEME26	Produits informatiques, electroniques et optiques	0.4	0.0	0.3200000000000001	334516	Analytical laboratory instruments	0.08	0.0	0.064	0.24	0.16	0.192									macro	0.24	0.16	0.192	UG22	purchases	lab.equipment	10	4.2
PB35	APPAREILS DE MESURES PHYSIQUES MULTIPLES	DEVICES FOR MULTIPLE PHYSICAL MEASUREMENTS						ADEME26	Produits informatiques, electroniques et optiques	0.4	0.0	0.3200000000000001	334516	Analytical laboratory instruments	0.08	0.0	0.064	0.24	0.16	0.192									macro	0.24	0.16	0.192	UG22	purchases	lab.equipment	10	4.2
PB36	APPAREILS POUR AUTRES MESURES PHYSIQUES	DEVICES FOR OTHER PHYSICAL MEASUREMENTS						ADEME26	Produits informatiques, electroniques et optiques	0.4	0.0	0.3200000000000001	334516	Analytical laboratory instruments	0.08	0.0	0.064	0.24	0.16	0.192									macro	0.24	0.16	0.192	UG22	purchases	lab.equipment	10	4.2
PB41	PHYSICO-CHIMIE : FOURS SPECIAUX HORS TECHNIQUES SOUS VIDE	PHYSICO-CHEMISTRY : SPECIAL FURNACES EXCEPT VACUUM TECHNIQUES						ADEME25	Machines et equipements	0.7	0.0	0.5599999999999999	334516 / 339990	Analytical laboratory instruments / Gaskets, seals, musical instruments, fasteners, brooms, brushes, mop and other misc. goods	0.14	0.07	0.112	0.41	0.31	0.328									macro	0.41	0.31	0.328	PB43	purchases	lab.equipment	10	4.2
PB42	MATERIEL DE CRISTALLOGENESE	CRYSTALLOGENESIS EQUIPMENT						ADEME25	Machines et equipements	0.7	0.0	0.5599999999999999	334516 / 339990	Analytical laboratory instruments / Gaskets, seals, musical instruments, fasteners, brooms, brushes, mop and other misc. goods	0.14	0.07	0.112	0.41	0.31	0.328									macro	0.41	0.31	0.328	PB43	purchases	lab.equipment	10	4.2
PB43	TREMPE SUR ROUE (MELT SPINNER)	MELT SPINNER						ADEME25	Machines et equipements	0.7	0.0	0.5599999999999999	334516 / 339990	Analytical laboratory instruments / Gaskets, seals, musical instruments, fasteners, brooms, brushes, mop and other misc. goods	0.14	0.07	0.112	0.41	0.31	0.328									macro	0.41	0.31	0.328	PB43	purchases	lab.equipment	10	4.2
PB44	PHYSIQUE : AUTRES APPAREILS SPECIAUX	PHYSICS: OTHER SPECIAL APPARATUS						ADEME26	Produits informatiques, electroniques et optiques	0.4	0.0	0.3200000000000001	334516 / 339990	Analytical laboratory instruments / Gaskets, seals, musical instruments, fasteners, brooms, brushes, mop and other misc. goods	0.14	0.07	0.112	0.31	0.2	0.248									macro	0.31	0.2	0.248	UG33	purchases	lab.equipment	10	4.2
PB51	GROUPES FRIGORIFIQUES	REFRIGERATION UNITS						ADEME25	Machines et equipements	0.7	0.0	0.5599999999999999	333415 / 335222	Air conditioning, refrigeration, and warm air heating equipment / Home refrigerators and freezers	0.76	0.12	0.6080000000000001	0.78	0.21	0.6240000000000001									macro	0.78	0.21	0.6240000000000001	PB51	purchases	lab.equipment	10	4.2
PC01	REPARATION ET MAINTECE DES EQUIPEMENTS DE MESURE DE LA RADIOACTIVITE	REPAIR AND MAINTENANCE OF RADIOACTIVITY MEASURING EQUIPMENT						ADEME07	Reparation et installation de machines et d'equipements	0.39	0.0	0.3120000000000001	811300 / 811200	Commercial machinery repair / Electronic  equipment repair and maintenance	0.15	0.06	0.12	0.22	0.15	0.176									macro	0.22	0.15	0.176	WB11	purchases	maintenance	9	4.5
PC02	PRODUCTION ET ACCELERATION DES PARTICULES : REPARATION ET MAINTECE	PARTICLE PRODUCTION AND ACCELERATION: REPAIR AND MAINTENANCE						ADEME07	Reparation et installation de machines et d'equipements	0.39	0.0	0.3120000000000001	811300 / 811200	Commercial machinery repair / Electronic  equipment repair and maintenance	0.15	0.06	0.12	0.22	0.15	0.176									macro	0.22	0.15	0.176	WB11	purchases	maintenance	9	4.5
PC11	REPARATION ET MAINTECE DES APPAREILS DE CARACTERISATION DES MATERIAUX	REPAIR AND MAINTENANCE OF MATERIALS CHARACTERISATION EQUIPMENT						ADEME07	Reparation et installation de machines et d'equipements	0.39	0.0	0.3120000000000001	811300 / 811200	Commercial machinery repair / Electronic  equipment repair and maintenance	0.15	0.06	0.12	0.22	0.15	0.176									macro	0.22	0.15	0.176	WB11	purchases	maintenance	9	4.5
PC21	REPARATION ET MAINTECE DES APPAREILS DE MESURES PHYSIQUES COURANTS	REPAIR AND MAINTENANCE OF COMMON PHYSICAL MEASURING DEVICES						ADEME07	Reparation et installation de machines et d'equipements	0.39	0.0	0.3120000000000001	811300 / 811200	Commercial machinery repair / Electronic  equipment repair and maintenance	0.15	0.06	0.12	0.22	0.15	0.176									macro	0.22	0.15	0.176	WB11	purchases	maintenance	9	4.5
PC22	REPARATION ET MAINTECE DES AUTRES APPAREILS DE MESURES PHYSIQUES	REPAIR AND MAINTENANCE OF OTHER PHYSICAL MEASURING APPARATUS						ADEME07	Reparation et installation de machines et d'equipements	0.39	0.0	0.3120000000000001	811300 / 811200	Commercial machinery repair / Electronic  equipment repair and maintenance	0.15	0.06	0.12	0.22	0.15	0.176									macro	0.22	0.15	0.176	WB11	purchases	maintenance	9	4.5
PC23	PHYSIQUE : REPARATION ET MAINTECE DES AUTRES APPAREILS SPECIAUX	PHYSICS: REPAIR AND MAINTENANCE OF OTHER SPECIAL APPARATUS						ADEME07	Reparation et installation de machines et d'equipements	0.39	0.0	0.3120000000000001	811300 / 811200	Commercial machinery repair / Electronic  equipment repair and maintenance	0.15	0.06	0.12	0.22	0.15	0.176									macro	0.22	0.15	0.176	WB11	purchases	maintenance	9	4.5
PC31	MAINTECE DES GROUPES FRIGORIFIQUES	MAINTENANCE OF REFRIGERATION UNITS						ADEME07	Reparation et installation de machines et d'equipements	0.39	0.0	0.3120000000000001	811300 / 811200	Commercial machinery repair / Electronic  equipment repair and maintenance	0.15	0.06	0.12	0.22	0.15	0.176									macro	0.22	0.15	0.176	WB11	purchases	maintenance	9	4.5
PD01	MESURE DE LA RADIOACTIVITE : SERVICES DE DATATION (AU CARBONE 14_x001A_)	MEASUREMENT OF RADIOACTIVITY: DATING SERVICES (CARBON 14...)						ADEME30	Recherche et developpement	0.25	0.0	0.2	541700	Scientific research and development	0.21	0.0	0.168	0.23	0.02	0.184									macro	0.23	0.02	0.184	XD41	purchases	services	9	4.5
PD02	PHYSIQUE NUCLEAIRE ET CORPUSCULAIRE : AUTRES SERVICES	NUCLEAR AND CORPUSCULAR PHYSICS: OTHER SERVICES						ADEME30	Recherche et developpement	0.25	0.0	0.2	541700	Scientific research and development	0.21	0.0	0.168	0.23	0.02	0.184									macro	0.23	0.02	0.184	XD41	purchases	services	9	4.5
PD11	MESURES PHYSIQUES : SERVICES DE CARACTERISATION DES MATERIAUX	PHYSICAL MEASUREMENTS: MATERIALS CHARACTERISATION SERVICES						ADEME05	Services (imprimerie, publicite, architecture et ingenierie, maintenance multi-technique des batiments, gardiennage, nettoyage, securite, agence de voyage, autres services aux entreprises)	0.17	0.0	0.136	541700	Scientific research and development	0.21	0.0	0.168	0.2	0.03	0.16									macro	0.2	0.03	0.16	XC25	purchases	services	9	4.5
QA01	EXPERIMENTATION VEGETALE : PLANTES ET PLANTS	PLANT EXPERIMENTATION: PLANTS AND SEEDLINGS						ADEME13	Produits agricoles et de la mer	2.3	0.0	1.84	111900	Tobacco, cotton, sugarcane, peanuts, sugar beets, herbs and spices, and other crops	1.0	0.0	0.8	1.7	0.63	1.36									macro	1.7	0.6	1.36	QA05	purchases	consumables	9	4.1
QA02	EXPERIMENTATION VEGETALE : SEMENCES ET TUBERCULES	PLANT EXPERIMENTATION: SEEDS AND TUBERS						ADEME13	Produits agricoles et de la mer	2.3	0.0	1.84	111900	Tobacco, cotton, sugarcane, peanuts, sugar beets, herbs and spices, and other crops	1.0	0.0	0.8	1.7	0.63	1.36									macro	1.7	0.6	1.36	QA05	purchases	consumables	9	4.1
QA03	EXPERIMENTATION VEGETALE : CHAMPIGNONS	PLANT EXPERIMENTATION: MUSHROOMS						ADEME13	Produits agricoles et de la mer	2.3	0.0	1.84	111900	Tobacco, cotton, sugarcane, peanuts, sugar beets, herbs and spices, and other crops	1.0	0.0	0.8	1.7	0.63	1.36									macro	1.7	0.6	1.36	QA05	purchases	consumables	9	4.1
QA04	EXPERIMENTATION VEGETALE : VEGETAUX MARINS	PLANT EXPERIMENTATION: MARINE PLANTS						ADEME13	Produits agricoles et de la mer	2.3	0.0	1.84	111900	Tobacco, cotton, sugarcane, peanuts, sugar beets, herbs and spices, and other crops	1.0	0.0	0.8	1.7	0.63	1.36									macro	1.7	0.6	1.36	QA05	purchases	consumables	9	4.1
QA05	EXPERIMENTATION VEGETALE : AUTRES VEGETAUX	PLANT TESTING: OTHER PLANTS						ADEME13	Produits agricoles et de la mer	2.3	0.0	1.84	111900	Tobacco, cotton, sugarcane, peanuts, sugar beets, herbs and spices, and other crops	1.0	0.0	0.8	1.7	0.63	1.36									macro	1.7	0.6	1.36	QA05	purchases	consumables	9	4.1
QA11	SUBSTRATS DE CULTURE D'ORIGINE NATURELLE OU ARTIFICIELLE	GROWING SUBSTRATES OF NATURAL OR ARTIFICIAL ORIGIN						ADEME18	Bois et article en bois	0.5	0.0	0.4	2123A0	Sand, gravel, clay, phosphate, other nonmetallic minerals	0.92	0.0	0.7360000000000001	0.61	0.27	0.488									macro	0.61	0.27	0.488	QA11	purchases	consumables	9	4.1
QA12	FERTILISANTS POUR VEGETAUX TYPE ENGRAIS	FERTILISERS FOR PLANTS						ADEME21	Produits chimiques	1.6	0.0	1.28	325310	Fertilizers	1.2	0.0	0.96	1.3	0.23	1.04									macro	1.3	0.2	1.04	QA12	purchases	consumables	9	4.1
QA13	NUTRIMENTS ADDITIONNELS POUR VEGETAUX ET FERTILISANTS DES SOLS	ADDITIONAL NUTRIENTS FOR PLANTS AND SOIL FERTILISERS						ADEME21	Produits chimiques	1.6	0.0	1.28	325320	Pesticides	0.21	0.0	0.168	0.89	0.69	0.7120000000000001									macro	0.89	0.69	0.7120000000000001	QA24	purchases	consumables	9	4.1
QA21	PRODUITS PHYTOSANITAIRES CONTRE LES PATHOGENES VEGETAUX ET PLANTES CONCURRENTES	PHYTOSANITARY PRODUCTS AGAINST PLANT PATHOGENS AND COMPETING PLANTS						ADEME21	Produits chimiques	1.6	0.0	1.28	325320	Pesticides	0.21	0.0	0.168	0.89	0.69	0.7120000000000001									macro	0.89	0.69	0.7120000000000001	QA24	purchases	consumables	9	4.1
QA22	PRODUITS PHYTOSANITAIRES CONTRE LES PATHOGENES CRYPTOGAMIQUES	PLANT PROTECTION PRODUCTS AGAINST CRYPTOGAMIC PATHOGENS						ADEME21	Produits chimiques	1.6	0.0	1.28	325320	Pesticides	0.21	0.0	0.168	0.89	0.69	0.7120000000000001									macro	0.89	0.69	0.7120000000000001	QA24	purchases	consumables	9	4.1
QA23	PRODUITS PHYTOSANITAIRES INSECTICIDES ET A USAGE REPULSIF	PLANT PROTECTION PRODUCTS FOR INSECTICIDE AND REPELLENT USE						ADEME21	Produits chimiques	1.6	0.0	1.28	325320	Pesticides	0.21	0.0	0.168	0.89	0.69	0.7120000000000001									macro	0.89	0.69	0.7120000000000001	QA24	purchases	consumables	9	4.1
QA24	AUTRES MOYENS DE PROTECTION OU DE CONSERVATION DES VEGETAUX	OTHER MEANS OF PROTECTION OR CONSERVATION OF PLANTS						ADEME21	Produits chimiques	1.6	0.0	1.28	325320	Pesticides	0.21	0.0	0.168	0.89	0.69	0.7120000000000001									macro	0.89	0.69	0.7120000000000001	QA24	purchases	consumables	9	4.1
QB01	EXPERIMENTATION VEGETALE : PETITES FOURNITURES ET CONSOMMABLES COURANTS	PLANT EXPERIMENTATION : SMALL SUPPLIES AND CONSUMABLES						ADEME20	Meubles et autres biens manufactures	0.5	0.0	0.4	339113 / 339990	Surgical appliance and supplies / Gaskets, seals, musical instruments, fasteners, brooms, brushes, mop and other misc. goods	0.25	0.09	0.2	0.38	0.18	0.304									macro	0.38	0.18	0.304	QB04	purchases	consumables	9	4.1
QB02	EXPERIMENTATION VEGETALE : PETITES FOURNITURES ET CONSOMMABLES POUR SERRES	PLANT EXPERIMENTATION : SMALL SUPPLIES AND CONSUMABLES FOR GREENHOUSES						ADEME20	Meubles et autres biens manufactures	0.5	0.0	0.4	339113 / 339990	Surgical appliance and supplies / Gaskets, seals, musical instruments, fasteners, brooms, brushes, mop and other misc. goods	0.25	0.09	0.2	0.38	0.18	0.304									macro	0.38	0.18	0.304	QB04	purchases	consumables	9	4.1
QB03	PETITES FOURNITURES HORS SERRES POUR LA PROTECTION DES ESPACES CULTIVES	SMALL SUPPLIES OUTSIDE GREENHOUSES FOR THE PROTECTION OF CULTIVATED AREAS						ADEME20	Meubles et autres biens manufactures	0.5	0.0	0.4	339113 / 339990	Surgical appliance and supplies / Gaskets, seals, musical instruments, fasteners, brooms, brushes, mop and other misc. goods	0.25	0.09	0.2	0.38	0.18	0.304									macro	0.38	0.18	0.304	QB04	purchases	consumables	9	4.1
QB04	EXPERIMENTATION VEGETALE : AUTRES PETITES FOURNITURES ET CONSOMMABLES	PLANT EXPERIMENTATION : OTHER SMALL SUPPLIES AND CONSUMABLES						ADEME20	Meubles et autres biens manufactures	0.5	0.0	0.4	339113 / 339990	Surgical appliance and supplies / Gaskets, seals, musical instruments, fasteners, brooms, brushes, mop and other misc. goods	0.25	0.09	0.2	0.38	0.18	0.304									macro	0.38	0.18	0.304	QB04	purchases	consumables	9	4.1
QB11	EXPERIMENTATION VEGETALE : SERRES	PLANT EXPERIMENTATION : GREENHOUSES						ADEME16	Plastiques et caoutchouc	0.8	0.0	0.6400000000000001	333111	Farm machinery and equipment	0.38	0.0	0.304	0.52	0.24	0.416									macro	0.52	0.24	0.416	QB11	purchases	lab.equipment	10	4.2
QB12	MATERIEL ET ACCESSOIRES DESTINES A L'EXPERIMENTATION VEGETALE SOUS SERRE	EQUIPMENT AND ACCESSORIES FOR PLANT EXPERIMENTATION IN GREENHOUSES						ADEME25	Machines et equipements	0.7	0.0	0.5599999999999999	333111	Farm machinery and equipment	0.38	0.0	0.304	0.49	0.18	0.392									macro	0.49	0.18	0.392	QB51	purchases	lab.equipment	10	4.2
QB21	ENGINS DE TRACTION AGRICOLE	AGRICULTURAL TRACTION MACHINERY						ADEME25	Machines et equipements	0.7	0.0	0.5599999999999999	333111	Farm machinery and equipment	0.38	0.0	0.304	0.49	0.18	0.392									macro	0.49	0.18	0.392	QB51	purchases	lab.equipment	10	4.2
QB22	ENGINS TRACTES ET EQUIPEMENTS DE MANUTENTION AGRICOLE	TRACTORS AND AGRICULTURAL HANDLING EQUIPMENT						ADEME25	Machines et equipements	0.7	0.0	0.5599999999999999	333111	Farm machinery and equipment	0.38	0.0	0.304	0.49	0.18	0.392									macro	0.49	0.18	0.392	QB51	purchases	lab.equipment	10	4.2
QB23	EQUIPEMENTS TRACTES ET MACHINES AUTOMOTRICES POUR TRAVAIL DES SOLS	TRACTABLE EQUIPMENT AND SELF-PROPELLED MACHINES FOR SOIL WORKING						ADEME25	Machines et equipements	0.7	0.0	0.5599999999999999	333111	Farm machinery and equipment	0.38	0.0	0.304	0.49	0.18	0.392									macro	0.49	0.18	0.392	QB51	purchases	lab.equipment	10	4.2
QB31	EQUIPEMENTS TRACTES ET MACHINES POUR LES SEMIS ET PLANTATIONS	TRACTOR AND MACHINE EQUIPMENT FOR SOWING AND PLANTING						ADEME25	Machines et equipements	0.7	0.0	0.5599999999999999	333111	Farm machinery and equipment	0.38	0.0	0.304	0.49	0.18	0.392									macro	0.49	0.18	0.392	QB51	purchases	lab.equipment	10	4.2
QB32	EQUIPEMENTS D'IRRIGATION DES CULTURES	CROP IRRIGATION EQUIPMENT						ADEME25	Machines et equipements	0.7	0.0	0.5599999999999999	333111	Farm machinery and equipment	0.38	0.0	0.304	0.49	0.18	0.392									macro	0.49	0.18	0.392	QB51	purchases	lab.equipment	10	4.2
QB33	EQUIPEMENTS DE MESURES HYDROMETRIQUES ET D'OPTIMISATION DE L'IRRIGATION	EQUIPMENT FOR HYDROMETRIC MEASUREMENTS AND IRRIGATION OPTIMISATION						ADEME25	Machines et equipements	0.7	0.0	0.5599999999999999	333111	Farm machinery and equipment	0.38	0.0	0.304	0.49	0.18	0.392									macro	0.49	0.18	0.392	QB51	purchases	lab.equipment	10	4.2
QB34	MATERIEL POUR LA FERTILIS., LA PROTECT. ET L'ENTRET. DES CULTURES	EQUIPMENT FOR FERTILISATION, PROTECTION AND MAINTENANCE AND MAINTENANCE AND MAINTENANCE OF CROPS						ADEME25	Machines et equipements	0.7	0.0	0.5599999999999999	333111	Farm machinery and equipment	0.38	0.0	0.304	0.49	0.18	0.392									macro	0.49	0.18	0.392	QB51	purchases	lab.equipment	10	4.2
QB35	MACHINES POUR LA RECOLTE DES FOURRAGES CONSERVES SECS	MACHINES FOR HARVESTING DRY CANNED FODDER						ADEME25	Machines et equipements	0.7	0.0	0.5599999999999999	333111	Farm machinery and equipment	0.38	0.0	0.304	0.49	0.18	0.392									macro	0.49	0.18	0.392	QB51	purchases	lab.equipment	10	4.2
QB36	MACHINES POUR LA RECOLTE DES FOURRAGES VERTS DESTINES A L'ENSILAGE	MACHINES FOR HARVESTING GREEN FODDER FOR SILAGE						ADEME25	Machines et equipements	0.7	0.0	0.5599999999999999	333111	Farm machinery and equipment	0.38	0.0	0.304	0.49	0.18	0.392									macro	0.49	0.18	0.392	QB51	purchases	lab.equipment	10	4.2
QB37	MACHINES POUR LA RECOLTE DES CEREALES, DU COLZA ET DES PROTEAGINEUX	MACHINES FOR HARVESTING CEREALS, RAPE AND PROTEIN CROPS						ADEME25	Machines et equipements	0.7	0.0	0.5599999999999999	333111	Farm machinery and equipment	0.38	0.0	0.304	0.49	0.18	0.392									macro	0.49	0.18	0.392	QB51	purchases	lab.equipment	10	4.2
QB38	MACHINES POUR LA RECOLTE DES TUBERCULES	MACHINES FOR HARVESTING TUBERS						ADEME25	Machines et equipements	0.7	0.0	0.5599999999999999	333111	Farm machinery and equipment	0.38	0.0	0.304	0.49	0.18	0.392									macro	0.49	0.18	0.392	QB51	purchases	lab.equipment	10	4.2
QB39	EQUIPEMENTS DE STOCKAGE ET DE CONSERVATION DES ALIMENTS CULTIVES	EQUIPMENT FOR STORAGE AND PRESERVATION OF CULTIVATED FOODSTUFFS						ADEME25	Machines et equipements	0.7	0.0	0.5599999999999999	333111	Farm machinery and equipment	0.38	0.0	0.304	0.49	0.18	0.392									macro	0.49	0.18	0.392	QB51	purchases	lab.equipment	10	4.2
QB41	EQUIPEMENTS ET MATERIEL SPECIFIQUES POUR LA VITICULTURE EXPERIMENTALE	SPECIFIC EQUIPMENT AND MATERIAL FOR EXPERIMENTAL VITICULTURE						ADEME20 / ADEME25	Meubles et autres biens manufactures / Machines et equipements	0.6	0.14	0.48	333111	Farm machinery and equipment	0.38	0.0	0.304	0.45	0.15	0.36									macro	0.45	0.15	0.36	QB51	purchases	lab.equipment	10	4.2
QB42	EQUIPEMENTS ET MATERIEL SPECIFIQUES POUR LA SYLVICULTURE ET L'ARBORICULTURE	SPECIFIC EQUIPMENT AND MATERIALS FOR FORESTRY AND ARBORICULTURE						ADEME20 / ADEME25	Meubles et autres biens manufactures / Machines et equipements	0.6	0.14	0.48	333111	Farm machinery and equipment	0.38	0.0	0.304	0.45	0.15	0.36									macro	0.45	0.15	0.36	QB51	purchases	lab.equipment	10	4.2
QB43	MATERIEL DE COUPE COMMUN A LA VITICULTURE, LA SYLVICULTURE ET L'ARBORICULTURE	CUTTING EQUIPMENT COMMON TO VITICULTURE, FORESTRY AND ARBORICULTURE						ADEME20 / ADEME25	Meubles et autres biens manufactures / Machines et equipements	0.6	0.14	0.48	333111	Farm machinery and equipment	0.38	0.0	0.304	0.45	0.15	0.36									macro	0.45	0.15	0.36	QB51	purchases	lab.equipment	10	4.2
QB51	MATERIEL DESTINE A L'EXPERIMENTATION AGRONOMIQUE	EQUIPMENT INTENDED FOR AGRONOMIC EXPERIMENTATION						ADEME25	Machines et equipements	0.7	0.0	0.5599999999999999	333111	Farm machinery and equipment	0.38	0.0	0.304	0.49	0.18	0.392									macro	0.49	0.18	0.392	QB51	purchases	lab.equipment	10	4.2
QC01	REPARATION ET MAINTECE DU MATERIEL D'EXPERIMENTATION VEGETALE	REPAIR AND MAINTENANCE OF PLANT EXPERIMENTATION EQUIPMENT						ADEME07	Reparation et installation de machines et d'equipements	0.39	0.0	0.3120000000000001	811300	Commercial machinery repair	0.19	0.0	0.152	0.24	0.13	0.192									macro	0.24	0.13	0.192	UF43	purchases	maintenance	9	4.5
QD01	EXPERIMENTATION VEGETALE : SERVICES D'EXPERTISE DES SOLS	PLANT EXPERIMENTATION: SOIL SURVEY SERVICES						ADEME05	Services (imprimerie, publicite, architecture et ingenierie, maintenance multi-technique des batiments, gardiennage, nettoyage, securite, agence de voyage, autres services aux entreprises)	0.17	0.0	0.136	541610 / 541700	Management consulting / Scientific research and development	0.14	0.1	0.112	0.16	0.08	0.128									macro	0.16	0.08	0.128	QD02	purchases	services	9	4.5
QD02	SERVICES D'EXPERTISE BOTANIQUE	BOTANICAL SURVEY SERVICES						ADEME05	Services (imprimerie, publicite, architecture et ingenierie, maintenance multi-technique des batiments, gardiennage, nettoyage, securite, agence de voyage, autres services aux entreprises)	0.17	0.0	0.136	541610 / 541700	Management consulting / Scientific research and development	0.14	0.1	0.112	0.16	0.08	0.128									macro	0.16	0.08	0.128	QD02	purchases	services	9	4.5
QD03	SERVICES D'ENTRETIEN DES SOLS ET DES CULTURES EXPERIMENTALES	SOIL MAINTENANCE AND EXPERIMENTAL CROP SERVICES						ADEME05	Services (imprimerie, publicite, architecture et ingenierie, maintenance multi-technique des batiments, gardiennage, nettoyage, securite, agence de voyage, autres services aux entreprises)	0.17	0.0	0.136	115000	Agriculture and forestry support	0.52	0.0	0.416	0.53	0.37	0.424									macro	0.53	0.37	0.424	QD05	purchases	services	9	4.5
QD04	SERVICES DE RECOLTE ET DE CONDITIONNEMENT DES PRODUITS VEGETAUX	HARVESTING AND PACKAGING SERVICES FOR PLANT PRODUCTS						ADEME05	Services (imprimerie, publicite, architecture et ingenierie, maintenance multi-technique des batiments, gardiennage, nettoyage, securite, agence de voyage, autres services aux entreprises)	0.17	0.0	0.136	115000	Agriculture and forestry support	0.52	0.0	0.416	0.53	0.37	0.424									macro	0.53	0.37	0.424	QD05	purchases	services	9	4.5
QD05	AUTRES SERVICES CONNEXES AUX CULTURES EXPERIMENTALES	OTHER SERVICES RELATED TO EXPERIMENTAL CROPS						ADEME05	Services (imprimerie, publicite, architecture et ingenierie, maintenance multi-technique des batiments, gardiennage, nettoyage, securite, agence de voyage, autres services aux entreprises)	0.17	0.0	0.136	115000	Agriculture and forestry support	0.52	0.0	0.416	0.53	0.37	0.424									macro	0.53	0.37	0.424	QD05	purchases	services	9	4.5
RA01	METAUX (MATERIAUX A USINER ET PIECES SUR CATALOGUE)	METALS (MATERIALS TO BE MACHINED AND CATALOGUE PARTS)						ADEME23	Metaux (aluminium, cuivre, acier, etc.)	1.7	0.0	1.36	331110 / 331313 / 331410	Primary iron, steel, and ferroalloy products / Alumina refining and primary aluminum production / Nonferrous Metal (except Aluminum) Smelting and Refining	0.83	0.15	0.664	1.3	0.62	1.04									macro	1.3	0.6	1.04	WA03	purchases	consumables	9	4.1
RA02	METAUX NOBLES (MATERIAUX A USINER ET PIECES SUR CATALOGUE)	NOBLE METALS (MACHINING MATERIALS AND CATALOGUE PARTS)						ADEME23	Metaux (aluminium, cuivre, acier, etc.)	1.7	0.0	1.36	331110	Primary iron, steel, and ferroalloy products	0.87	0.0	0.6960000000000001	1.4	0.49	1.12									macro	1.4	0.5	1.12	RA02	purchases	consumables	9	4.1
RA03	PLASTIQUES (MATERIAUX A USINER ET PIECES SUR CATALOGUE)	PLASTICS (MACHINING MATERIALS AND CATALOGUE PARTS)						ADEME16	Plastiques et caoutchouc	0.8	0.0	0.6400000000000001	325211	Plastics	1.8	0.0	1.44	1.3	0.51	1.04									macro	1.3	0.5	1.04	WA04	purchases	consumables	9	4.1
RA04	CERAMIQUES  (MATERIAUX A USINER ET PIECES SUR CATALOGUE)	CERAMICS (MACHINING MATERIALS AND CATALOGUE PARTS)						ADEME15	Produit mineraux (ciment, verre, etc.)	1.8	0.0	1.44	327100	Clay and ceramic products	0.81	0.0	0.6480000000000001	1.1	0.58	0.8800000000000001									macro	1.1	0.6	0.8800000000000001	RA04	purchases	consumables	9	4.1
RA05	COMPOSITES  (MATERIAUX ET PIECES SUR CATALOGUE)	COMPOSITES (MACHINING MATERIALS AND PARTS FROM CATALOGUE)						ADEME15	Produit mineraux (ciment, verre, etc.)	1.8	0.0	1.44	327100 / 325211 / 327999	Clay and ceramic products / Plastics / Other nonmetallic mineral products	1.2	0.54	0.96	1.4	0.52	1.12									macro	1.4	0.5	1.12	RA05	purchases	consumables	9	4.1
RA06	MATERIAUX ORGANIQUES AUTRES QUE PLASTIQUES  (MATERIAUX ET PIECES SUR CATALOGUE)	ORGANIC MATERIALS OTHER THAN PLASTICS (MATERIALS AND PARTS FROM CATALOGUE)						ADEME17	Papier et carton	0.9	0.0	0.7200000000000001	3252A0	Synthetic rubber and artificial and synthetic fibers	0.83	0.0	0.664	1.0	0.25	0.8									macro	1.0	0.2	0.8	RA06	purchases	consumables	9	4.1
RA11	MACHINES-OUTILS A COMMANDE NUMERIQUE	NUMERICALLY CONTROLLED MACHINE TOOLS						ADEME25	Machines et equipements	0.7	0.0	0.5599999999999999	33351B	Cutting and machine tool accessory, rolling mill, and other metalworking machines	0.34	0.0	0.272	0.5	0.18	0.4									macro	0.5	0.18	0.4	RA14	purchases	lab.equipment	10	4.2
RA12	ACCESSOIRES POUR MACHINES-OUTILS A COMMANDE NUMERIQUE	ACCESSORIES FOR NUMERICALLY CONTROLLED MACHINE TOOLS						ADEME25	Machines et equipements	0.7	0.0	0.5599999999999999	33351B	Cutting and machine tool accessory, rolling mill, and other metalworking machines	0.34	0.0	0.272	0.5	0.18	0.4									macro	0.5	0.18	0.4	RA14	purchases	lab.equipment	10	4.2
RA13	MACHINES-OUTILS CONVENTIONNELLES	CONVENTIONAL MACHINE TOOLS						ADEME25	Machines et equipements	0.7	0.0	0.5599999999999999	33351B	Cutting and machine tool accessory, rolling mill, and other metalworking machines	0.34	0.0	0.272	0.5	0.18	0.4									macro	0.5	0.18	0.4	RA14	purchases	lab.equipment	10	4.2
RA14	ACCESSOIRES POUR MACHINES-OUTILS CONVENTIONNELLES	ACCESSORIES FOR CONVENTIONAL MACHINE TOOLS						ADEME25	Machines et equipements	0.7	0.0	0.5599999999999999	33351B	Cutting and machine tool accessory, rolling mill, and other metalworking machines	0.34	0.0	0.272	0.5	0.18	0.4									macro	0.5	0.18	0.4	RA14	purchases	lab.equipment	10	4.2
RA15	CONSOMMABLES POUR MACHINES-OUTILS (CN ET CONVENTIONNELLES)	CONSUMABLES FOR MACHINE TOOLS (CN AND CONVENTIONAL)						ADEME24	Produits metalliques, sauf machines et equipements	0.6	0.0	0.48	33351B	Cutting and machine tool accessory, rolling mill, and other metalworking machines	0.34	0.0	0.272	0.47	0.13	0.376									macro	0.47	0.13	0.376	RA15	purchases	consumables	9	4.1
RA16	OUTILLAGE D'ATELIER NON PORTATIF	NON-PORTABLE WORKSHOP TOOLS						ADEME24	Produits metalliques, sauf machines et equipements	0.6	0.0	0.48	333514	Special tools, dies, jigs, and fixtures	0.3	0.0	0.24	0.49	0.17	0.392									macro	0.49	0.17	0.392	RA16	purchases	lab.equipment	10	4.2
RA17	CONSOMMABLES POUR OUTILLAGE D'ATELIER NON PORTATIF	CONSUMABLES FOR NON-PORTABLE WORKSHOP TOOLS						ADEME38 / ADEME24	Consommables de bureau - Petites fournitures / Produits metalliques, sauf machines et equipements	0.48	0.16	0.384	333514	Special tools, dies, jigs, and fixtures	0.3	0.0	0.24	0.45	0.17	0.36									macro	0.45	0.17	0.36	RA17	purchases	consumables	9	4.1
RA18	MACHINES 3D (IMPRIMANTES et SCANERS 3D,_x001A_) ET ACCESSOIRES	3D MACHINES (3D PRINTERS and SCANNERS,...) AND ACCESSORIES						ADEME26	Produits informatiques, electroniques et optiques	0.4	0.0	0.3200000000000001	33399A	Welding and Soldering Equipment, Scales and Balances, and other general purpose machinery	0.2	0.0	0.16	0.34	0.12	0.272									macro	0.34	0.12	0.272	RA18	purchases	lab.equipment	10	4.2
RA19	CONSOMMABLES POUR MACHINES 3D	CONSUMABLES FOR 3D MACHINES						ADEME37	Consommables de bureau - Consommables bureautiques	0.92	0.0	0.7360000000000001	3252A0	Synthetic rubber and artificial and synthetic fibers	0.83	0.0	0.664	1.0	0.25	0.8									macro	1.0	0.2	0.8	RA19	purchases	consumables	9	4.1
RA21	OUTILS ELECTROPORTATIFS ET ACCESSOIRES	POWER TOOLS AND ACCESSORIES						ADEME24	Produits metalliques, sauf machines et equipements	0.6	0.0	0.48	333991	Power tools	0.61	0.0	0.488	0.58	0.03	0.464									macro	0.58	0.03	0.464	RA21	purchases	lab.equipment	10	4.2
RA22	OUTILS A MAIN NON ELECTROPORTATIFS	NON-ELECTRIC HAND TOOLS						ADEME24	Produits metalliques, sauf machines et equipements	0.6	0.0	0.48	333991 / 333920	Power tools / Material handling equipment	0.44	0.23	0.352	0.52	0.15	0.416									macro	0.52	0.15	0.416	RA22	purchases	lab.equipment	10	4.2
RA23	QUINCAILLERIE - AUTRES FOURNITURES D'ATELIER DIVERSES	HARDWARE - OTHER MISCELLANEOUS WORKSHOP SUPPLIES						ADEME24	Produits metalliques, sauf machines et equipements	0.6	0.0	0.48	332500	Metal hinges, keys, lock, and other hardware	0.29	0.0	0.232	0.44	0.15	0.352									macro	0.44	0.15	0.352	RA23	purchases	consumables	10	4.2
RA31	MOBILIER D'ATELIER	WORKSHOP FURNITURE						ADEME20	Meubles et autres biens manufactures	0.5	0.0	0.4	33712N / 337110	Other household nonupholstered furniture / Wood kitchen cabinets and countertops	0.66	0.5	0.528	0.58	0.31	0.464									macro	0.58	0.31	0.464	RA33	purchases	lab.equipment	10	4.2
RA32	RANGEMENTS D'ATELIER	WORKSHOP STORAGE						ADEME20	Meubles et autres biens manufactures	0.5	0.0	0.4	33712N / 337110	Other household nonupholstered furniture / Wood kitchen cabinets and countertops	0.66	0.5	0.528	0.58	0.31	0.464									macro	0.58	0.31	0.464	RA33	purchases	lab.equipment	10	4.2
RA33	AMENAGEMENTS D'ATELIER	WORKSHOP FITTINGS						ADEME20	Meubles et autres biens manufactures	0.5	0.0	0.4	33712N / 337110	Other household nonupholstered furniture / Wood kitchen cabinets and countertops	0.66	0.5	0.528	0.58	0.31	0.464									macro	0.58	0.31	0.464	RA33	purchases	lab.equipment	10	4.2
RA41	PONT ROULANTS ET CHARIOTS ELEVATEURS (HORS BATIMENTS)	OVERHEAD CRANES AND FORKLIFTS (EXCLUDING BUILDINGS)						ADEME25	Machines et equipements	0.7	0.0	0.5599999999999999	33399A	Welding and Soldering Equipment, Scales and Balances, and other general purpose machinery	0.2	0.0	0.16	0.44	0.25	0.352									macro	0.44	0.25	0.352	RA42	purchases	lab.equipment	10	4.2
RA42	AUTRES EQUIPEMENTS MECANIQUES SPECIAUX	OTHER SPECIAL MECHANICAL EQUIPMENT						ADEME25	Machines et equipements	0.7	0.0	0.5599999999999999	33399A	Welding and Soldering Equipment, Scales and Balances, and other general purpose machinery	0.2	0.0	0.16	0.44	0.25	0.352									macro	0.44	0.25	0.352	RA42	purchases	lab.equipment	10	4.2
RB01	AUTOMATIQUE : MAQUETTES DE MISE EN SITUATION OU DE PROTOTYPAGE	AUTOMATIC : MOCK-UPS FOR SETTING UP OR PROTOTYPING						ADEME25	Machines et equipements	0.7	0.0	0.5599999999999999	33399A	Welding and Soldering Equipment, Scales and Balances, and other general purpose machinery	0.2	0.0	0.16	0.44	0.25	0.352									macro	0.44	0.25	0.352	RB03	purchases	lab.equipment	10	4.2
RB02	AUTOMATIQUE : ELEMENTS DE SYSTEME ELECTRO-MECANIQUE	AUTOMATIC: ELECTRO-MECHANICAL SYSTEM COMPONENTS						ADEME25	Machines et equipements	0.7	0.0	0.5599999999999999	33399A	Welding and Soldering Equipment, Scales and Balances, and other general purpose machinery	0.2	0.0	0.16	0.44	0.25	0.352									macro	0.44	0.25	0.352	RB03	purchases	lab.equipment	10	4.2
RB03	AUTOMATIQUE : ELEMENTS DE CONTR_x001A_LE COMMANDE	AUTOMATIC : CONTROL ELEMENTS						ADEME25	Machines et equipements	0.7	0.0	0.5599999999999999	33399A	Welding and Soldering Equipment, Scales and Balances, and other general purpose machinery	0.2	0.0	0.16	0.44	0.25	0.352									macro	0.44	0.25	0.352	RB03	purchases	lab.equipment	10	4.2
RC01	REPARATION ET MAINTECE DES MACHINES ET OUTILS D'ATELIERS	REPAIR AND MAINTENANCE OF WORKSHOP MACHINES AND TOOLS						ADEME07	Reparation et installation de machines et d'equipements	0.39	0.0	0.3120000000000001	811200 / 811300	Electronic  equipment repair and maintenance / Commercial machinery repair	0.15	0.06	0.12	0.22	0.15	0.176									macro	0.22	0.15	0.176	WB11	purchases	maintenance	9	4.5
RC02	REPARATION ET MAINTECE DES PONTS ROULANTS ET CHARIOTS ELEVATEURS	REPAIR AND MAINTENANCE OF OVERHEAD CRANES AND FORKLIFTS						ADEME07	Reparation et installation de machines et d'equipements	0.39	0.0	0.3120000000000001	811200 / 811300	Electronic  equipment repair and maintenance / Commercial machinery repair	0.15	0.06	0.12	0.22	0.15	0.176									macro	0.22	0.15	0.176	WB11	purchases	maintenance	9	4.5
RC03	REPARATION ET MAINTECE DES AUTRES GROS MATERIELS D'ATELIER	REPAIR AND MAINTENANCE OF OTHER LARGE WORKSHOP EQUIPMENT						ADEME07	Reparation et installation de machines et d'equipements	0.39	0.0	0.3120000000000001	811200 / 811300	Electronic  equipment repair and maintenance / Commercial machinery repair	0.15	0.06	0.12	0.22	0.15	0.176									macro	0.22	0.15	0.176	WB11	purchases	maintenance	9	4.5
RC11	AUTOMATIQUE : REPARATION ET MAINTECE DES SYSTEMES ELECTRO-MECANIQUES	AUTOMATIC : REPAIR AND MAINTENANCE OF ELECTRO-MECHANICAL SYSTEMS						ADEME07	Reparation et installation de machines et d'equipements	0.39	0.0	0.3120000000000001	811200 / 811300	Electronic  equipment repair and maintenance / Commercial machinery repair	0.15	0.06	0.12	0.22	0.15	0.176									macro	0.22	0.15	0.176	WB11	purchases	maintenance	9	4.5
RC12	AUTOMATIQUE : REPARATION ET MAINTECE DES ELEMENTS DE CONTR_x001A_LE COMMANDE	AUTOMATIC : REPAIR AND MAINTENANCE OF CONTROL ELEMENTS						ADEME07	Reparation et installation de machines et d'equipements	0.39	0.0	0.3120000000000001	811200 / 811300	Electronic  equipment repair and maintenance / Commercial machinery repair	0.15	0.06	0.12	0.22	0.15	0.176									macro	0.22	0.15	0.176	WB11	purchases	maintenance	9	4.5
RC13	AUTOMATIQUE : REPARATION ET MAINTECE DE L'INSTRUMENTATION SPECIFIQUE	AUTOMATIC : REPAIR AND MAINTENANCE OF SPECIFIC INSTRUMENTATION						ADEME07	Reparation et installation de machines et d'equipements	0.39	0.0	0.3120000000000001	811200 / 811300	Electronic  equipment repair and maintenance / Commercial machinery repair	0.15	0.06	0.12	0.22	0.15	0.176									macro	0.22	0.15	0.176	WB11	purchases	maintenance	9	4.5
RD01	SERVICES D'ETUDES ET DE CONCEPTION DE PIECES MECANIQUES	DESIGN AND ENGINEERING SERVICES FOR MECHANICAL PARTS						ADEME05	Services (imprimerie, publicite, architecture et ingenierie, maintenance multi-technique des batiments, gardiennage, nettoyage, securite, agence de voyage, autres services aux entreprises)	0.17	0.0	0.136	541400 / 541700	Specialized design / Scientific research and development	0.15	0.08	0.12	0.16	0.07	0.128									macro	0.16	0.07	0.128	RD11	purchases	services	9	4.5
RD02	PIECES MECANIQUES USINEES A FACON	CUSTOM-MADE MECHANICAL PARTS						ADEME05 / ADEME24	Services (imprimerie, publicite, architecture et ingenierie, maintenance multi-technique des batiments, gardiennage, nettoyage, securite, agence de voyage, autres services aux entreprises) / Produits metalliques, sauf machines et equipements	0.38	0.3	0.304	541610 / 332999	Management consulting / Other fabricated metal manufacturing	0.3	0.31	0.24	0.33	0.31	0.264									macro	0.33	0.31	0.264	RD02	purchases	services	9	4.5
RD03	SERVICES DE TRAITEMENT DE SURFACE ET TRAITEMENT THERMIQUE DE PIECES MECANIQUES	SURFACE TREATMENT AND HEAT TREATMENT SERVICES FOR MECHANICAL PARTS						ADEME05	Services (imprimerie, publicite, architecture et ingenierie, maintenance multi-technique des batiments, gardiennage, nettoyage, securite, agence de voyage, autres services aux entreprises)	0.17	0.0	0.136	541610	Management consulting	0.08	0.0	0.064	0.11	0.05	0.08800000000000001									macro	0.11	0.05	0.08800000000000001	RD07	purchases	services	9	4.5
RD04	SERVICES DE BLINDAGE (ELECTROMAGNETIQUE_x001A_)	SHIELDING SERVICES (ELECTROMAGNETIC...)						ADEME05	Services (imprimerie, publicite, architecture et ingenierie, maintenance multi-technique des batiments, gardiennage, nettoyage, securite, agence de voyage, autres services aux entreprises)	0.17	0.0	0.136	541610	Management consulting	0.08	0.0	0.064	0.11	0.05	0.08800000000000001									macro	0.11	0.05	0.08800000000000001	RD07	purchases	services	9	4.5
RD05	SERVICES DE METROLOGIE ET DE CONTR_x001A_LES EN MECANIQUE	METROLOGY AND MECHANICAL TESTING SERVICES						ADEME05	Services (imprimerie, publicite, architecture et ingenierie, maintenance multi-technique des batiments, gardiennage, nettoyage, securite, agence de voyage, autres services aux entreprises)	0.17	0.0	0.136	541610	Management consulting	0.08	0.0	0.064	0.11	0.05	0.08800000000000001									macro	0.11	0.05	0.08800000000000001	RD07	purchases	services	9	4.5
RD06	SERVICES D'ESSAIS MECANIQUES	MECHANICAL TESTING SERVICES						ADEME05	Services (imprimerie, publicite, architecture et ingenierie, maintenance multi-technique des batiments, gardiennage, nettoyage, securite, agence de voyage, autres services aux entreprises)	0.17	0.0	0.136	541610	Management consulting	0.08	0.0	0.064	0.11	0.05	0.08800000000000001									macro	0.11	0.05	0.08800000000000001	RD07	purchases	services	9	4.5
RD07	SERVICES DE TRAITEMENT DE SURFACE DE PIECES DESTINEES AUX EXPERIMENT. SPATIALES	SURFACE TREATMENT SERVICES FOR PARTS INTENDED FOR EXPERIMENTAL USE SPATIAL						ADEME05	Services (imprimerie, publicite, architecture et ingenierie, maintenance multi-technique des batiments, gardiennage, nettoyage, securite, agence de voyage, autres services aux entreprises)	0.17	0.0	0.136	541610	Management consulting	0.08	0.0	0.064	0.11	0.05	0.08800000000000001									macro	0.11	0.05	0.08800000000000001	RD07	purchases	services	9	4.5
RD11	AUTOMATIQUE : SERVICES D'ETUDE, CONCEPTION, INTEGRATION	AUTOMATION: STUDY, DESIGN AND INTEGRATION SERVICES						ADEME05	Services (imprimerie, publicite, architecture et ingenierie, maintenance multi-technique des batiments, gardiennage, nettoyage, securite, agence de voyage, autres services aux entreprises)	0.17	0.0	0.136	541400 / 541700	Specialized design / Scientific research and development	0.15	0.08	0.12	0.16	0.07	0.128									macro	0.16	0.07	0.128	RD11	purchases	services	9	4.5
RD21	DROITS D'UTIL. DE LOGICIELS DE CAO EN MECANIQUE	RIGHTS TO USE OF SOFTWARE FOR MECHANICAL ENGINEERING						ADEME05	Services (imprimerie, publicite, architecture et ingenierie, maintenance multi-technique des batiments, gardiennage, nettoyage, securite, agence de voyage, autres services aux entreprises)	0.17	0.0	0.136	511200	Software	0.08	0.0	0.064	0.12	0.05	0.096									macro	0.12	0.05	0.096	WA15	purchases	services	9	4.5
RD22	DROITS D'UTIL. DE LOGICIELS DE PROGRAM. DES MACHINES A COMDE NUM.	USER RIGHTS OF SOFTWARE FOR PROGRAMMING. SOFTWARE FOR NUMERICAL CONTROL MACHINES						ADEME05	Services (imprimerie, publicite, architecture et ingenierie, maintenance multi-technique des batiments, gardiennage, nettoyage, securite, agence de voyage, autres services aux entreprises)	0.17	0.0	0.136	511200	Software	0.08	0.0	0.064	0.12	0.05	0.096									macro	0.12	0.05	0.096	RD32	purchases	services	9	4.5
RD23	DROITS D'UTIL. DE LOGICIELS DE SIMULATION NUMERIQUE	RIGHTS TO USE OF NUMERICAL SIMULATION SOFTWARE						ADEME05	Services (imprimerie, publicite, architecture et ingenierie, maintenance multi-technique des batiments, gardiennage, nettoyage, securite, agence de voyage, autres services aux entreprises)	0.17	0.0	0.136	511200	Software	0.08	0.0	0.064	0.12	0.05	0.096									macro	0.12	0.05	0.096	RD32	purchases	services	9	4.5
RD24	DROITS D'UTIL. DES AUTRES LOGICIELS POUR LA MECANIQUE	RIGHTS OF USE OF OTHER SOFTWARE FOR MECHANICS						ADEME05	Services (imprimerie, publicite, architecture et ingenierie, maintenance multi-technique des batiments, gardiennage, nettoyage, securite, agence de voyage, autres services aux entreprises)	0.17	0.0	0.136	511200	Software	0.08	0.0	0.064	0.12	0.05	0.096									macro	0.12	0.05	0.096	RD32	purchases	services	9	4.5
RD25	MAINTECE DES LOGICIELS POUR LA MECANIQUE	MAINTENANCE OF SOFTWARE FOR MECHANICS						ADEME05	Services (imprimerie, publicite, architecture et ingenierie, maintenance multi-technique des batiments, gardiennage, nettoyage, securite, agence de voyage, autres services aux entreprises)	0.17	0.0	0.136	511200	Software	0.08	0.0	0.064	0.12	0.05	0.096									macro	0.12	0.05	0.096	RD32	purchases	services	9	4.5
RD31	DROITS D'UTIL. DES LOGICIELS POUR L'AUTOMATIQUE	USER RIGHTS OF SOFTWARE FOR AUTOMATION						ADEME05	Services (imprimerie, publicite, architecture et ingenierie, maintenance multi-technique des batiments, gardiennage, nettoyage, securite, agence de voyage, autres services aux entreprises)	0.17	0.0	0.136	511200	Software	0.08	0.0	0.064	0.12	0.05	0.096									macro	0.12	0.05	0.096	WA15	purchases	services	9	4.5
RD32	MAINTECE DES LOGICIELS POUR L'AUTOMATIQUE	SOFTWARE FOR AUTOMATIC CONTROL: MAINTENANCE						ADEME05	Services (imprimerie, publicite, architecture et ingenierie, maintenance multi-technique des batiments, gardiennage, nettoyage, securite, agence de voyage, autres services aux entreprises)	0.17	0.0	0.136	511200	Software	0.08	0.0	0.064	0.12	0.05	0.096									macro	0.12	0.05	0.096	RD32	purchases	services	9	4.5
SA01	SPECTROMETRIE RMN : SPECTROMETRES COMPLETS	MRN SPECTROMETRY : COMPLETE SPECTROMETERS						ADEME26	Produits informatiques, electroniques et optiques	0.4	0.0	0.3200000000000001	334516	Analytical laboratory instruments	0.08	0.0	0.064	0.24	0.16	0.192									macro	0.24	0.16	0.192	UG22	purchases	lab.equipment	10	4.2
SA02	SPECTROMETRIE RMN : CRYOSONDES / TETES DE MESURES	RMN SPECTROMETRY : CRYOPROBES / MEASURING HEADS						ADEME26	Produits informatiques, electroniques et optiques	0.4	0.0	0.3200000000000001	334516	Analytical laboratory instruments	0.08	0.0	0.064	0.24	0.16	0.192									macro	0.24	0.16	0.192	UG22	purchases	lab.equipment	10	4.2
SA03	SPECTROMETRIE RMN : AIMANTS SUPRACONDUCTEURS	RMN SPECTROMETRY : SUPERCONDUCTING MAGNETS						ADEME26	Produits informatiques, electroniques et optiques	0.4	0.0	0.3200000000000001	334516	Analytical laboratory instruments	0.08	0.0	0.064	0.24	0.16	0.192									macro	0.24	0.16	0.192	UG22	purchases	lab.equipment	10	4.2
SA04	SPECTROMETRIE RMN : CONSOLES ELECTRONIQUES	RMN SPECTROMETRY : ELECTRONIC CONSOLES						ADEME26	Produits informatiques, electroniques et optiques	0.4	0.0	0.3200000000000001	334516	Analytical laboratory instruments	0.08	0.0	0.064	0.24	0.16	0.192									macro	0.24	0.16	0.192	UG22	purchases	lab.equipment	10	4.2
SA05	SPECTROMETRIE RMN : AUTRE MATERIEL, ACCESSOIRES, PIECES DETACHEES	NMR SPECTROMETRY : OTHER EQUIPMENT, ACCESSORIES, SPARE PARTS						ADEME26	Produits informatiques, electroniques et optiques	0.4	0.0	0.3200000000000001	334516 / 339990	Analytical laboratory instruments / Gaskets, seals, musical instruments, fasteners, brooms, brushes, mop and other misc. goods	0.14	0.07	0.112	0.31	0.2	0.248									macro	0.31	0.2	0.248	UG33	purchases	lab.equipment	10	4.2
SA11	SPECTROMETRIE RPE : SPECTROMETRES COMPLETS	RPE SPECTROMETRY : COMPLETE SPECTROMETERS						ADEME26	Produits informatiques, electroniques et optiques	0.4	0.0	0.3200000000000001	334516	Analytical laboratory instruments	0.08	0.0	0.064	0.24	0.16	0.192									macro	0.24	0.16	0.192	UG22	purchases	lab.equipment	10	4.2
SA12	SPECTROMETRIE RPE : AUTRE MATERIEL, ACCESSOIRES, PIECES DETACHEES	RPE SPECTROMETRY: OTHER EQUIPMENT, ACCESSORIES, SPARE PARTS						ADEME26	Produits informatiques, electroniques et optiques	0.4	0.0	0.3200000000000001	334516	Analytical laboratory instruments	0.08	0.0	0.064	0.24	0.16	0.192									macro	0.24	0.16	0.192	UG22	purchases	lab.equipment	10	4.2
SB01	SPECTROMETRIE DE MASSE DES IONS SECONDAIRES : SONDES IONIQUES IMS	SECONDARY ION MASS SPECTROMETRY: IMS ION PROBES						ADEME26	Produits informatiques, electroniques et optiques	0.4	0.0	0.3200000000000001	334516	Analytical laboratory instruments	0.08	0.0	0.064	0.24	0.16	0.192									macro	0.24	0.16	0.192	UG22	purchases	lab.equipment	10	4.2
SB02	SPECTROMETRIE DE MASSE DES IONS SECONDAIRES : AUTRE MATERIEL ET PIECES DET.	SECONDARY ION MASS SPECTROMETRY: OTHER EQUIPMENT AND PARTS						ADEME26	Produits informatiques, electroniques et optiques	0.4	0.0	0.3200000000000001	334516 / 339990	Analytical laboratory instruments / Gaskets, seals, musical instruments, fasteners, brooms, brushes, mop and other misc. goods	0.14	0.07	0.112	0.31	0.2	0.248									macro	0.31	0.2	0.248	UG33	purchases	lab.equipment	10	4.2
SB11	SPECTROSCOPIE MASSIQUE DE DECHARGE LUMINESCENTE (GDMS) : SPECTROMETRES COMPLETS	GLOW DISCHARGE MASS SPECTROSCOPY (GDMS): COMPLETE SPECTROMETERS						ADEME26	Produits informatiques, electroniques et optiques	0.4	0.0	0.3200000000000001	334516	Analytical laboratory instruments	0.08	0.0	0.064	0.24	0.16	0.192									macro	0.24	0.16	0.192	UG22	purchases	lab.equipment	10	4.2
SB12	SPECTROSCOPIE GDMS : AUTRE MATERIEL ET PIECES DETACHEES	GDMS SPECTROSCOPY: OTHER EQUIPMENT AND PARTS						ADEME26	Produits informatiques, electroniques et optiques	0.4	0.0	0.3200000000000001	334516 / 339990	Analytical laboratory instruments / Gaskets, seals, musical instruments, fasteners, brooms, brushes, mop and other misc. goods	0.14	0.07	0.112	0.31	0.2	0.248									macro	0.31	0.2	0.248	UG33	purchases	lab.equipment	10	4.2
SB21	SPECTROMETRES DE MASSE A RESOCE CYCLOTRONIQUE D'IONS (FT-ICR)	ION CYCLOTRON RESONANCE MASS SPECTROMETERS (FT-ICR)						ADEME26	Produits informatiques, electroniques et optiques	0.4	0.0	0.3200000000000001	334516	Analytical laboratory instruments	0.08	0.0	0.064	0.24	0.16	0.192	MSB21	Shimadzu	0.2	0.16					meso	0.2	0.16	0.16	UG22	purchases	lab.equipment	10	4.2
SB22	SPECTROMETRIE FT-ICR : AUTRE MATERIEL ET CONSOMMABLES DEDIES	FT-ICR SPECTROMETRY: OTHER DEDICATED EQUIPMENT AND CONSUMABLES						ADEME26	Produits informatiques, electroniques et optiques	0.4	0.0	0.3200000000000001	334516 / 339990	Analytical laboratory instruments / Gaskets, seals, musical instruments, fasteners, brooms, brushes, mop and other misc. goods	0.14	0.07	0.112	0.31	0.2	0.248	MSB21	Shimadzu	0.2	0.16					meso	0.2	0.16	0.16	UG33	purchases	lab.equipment	10	4.2
SB23	SPECTROMETRES DE MASSE POUR LA BIOLOGIE	MASS SPECTROMETERS FOR BIOLOGY						ADEME26	Produits informatiques, electroniques et optiques	0.4	0.0	0.3200000000000001	334516	Analytical laboratory instruments	0.08	0.0	0.064	0.24	0.16	0.192	MSB21	Shimadzu	0.2	0.16					meso	0.2	0.16	0.16	UG22	purchases	lab.equipment	10	4.2
SB24	SPECTRO DE MASSE POUR LA BIOLOGIE : AUTRE MATERIEL ET CONSOMMABLES DEDIES	MASS SPECTROMETRY FOR BIOLOGY: OTHER DEDICATED EQUIPMENT AND CONSUMABLES						ADEME26	Produits informatiques, electroniques et optiques	0.4	0.0	0.3200000000000001	334516 / 339990	Analytical laboratory instruments / Gaskets, seals, musical instruments, fasteners, brooms, brushes, mop and other misc. goods	0.14	0.07	0.112	0.31	0.2	0.248	MSB21	Shimadzu	0.2	0.16					meso	0.2	0.16	0.16	UG33	purchases	lab.equipment	10	4.2
SB31	SPECTROMETRES DE MASSE POUR LA CHIMIE	MASS SPECTROMETERS FOR CHEMISTRY						ADEME26	Produits informatiques, electroniques et optiques	0.4	0.0	0.3200000000000001	334516	Analytical laboratory instruments	0.08	0.0	0.064	0.24	0.16	0.192	MSB21	Shimadzu	0.2	0.16					meso	0.2	0.16	0.16	UG22	purchases	lab.equipment	10	4.2
SB32	SPECTRO DE MASSE POUR LA CHIMIE : AUTRE MATERIEL ET CONSOMMABLES DEDIES	MASS SPECTROMETRY FOR CHEMISTRY: OTHER DEDICATED EQUIPMENT AND CONSUMABLES						ADEME26	Produits informatiques, electroniques et optiques	0.4	0.0	0.3200000000000001	334516 / 339990	Analytical laboratory instruments / Gaskets, seals, musical instruments, fasteners, brooms, brushes, mop and other misc. goods	0.14	0.07	0.112	0.31	0.2	0.248	MSB21	Shimadzu	0.2	0.16					meso	0.2	0.16	0.16	UG33	purchases	lab.equipment	10	4.2
SB51	CHROMATOGRAPHIE LIQUIDE ANALYTIQUE : CHAINES, DETECTEURS, POMPES_x001A_	ANALYTICAL LIQUID CHROMATOGRAPHY : CHAINS, DETECTORS, PUMPS...						ADEME26	Produits informatiques, electroniques et optiques	0.4	0.0	0.3200000000000001	334516	Analytical laboratory instruments	0.08	0.0	0.064	0.24	0.16	0.192	MSB21	Shimadzu	0.2	0.16					meso	0.2	0.16	0.16	UG22	purchases	lab.equipment	10	4.2
SB52	CHROMATOGRAPHIE LIQUIDE ANALYTIQUE : COLONNES ET AUTRES CONSOMMABLES DEDIES	ANALYTICAL LIQUID CHROMATOGRAPHY : COLUMNS AND OTHER DEDICATED CONSUMABLES						ADEME22 / ADEME38	Produits pharmaceutiques / Consommables de bureau - Petites fournitures	0.43	0.09	0.344	334516 / 339990	Analytical laboratory instruments / Gaskets, seals, musical instruments, fasteners, brooms, brushes, mop and other misc. goods	0.14	0.07	0.112	0.32	0.21	0.256	MSB21	Shimadzu	0.2	0.16					meso	0.2	0.16	0.16	SB54	purchases	lab.equipment	9	4.1
SB53	CHROMATOGRAPHIE GAZEUSE ANALYTIQUE : CHAINES, FOURS, DETECTEURS,_x001A_	ANALYTICAL GAS CHROMATOGRAPHY: LINES, FURNACES, DETECTORS,...						ADEME26	Produits informatiques, electroniques et optiques	0.4	0.0	0.3200000000000001	334516	Analytical laboratory instruments	0.08	0.0	0.064	0.24	0.16	0.192	MSB21	Shimadzu	0.2	0.16					meso	0.2	0.16	0.16	UG22	purchases	lab.equipment	10	4.2
SB54	CHROMATOGRAPHIE GAZEUSE ANALYTIQUE : COLONNES ET AUTRES CONSOMMABLES DEDIES	ANALYTICAL GAS CHROMATOGRAPHY : COLUMNS AND OTHER DEDICATED CONSUMABLES						ADEME22 / ADEME38	Produits pharmaceutiques / Consommables de bureau - Petites fournitures	0.43	0.09	0.344	334516 / 339990	Analytical laboratory instruments / Gaskets, seals, musical instruments, fasteners, brooms, brushes, mop and other misc. goods	0.14	0.07	0.112	0.32	0.21	0.256	MSB21	Shimadzu	0.2	0.16					meso	0.2	0.16	0.16	SB54	purchases	lab.equipment	9	4.1
SB55	MATERIEL D'ELECTROPHORESE CAPILLAIRE : INSTRUMENTS	CAPILLARY ELECTROPHORESIS EQUIPMENT: INSTRUMENTS						ADEME26	Produits informatiques, electroniques et optiques	0.4	0.0	0.3200000000000001	334516	Analytical laboratory instruments	0.08	0.0	0.064	0.24	0.16	0.192	MSB21	Shimadzu	0.2	0.16					meso	0.2	0.16	0.16	UG22	purchases	lab.equipment	10	4.2
SB56	MATERIEL D'ELECTROPHORESE CAPILLAIRE : CONSOMMABLES DEDIES AUX INSTRUMENTS	CAPILLARY ELECTROPHORESIS EQUIPMENT: CONSUMABLES FOR INSTRUMENTS						ADEME26	Produits informatiques, electroniques et optiques	0.4	0.0	0.3200000000000001	334516 / 339990	Analytical laboratory instruments / Gaskets, seals, musical instruments, fasteners, brooms, brushes, mop and other misc. goods	0.14	0.07	0.112	0.31	0.2	0.248	MSB21	Shimadzu	0.2	0.16					meso	0.2	0.16	0.16	UG33	purchases	consumables	9	4.1
SC01	DIFFRACTION X : DIFFRACTOMETRES A RAYONS X COMPLETS	X-RAY DIFFRACTION : COMPLETE X-RAY DIFFRACTOMETERS						ADEME26	Produits informatiques, electroniques et optiques	0.4	0.0	0.3200000000000001	334517 / 334516	Irradiation apparatuses / Analytical laboratory instruments	0.13	0.06	0.104	0.27	0.14	0.216									macro	0.27	0.14	0.216	SB54	purchases	lab.equipment	10	4.2
SC02	DIFFRACTION X : GENERATEURS DE RAYONS X	X-RAY DIFFRACTION : X-RAY GENERATORS						ADEME26	Produits informatiques, electroniques et optiques	0.4	0.0	0.3200000000000001	334517 / 334516	Irradiation apparatuses / Analytical laboratory instruments	0.13	0.06	0.104	0.27	0.14	0.216									macro	0.27	0.14	0.216	SB54	purchases	lab.equipment	10	4.2
SC03	DIFFRACTION X : AUTRE MATERIEL ET CONSOMMABLES DEDIES	X-RAY DIFFRACTION : OTHER DEDICATED EQUIPMENT AND CONSUMABLES						ADEME26	Produits informatiques, electroniques et optiques	0.4	0.0	0.3200000000000001	334517 / 334516 / 339990	Irradiation apparatuses / Analytical laboratory instruments / Gaskets, seals, musical instruments, fasteners, brooms, brushes, mop and other misc. goods	0.15	0.05	0.12	0.3	0.17	0.24									macro	0.3	0.17	0.24	SB54	purchases	lab.equipment	10	4.2
SC04	DIFFUSION DES RAYONS X : SYSTEMES COMPLETS	X-RAY SCATTERING : COMPLETE SYSTEMS						ADEME26	Produits informatiques, electroniques et optiques	0.4	0.0	0.3200000000000001	334517 / 334516	Irradiation apparatuses / Analytical laboratory instruments	0.13	0.06	0.104	0.27	0.14	0.216									macro	0.27	0.14	0.216	SB54	purchases	lab.equipment	10	4.2
SC05	DIFFUSION DES RAYONS X : AUTRE MATERIEL ET CONSOMMABLES DEDIES	X-RAY SCATTERING : OTHER DEDICATED EQUIPMENT AND CONSUMABLES						ADEME26	Produits informatiques, electroniques et optiques	0.4	0.0	0.3200000000000001	334517 / 334516 / 339990	Irradiation apparatuses / Analytical laboratory instruments / Gaskets, seals, musical instruments, fasteners, brooms, brushes, mop and other misc. goods	0.15	0.05	0.12	0.3	0.17	0.24									macro	0.3	0.17	0.24	SB54	purchases	lab.equipment	10	4.2
SC11	SPECTROMETRIE DE FLUORESCENCE X (XRF) : SPECTROMETRES COMPLETS	X-RAY FLUORESCENCE SPECTROMETRY (XRF) : COMPLETE SPECTROMETERS						ADEME26	Produits informatiques, electroniques et optiques	0.4	0.0	0.3200000000000001	334517 / 334516	Irradiation apparatuses / Analytical laboratory instruments	0.13	0.06	0.104	0.27	0.14	0.216	MSB21	Shimadzu	0.2	0.16					meso	0.2	0.16	0.16	SB54	purchases	lab.equipment	10	4.2
SC12	SPECTROMETRIE DE FLUORESCENCE X : AUTRE MATERIEL ET CONSOMMABLES DEDIES	X-RAY FLUORESCENCE SPECTROMETRY: OTHER DEDICATED EQUIPMENT AND CONSUMABLES						ADEME26	Produits informatiques, electroniques et optiques	0.4	0.0	0.3200000000000001	334517 / 334516 / 339990	Irradiation apparatuses / Analytical laboratory instruments / Gaskets, seals, musical instruments, fasteners, brooms, brushes, mop and other misc. goods	0.15	0.05	0.12	0.3	0.17	0.24	MSB21	Shimadzu	0.2	0.16					meso	0.2	0.16	0.16	SB54	purchases	lab.equipment	10	4.2
SC21	RAYONS X : TOMOGRAPHES A RAYONS X	X-RAY : X-RAY TOMOGRAPHS						ADEME26	Produits informatiques, electroniques et optiques	0.4	0.0	0.3200000000000001	334517 / 334516	Irradiation apparatuses / Analytical laboratory instruments	0.13	0.06	0.104	0.27	0.14	0.216									macro	0.27	0.14	0.216	SB54	purchases	lab.equipment	10	4.2
SC22	RAYONS X : AUTRE MATERIEL ET CONSOMMABLES DEDIES AUX INSTRUMENTS	X-RAY : OTHER EQUIPMENT AND CONSUMABLES FOR INSTRUMENTS						ADEME26	Produits informatiques, electroniques et optiques	0.4	0.0	0.3200000000000001	334517 / 334516 / 339990	Irradiation apparatuses / Analytical laboratory instruments / Gaskets, seals, musical instruments, fasteners, brooms, brushes, mop and other misc. goods	0.15	0.05	0.12	0.3	0.17	0.24									macro	0.3	0.17	0.24	SB54	purchases	lab.equipment	10	4.2
SD01	SPECTROMETRES ELECTRONIQUES (AUGER, XPS, ESCA, LEED, RHEED,..)	ELECTRONIC SPECTROMETERS (AUGER, XPS, ESCA, LEED, RHEED,..)						ADEME26	Produits informatiques, electroniques et optiques	0.4	0.0	0.3200000000000001	334516	Analytical laboratory instruments	0.08	0.0	0.064	0.24	0.16	0.192									macro	0.24	0.16	0.192	UG22	purchases	lab.equipment	10	4.2
SD02	SPECTROMETRIE ELECTRONIQUE : AUTRE MATERIEL ET CONSOMMABLES DEDIES	ELECTRONIC SPECTROMETRY: OTHER DEDICATED EQUIPMENT AND CONSUMABLES						ADEME26	Produits informatiques, electroniques et optiques	0.4	0.0	0.3200000000000001	334516 / 339990	Analytical laboratory instruments / Gaskets, seals, musical instruments, fasteners, brooms, brushes, mop and other misc. goods	0.14	0.07	0.112	0.31	0.2	0.248									macro	0.31	0.2	0.248	UG33	purchases	lab.equipment	10	4.2
SD03	APPAREILS DE SPECTROMETRIE IONIQUE (HEIS ou RBS, MEIS,_x001A_)	IONIC SPECTROMETRY EQUIPMENT (HEIS or RBS, MEIS,...)						ADEME26	Produits informatiques, electroniques et optiques	0.4	0.0	0.3200000000000001	334516	Analytical laboratory instruments	0.08	0.0	0.064	0.24	0.16	0.192									macro	0.24	0.16	0.192	UG22	purchases	lab.equipment	10	4.2
SD04	SPECTROMETRIE IONIQUE : AUTRE MATERIEL ET CONSOMMABLES DEDIES	IONIC SPECTROMETRY: OTHER DEDICATED EQUIPMENT AND CONSUMABLES						ADEME26	Produits informatiques, electroniques et optiques	0.4	0.0	0.3200000000000001	334516 / 339990	Analytical laboratory instruments / Gaskets, seals, musical instruments, fasteners, brooms, brushes, mop and other misc. goods	0.14	0.07	0.112	0.31	0.2	0.248									macro	0.31	0.2	0.248	UG33	purchases	lab.equipment	10	4.2
SE01	SPECTROMETRIE RAMAN : SPECTROMETRES COMPLETS	RAMAN SPECTROMETRY : COMPLETE SPECTROMETERS						ADEME26	Produits informatiques, electroniques et optiques	0.4	0.0	0.3200000000000001	334516 / 333314	Analytical laboratory instruments / Optical instruments and lenses	0.16	0.11	0.128	0.27	0.14	0.216									macro	0.27	0.14	0.216	SB54	purchases	lab.equipment	10	4.2
SE02	SPECTROMETRIE RAMAN : AUTRE MATERIEL ET PIECES DETACHEES DEDIES	RAMAN SPECTROMETRY : OTHER EQUIPMENT AND SPARE PARTS						ADEME26	Produits informatiques, electroniques et optiques	0.4	0.0	0.3200000000000001	334516 / 333314 / 339990	Analytical laboratory instruments / Optical instruments and lenses / Gaskets, seals, musical instruments, fasteners, brooms, brushes, mop and other misc. goods	0.17	0.08	0.136	0.31	0.16	0.248									macro	0.31	0.16	0.248	SB54	purchases	lab.equipment	10	4.2
SE11	SPECTROPHOTOMETRIE UV-VISIBLE : LECTEURS DE MICROPLAQUES (SANS RADIOACTIVITE)	UV-VISIBLE SPECTROPHOTOMETRY : MICROPLATE READERS (WITHOUT RADIOACTIVITY)						ADEME26	Produits informatiques, electroniques et optiques	0.4	0.0	0.3200000000000001	334516 / 333314	Analytical laboratory instruments / Optical instruments and lenses	0.16	0.11	0.128	0.27	0.14	0.216	MSB21	Shimadzu	0.2	0.16					meso	0.2	0.16	0.16	SB54	purchases	lab.equipment	10	4.2
SE12	SPECTROMETRES UV-VISIBLE ET INFRA ROUGE (HORS LECTEURS DE MICROPLAQUES)	UV-VISIBLE AND INFRARED SPECTROMETERS (EXCLUDING MICROPLATE READERS)						ADEME26	Produits informatiques, electroniques et optiques	0.4	0.0	0.3200000000000001	334516 / 333314	Analytical laboratory instruments / Optical instruments and lenses	0.16	0.11	0.128	0.27	0.14	0.216	MSB21	Shimadzu	0.2	0.16					meso	0.2	0.16	0.16	SB54	purchases	lab.equipment	10	4.2
SE13	SPECTROPHOTOMETRIE UV-VISIBLE : AUTRE MATERIEL ET CONSOMMABLES DEDIES	UV-VISIBLE SPECTROPHOTOMETRY: OTHER DEDICATED EQUIPMENT AND CONSUMABLES						ADEME26	Produits informatiques, electroniques et optiques	0.4	0.0	0.3200000000000001	334516 / 333314 / 339990	Analytical laboratory instruments / Optical instruments and lenses / Gaskets, seals, musical instruments, fasteners, brooms, brushes, mop and other misc. goods	0.17	0.08	0.136	0.31	0.16	0.248	MSB21	Shimadzu	0.2	0.16					meso	0.2	0.16	0.16	SB54	purchases	lab.equipment	10	4.2
SE14	SPECTROFLUORIMETRES ET FLUORIMETRES (HORS LECTEURS DE MICROPLAQUES)	SPECTROFLUOROMETERS AND FLUOROMETERS (EXCLUDING MICROPLATE READERS)						ADEME26	Produits informatiques, electroniques et optiques	0.4	0.0	0.3200000000000001	334516 / 333314	Analytical laboratory instruments / Optical instruments and lenses	0.16	0.11	0.128	0.27	0.14	0.216	MSB21	Shimadzu	0.2	0.16					meso	0.2	0.16	0.16	SB54	purchases	lab.equipment	10	4.2
SE15	SPECTROFLUORIMETRIE ET FLUORIMETRIE : AUTRE MATERIEL ET CONSOMMABLES DEDIES	SPECTROFLUOROMETRY AND FLUORIMETRY: OTHER DEDICATED EQUIPMENT AND CONSUMABLES						ADEME26	Produits informatiques, electroniques et optiques	0.4	0.0	0.3200000000000001	334516 / 333314 / 339990	Analytical laboratory instruments / Optical instruments and lenses / Gaskets, seals, musical instruments, fasteners, brooms, brushes, mop and other misc. goods	0.17	0.08	0.136	0.31	0.16	0.248	MSB21	Shimadzu	0.2	0.16					meso	0.2	0.16	0.16	SB54	purchases	lab.equipment	10	4.2
SE21	SPECTROPOLARIMETRIE - POLARIMETRIE : SPECTROMETRES COMPLETS	SPECTROPOLARIMETRY - POLARIMETRY: COMPLETE SPECTROMETERS						ADEME26	Produits informatiques, electroniques et optiques	0.4	0.0	0.3200000000000001	334516 / 333314	Analytical laboratory instruments / Optical instruments and lenses	0.16	0.11	0.128	0.27	0.14	0.216									macro	0.27	0.14	0.216	SB54	purchases	lab.equipment	10	4.2
SE22	SPECTROPOLARIMETRIE - POLARIMETRIE : AUTRE MATERIEL ET CONSOMMABLES DEDIES	SPECTROPOLARIMETRY - POLARIMETRY: OTHER DEDICATED EQUIPMENT AND CONSUMABLES						ADEME26	Produits informatiques, electroniques et optiques	0.4	0.0	0.3200000000000001	334516 / 333314 / 339990	Analytical laboratory instruments / Optical instruments and lenses / Gaskets, seals, musical instruments, fasteners, brooms, brushes, mop and other misc. goods	0.17	0.08	0.136	0.31	0.16	0.248									macro	0.31	0.16	0.248	SB54	purchases	lab.equipment	10	4.2
SE23	DICHROISME CIRCULAIRE : SPECTROMETRES COMPLETS	CIRCULAR DICHROISM : COMPLETE SPECTROMETERS						ADEME26	Produits informatiques, electroniques et optiques	0.4	0.0	0.3200000000000001	334516 / 333314	Analytical laboratory instruments / Optical instruments and lenses	0.16	0.11	0.128	0.27	0.14	0.216									macro	0.27	0.14	0.216	SB54	purchases	lab.equipment	10	4.2
SE24	DICHROISME CIRCULAIRE : AUTRE MATERIEL ET CONSOMMABLES DEDIES AUX INSTRUMENTS	CIRCULAR DICHROISM: OTHER EQUIPMENT AND CONSUMABLES FOR INSTRUMENTS						ADEME26	Produits informatiques, electroniques et optiques	0.4	0.0	0.3200000000000001	334516 / 333314 / 339990	Analytical laboratory instruments / Optical instruments and lenses / Gaskets, seals, musical instruments, fasteners, brooms, brushes, mop and other misc. goods	0.17	0.08	0.136	0.31	0.16	0.248									macro	0.31	0.16	0.248	SB54	purchases	lab.equipment	10	4.2
SE31	ELLIPSOMETRIE SPECTROSCOPIQUE : SPECTROMETRES COMPLETS	SPECTROSCOPIC ELLIPSOMETRY : COMPLETE SPECTROMETERS						ADEME26	Produits informatiques, electroniques et optiques	0.4	0.0	0.3200000000000001	334516 / 333314	Analytical laboratory instruments / Optical instruments and lenses	0.16	0.11	0.128	0.27	0.14	0.216									macro	0.27	0.14	0.216	SB54	purchases	lab.equipment	10	4.2
SE32	ELLIPSOMETRIE SPECTROSCOPIQUE : AUTRE MATERIEL ET CONSOMMABLES DEDIES	SPECTROSCOPIC ELLIPSOMETRY : OTHER DEDICATED EQUIPMENT AND CONSUMABLES						ADEME26	Produits informatiques, electroniques et optiques	0.4	0.0	0.3200000000000001	334516 / 333314 / 339990	Analytical laboratory instruments / Optical instruments and lenses / Gaskets, seals, musical instruments, fasteners, brooms, brushes, mop and other misc. goods	0.17	0.08	0.136	0.31	0.16	0.248									macro	0.31	0.16	0.248	SB54	purchases	lab.equipment	10	4.2
SE41	INTERFEROMETRIE SPECTROSCOPIQUE : SPECTROMETRES COMPLETS	SPECTROSCOPIC INTERFEROMETRY : COMPLETE SPECTROMETERS						ADEME26	Produits informatiques, electroniques et optiques	0.4	0.0	0.3200000000000001	334516 / 333314	Analytical laboratory instruments / Optical instruments and lenses	0.16	0.11	0.128	0.27	0.14	0.216									macro	0.27	0.14	0.216	SB54	purchases	lab.equipment	10	4.2
SE42	INTERFEROMETRIE SPECTROSCOPIQUE : AUTRE MATERIEL ET CONSOMMABLES DEDIES	SPECTROSCOPIC INTERFEROMETRY: OTHER DEDICATED EQUIPMENT AND CONSUMABLES						ADEME26	Produits informatiques, electroniques et optiques	0.4	0.0	0.3200000000000001	334516 / 333314 / 339990	Analytical laboratory instruments / Optical instruments and lenses / Gaskets, seals, musical instruments, fasteners, brooms, brushes, mop and other misc. goods	0.17	0.08	0.136	0.31	0.16	0.248									macro	0.31	0.16	0.248	SB54	purchases	lab.equipment	10	4.2
SE51	SPECTROMETRES D'ABSORPTION ET D'EMISSION ATOMIQUE	ATOMIC ABSORPTION AND EMISSION SPECTROMETERS						ADEME26	Produits informatiques, electroniques et optiques	0.4	0.0	0.3200000000000001	334516 / 333314	Analytical laboratory instruments / Optical instruments and lenses	0.16	0.11	0.128	0.27	0.14	0.216	MSB21	Shimadzu	0.2	0.16					meso	0.2	0.16	0.16	SB54	purchases	lab.equipment	10	4.2
SE52	SPECTROM. D'ABSORPT. ET D'EMISS. ATOMIQUE : AUTRE MATERIEL ET CONSOMM. DEDIES	SPECTROM. ABSORPT. AND EMISS. ATOMIC EMISSION SPECTROMETERS: OTHER EQUIPMENT AND CONSUMABLES DEDICATED						ADEME26	Produits informatiques, electroniques et optiques	0.4	0.0	0.3200000000000001	334516 / 333314 / 339990	Analytical laboratory instruments / Optical instruments and lenses / Gaskets, seals, musical instruments, fasteners, brooms, brushes, mop and other misc. goods	0.17	0.08	0.136	0.31	0.16	0.248	MSB21	Shimadzu	0.2	0.16					meso	0.2	0.16	0.16	SB54	purchases	lab.equipment	10	4.2
SE61	SPECTROMETRIE OPTIQUE : LAMPES POUR SPECTROMETRES / SPECTROPHOTOMETRES	OPTICAL SPECTROMETRY : LAMPS FOR SPECTROMETERS / SPECTROPHOTOMETERS						ADEME26	Produits informatiques, electroniques et optiques	0.4	0.0	0.3200000000000001	334516 / 333314	Analytical laboratory instruments / Optical instruments and lenses	0.16	0.11	0.128	0.27	0.14	0.216									macro	0.27	0.14	0.216	SB54	purchases	lab.equipment	9	4.1
SF01	SPECTROSCOPIE DIELECTRIQUE : EQUIPEMENTS ET ACCESSOIRES	DIELECTRIC SPECTROSCOPY: EQUIPMENT AND ACCESSORIES						ADEME26	Produits informatiques, electroniques et optiques	0.4	0.0	0.3200000000000001	334516 / 339990	Analytical laboratory instruments / Gaskets, seals, musical instruments, fasteners, brooms, brushes, mop and other misc. goods	0.14	0.07	0.112	0.31	0.2	0.248									macro	0.31	0.2	0.248	UG33	purchases	lab.equipment	10	4.2
SF02	REFRACTOMETRIE DE RESOCE DE PLASMON DE SURFACE : EQUIPEMENTS ET ACCESSOIRES	SURFACE PLASMON RESISTIVITY REFRACTOMETRY: EQUIPMENT AND ACCESSORIES						ADEME26	Produits informatiques, electroniques et optiques	0.4	0.0	0.3200000000000001	334516 / 339990	Analytical laboratory instruments / Gaskets, seals, musical instruments, fasteners, brooms, brushes, mop and other misc. goods	0.14	0.07	0.112	0.31	0.2	0.248									macro	0.31	0.2	0.248	UG33	purchases	lab.equipment	10	4.2
SF03	AUTRES TECHNIQUES SPECTROSCOPIQUES : EQUIPEMENTS ET ACCESSOIRES	OTHER SPECTROSCOPIC TECHNIQUES: EQUIPMENT AND ACCESSORIES						ADEME26	Produits informatiques, electroniques et optiques	0.4	0.0	0.3200000000000001	334516 / 339990	Analytical laboratory instruments / Gaskets, seals, musical instruments, fasteners, brooms, brushes, mop and other misc. goods	0.14	0.07	0.112	0.31	0.2	0.248									macro	0.31	0.2	0.248	UG33	purchases	lab.equipment	10	4.2
SG01	SPECTROMETRIE RMN ET RPE : MAINTECE, REPARATION DU MATERIEL	RMN AND RPE SPECTROMETRY: MAINTENANCE, REPAIR OF EQUIPMENT						ADEME07	Reparation et installation de machines et d'equipements	0.39	0.0	0.3120000000000001	811300 / 811200	Commercial machinery repair / Electronic  equipment repair and maintenance	0.15	0.06	0.12	0.22	0.15	0.176									macro	0.22	0.15	0.176	WB11	purchases	maintenance	9	4.5
SG11	SPECTROSCOPIE MASSIQUE DE DECHARGE LUMINESCENTE : MAINTECE ET REPARATION	GLOW DISCHARGE MASS SPECTROSCOPY: MAINTENANCE AND REPAIR						ADEME07	Reparation et installation de machines et d'equipements	0.39	0.0	0.3120000000000001	811300 / 811200	Commercial machinery repair / Electronic  equipment repair and maintenance	0.15	0.06	0.12	0.22	0.15	0.176									macro	0.22	0.15	0.176	WB11	purchases	maintenance	9	4.5
SG12	SPECTROMETRIE DE MASSE DES IONS SECONDAIRES : MAINTECE ET REPARATION	SECONDARY ION MASS SPECTROMETRY: MAINTENANCE AND REPAIR						ADEME07	Reparation et installation de machines et d'equipements	0.39	0.0	0.3120000000000001	811300 / 811200	Commercial machinery repair / Electronic  equipment repair and maintenance	0.15	0.06	0.12	0.22	0.15	0.176									macro	0.22	0.15	0.176	WB11	purchases	maintenance	9	4.5
SG13	SPECTROMETRIE DE MASSE : MAINTECE ET REPARATION	MASS SPECTROMETRY: MAINTENANCE AND REPAIR						ADEME07	Reparation et installation de machines et d'equipements	0.39	0.0	0.3120000000000001	811300 / 811200	Commercial machinery repair / Electronic  equipment repair and maintenance	0.15	0.06	0.12	0.22	0.15	0.176									macro	0.22	0.15	0.176	WB11	purchases	maintenance	9	4.5
SG14	TECHNIQUES SEPARATIVES ANALYTIQUES : MAINTECE ET REPARATION	ANALYTICAL SEPARATION TECHNIQUES: MAINTENANCE AND REPAIR						ADEME07	Reparation et installation de machines et d'equipements	0.39	0.0	0.3120000000000001	811300 / 811200	Commercial machinery repair / Electronic  equipment repair and maintenance	0.15	0.06	0.12	0.22	0.15	0.176									macro	0.22	0.15	0.176	WB11	purchases	maintenance	9	4.5
SG21	DIFFRACTION X : MAINTECE ET REPARATION DES INSTRUMENTS	X-RAY DIFFRACTION : MAINTENANCE AND REPAIR OF INSTRUMENTS						ADEME07	Reparation et installation de machines et d'equipements	0.39	0.0	0.3120000000000001	811300 / 811200	Commercial machinery repair / Electronic  equipment repair and maintenance	0.15	0.06	0.12	0.22	0.15	0.176									macro	0.22	0.15	0.176	WB11	purchases	maintenance	9	4.5
SG22	FLUORESCENCE X : MAINTECE ET REPARATION DES INSTRUMENTS	X-RAY FLUORESCENCE : HAND AND INSTRUMENT REPAIR						ADEME07	Reparation et installation de machines et d'equipements	0.39	0.0	0.3120000000000001	811300 / 811200	Commercial machinery repair / Electronic  equipment repair and maintenance	0.15	0.06	0.12	0.22	0.15	0.176									macro	0.22	0.15	0.176	WB11	purchases	maintenance	9	4.5
SG23	RAYONS X : MAINTECE ET REPARATION DES AUTRES INSTRUMENTS	X-RAY : MAINTENANCE AND REPAIR OF OTHER INSTRUMENTS						ADEME07	Reparation et installation de machines et d'equipements	0.39	0.0	0.3120000000000001	811300 / 811200	Commercial machinery repair / Electronic  equipment repair and maintenance	0.15	0.06	0.12	0.22	0.15	0.176									macro	0.22	0.15	0.176	WB11	purchases	maintenance	9	4.5
SG31	SPECTROMETRIE ELECTRONIQUE ET IONIQUE : MAINTECE ET REPARATION	ELECTRONIC AND IONIC SPECTROMETRY : MAINTENANCE AND REPAIR						ADEME07	Reparation et installation de machines et d'equipements	0.39	0.0	0.3120000000000001	811300 / 811200	Commercial machinery repair / Electronic  equipment repair and maintenance	0.15	0.06	0.12	0.22	0.15	0.176									macro	0.22	0.15	0.176	WB11	purchases	maintenance	9	4.5
SG41	SPECTROMETRIE RAMAN : MAINTECE ET REPARATION	RAMAN SPECTROMETRY: MAINTENANCE AND REPAIR						ADEME07	Reparation et installation de machines et d'equipements	0.39	0.0	0.3120000000000001	811300 / 811200	Commercial machinery repair / Electronic  equipment repair and maintenance	0.15	0.06	0.12	0.22	0.15	0.176									macro	0.22	0.15	0.176	WB11	purchases	maintenance	9	4.5
SG42	SPECTROMETRIE UV-VIS-IR : MAINTECE ET REPARATION	UV-VIS-IR SPECTROMETRY: MAINTENANCE AND REPAIR						ADEME07	Reparation et installation de machines et d'equipements	0.39	0.0	0.3120000000000001	811300 / 811200	Commercial machinery repair / Electronic  equipment repair and maintenance	0.15	0.06	0.12	0.22	0.15	0.176									macro	0.22	0.15	0.176	WB11	purchases	maintenance	9	4.5
SG43	SPECTROFLUORIMETRIE ET FLUORIMETRIE : MAINTECE ET REPARATION	SPECTROFLUOROMETRY AND FLUORIMETRY: MAINTENANCE AND REPAIR						ADEME07	Reparation et installation de machines et d'equipements	0.39	0.0	0.3120000000000001	811300 / 811200	Commercial machinery repair / Electronic  equipment repair and maintenance	0.15	0.06	0.12	0.22	0.15	0.176									macro	0.22	0.15	0.176	WB11	purchases	maintenance	9	4.5
SG44	SPECTROPOLARIMETRIE ET DICHROISME CIRCULAIRE : MAINTECE ET REPARATION	SPECTROPOLARIMETRY AND CIRCULAR DICHROISM: MAINTENANCE AND REPAIR						ADEME07	Reparation et installation de machines et d'equipements	0.39	0.0	0.3120000000000001	811300 / 811200	Commercial machinery repair / Electronic  equipment repair and maintenance	0.15	0.06	0.12	0.22	0.15	0.176									macro	0.22	0.15	0.176	WB11	purchases	maintenance	9	4.5
SG45	ELLIPSOMETRIE SPECTROSCOPIQUE : MAINTECE ET REPARATION	SPECTROSCOPIC ELLIPSOMETRY: HAND AND REPAIR						ADEME07	Reparation et installation de machines et d'equipements	0.39	0.0	0.3120000000000001	811300 / 811200	Commercial machinery repair / Electronic  equipment repair and maintenance	0.15	0.06	0.12	0.22	0.15	0.176									macro	0.22	0.15	0.176	WB11	purchases	maintenance	9	4.5
SG46	INTERFEROMETRIE : MAINTECE ET REPARATION	INTERFEROMETRY: HAND AND REPAIR						ADEME07	Reparation et installation de machines et d'equipements	0.39	0.0	0.3120000000000001	811300 / 811200	Commercial machinery repair / Electronic  equipment repair and maintenance	0.15	0.06	0.12	0.22	0.15	0.176									macro	0.22	0.15	0.176	WB11	purchases	maintenance	9	4.5
SG47	SPECTROMETRIE D'ABSORPTION ET D'EMISSION ATOMIQUE : MAINTECE ET REPARATION	ATOMIC ABSORPTION AND EMISSION SPECTROMETRY : HANDIWORK AND REPAIR						ADEME07	Reparation et installation de machines et d'equipements	0.39	0.0	0.3120000000000001	811300 / 811200	Commercial machinery repair / Electronic  equipment repair and maintenance	0.15	0.06	0.12	0.22	0.15	0.176									macro	0.22	0.15	0.176	WB11	purchases	maintenance	9	4.5
SG48	AUTRES TYPES DE SPECTROMETRIE OPTIQUE : MAINTECE ET REPARATION	OTHER TYPES OF OPTICAL SPECTROMETRY : MAINTENANCE AND REPAIR						ADEME07	Reparation et installation de machines et d'equipements	0.39	0.0	0.3120000000000001	811300 / 811200	Commercial machinery repair / Electronic  equipment repair and maintenance	0.15	0.06	0.12	0.22	0.15	0.176									macro	0.22	0.15	0.176	WB11	purchases	maintenance	9	4.5
SG51	SPECTROSCOPIE DIELECTRIQUE : MAINTECE ET REPARATION	DIELECTRIC SPECTROSCOPY: MAINTENANCE AND REPAIR						ADEME07	Reparation et installation de machines et d'equipements	0.39	0.0	0.3120000000000001	811300 / 811200	Commercial machinery repair / Electronic  equipment repair and maintenance	0.15	0.06	0.12	0.22	0.15	0.176									macro	0.22	0.15	0.176	WB11	purchases	maintenance	9	4.5
SG52	REFRACTOMETRIE DE RESOCE DE PLASMON DE SURFACE : MAINTECE ET REPARATION	SURFACE PLASMON RESISTIVITY REFRACTOMETRY: REPAIR AND MAINTENANCE						ADEME07	Reparation et installation de machines et d'equipements	0.39	0.0	0.3120000000000001	811300 / 811200	Commercial machinery repair / Electronic  equipment repair and maintenance	0.15	0.06	0.12	0.22	0.15	0.176									macro	0.22	0.15	0.176	WB11	purchases	maintenance	9	4.5
SH01	SPECTROMETRIE RMN ET RPE : SERVICES D'ANALYSES	RMN AND RPE SPECTROMETRY: ANALYSIS SERVICES						ADEME05	Services (imprimerie, publicite, architecture et ingenierie, maintenance multi-technique des batiments, gardiennage, nettoyage, securite, agence de voyage, autres services aux entreprises)	0.17	0.0	0.136	541700	Scientific research and development	0.21	0.0	0.168	0.2	0.03	0.16									macro	0.2	0.03	0.16	XC25	purchases	services	9	4.5
SH11	SPECTROMETRIE DE MASSE : SERVICES D'ANALYSES	MASS SPECTROMETRY: ANALYTICAL SERVICES						ADEME05	Services (imprimerie, publicite, architecture et ingenierie, maintenance multi-technique des batiments, gardiennage, nettoyage, securite, agence de voyage, autres services aux entreprises)	0.17	0.0	0.136	541700	Scientific research and development	0.21	0.0	0.168	0.2	0.03	0.16									macro	0.2	0.03	0.16	XC25	purchases	services	9	4.5
SH12	SPECTROMETRIE DE MASSE DES IONS SECONDAIRES : SERVICES D'ANALYSES	SECONDARY ION MASS SPECTROMETRY: ANALYTICAL SERVICES						ADEME05	Services (imprimerie, publicite, architecture et ingenierie, maintenance multi-technique des batiments, gardiennage, nettoyage, securite, agence de voyage, autres services aux entreprises)	0.17	0.0	0.136	541700	Scientific research and development	0.21	0.0	0.168	0.2	0.03	0.16									macro	0.2	0.03	0.16	XC25	purchases	services	9	4.5
SH13	SPECTROSCOPIE MASSIQUE DE DECHARGE LUMINESCENTE (GDMS) : SERVICES D'ANALYSES	GLOW DISCHARGE MASS SPECTROSCOPY (GDMS): ANALYTICAL SERVICES						ADEME05	Services (imprimerie, publicite, architecture et ingenierie, maintenance multi-technique des batiments, gardiennage, nettoyage, securite, agence de voyage, autres services aux entreprises)	0.17	0.0	0.136	541700	Scientific research and development	0.21	0.0	0.168	0.2	0.03	0.16									macro	0.2	0.03	0.16	XC25	purchases	services	9	4.5
SH21	DIFFRACTION X : SERVICES D'ANALYSES	X-RAY DIFFRACTION: ANALYTICAL SERVICES						ADEME05	Services (imprimerie, publicite, architecture et ingenierie, maintenance multi-technique des batiments, gardiennage, nettoyage, securite, agence de voyage, autres services aux entreprises)	0.17	0.0	0.136	541700	Scientific research and development	0.21	0.0	0.168	0.2	0.03	0.16									macro	0.2	0.03	0.16	XC25	purchases	services	9	4.5
SH22	DIFFUSION X : SERVICES D'ANALYSES	X-RAY SCATTERING: ANALYTICAL SERVICES						ADEME05	Services (imprimerie, publicite, architecture et ingenierie, maintenance multi-technique des batiments, gardiennage, nettoyage, securite, agence de voyage, autres services aux entreprises)	0.17	0.0	0.136	541700	Scientific research and development	0.21	0.0	0.168	0.2	0.03	0.16									macro	0.2	0.03	0.16	XC25	purchases	services	9	4.5
SH23	FLUORESCENCE X : SERVICES D'ANALYSES	FLUORESCENCE X : ANALYTICAL SERVICES						ADEME05	Services (imprimerie, publicite, architecture et ingenierie, maintenance multi-technique des batiments, gardiennage, nettoyage, securite, agence de voyage, autres services aux entreprises)	0.17	0.0	0.136	541700	Scientific research and development	0.21	0.0	0.168	0.2	0.03	0.16									macro	0.2	0.03	0.16	XC25	purchases	services	9	4.5
SH24	TOMOGRAPHIE X : SERVICES D'ANALYSES	TOMOGRAPHY X : ANALYTICAL SERVICES						ADEME05	Services (imprimerie, publicite, architecture et ingenierie, maintenance multi-technique des batiments, gardiennage, nettoyage, securite, agence de voyage, autres services aux entreprises)	0.17	0.0	0.136	541700	Scientific research and development	0.21	0.0	0.168	0.2	0.03	0.16									macro	0.2	0.03	0.16	XC25	purchases	services	9	4.5
SH31	SPECTROMETRIE ELECTRONIQUE ET IONIQUE : SERVICES D'ANALYSES	ELECTRONIC AND IONIC SPECTROMETRY: ANALYTICAL SERVICES						ADEME05	Services (imprimerie, publicite, architecture et ingenierie, maintenance multi-technique des batiments, gardiennage, nettoyage, securite, agence de voyage, autres services aux entreprises)	0.17	0.0	0.136	541700	Scientific research and development	0.21	0.0	0.168	0.2	0.03	0.16									macro	0.2	0.03	0.16	XC25	purchases	services	9	4.5
SH41	SPECTROMETRIE RAMAN : SERVICES D'ANALYSES	RAMAN SPECTROMETRY: ANALYSIS SERVICES						ADEME05	Services (imprimerie, publicite, architecture et ingenierie, maintenance multi-technique des batiments, gardiennage, nettoyage, securite, agence de voyage, autres services aux entreprises)	0.17	0.0	0.136	541700	Scientific research and development	0.21	0.0	0.168	0.2	0.03	0.16									macro	0.2	0.03	0.16	XC25	purchases	services	9	4.5
SH42	SPECTROMETRIE UV-VIS-IR : SERVICES D'ANALYSES	UV-VIS-IR SPECTROMETRY: ANALYTICAL SERVICES						ADEME05	Services (imprimerie, publicite, architecture et ingenierie, maintenance multi-technique des batiments, gardiennage, nettoyage, securite, agence de voyage, autres services aux entreprises)	0.17	0.0	0.136	541700	Scientific research and development	0.21	0.0	0.168	0.2	0.03	0.16									macro	0.2	0.03	0.16	XC25	purchases	services	9	4.5
SH43	SPECTROFLUORIMETRIE ET FLUORIMETRIE : SERVICES D'ANALYSES	SPECTROFLUOROMETRY AND FLUORIMETRY: ANALYTICAL SERVICES						ADEME05	Services (imprimerie, publicite, architecture et ingenierie, maintenance multi-technique des batiments, gardiennage, nettoyage, securite, agence de voyage, autres services aux entreprises)	0.17	0.0	0.136	541700	Scientific research and development	0.21	0.0	0.168	0.2	0.03	0.16									macro	0.2	0.03	0.16	XC25	purchases	services	9	4.5
SH44	SPECTROMETRIE D'ABSORPTION ET D'EMISSION ATOMIQUE : SERVICES D'ANALYSES	ATOMIC ABSORPTION AND EMISSION SPECTROMETRY: ANALYTICAL SERVICES						ADEME05	Services (imprimerie, publicite, architecture et ingenierie, maintenance multi-technique des batiments, gardiennage, nettoyage, securite, agence de voyage, autres services aux entreprises)	0.17	0.0	0.136	541700	Scientific research and development	0.21	0.0	0.168	0.2	0.03	0.16									macro	0.2	0.03	0.16	XC25	purchases	services	9	4.5
SH45	AUTRES TYPES DE SPECTROMETRIE OPTIQUE : SERVICES D'ANALYSE	OTHER TYPES OF OPTICAL SPECTROMETRY: ANALYTICAL SERVICES						ADEME05	Services (imprimerie, publicite, architecture et ingenierie, maintenance multi-technique des batiments, gardiennage, nettoyage, securite, agence de voyage, autres services aux entreprises)	0.17	0.0	0.136	541700	Scientific research and development	0.21	0.0	0.168	0.2	0.03	0.16									macro	0.2	0.03	0.16	XC25	purchases	services	9	4.5
SH51	AUTRES TECHNIQUES SPECTROSCOPIQUES : SERVICES D'ANALYSE	OTHER SPECTROSCOPIC TECHNIQUES: ANALYTICAL SERVICES						ADEME05	Services (imprimerie, publicite, architecture et ingenierie, maintenance multi-technique des batiments, gardiennage, nettoyage, securite, agence de voyage, autres services aux entreprises)	0.17	0.0	0.136	541700	Scientific research and development	0.21	0.0	0.168	0.2	0.03	0.16									macro	0.2	0.03	0.16	XC25	purchases	services	9	4.5
TA01	COMPOSANTS ELECTRONIQUES ACTIFS ET PASSIFS	ACTIVE AND PASSIVE ELECTRONIC COMPONENTS						ADEME26	Produits informatiques, electroniques et optiques	0.4	0.0	0.3200000000000001	33441A	Electronic capacitors, resistors, coils, transformers, connectors and other components (except  semiconductors and printed circuit assemblies)	0.13	0.0	0.104	0.3	0.15	0.24									macro	0.3	0.15	0.24	TA01	purchases	lab.equipment	10	4.2
TA02	COMPOSANTS ELECTROMECANIQUES ET ACCESSOIRES DE CABLAGE	ELECTROMECHANICAL COMPONENTS AND WIRING ACCESSORIES						ADEME26	Produits informatiques, electroniques et optiques	0.4	0.0	0.3200000000000001	33441A / 334418	Electronic capacitors, resistors, coils, transformers, connectors and other components (except  semiconductors and printed circuit assemblies) / Printed circuit and electronic assembly	0.13	0.01	0.104	0.3	0.16	0.24									macro	0.3	0.16	0.24	TA01	purchases	lab.equipment	10	4.2
TA03	SOUS-ENSEMBLES MECANIQUES POUR L'ELECTRONIQUE (CHASSIS, BAIES, COFFRETS,_x001A_)	MECHANICAL SUB-ASSEMBLIES FOR ELECTRONICS (CHASSIS, RACKS, CABINETS,...)						ADEME24	Produits metalliques, sauf machines et equipements	0.6	0.0	0.48	332430 / 332500	Light gauge metal cans, boxes, and containers / Metal hinges, keys, lock, and other hardware	0.21	0.12	0.168	0.5	0.34	0.4									macro	0.5	0.34	0.4	TA03	purchases	lab.equipment	10	4.2
TA04	CIRCUITS IMPRIMES MULTICOUCHES (PCB) STANDARDS OU A FACON	STANDARD OR CUSTOM MULTILAYER PRINTED CIRCUITS (PCB)						ADEME26	Produits informatiques, electroniques et optiques	0.4	0.0	0.3200000000000001	334418	Printed circuit and electronic assembly	0.14	0.0	0.112	0.32	0.16	0.256									macro	0.32	0.16	0.256	TA01	purchases	lab.equipment	10	4.2
TA05	CARTES ELECTRONIQUES (REALISATION ET CABLAGE DE)	ELECTRONIC BOARDS (PRODUCTION AND WIRING OF)						ADEME26	Produits informatiques, electroniques et optiques	0.4	0.0	0.3200000000000001	334418	Printed circuit and electronic assembly	0.14	0.0	0.112	0.32	0.16	0.256									macro	0.32	0.16	0.256	TA01	purchases	lab.equipment	10	4.2
TA06	COMPOSANTS ELECTRONIQUES SPECIFIQUES (ASIC) (FABRIQUES A FACON)	SPECIFIC ELECTRONIC COMPONENTS (ASIC) (CUSTOM-MADE)						ADEME26	Produits informatiques, electroniques et optiques	0.4	0.0	0.3200000000000001	33441A / 33441A	Electronic capacitors, resistors, coils, transformers, connectors and other components (except  semiconductors and printed circuit assemblies) / Electronic capacitors, resistors, coils, transformers, connectors and other components (except  semiconductors and printed circuit assemblies)	0.13	0.0	0.104	0.29	0.15	0.232									macro	0.29	0.15	0.232	TA01	purchases	lab.equipment	10	4.2
TA11	COMPOSANTS ELECTRONIQUES ACTIFS ET PASSIFS (APPLI. SPATIALE)	ACTIVE AND PASSIVE ELECTRONIC COMPONENTS (SPACE APPLICATIONS)						ADEME26	Produits informatiques, electroniques et optiques	0.4	0.0	0.3200000000000001	336413 / 33441A	Other aircraft parts / Electronic capacitors, resistors, coils, transformers, connectors and other components (except  semiconductors and printed circuit assemblies)	0.1	0.03	0.08000000000000002	0.3	0.18	0.24									macro	0.3	0.18	0.24	TA01	purchases	lab.equipment	10	4.2
TA12	COMPOSANTS ELECTROMECANIQUES ET ACCESSOIRES DE CABLAGE  (APPLI. SPATIALE)	ELECTROMECHANICAL COMPONENTS AND WIRING ACCESSORIES (SPACE APPLICATIONS)						ADEME25	Machines et equipements	0.7	0.0	0.5599999999999999	336413 / 33441A	Other aircraft parts / Electronic capacitors, resistors, coils, transformers, connectors and other components (except  semiconductors and printed circuit assemblies)	0.1	0.03	0.08000000000000002	0.4	0.31	0.3200000000000001									macro	0.4	0.31	0.3200000000000001	TA12	purchases	lab.equipment	10	4.2
TA13	SOUS-ENSEMBLES MECANIQUES (CHASSIS, BAIES, COFFRETS,_x001A_) (APPLI. SPATIALE)	MECHANICAL SUB-ASSEMBLIES (CHASSIS, RACKS, CABINETS, ETC.) (SPACE APPLICATIONS)						ADEME24	Produits metalliques, sauf machines et equipements	0.6	0.0	0.48	336413 / 33441A	Other aircraft parts / Electronic capacitors, resistors, coils, transformers, connectors and other components (except  semiconductors and printed circuit assemblies)	0.1	0.03	0.08000000000000002	0.36	0.26	0.288									macro	0.36	0.26	0.288	TA13	purchases	lab.equipment	10	4.2
TA14	CIRCUITS IMPRIMES MULTICOUCHES (PCB) STANDARDS OU A FACON  (APPLI. SPATIALE)	STANDARD OR CUSTOM MULTILAYER PRINTED CIRCUITS (PCB) (SPACE APPLICATION)						ADEME26	Produits informatiques, electroniques et optiques	0.4	0.0	0.3200000000000001	336413 / 33441A	Other aircraft parts / Electronic capacitors, resistors, coils, transformers, connectors and other components (except  semiconductors and printed circuit assemblies)	0.1	0.03	0.08000000000000002	0.3	0.18	0.24									macro	0.3	0.18	0.24	TA01	purchases	lab.equipment	10	4.2
TA15	CARTES ELECTRONIQUES (REALISATION ET CABLAGE DE)  (APPLI. SPATIALE)	ELECTRONIC BOARDS (PRODUCTION AND WIRING OF) (SPACE APPLICATIONS)						ADEME26	Produits informatiques, electroniques et optiques	0.4	0.0	0.3200000000000001	336413 / 33441A	Other aircraft parts / Electronic capacitors, resistors, coils, transformers, connectors and other components (except  semiconductors and printed circuit assemblies)	0.1	0.03	0.08000000000000002	0.3	0.18	0.24									macro	0.3	0.18	0.24	TA01	purchases	lab.equipment	10	4.2
TA16	COMPOSANTS ELECTRONIQUES SPECIFIQUES (ASIC) (A FACON)  (APPLI. SPATIALE)	SPECIFIC ELECTRONIC COMPONENTS (ASIC) (CUSTOM) (SPACE APPLICATION)						ADEME26	Produits informatiques, electroniques et optiques	0.4	0.0	0.3200000000000001	336413 / 33441A	Other aircraft parts / Electronic capacitors, resistors, coils, transformers, connectors and other components (except  semiconductors and printed circuit assemblies)	0.1	0.03	0.08000000000000002	0.3	0.18	0.24									macro	0.3	0.18	0.24	TA01	purchases	lab.equipment	10	4.2
TA21	MACHINES DEDIEES A L'ELECTRONIQUE (SOUDURE, PLACEMENT,_x001A_)	MACHINES DEDICATED TO ELECTRONICS (SOLDERING, PLACEMENT,...)						ADEME25	Machines et equipements	0.7	0.0	0.5599999999999999	333991	Power tools	0.61	0.0	0.488	0.62	0.08	0.496									macro	0.62	0.08	0.496	TA21	purchases	lab.equipment	10	4.2
TA22	PETITS EQUIPEMENTS ET CONSOMMABLES POUR L'ELECTRONIQUE	SMALL EQUIPMENT AND CONSUMABLES FOR ELECTRONICS						ADEME26	Produits informatiques, electroniques et optiques	0.4	0.0	0.3200000000000001	33441A	Electronic capacitors, resistors, coils, transformers, connectors and other components (except  semiconductors and printed circuit assemblies)	0.13	0.0	0.104	0.27	0.14	0.216									macro	0.27	0.14	0.216	TA01	purchases	lab.equipment	10	4.2
TA31	SYSTEMES ELECTRONIQUES OU ELECTROMECANIQUES SPECIAUX	SPECIAL ELECTRONIC OR ELECTROMECHANICAL SYSTEMS						ADEME26	Produits informatiques, electroniques et optiques	0.4	0.0	0.3200000000000001	333242 / 33441A	Semiconductor machinery / Electronic capacitors, resistors, coils, transformers, connectors and other components (except  semiconductors and printed circuit assemblies)	0.19	0.09	0.152	0.33	0.16	0.264									macro	0.33	0.16	0.264	TA01	purchases	lab.equipment	10	4.2
TB01	INSTRUMENTS DE GENERATION ET TRAITEMENT DES SIGNAUX (GENERATEURS, AMPLI_x001A_)	SIGNAL GENERATION AND PROCESSING INSTRUMENTS (GENERATORS, AMPLIFIERS...)						ADEME26	Produits informatiques, electroniques et optiques	0.4	0.0	0.3200000000000001	334515	Signal testing instruments	0.1	0.0	0.08000000000000002	0.25	0.15	0.2									macro	0.25	0.15	0.2	TB05	purchases	lab.equipment	10	4.2
TB02	OSCILLOSCOPES, ANALYSEURS ET ACCESSOIRES (SONDES,_x001A_)	OSCILLOSCOPES, ANALYSERS AND ACCESSORIES (PROBES,...)						ADEME26	Produits informatiques, electroniques et optiques	0.4	0.0	0.3200000000000001	334515	Signal testing instruments	0.1	0.0	0.08000000000000002	0.25	0.15	0.2									macro	0.25	0.15	0.2	TB05	purchases	lab.equipment	10	4.2
TB03	ACQUISITION DE DONNEES (CARTES,_x001A_)	DATA ACQUISITION (CARDS,...)						ADEME26	Produits informatiques, electroniques et optiques	0.4	0.0	0.3200000000000001	334515	Signal testing instruments	0.1	0.0	0.08000000000000002	0.25	0.15	0.2									macro	0.25	0.15	0.2	TB05	purchases	lab.equipment	10	4.2
TB04	PETITE INSTRUMENTATION COURANTE DE TESTS ET MESURES (VOLTMETRES,_x001A_)	SMALL CURRENT INSTRUMENTATION FOR TESTS AND MEASUREMENTS (VOLTMETERS,...)						ADEME26	Produits informatiques, electroniques et optiques	0.4	0.0	0.3200000000000001	334515	Signal testing instruments	0.1	0.0	0.08000000000000002	0.25	0.15	0.2									macro	0.25	0.15	0.2	TB05	purchases	lab.equipment	10	4.2
TB05	INSTRUMENTATION RADIOFREQUENCES ET HYPERFREQUENCES	RADIO FREQUENCY AND MICROWAVE INSTRUMENTATION						ADEME26	Produits informatiques, electroniques et optiques	0.4	0.0	0.3200000000000001	334515	Signal testing instruments	0.1	0.0	0.08000000000000002	0.25	0.15	0.2									macro	0.25	0.15	0.2	TB05	purchases	lab.equipment	10	4.2
TB11	ENERGIE : MATERIEL D'ALIMENTATION (ALIM., AMPLI., ONDULEURS,_x001A_)	ENERGY : POWER SUPPLY EQUIPMENT (POWER SUPPLIES, AMPLIFIERS, INVERTERS,...)						ADEME26	Produits informatiques, electroniques et optiques	0.4	0.0	0.3200000000000001	335911	Storage batteries	0.62	0.0	0.496	0.46	0.14	0.368									macro	0.46	0.14	0.368	TB11	purchases	lab.equipment	10	4.2
TB12	ENERGIE : PILES A L'UNITE ET ASSEMBLAGE DE PILES CLASSIQUES ET SPECIALES	ENERGY : SINGLE CELLS AND ASSEMBLIES OF CONVENTIONAL AND SPECIAL CELLS						ADEME37	Consommables de bureau - Consommables bureautiques	0.92	0.0	0.7360000000000001	335911	Storage batteries	0.62	0.0	0.496	0.64	0.27	0.512									macro	0.64	0.27	0.512	TB13	purchases	lab.equipment	9	4.1
TB13	ENERGIE : PILES ET ASSEMBLAGE DE PILES RECHARGEABLES (CLASSIQUES ET SPECIALES)	ENERGY : BATTERIES AND RECHARGEABLE BATTERY ASSEMBLIES (CONVENTIONAL AND SPECIAL)						ADEME37	Consommables de bureau - Consommables bureautiques	0.92	0.0	0.7360000000000001	335911	Storage batteries	0.62	0.0	0.496	0.64	0.27	0.512									macro	0.64	0.27	0.512	TB13	purchases	lab.equipment	9	4.1
TC01	ELECTRONIQUE : REPARATION ET MAINTECE DES EQUIP. DE TESTS ENERGIE MESURES	ELECTRONICS : REPAIR AND MAINTENANCE OF EQUIPMENT TEST, ENERGY AND MEASUREMENT EQUIPMENT						ADEME07	Reparation et installation de machines et d'equipements	0.39	0.0	0.3120000000000001	811300 / 811200	Commercial machinery repair / Electronic  equipment repair and maintenance	0.15	0.06	0.12	0.22	0.15	0.176									macro	0.22	0.15	0.176	WB11	purchases	maintenance	9	4.5
TC02	MAINTECE DES SYSTEMES ELECTRONIQUES ET ELECTROMECANIQUES SPECIAUX	MAINTENANCE OF SPECIAL ELECTRONIC AND ELECTROMECHANICAL SYSTEMS						ADEME07	Reparation et installation de machines et d'equipements	0.39	0.0	0.3120000000000001	811300 / 811200	Commercial machinery repair / Electronic  equipment repair and maintenance	0.15	0.06	0.12	0.22	0.15	0.176									macro	0.22	0.15	0.176	WB11	purchases	maintenance	9	4.5
TC11	TEST ENERGIE MESURE : REPARATION ET MAINTECE DES EQUIPEMENTS	TEST ENERGIE MESURE : REPAIR AND MAINTENANCE OF EQUIPMENTS						ADEME07	Reparation et installation de machines et d'equipements	0.39	0.0	0.3120000000000001	811300 / 811200	Commercial machinery repair / Electronic  equipment repair and maintenance	0.15	0.06	0.12	0.22	0.15	0.176									macro	0.22	0.15	0.176	WB11	purchases	maintenance	9	4.5
TD01	ELECTRONIQUE : SERVICES DE MESURES, TESTS, CARACTERISATION, CERTIFICATIONS	ELECTRONICS : MEASUREMENT, TESTING, CHARACTERISATION AND CERTIFICATION SERVICES						ADEME05	Services (imprimerie, publicite, architecture et ingenierie, maintenance multi-technique des batiments, gardiennage, nettoyage, securite, agence de voyage, autres services aux entreprises)	0.17	0.0	0.136	541700	Scientific research and development	0.21	0.0	0.168	0.2	0.03	0.16									macro	0.2	0.03	0.16	XC25	purchases	services	9	4.5
TD02	ELECTRONIQUE : SERVICES D'ETUDES EN R&D ELECTRONIQUE	ELECTRONICS: ELECTRONIC R&D DESIGN SERVICES						ADEME05	Services (imprimerie, publicite, architecture et ingenierie, maintenance multi-technique des batiments, gardiennage, nettoyage, securite, agence de voyage, autres services aux entreprises)	0.17	0.0	0.136	541700	Scientific research and development	0.21	0.0	0.168	0.2	0.03	0.16									macro	0.2	0.03	0.16	XC25	purchases	services	9	4.5
TD03	ELECTRONIQUE : AUTRES SERVICES SANS FOURNITURE	ELECTRONICS: OTHER SERVICES WITHOUT SUPPLY						ADEME05	Services (imprimerie, publicite, architecture et ingenierie, maintenance multi-technique des batiments, gardiennage, nettoyage, securite, agence de voyage, autres services aux entreprises)	0.17	0.0	0.136	541700	Scientific research and development	0.21	0.0	0.168	0.2	0.03	0.16									macro	0.2	0.03	0.16	XC25	purchases	services	9	4.5
TD11	DROITS D'UTILISATION DES LOGICIELS DE CAO EN ELECTRONIQUE	RIGHTS OF USE FOR ELECTRONIC DESIGN SOFTWARE						ADEME05	Services (imprimerie, publicite, architecture et ingenierie, maintenance multi-technique des batiments, gardiennage, nettoyage, securite, agence de voyage, autres services aux entreprises)	0.17	0.0	0.136	511200	Software	0.08	0.0	0.064	0.12	0.05	0.096									macro	0.12	0.05	0.096	WA15	purchases	services	9	4.5
TD12	DROITS D'UTIL. DE LOGICIELS POUR LA PROGRAM. MICROCONTROLEUR	RIGHTS OF USE OF SOFTWARE FOR ELECTRONIC PROGRAMMING MICROCONTROLLER						ADEME05	Services (imprimerie, publicite, architecture et ingenierie, maintenance multi-technique des batiments, gardiennage, nettoyage, securite, agence de voyage, autres services aux entreprises)	0.17	0.0	0.136	511200	Software	0.08	0.0	0.064	0.12	0.05	0.096									macro	0.12	0.05	0.096	WA15	purchases	services	9	4.5
TD13	DROITS D'UTIL. DE LOGICIELS POUR LA PROGRAM. DES COMPOS. PROGRAM.	RIGHTS OF USE RIGHTS OF USE OF SOFTWARE FOR THE PROGRAMMING OF COMPONENTS COMPONENT PROGRAMMING PROGRAM.						ADEME05	Services (imprimerie, publicite, architecture et ingenierie, maintenance multi-technique des batiments, gardiennage, nettoyage, securite, agence de voyage, autres services aux entreprises)	0.17	0.0	0.136	511200	Software	0.08	0.0	0.064	0.12	0.05	0.096									macro	0.12	0.05	0.096	WA15	purchases	services	9	4.5
TD14	DROITS D'UTIL. DE LOGICIELS POUR LA PROGRAM. INTERFACE HOMME MACHINE	RIGHTS OF USE SOFTWARE RIGHTS FOR THE PROGRAM. HUMAN MACHINE INTERFACE						ADEME05	Services (imprimerie, publicite, architecture et ingenierie, maintenance multi-technique des batiments, gardiennage, nettoyage, securite, agence de voyage, autres services aux entreprises)	0.17	0.0	0.136	511200	Software	0.08	0.0	0.064	0.12	0.05	0.096									macro	0.12	0.05	0.096	WA15	purchases	services	9	4.5
TD15	DROITS D'UTIL. DES AUTRES LOGICIELS POUR L'ELECTRONIQUE	USER RIGHTS OF OTHER SOFTWARE FOR ELECTRONICS						ADEME05	Services (imprimerie, publicite, architecture et ingenierie, maintenance multi-technique des batiments, gardiennage, nettoyage, securite, agence de voyage, autres services aux entreprises)	0.17	0.0	0.136	511200	Software	0.08	0.0	0.064	0.12	0.05	0.096									macro	0.12	0.05	0.096	WA15	purchases	services	9	4.5
TD16	MAINTECE DES LOGICIELS POUR L'ELECTRONIQUE	MAINTENANCE OF SOFTWARE FOR ELECTRONICS						ADEME05	Services (imprimerie, publicite, architecture et ingenierie, maintenance multi-technique des batiments, gardiennage, nettoyage, securite, agence de voyage, autres services aux entreprises)	0.17	0.0	0.136	511200	Software	0.08	0.0	0.064	0.12	0.05	0.096									macro	0.12	0.05	0.096	WA15	purchases	maintenance	9	4.5
UA01	NAVIRES	SHIPS						ADEME27	Materiel de transport	0.7	0.0	0.5599999999999999	336611	Ships and ship repair	0.2	0.0	0.16	0.4	0.26	0.3200000000000001									macro	0.4	0.26	0.3200000000000001	UA03	purchases	lab.equipment	10	4.2
UA02	EMBARCATIONS TRANSPORTABLES OU A USAGE D'ANNEXE (SEMI-RIGIDES,_x001A_)	TRANSPORTABLE BOATS OR BOATS FOR TENDER USE (SEMI-RIGID BOATS,...)						ADEME27	Materiel de transport	0.7	0.0	0.5599999999999999	336612	Boats	0.3	0.0	0.24	0.49	0.2	0.392									macro	0.49	0.2	0.392	UA03	purchases	lab.equipment	10	4.2
UA03	PLATEFORMES, RADEAUX, BARGES A USAGE FLUVIAL	PLATFORMS, RAFTS, BARGES FOR RIVER USE						ADEME27	Materiel de transport	0.7	0.0	0.5599999999999999	336612	Boats	0.3	0.0	0.24	0.49	0.2	0.392									macro	0.49	0.2	0.392	UA03	purchases	lab.equipment	10	4.2
UA11	MOTEURS DE BATEAU	SHIP ENGINES						ADEME25	Machines et equipements	0.7	0.0	0.5599999999999999	333618	Other engine equipment	0.32	0.0	0.256	0.51	0.19	0.408									macro	0.51	0.19	0.408	UA11	purchases	lab.equipment	10	4.2
UA12	AUXILIAIRES DE PONT DE NAVIRE (TREUILS, GRUE, PORTIQUE_x001A_)	SHIP DECK AUXILIARIES (WINCHES, CRANES, GANTRIES, ETC.)						ADEME25	Machines et equipements	0.7	0.0	0.5599999999999999	336611	Ships and ship repair	0.2	0.0	0.16	0.4	0.26	0.3200000000000001									macro	0.4	0.26	0.3200000000000001	UA03	purchases	lab.equipment	10	4.2
UA13	MATERIEL D'ACCASTILLAGE	FITTINGS EQUIPMENT						ADEME24	Produits metalliques, sauf machines et equipements	0.6	0.0	0.48	336611	Ships and ship repair	0.2	0.0	0.16	0.37	0.21	0.296									macro	0.37	0.21	0.296	UA13	purchases	lab.equipment	10	4.2
UA14	EQUIPEMENTS DE SECURITE, DE SURVIE ET DE SURVEILLANCE POUR NAVIRE	SAFETY, SURVIVAL AND SURVEILLANCE EQUIPMENT FOR SHIPS						ADEME20 / ADEME26	Meubles et autres biens manufactures / Produits informatiques, electroniques et optiques	0.45	0.07	0.36	334511 / 339920	Navigation instruments / Sporting and athletic goods	0.43	0.52	0.344	0.44	0.35	0.352									macro	0.44	0.35	0.352	UA03	purchases	lab.equipment	10	4.2
UA15	MATERIEL DE NAVIGATION	NAVIGATION EQUIPMENT						ADEME26	Produits informatiques, electroniques et optiques	0.4	0.0	0.3200000000000001	334511	Navigation instruments	0.06	0.0	0.048	0.23	0.17	0.184									macro	0.23	0.17	0.184	UA15	purchases	lab.equipment	10	4.2
UA16	AUTRES EQUIPEMENTS POUR BATEAUX	OTHER EQUIPMENT FOR SHIPS						ADEME25	Machines et equipements	0.7	0.0	0.5599999999999999	336611	Ships and ship repair	0.2	0.0	0.16	0.4	0.26	0.3200000000000001									macro	0.4	0.26	0.3200000000000001	UA03	purchases	lab.equipment	10	4.2
UA21	CONSOMMABLES POUR L'ENTRETIEN DES BATEAUX	CONSUMABLES FOR BOAT MAINTENANCE						ADEME20 / ADEME21	Meubles et autres biens manufactures / Produits chimiques	1.0	0.78	0.8	336611 / 339990 / 3259A0	Ships and ship repair / Gaskets, seals, musical instruments, fasteners, brooms, brushes, mop and other misc. goods / Chemicals (except basic chemicals, agrichemicals, polymers, paints, pharmaceuticals,soaps, cleaning compounds)	0.34	0.25	0.272	0.63	0.61	0.504									macro	0.63	0.61	0.504	UA21	purchases	consumables	9	4.1
UA22	PIECES MECANIQUES DE RECHANGE POUR EQUIPEMENTS DE BATEAUX	SPARE MECHANICAL PARTS FOR SHIP'S EQUIPMENT						ADEME24	Produits metalliques, sauf machines et equipements	0.6	0.0	0.48	332500 / 339990	Metal hinges, keys, lock, and other hardware / Gaskets, seals, musical instruments, fasteners, brooms, brushes, mop and other misc. goods	0.24	0.07	0.192	0.44	0.19	0.352									macro	0.44	0.19	0.352	UA03	purchases	lab.equipment	10	4.2
UA23	PIECES HYDRAULIQUES POUR EQUIPEMENTS DE BATEAUX	HYDRAULIC PARTS FOR BOAT EQUIPMENT						ADEME24	Produits metalliques, sauf machines et equipements	0.6	0.0	0.48	332500 / 339990	Metal hinges, keys, lock, and other hardware / Gaskets, seals, musical instruments, fasteners, brooms, brushes, mop and other misc. goods	0.24	0.07	0.192	0.44	0.19	0.352									macro	0.44	0.19	0.352	UA03	purchases	lab.equipment	10	4.2
UA24	PIECES ELECTRIQUES / ELECTRONIQUES POUR EQUIPEMENTS DE BATEAUX	ELECTRICAL/ELECTRONIC PARTS FOR BOAT EQUIPMENT						ADEME26	Produits informatiques, electroniques et optiques	0.4	0.0	0.3200000000000001	335999	other miscellaneous electrical equipment and components	0.27	0.0	0.216	0.31	0.08	0.248									macro	0.31	0.08	0.248	UA24	purchases	lab.equipment	10	4.2
UA31	TRAVAUX D'ENTRETIEN ET SERVICES POUR BATEAUX SEMI-RIGIDES	MAINTENANCE WORKS AND SERVICES FOR SEMI-RIGID BOATS						ADEME07	Reparation et installation de machines et d'equipements	0.39	0.0	0.3120000000000001	336611	Ships and ship repair	0.2	0.0	0.16	0.3	0.09	0.24									macro	0.3	0.09	0.24	UA43	purchases	maintenance	9	4.5
UA32	TRAVAUX MECANIQUES POUR EQUIPEMENTS DE BATEAUX	MECHANICAL WORKS FOR BOAT EQUIPMENT						ADEME07	Reparation et installation de machines et d'equipements	0.39	0.0	0.3120000000000001	336611	Ships and ship repair	0.2	0.0	0.16	0.3	0.09	0.24									macro	0.3	0.09	0.24	UA43	purchases	lab.equipment	9	4.5
UA33	TRAVAUX HYDRAULIQUES POUR EQUIPEMENTS DE BATEAUX	HYDRAULIC WORKS FOR BOAT EQUIPMENT						ADEME07	Reparation et installation de machines et d'equipements	0.39	0.0	0.3120000000000001	336611	Ships and ship repair	0.2	0.0	0.16	0.3	0.09	0.24									macro	0.3	0.09	0.24	UA43	purchases	lab.equipment	9	4.5
UA34	TRAVAUX ELECTRIQUES POUR EQUIPEMENTS DE BATEAUX	ELECTRICAL WORKS FOR SHIP'S EQUIPMENT						ADEME07	Reparation et installation de machines et d'equipements	0.39	0.0	0.3120000000000001	336611	Ships and ship repair	0.2	0.0	0.16	0.3	0.09	0.24									macro	0.3	0.09	0.24	UA43	purchases	lab.equipment	9	4.5
UA35	REPARATION ET MAINTECE DU MATERIEL DE NAVIGATION ET DE COMMUNICATION	REPAIR AND MAINTENANCE OF NAVIGATION AND COMMUNICATION EQUIPMENT						ADEME07	Reparation et installation de machines et d'equipements	0.39	0.0	0.3120000000000001	336611	Ships and ship repair	0.2	0.0	0.16	0.3	0.09	0.24									macro	0.3	0.09	0.24	UA43	purchases	maintenance	9	4.5
UA36	TRAVAUX D'ENTRETIEN DES COQUES ET PONTS DE BATEAUX	MAINTENANCE WORK ON HULLS AND DECKS OF SHIPS						ADEME07	Reparation et installation de machines et d'equipements	0.39	0.0	0.3120000000000001	336611	Ships and ship repair	0.2	0.0	0.16	0.3	0.09	0.24									macro	0.3	0.09	0.24	UA43	purchases	maintenance	9	4.5
UA37	SERVICES, TESTS ET CONTR_x001A_LES POUR CERTIFICATION	SERVICES, TESTS AND CONTROLS FOR CERTIFICATION						ADEME05	Services (imprimerie, publicite, architecture et ingenierie, maintenance multi-technique des batiments, gardiennage, nettoyage, securite, agence de voyage, autres services aux entreprises)	0.17	0.0	0.136	561900	Other support services	0.19	0.0	0.152	0.18	0.01	0.144									macro	0.18	0.01	0.144	UA37	purchases	services	9	4.5
UA41	MATERIEL DE CHAUFFAGE, VENTILATION, CLIMATISATION, SANITAIRE PR BATEAUX	HEATING, VENTILATION, AIR CONDITIONING AND SANITARY EQUIPMENT FOR SHIPS						ADEME25	Machines et equipements	0.7	0.0	0.5599999999999999	333415	Air conditioning, refrigeration, and warm air heating equipment	0.85	0.0	0.68	0.73	0.1	0.584									macro	0.73	0.1	0.584	UA41	purchases	lab.equipment	10	4.2
UA42	MOBILIER ET AUTRES EQUIPEMENTS D'AMENAGEMENT DES BATEAUX	FURNITURE AND OTHER EQUIPMENT FOR BOAT FITTING OUT						ADEME20	Meubles et autres biens manufactures	0.5	0.0	0.4	337215 / 33712N	Shelving and lockers / Other household nonupholstered furniture	0.84	0.24	0.672	0.67	0.22	0.536									macro	0.67	0.22	0.536	UA42	purchases	lab.equipment	10	4.2
UA43	TRAVAUX D'AMENAGEMENT DES BATEAUX	BOAT FITTING OUT WORKS						ADEME07	Reparation et installation de machines et d'equipements	0.39	0.0	0.3120000000000001	336611	Ships and ship repair	0.2	0.0	0.16	0.3	0.09	0.24									macro	0.3	0.09	0.24	UA43	purchases	lab.equipment	9	4.5
UA51	MATERIELS DE PRELEVEMENT	SAMPLING EQUIPMENT						ADEME24	Produits metalliques, sauf machines et equipements	0.6	0.0	0.48	339113 / 339990	Surgical appliance and supplies / Gaskets, seals, musical instruments, fasteners, brooms, brushes, mop and other misc. goods	0.25	0.09	0.2	0.41	0.22	0.328									macro	0.41	0.22	0.328	UA51	purchases	lab.equipment	10	4.2
UA52	MATERIELS DE PLONGEE SOUS-MARINE	SCUBA DIVING EQUIPMENT						ADEME25	Machines et equipements	0.7	0.0	0.5599999999999999	339920	Sporting and athletic goods	0.8	0.0	0.6400000000000001	0.72	0.08	0.576									macro	0.72	0.08	0.576	UA52	purchases	lab.equipment	10	4.2
UA53	MAINTECE DES MATERIELS DE PLONGEE SOUS-MARINE	MAINTENANCE OF SCUBA DIVING EQUIPMENT						ADEME07	Reparation et installation de machines et d'equipements	0.39	0.0	0.3120000000000001	811200	Electronic  equipment repair and maintenance	0.11	0.0	0.08800000000000001	0.21	0.16	0.168									macro	0.21	0.16	0.168	UG43	purchases	maintenance	9	4.5
UB01	DRONES MARINS	MARINE DRONES						ADEME27 / ADEME25	Materiel de transport / Machines et equipements	0.7	0.0	0.5599999999999999	336999 / 336612	Other transportation equipment / Boats	0.33	0.04	0.264	0.53	0.2	0.424									macro	0.53	0.2	0.424	UB02	purchases	lab.equipment	10	4.2
UB02	FLOTTEURS MARINS	MARINE FLOATS						ADEME27 / ADEME25	Materiel de transport / Machines et equipements	0.7	0.0	0.5599999999999999	336999 / 336612	Other transportation equipment / Boats	0.33	0.04	0.264	0.53	0.2	0.424									macro	0.53	0.2	0.424	UB02	purchases	lab.equipment	10	4.2
UB11	PIECES MECANIQUES POUR VEHICULES MARINS AUTONOMES	MECHANICAL PARTS FOR AUTONOMOUS MARINE VEHICLES						ADEME24 / ADEME27	Produits metalliques, sauf machines et equipements / Materiel de transport	0.65	0.07	0.52	336999 / 336612	Other transportation equipment / Boats	0.33	0.04	0.264	0.51	0.19	0.408									macro	0.51	0.19	0.408	UB12	purchases	lab.equipment	10	4.2
UB12	PIECES HYDRAULIQUES POUR VEHICULES MARINS AUTONOMES	HYDRAULIC PARTS FOR AUTONOMOUS MARINE VEHICLES						ADEME24 / ADEME27	Produits metalliques, sauf machines et equipements / Materiel de transport	0.65	0.07	0.52	336999 / 336612	Other transportation equipment / Boats	0.33	0.04	0.264	0.51	0.19	0.408									macro	0.51	0.19	0.408	UB12	purchases	lab.equipment	10	4.2
UB13	PIECES ELECTRONIQUES POUR VEHICULES MARINS AUTONOMES	ELECTRONIC PARTS FOR AUTONOMOUS MARINE VEHICLES						ADEME26	Produits informatiques, electroniques et optiques	0.4	0.0	0.3200000000000001	33441A	Electronic capacitors, resistors, coils, transformers, connectors and other components (except  semiconductors and printed circuit assemblies)	0.13	0.0	0.104	0.27	0.14	0.216									macro	0.27	0.14	0.216	TA01	purchases	lab.equipment	10	4.2
UB21	TRAVAUX SUR ELEMENTS MECANIQUES DE VEHICULES MARINS AUTONOMES (M.O)	WORK ON MECHANICAL PARTS OF AUTONOMOUS MARINE VEHICLES (M.O.)						ADEME07	Reparation et installation de machines et d'equipements	0.39	0.0	0.3120000000000001	811300	Commercial machinery repair	0.19	0.0	0.152	0.24	0.13	0.192									macro	0.24	0.13	0.192	UB22	purchases	lab.equipment	9	4.5
UB22	TRAVAUX SUR ELEMENTS HYDRAULIQUES DE VEHICULES MARINS AUTONOMES (M.O)	WORK ON HYDRAULIC COMPONENTS OF AUTONOMOUS MARINE VEHICLES (O.M.)						ADEME07	Reparation et installation de machines et d'equipements	0.39	0.0	0.3120000000000001	811300	Commercial machinery repair	0.19	0.0	0.152	0.24	0.13	0.192									macro	0.24	0.13	0.192	UB22	purchases	lab.equipment	9	4.5
UB23	TRAVAUX ELECTRIQUES SUR VEHICULES MARINS AUTONOMES (M.O)	ELECTRICAL WORK ON AUTONOMOUS MARINE VEHICLES (O.M.)						ADEME07	Reparation et installation de machines et d'equipements	0.39	0.0	0.3120000000000001	811200	Electronic  equipment repair and maintenance	0.11	0.0	0.08800000000000001	0.21	0.16	0.168									macro	0.21	0.16	0.168	UG43	purchases	lab.equipment	9	4.5
UC01	EQUIPEMENTS SOURCES DE LA CHAINE D_x001A_ACQUISITION SISMIQUE	SOURCE EQUIPMENT OF THE SEISMIC ACQUISITION CHAIN						ADEME26	Produits informatiques, electroniques et optiques	0.4	0.0	0.3200000000000001	334516	Analytical laboratory instruments	0.08	0.0	0.064	0.24	0.16	0.192									macro	0.24	0.16	0.192	UG22	purchases	lab.equipment	10	4.2
UC02	EQUIPEMENTS DE RECEPTION _x001A_ET TRAITEMENT DE LA CHAINE D_x001A_ACQUISITION SISMIQUE	RECEPTION AND PROCESSING EQUIPMENT OF THE SEISMIC ACQUISITION CHAIN						ADEME26	Produits informatiques, electroniques et optiques	0.4	0.0	0.3200000000000001	334516	Analytical laboratory instruments	0.08	0.0	0.064	0.24	0.16	0.192									macro	0.24	0.16	0.192	UG22	purchases	lab.equipment	10	4.2
UC03	MATERIEL ASSOCIE A LA CHAINE D_x001A_ACQUISITION SISMIQUE	EQUIPMENT ASSOCIATED WITH THE SEISMIC ACQUISITION CHAIN						ADEME26	Produits informatiques, electroniques et optiques	0.4	0.0	0.3200000000000001	334516	Analytical laboratory instruments	0.08	0.0	0.064	0.24	0.16	0.192									macro	0.24	0.16	0.192	UG22	purchases	lab.equipment	10	4.2
UC11	THERMOSALINOGRAPHES	THERMOSALINOGRAPHS						ADEME26	Produits informatiques, electroniques et optiques	0.4	0.0	0.3200000000000001	334516	Analytical laboratory instruments	0.08	0.0	0.064	0.24	0.16	0.192									macro	0.24	0.16	0.192	UG22	purchases	lab.equipment	10	4.2
UC12	CAPTEURS CTD (CONDUCTIVTY TEMPERATURE DEPTH)	CTD SENSORS (CONDUCTIVITY TEMPERATURE DEPTH)						ADEME26	Produits informatiques, electroniques et optiques	0.4	0.0	0.3200000000000001	334516	Analytical laboratory instruments	0.08	0.0	0.064	0.24	0.16	0.192									macro	0.24	0.16	0.192	UG22	purchases	lab.equipment	10	4.2
UC13	CAPTEURS ACOUSTIQUES (ADCP, HYDROPHONE,_x001A_)	ACOUSTIC SENSORS (ADCP, HYDROPHONE,...)						ADEME26	Produits informatiques, electroniques et optiques	0.4	0.0	0.3200000000000001	334516	Analytical laboratory instruments	0.08	0.0	0.064	0.24	0.16	0.192									macro	0.24	0.16	0.192	UG22	purchases	lab.equipment	10	4.2
UC14	INSTRUMENTATION OPTIQUE (CAPTEURS, FLUORIMETRES,_x001A_)	OPTICAL INSTRUMENTATION (SENSORS, FLUOROMETERS,...)						ADEME26	Produits informatiques, electroniques et optiques	0.4	0.0	0.3200000000000001	334516	Analytical laboratory instruments	0.08	0.0	0.064	0.24	0.16	0.192									macro	0.24	0.16	0.192	UG22	purchases	lab.equipment	10	4.2
UC15	OCEANOGRAPHIE : AUTRES CAPTEURS	OCEANOGRAPHY: OTHER SENSORS						ADEME26	Produits informatiques, electroniques et optiques	0.4	0.0	0.3200000000000001	334516	Analytical laboratory instruments	0.08	0.0	0.064	0.24	0.16	0.192									macro	0.24	0.16	0.192	UG22	purchases	lab.equipment	10	4.2
UC21	OCEANOGRAPHIE : INSTRUMENTATION  THERMIQUE	OCEANOGRAPHY: THERMAL INSTRUMENTATION						ADEME26	Produits informatiques, electroniques et optiques	0.4	0.0	0.3200000000000001	334516	Analytical laboratory instruments	0.08	0.0	0.064	0.24	0.16	0.192									macro	0.24	0.16	0.192	UG22	purchases	lab.equipment	10	4.2
UC22	OCEANOGRAPHIE : EQUIPEMENTS ELECTROCHIMIQUES	OCEANOGRAPHY: ELECTROCHEMICAL EQUIPMENT						ADEME26	Produits informatiques, electroniques et optiques	0.4	0.0	0.3200000000000001	334516	Analytical laboratory instruments	0.08	0.0	0.064	0.24	0.16	0.192									macro	0.24	0.16	0.192	UG22	purchases	lab.equipment	10	4.2
UC23	OCEANOGRAPHIE : INSTRUMENTATION ELECTROMAGNETIQUE	OCEANOGRAPHY: ELECTROMAGNETIC INSTRUMENTATION						ADEME26	Produits informatiques, electroniques et optiques	0.4	0.0	0.3200000000000001	334516	Analytical laboratory instruments	0.08	0.0	0.064	0.24	0.16	0.192									macro	0.24	0.16	0.192	UG22	purchases	lab.equipment	10	4.2
UC24	OCEANOGRAPHIE : POISSONS INSTRUMENTES	OCEANOGRAPHY: INSTRUMENTED FISH						ADEME25	Machines et equipements	0.7	0.0	0.5599999999999999	334516	Analytical laboratory instruments	0.08	0.0	0.064	0.34	0.32	0.272									macro	0.34	0.32	0.272	UC24	purchases	lab.equipment	10	4.2
UC25	OCEANOGRAPHIE : AUTRES INSTRUMENTS SCIENTIFIQUES EMBARQUES	OCEANOGRAPHY: OTHER ON-BOARD SCIENTIFIC INSTRUMENTS						ADEME26	Produits informatiques, electroniques et optiques	0.4	0.0	0.3200000000000001	334516	Analytical laboratory instruments	0.08	0.0	0.064	0.24	0.16	0.192									macro	0.24	0.16	0.192	UG22	purchases	lab.equipment	10	4.2
UC31	FLUIDES ET CONSOMMABLES POUR EQUIPEMENTS SCIENTIFIQUES EMBARQUES	FLUIDS AND CONSUMABLES FOR SCIENTIFIC EQUIPMENT ON BOARD						ADEME21	Produits chimiques	1.6	0.0	1.28	325120 / 333912	Compressed Gases / Air and gas compressors	1.1	1.3	0.8800000000000001	1.4	1.3	1.12									macro	1.4	1.3	1.12	UC31	purchases	consumables	9	4.1
UC32	PIECES MECANIQUES DE RECHANGE POUR LA SISMIQUE	SPARE MECHANICAL PARTS FOR SEISMIC						ADEME24	Produits metalliques, sauf machines et equipements	0.6	0.0	0.48	332500 / 332999	Metal hinges, keys, lock, and other hardware / Other fabricated metal manufacturing	0.41	0.16	0.328	0.49	0.14	0.392									macro	0.49	0.14	0.392	UC33	purchases	maintenance	10	4.2
UC33	PIECES MECANIQUES DE RECHANGE POUR AUTRES EQUIPEMENTS SCIENTIFIQUES EMBARQUES	SPARE MECHANICAL PARTS FOR OTHER ON-BOARD SCIENTIFIC EQUIPMENT						ADEME24	Produits metalliques, sauf machines et equipements	0.6	0.0	0.48	332500 / 332999	Metal hinges, keys, lock, and other hardware / Other fabricated metal manufacturing	0.41	0.16	0.328	0.49	0.14	0.392									macro	0.49	0.14	0.392	UC33	purchases	maintenance	10	4.2
UC34	COMPOSANTS ELECTRONIQUES DE RECHANGE POUR LA SISMIQUE	SPARE ELECTRONIC COMPONENTS FOR SEISMIC						ADEME26	Produits informatiques, electroniques et optiques	0.4	0.0	0.3200000000000001	33441A	Electronic capacitors, resistors, coils, transformers, connectors and other components (except  semiconductors and printed circuit assemblies)	0.13	0.0	0.104	0.27	0.14	0.216									macro	0.27	0.14	0.216	TA01	purchases	maintenance	10	4.2
UC35	PIECES ELECTRONIQUES DE RECHANGE POUR AUTRES EQUIPEMENTS SCIENTIFIQUES EMBARQUES	SPARE ELECTRONIC PARTS FOR OTHER ON-BOARD SCIENTIFIC EQUIPMENT						ADEME26	Produits informatiques, electroniques et optiques	0.4	0.0	0.3200000000000001	33441A / 33441A	Electronic capacitors, resistors, coils, transformers, connectors and other components (except  semiconductors and printed circuit assemblies) / Electronic capacitors, resistors, coils, transformers, connectors and other components (except  semiconductors and printed circuit assemblies)	0.13	0.0	0.104	0.29	0.15	0.232									macro	0.29	0.15	0.232	TA01	purchases	maintenance	10	4.2
UC36	PIECES INFORMATIQUES DE RECHANGE POUR EQUIPEMENTS SCIENTIFIQUES EMBARQUES	SPARE COMPUTER PARTS FOR ON-BOARD SCIENTIFIC EQUIPMENT						ADEME26	Produits informatiques, electroniques et optiques	0.4	0.0	0.3200000000000001	334118	Computer terminals and other computer peripheral equipment	0.35	0.0	0.28	0.43	0.1	0.344									macro	0.43	0.1	0.344	UC36	purchases	maintenance	10	4.2
UC41	REPARATION ET MAINTECE SUR LA SISMIQUE	REPAIR AND MAINTENANCE OF SEISMIC EQUIPMENT						ADEME07	Reparation et installation de machines et d'equipements	0.39	0.0	0.3120000000000001	811200 / 811300	Electronic  equipment repair and maintenance / Commercial machinery repair	0.15	0.06	0.12	0.22	0.15	0.176									macro	0.22	0.15	0.176	WB11	purchases	maintenance	9	4.5
UC42	R_x001A_PARATION ET MAINTECE SUR LES AUTRES EQUIPEMENTS SCIENTIFIQUES EMBARQUES	REPAIR AND MAINTENANCE OF OTHER ON-BOARD SCIENTIFIC EQUIPMENT						ADEME07	Reparation et installation de machines et d'equipements	0.39	0.0	0.3120000000000001	811200 / 811300	Electronic  equipment repair and maintenance / Commercial machinery repair	0.15	0.06	0.12	0.22	0.15	0.176									macro	0.22	0.15	0.176	WB11	purchases	maintenance	9	4.5
UD01	VEHICULES TERRESTRES SPECIFIQUES	SPECIFIC LAND VEHICLES						ADEME27	Materiel de transport	0.7	0.0	0.5599999999999999	336999	Other transportation equipment	0.36	0.0	0.288	0.57	0.18	0.456									macro	0.57	0.18	0.456	UD01	purchases	lab.equipment	10	4.2
UD11	EQUIPEMENTS POUR VEHICULES TERRESTRES SPECIFIQUES	SPECIFIC LAND VEHICLE EQUIPMENT						ADEME25 / ADEME27	Machines et equipements / Materiel de transport	0.7	0.0	0.5599999999999999	336999 / 332999	Other transportation equipment / Other fabricated metal manufacturing	0.44	0.11	0.352	0.58	0.16	0.464									macro	0.58	0.16	0.464	UD01	purchases	lab.equipment	10	4.2
UD21	VEHICULES TERRESTRES SPECIFIQUES : CONSOMMABLES	SPECIAL LAND VEHICLES : CONSUMABLES						ADEME24 / ADEME27	Produits metalliques, sauf machines et equipements / Materiel de transport	0.65	0.07	0.52	336999 / 332999	Other transportation equipment / Other fabricated metal manufacturing	0.44	0.11	0.352	0.56	0.14	0.4480000000000001									macro	0.56	0.14	0.4480000000000001	UD01	purchases	consumables	9	4.1
UD22	VEHICULES TERRESTRES SPECIFIQUES : PIECES MECANIQUES ET ELECTRONIQUES	SPECIAL LAND VEHICLES : MECHANICAL AND ELECTRONIC PARTS						ADEME25 / ADEME27	Machines et equipements / Materiel de transport	0.7	0.0	0.5599999999999999	336999 / 332999	Other transportation equipment / Other fabricated metal manufacturing	0.44	0.11	0.352	0.58	0.16	0.464									macro	0.58	0.16	0.464	UD01	purchases	lab.equipment	10	4.2
UD23	VEHICULES TERRESTRES SPECIFIQUES : TRAVAUX MECANIQUES, ELECTRIQUES, HYDRAULIQUES	SPECIAL LAND VEHICLES : MECHANICAL, ELECTRICAL AND HYDRAULIC WORK						ADEME07	Reparation et installation de machines et d'equipements	0.39	0.0	0.3120000000000001	811100	Vehicle repair	0.18	0.0	0.144	0.26	0.11	0.208									macro	0.26	0.11	0.208	UD23	purchases	lab.equipment	9	4.5
UE01	CARROTAGE : CARROTIERS A MOTEURS ET ACCESSOIRES	CORE DRILLING : MOTORIZED CORE DRILLS AND ACCESSORIES						ADEME25	Machines et equipements	0.7	0.0	0.5599999999999999	333130	Mining and oil/gas field machinery	0.36	0.0	0.288	0.49	0.19	0.392									macro	0.49	0.19	0.392	UE02	purchases	lab.equipment	10	4.2
UE02	FORAGE : FOREUSES ET ACCESSOIRES	DRILLING : DRILLING MACHINES AND ACCESSORIES						ADEME25	Machines et equipements	0.7	0.0	0.5599999999999999	333130	Mining and oil/gas field machinery	0.36	0.0	0.288	0.49	0.19	0.392									macro	0.49	0.19	0.392	UE02	purchases	lab.equipment	10	4.2
UE11	CAROTTAGE : CONSOMMABLES ET PIECES DE RECHANGE POUR CAROTTIERS	CORE DRILLING: CONSUMABLES AND SPARE PARTS FOR CORE DRILLS						ADEME24	Produits metalliques, sauf machines et equipements	0.6	0.0	0.48	333130	Mining and oil/gas field machinery	0.36	0.0	0.288	0.45	0.13	0.36									macro	0.45	0.13	0.36	UE12	purchases	consumables	9	4.1
UE12	FORAGE : CONSOMMABLES ET PIECES DE RECHANGE POUR FOREUSES	DRILLING: CONSUMABLES AND SPARE PARTS FOR CORE DRILLS						ADEME24	Produits metalliques, sauf machines et equipements	0.6	0.0	0.48	333130	Mining and oil/gas field machinery	0.36	0.0	0.288	0.45	0.13	0.36									macro	0.45	0.13	0.36	UE12	purchases	consumables	9	4.1
UE21	TRAVAUX MECANIQUES, ELECTRIQUES ET ENTRETIEN DU MATERIEL DE CAROTTAGE	MECHANICAL, ELECTRICAL AND MAINTENANCE WORK ON CORE DRILLING EQUIPMENT						ADEME07	Reparation et installation de machines et d'equipements	0.39	0.0	0.3120000000000001	811300	Commercial machinery repair	0.19	0.0	0.152	0.24	0.13	0.192									macro	0.24	0.13	0.192	UF43	purchases	lab.equipment	9	4.5
UE22	TRAVAUX MECANIQUES, ELECTRIQUES ET HYDRAULIQUES DU MATERIEL DE FORAGE	MECHANICAL, ELECTRICAL AND HYDRAULIC WORK ON DRILLING EQUIPMENT						ADEME07	Reparation et installation de machines et d'equipements	0.39	0.0	0.3120000000000001	811300	Commercial machinery repair	0.19	0.0	0.152	0.24	0.13	0.192									macro	0.24	0.13	0.192	UF43	purchases	lab.equipment	9	4.5
UF01	AVIONS ET HELICOPTERES	AIRCRAFT AND HELICOPTERS						ADEME27	Materiel de transport	0.7	0.0	0.5599999999999999	336411	Aircraft	0.1	0.0	0.08000000000000002	0.37	0.3	0.296									macro	0.37	0.3	0.296	UF02	purchases	lab.equipment	10	4.2
UF02	EQUIPEMENTS D'AVIONS ET D'HELICOPTERES	AIRCRAFT AND HELICOPTER EQUIPMENT						ADEME25	Machines et equipements	0.7	0.0	0.5599999999999999	336413	Other aircraft parts	0.08	0.0	0.064	0.42	0.31	0.336									macro	0.42	0.31	0.336	UF02	purchases	lab.equipment	10	4.2
UF03	DRONES AERIENS ET ASSIMILES	UNMANNED AERIAL VEHICLES AND THE LIKE						ADEME27	Materiel de transport	0.7	0.0	0.5599999999999999	336411	Aircraft	0.1	0.0	0.08000000000000002	0.37	0.3	0.296									macro	0.37	0.3	0.296	UF02	purchases	lab.equipment	10	4.2
UF04	AERONEFS ET BALLONS SOLAIRES	AIRCRAFT AND SOLAR BALLOONS						ADEME27	Materiel de transport	0.7	0.0	0.5599999999999999	336411	Aircraft	0.1	0.0	0.08000000000000002	0.37	0.3	0.296									macro	0.37	0.3	0.296	UF02	purchases	lab.equipment	10	4.2
UF11	MATERIEL POUR L'AMENAGEMENT DES VEHICULES AERIENS	EQUIPMENT FOR FITTING OUT AIR VEHICLES						ADEME24 / ADEME27	Produits metalliques, sauf machines et equipements / Materiel de transport	0.65	0.07	0.52	336413	Other aircraft parts	0.08	0.0	0.064	0.4	0.3	0.3200000000000001									macro	0.4	0.3	0.3200000000000001	UF31	purchases	lab.equipment	10	4.2
UF21	EQUIPEMENTS TECHNIQUES ET DE NAVIGATION POUR VEHICULES AERIENS	TECHNICAL AND NAVIGATIONAL EQUIPMENT FOR AIR VEHICLES						ADEME26	Produits informatiques, electroniques et optiques	0.4	0.0	0.3200000000000001	334511	Navigation instruments	0.06	0.0	0.048	0.23	0.17	0.184									macro	0.23	0.17	0.184	UF21	purchases	lab.equipment	10	4.2
UF31	CONSOMMABLES POUR LE FONCTIONNEMENT ET L'ENTRETIEN DES VEHICULES AERIENS	CONSUMABLES FOR OPERATION AND MAINTENANCE OF AIR VEHICLES						ADEME24 / ADEME25	Produits metalliques, sauf machines et equipements / Machines et equipements	0.65	0.07	0.52	336413	Other aircraft parts	0.08	0.0	0.064	0.4	0.3	0.3200000000000001									macro	0.4	0.3	0.3200000000000001	UF31	purchases	consumables	9	4.1
UF32	PIECES DE RECHANGE POUR MOTEURS ET AUTRES EQUIPEMENTS DE VEHICULES AERIENS	SPARE PARTS FOR ENGINES AND OTHER AIR VEHICLE EQUIPMENT						ADEME24 / ADEME25	Produits metalliques, sauf machines et equipements / Machines et equipements	0.65	0.07	0.52	336412	Aircraft engines and parts	0.09	0.0	0.072	0.33	0.29	0.264									macro	0.33	0.29	0.264	UF32	purchases	lab.equipment	10	4.2
UF41	REPARATION ET MAINTECE DES MOTEURS D'AVION	REPAIR AND MAINTENANCE OF AIRCRAFT ENGINES						ADEME07	Reparation et installation de machines et d'equipements	0.39	0.0	0.3120000000000001	811300	Commercial machinery repair	0.19	0.0	0.152	0.24	0.13	0.192									macro	0.24	0.13	0.192	UF43	purchases	maintenance	9	4.5
UF42	REPARATION ET MAINTECE DES AVIONS (HORS MOTEURS)	REPAIR AND MAINTENANCE OF AIRCRAFT (EXCEPT ENGINES)						ADEME07	Reparation et installation de machines et d'equipements	0.39	0.0	0.3120000000000001	811300	Commercial machinery repair	0.19	0.0	0.152	0.24	0.13	0.192									macro	0.24	0.13	0.192	UF43	purchases	maintenance	9	4.5
UF43	REPARATION ET MAINTECE DES AUTRES VEHICULES AERIENS	REPAIR AND MAINTENANCE OF OTHER AIRCRAFT						ADEME07	Reparation et installation de machines et d'equipements	0.39	0.0	0.3120000000000001	811300	Commercial machinery repair	0.19	0.0	0.152	0.24	0.13	0.192									macro	0.24	0.13	0.192	UF43	purchases	maintenance	9	4.5
UG01	METEOROLOGIE : EQUIPEMENTS DE METEOROLOGIE	METEOROLOGY: METEOROLOGICAL EQUIPMENT						ADEME26	Produits informatiques, electroniques et optiques	0.4	0.0	0.3200000000000001	334516	Analytical laboratory instruments	0.08	0.0	0.064	0.24	0.16	0.192									macro	0.24	0.16	0.192	UG22	purchases	lab.equipment	10	4.2
UG02	METEOROLOGIE : RADIOMETRES (PROFILEURS RADIOMETRIQUES MICROONDES,_x001A_)	METEOROLOGY : RADIOMETERS (MICROWAVE RADIOMETRIC PROFILERS,...)						ADEME26	Produits informatiques, electroniques et optiques	0.4	0.0	0.3200000000000001	334516	Analytical laboratory instruments	0.08	0.0	0.064	0.24	0.16	0.192									macro	0.24	0.16	0.192	UG22	purchases	lab.equipment	10	4.2
UG03	METEOROLOGIE : RADARS (RADARS PROFILEURS VHF,_x001A_)	METEOROLOGY : RADARS (VHF PROFILER RADARS,...)						ADEME26	Produits informatiques, electroniques et optiques	0.4	0.0	0.3200000000000001	334516	Analytical laboratory instruments	0.08	0.0	0.064	0.24	0.16	0.192									macro	0.24	0.16	0.192	UG22	purchases	lab.equipment	10	4.2
UG04	METEOROLOGIE : LIDARS	METEOROLOGY : LIDARS						ADEME26	Produits informatiques, electroniques et optiques	0.4	0.0	0.3200000000000001	334516	Analytical laboratory instruments	0.08	0.0	0.064	0.24	0.16	0.192									macro	0.24	0.16	0.192	UG22	purchases	lab.equipment	10	4.2
UG11	GEOPHYSIQUE : MATERIEL DE MESURE DES VIBRATIONS	GEOPHYSICS : VIBRATION MEASUREMENT EQUIPMENT						ADEME26	Produits informatiques, electroniques et optiques	0.4	0.0	0.3200000000000001	334516	Analytical laboratory instruments	0.08	0.0	0.064	0.24	0.16	0.192									macro	0.24	0.16	0.192	UG22	purchases	lab.equipment	10	4.2
UG12	GEOPHYSIQUE : MATERIEL DE MESURE DE POSITION ET MESURE GEODESIQUE	GEOPHYSICS : POSITION MEASUREMENT AND GEODETIC MEASUREMENT EQUIPMENT						ADEME26	Produits informatiques, electroniques et optiques	0.4	0.0	0.3200000000000001	334516	Analytical laboratory instruments	0.08	0.0	0.064	0.24	0.16	0.192									macro	0.24	0.16	0.192	UG22	purchases	lab.equipment	10	4.2
UG13	GEOPHYSIQUE : INSTRUMENTS DE TOPOGRAPHIE ET DE MESURE DES DISTANCES	GEOPHYSICS: SURVEYING AND DISTANCE MEASURING INSTRUMENTS						ADEME26	Produits informatiques, electroniques et optiques	0.4	0.0	0.3200000000000001	334516	Analytical laboratory instruments	0.08	0.0	0.064	0.24	0.16	0.192									macro	0.24	0.16	0.192	UG22	purchases	lab.equipment	10	4.2
UG14	GEOPHYSIQUE : MAGNETOMETRES	GEOPHYSICS : MAGNETOMETERS						ADEME26	Produits informatiques, electroniques et optiques	0.4	0.0	0.3200000000000001	334516	Analytical laboratory instruments	0.08	0.0	0.064	0.24	0.16	0.192									macro	0.24	0.16	0.192	UG22	purchases	lab.equipment	10	4.2
UG15	GEOPHYSIQUE : CAPTEURS (HORS OCEANOGRAPHIE)	GEOPHYSICS: SENSORS (EXCEPT OCEANOGRAPHY)						ADEME26	Produits informatiques, electroniques et optiques	0.4	0.0	0.3200000000000001	334516	Analytical laboratory instruments	0.08	0.0	0.064	0.24	0.16	0.192									macro	0.24	0.16	0.192	UG22	purchases	lab.equipment	10	4.2
UG16	GROUPES ELECTROGENES POUR ACTIVITES SCIENTIFIQUES	POWER GENERATORS FOR SCIENTIFIC ACTIVITIES						ADEME25	Machines et equipements	0.7	0.0	0.5599999999999999	335312	Motors and generators	0.37	0.0	0.296	0.48	0.19	0.384									macro	0.48	0.19	0.384	UG16	purchases	lab.equipment	10	4.2
UG21	APPAREILLAGE DE SIMULATION POUR APPLICATIONS SPATIALES	SIMULATION EQUIPMENT FOR SPACE APPLICATIONS						ADEME26	Produits informatiques, electroniques et optiques	0.4	0.0	0.3200000000000001	334516	Analytical laboratory instruments	0.08	0.0	0.064	0.24	0.16	0.192									macro	0.24	0.16	0.192	UG22	purchases	lab.equipment	10	4.2
UG22	AUTRE MATERIEL SCIENTIFIQUE D'ASTROPHYSIQUE	OTHER SCIENTIFIC ASTROPHYSICAL EQUIPMENT						ADEME26	Produits informatiques, electroniques et optiques	0.4	0.0	0.3200000000000001	334516	Analytical laboratory instruments	0.08	0.0	0.064	0.24	0.16	0.192									macro	0.24	0.16	0.192	UG22	purchases	lab.equipment	10	4.2
UG31	CONSOMMABLES ET PIECES DE RECHANGE POUR MATERIEL DE METEOROLOGIE	CONSUMABLES AND SPARE PARTS FOR METEOROLOGICAL EQUIPMENT						ADEME26	Produits informatiques, electroniques et optiques	0.4	0.0	0.3200000000000001	334516 / 339990	Analytical laboratory instruments / Gaskets, seals, musical instruments, fasteners, brooms, brushes, mop and other misc. goods	0.14	0.07	0.112	0.31	0.2	0.248									macro	0.31	0.2	0.248	UG33	purchases	consumables	9	4.1
UG32	CONSOMMABLES ET PIECES DE RECHANGE POUR AUTRE MATERIEL DE GEOPHYSIQUE	CONSUMABLES AND SPARE PARTS FOR OTHER GEOPHYSICAL EQUIPMENT						ADEME26	Produits informatiques, electroniques et optiques	0.4	0.0	0.3200000000000001	334516 / 339990	Analytical laboratory instruments / Gaskets, seals, musical instruments, fasteners, brooms, brushes, mop and other misc. goods	0.14	0.07	0.112	0.31	0.2	0.248									macro	0.31	0.2	0.248	UG33	purchases	consumables	9	4.1
UG33	CONSOMMABLES ET PIECES DE RECHANGE POUR MATERIEL D'ASTROPHYSIQUE	CONSUMABLES AND SPARE PARTS FOR ASTROPHYSICS EQUIPMENT						ADEME26	Produits informatiques, electroniques et optiques	0.4	0.0	0.3200000000000001	334516 / 339990	Analytical laboratory instruments / Gaskets, seals, musical instruments, fasteners, brooms, brushes, mop and other misc. goods	0.14	0.07	0.112	0.31	0.2	0.248									macro	0.31	0.2	0.248	UG33	purchases	consumables	9	4.1
UG41	TRAVAUX MECANIQUES, ELECTRIQUES ET D'ENTRETIEN SUR MATERIEL DE METEOROLOGIE	MECHANICAL, ELECTRICAL AND MAINTENANCE WORK ON METEOROLOGICAL EQUIPMENT						ADEME07	Reparation et installation de machines et d'equipements	0.39	0.0	0.3120000000000001	811200	Electronic  equipment repair and maintenance	0.11	0.0	0.08800000000000001	0.21	0.16	0.168									macro	0.21	0.16	0.168	UG43	purchases	maintenance	9	4.5
UG42	TRAVAUX MECAN., ELECTR. ET D'ENTRETIEN SUR AUTRE MATERIEL DE GEOPHYSIQUE	MECHANICAL, ELECTRICAL AND MAINTENANCE WORK ON AND MAINTENANCE WORK ON OTHER GEOPHYSICAL EQUIPMENT						ADEME07	Reparation et installation de machines et d'equipements	0.39	0.0	0.3120000000000001	811200	Electronic  equipment repair and maintenance	0.11	0.0	0.08800000000000001	0.21	0.16	0.168									macro	0.21	0.16	0.168	UG43	purchases	maintenance	9	4.5
UG43	TRAVAUX MECANIQUES, ELECTRIQUES ET D'ENTRETIEN SUR MATERIEL D'ASTROPHYSIQUE	MECHANICAL, ELECTRICAL AND MAINTENANCE WORK ON ASTROPHYSICAL EQUIPMENT						ADEME07	Reparation et installation de machines et d'equipements	0.39	0.0	0.3120000000000001	811200	Electronic  equipment repair and maintenance	0.11	0.0	0.08800000000000001	0.21	0.16	0.168									macro	0.21	0.16	0.168	UG43	purchases	maintenance	9	4.5
UH01	SERVICE D'ACQUISITION DE DONNEES METEOROLOGIQUES ET CLIMATOLOGIQUES	METEOROLOGICAL AND CLIMATOLOGICAL DATA ACQUISITION SERVICES						ADEME30	Recherche et developpement	0.25	0.0	0.2	541700	Scientific research and development	0.21	0.0	0.168	0.23	0.02	0.184									macro	0.23	0.02	0.184	UH04	purchases	services	9	4.5
UH02	SERVICES D'AQUISITION DE DONNEES DE POLLUTION	POLLUTION DATA ACQUISITION SERVICES						ADEME30	Recherche et developpement	0.25	0.0	0.2	541700	Scientific research and development	0.21	0.0	0.168	0.23	0.02	0.184									macro	0.23	0.02	0.184	UH04	purchases	services	9	4.5
UH03	SERVICES D'IMAGERIE SATELLITAIRES	SATELLITE IMAGING SERVICES						ADEME30	Recherche et developpement	0.25	0.0	0.2	541700	Scientific research and development	0.21	0.0	0.168	0.23	0.02	0.184									macro	0.23	0.02	0.184	UH04	purchases	services	9	4.5
UH04	SERVICES DE MESURES LIDAR	LIDAR MEASUREMENT SERVICES						ADEME30	Recherche et developpement	0.25	0.0	0.2	541700	Scientific research and development	0.21	0.0	0.168	0.23	0.02	0.184									macro	0.23	0.02	0.184	UH04	purchases	services	9	4.5
UH11	SERVICES D'ETABLISSEMENT DE CARTES ET DE PHOTOINTERPRETATION	MAPPING AND PHOTOINTERPRETATION SERVICES						ADEME05	Services (imprimerie, publicite, architecture et ingenierie, maintenance multi-technique des batiments, gardiennage, nettoyage, securite, agence de voyage, autres services aux entreprises)	0.17	0.0	0.136	541700	Scientific research and development	0.21	0.0	0.168	0.2	0.03	0.16									macro	0.2	0.03	0.16	XC25	purchases	services	9	4.5
UH12	TRAVAUX DE FORAGE	DRILLING WORKS						ADEME12	Construction	0.36	0.0	0.288	21311A	Other support activities for mining	0.72	0.0	0.576	0.58	0.19	0.464									macro	0.58	0.19	0.464	UH12	purchases	services	9	4.5
UH14	SERVICES DE CONSEIL ET ASSISTANCE POUR OPERATIONS EN MER	CONSULTANCY AND ASSISTANCE SERVICES FOR OFFSHORE OPERATIONS						ADEME01	Assurance, services bancaires, conseil et honoraires	0.11	0.0	0.08800000000000001	5416A0	Environmental and other technical consulting services	0.07	0.0	0.05600000000000001	0.1	0.02	0.08000000000000002									macro	0.1	0.02	0.08000000000000002	UH14	purchases	services	9	4.5
UH15	AUTRES SERVICES SPECIALISES EN GEOPHYSIQUE	OTHER SPECIALISED GEOPHYSICAL SERVICES						ADEME30	Recherche et developpement	0.25	0.0	0.2	541700	Scientific research and development	0.21	0.0	0.168	0.23	0.02	0.184									macro	0.23	0.02	0.184	XD41	purchases	services	9	4.5
UI01	ARCHEOLOGIE : FOURNITURES POUR FOUILLES ARCHEOLOGIQUES	ARCHAEOLOGY: SUPPLIES FOR ARCHAEOLOGICAL EXCAVATIONS						ADEME24	Produits metalliques, sauf machines et equipements	0.6	0.0	0.48	332200	Cutlery and handtools	0.39	0.0	0.3120000000000001	0.53	0.12	0.424									macro	0.53	0.12	0.424	UI01	purchases	lab.equipment	9	4.1
UI11	ARCHEOLOGIE : PRESTATIONS SERVICES SUR CHANTIER DE FOUILLES (TERRASSEMENT_x001A_)	ARCHAEOLOGY: SERVICES ON EXCAVATION SITES (EARTHWORKS...)						ADEME12	Construction	0.36	0.0	0.288	21311A / 2332D0	Other support activities for mining / Other nonresidential structures	0.6	0.17	0.48	0.5	0.19	0.4									macro	0.5	0.19	0.4	UI11	purchases	services	9	4.5
VA01	VIDE PRIMAIRE : POMPES (A MEMBRANES, PALETTES, PISTONS, ROOTS,_x001A_)	PRIMARY VACUUM: PUMPS (DIAPHRAGM, VANE, PISTON, ROOTS,...)						ADEME25	Machines et equipements	0.7	0.0	0.5599999999999999	33391A	Pumps and pumping equipment	0.25	0.0	0.2	0.44	0.23	0.352									macro	0.44	0.23	0.352	VA02	purchases	lab.equipment	10	4.2
VA02	VIDE SECONDAIRE ET ULTRAVIDE : POMPES (TURBOMOLECULAIRES,_x001A_)	SECONDARY VACUUM AND ULTRA-HIGH VACUUM : PUMPS (TURBOMOLECULAR,...)						ADEME25	Machines et equipements	0.7	0.0	0.5599999999999999	33391A	Pumps and pumping equipment	0.25	0.0	0.2	0.44	0.23	0.352									macro	0.44	0.23	0.352	VA02	purchases	lab.equipment	10	4.2
VA03	VIDE ET ULTRAVIDE : CONSOMMABLES ET PIECES DETACHEES POUR POMPES	VACUUM AND ULTRA-HIGH VACUUM : CONSUMABLES AND SPARE PARTS FOR PUMPS						ADEME24	Produits metalliques, sauf machines et equipements	0.6	0.0	0.48	33391A	Pumps and pumping equipment	0.25	0.0	0.2	0.4	0.18	0.3200000000000001									macro	0.4	0.18	0.3200000000000001	VA03	purchases	consumables	9	4.1
VA11	VIDE ET ULTRAVIDE : ENCEINTES ET BATIS POUR LE VIDE ET L'ULTRAVIDE	VACUUM AND ULTRA-HIGH VACUUM : VACUUM AND ULTRA-HIGH VACUUM CHAMBERS AND FRAMES						ADEME24	Produits metalliques, sauf machines et equipements	0.6	0.0	0.48	332420	Heavy gauge metal tanks	0.21	0.0	0.168	0.52	0.28	0.416									macro	0.52	0.28	0.416	VA11	purchases	lab.equipment	10	4.2
VA12	VIDE ET ULTRAVIDE : COMPOSANTS POUR ENCEINTES (VANNES, RACCORDS, HUBLOTS_x001A_)	VACUUM AND ULTRA-HIGH VACUUM : COMPONENTS FOR ENCLOSURES (VALVES, FITTINGS, SIGHT GLASSES...)						ADEME24	Produits metalliques, sauf machines et equipements	0.6	0.0	0.48	332420 / 332500	Heavy gauge metal tanks / Metal hinges, keys, lock, and other hardware	0.25	0.06	0.2	0.48	0.24	0.384									macro	0.48	0.24	0.384	VA15	purchases	lab.equipment	10	4.2
VA13	VIDE ET ULTRAVIDE : MANIPULATEURS UHV ET ACCESSOIRES	VACUUM AND ULTRA-HIGH VACUUM : VACUUM AND ULTRA-HIGH VACUUM MANIPULATORS AND ACCESSORIES						ADEME24	Produits metalliques, sauf machines et equipements	0.6	0.0	0.48	332420 / 332500	Heavy gauge metal tanks / Metal hinges, keys, lock, and other hardware	0.25	0.06	0.2	0.48	0.24	0.384									macro	0.48	0.24	0.384	VA15	purchases	lab.equipment	10	4.2
VA14	VIDE ET ULTRAVIDE : ELEMENTS CHAUFFANTS POUR LE VIDE	VACUUM AND ULTRA-HIGH VACUUM : VACUUM HEATING ELEMENTS						ADEME25	Machines et equipements	0.7	0.0	0.5599999999999999	332420 / 332500	Heavy gauge metal tanks / Metal hinges, keys, lock, and other hardware	0.25	0.06	0.2	0.51	0.27	0.408									macro	0.51	0.27	0.408	VA14	purchases	lab.equipment	10	4.2
VA15	VIDE ET ULTRAVIDE : AUTRES EQUIPEMENTS D'ENCEINTES A VIDE	VACUUM AND ULTRA-HIGH VACUUM : OTHER VACUUM CHAMBER EQUIPMENT						ADEME24	Produits metalliques, sauf machines et equipements	0.6	0.0	0.48	332420 / 332500	Heavy gauge metal tanks / Metal hinges, keys, lock, and other hardware	0.25	0.06	0.2	0.48	0.24	0.384									macro	0.48	0.24	0.384	VA15	purchases	lab.equipment	10	4.2
VA21	VIDE ET ULTRAVIDE : INSTRUMENTATION DE MESURE DU VIDE (JAUGES, VACUOMETRES,_x001A_)	VACUUM AND ULTRA-HIGH VACUUM : VACUUM MEASUREMENT INSTRUMENTATION (GAUGES, VACUUM GAUGES,...)						ADEME26	Produits informatiques, electroniques et optiques	0.4	0.0	0.3200000000000001	334514 / 334516	Fluid meters and counting devices / Analytical laboratory instruments	0.08	0.0	0.064	0.26	0.17	0.208									macro	0.26	0.17	0.208	VA23	purchases	lab.equipment	10	4.2
VA22	VIDE ET ULTRAVIDE : DEBITMETRES - REGULATEURS DE DEBIT	VACUUM AND ULTRA-HIGH VACUUM : FLOWMETERS - FLOW REGULATORS						ADEME26	Produits informatiques, electroniques et optiques	0.4	0.0	0.3200000000000001	334514 / 334516	Fluid meters and counting devices / Analytical laboratory instruments	0.08	0.0	0.064	0.26	0.17	0.208									macro	0.26	0.17	0.208	VA23	purchases	lab.equipment	10	4.2
VA23	VIDE ET ULTRAVIDE : ANALYSEURS DES GAZ RESIDUELS (RGA) ET DETECTEURS DE FUITE	VACUUM AND ULTRA-HIGH VACUUM : RESIDUAL GAS ANALYSERS (RGA) AND LEAK DETECTORS						ADEME26	Produits informatiques, electroniques et optiques	0.4	0.0	0.3200000000000001	334514 / 334516	Fluid meters and counting devices / Analytical laboratory instruments	0.08	0.0	0.064	0.26	0.17	0.208									macro	0.26	0.17	0.208	VA23	purchases	lab.equipment	10	4.2
VB01	TECHNIQUES SOUS VIDE : MACHINES DE DEPOT ET DE GRAVURE	VACUUM TECHNOLOGY : DEPOSITION AND ETCHING MACHINES						ADEME25	Machines et equipements	0.7	0.0	0.5599999999999999	334516 / 33391A	Analytical laboratory instruments / Pumps and pumping equipment	0.17	0.12	0.136	0.39	0.29	0.3120000000000001									macro	0.39	0.29	0.3120000000000001	VB06	purchases	lab.equipment	10	4.2
VB02	TECHNIQUES SOUS VIDE : EVAPORATEURS SOUS VIDE	VACUUM TECHNOLOGY : VACUUM EVAPORATORS						ADEME25	Machines et equipements	0.7	0.0	0.5599999999999999	334516 / 33391A	Analytical laboratory instruments / Pumps and pumping equipment	0.17	0.12	0.136	0.39	0.29	0.3120000000000001									macro	0.39	0.29	0.3120000000000001	VB06	purchases	lab.equipment	10	4.2
VB03	TECHNIQUES SOUS VIDE : SYST_x001A_MES D'IONISATION A FAISCEAU D'IONS FOCALISES (FIB)	VACUUM TECHNOLOGY : FOCUSED ION BEAM IONISATION SYSTEMS (FIB)						ADEME26	Produits informatiques, electroniques et optiques	0.4	0.0	0.3200000000000001	334516 / 33391A	Analytical laboratory instruments / Pumps and pumping equipment	0.17	0.12	0.136	0.29	0.14	0.232									macro	0.29	0.14	0.232	VB05	purchases	lab.equipment	10	4.2
VB04	TECHNIQUES SOUS VIDE : MICROBALANCES	VACUUM TECHNOLOGY : MICROBALANCES						ADEME26	Produits informatiques, electroniques et optiques	0.4	0.0	0.3200000000000001	334516 / 33391A	Analytical laboratory instruments / Pumps and pumping equipment	0.17	0.12	0.136	0.29	0.14	0.232									macro	0.29	0.14	0.232	VB05	purchases	lab.equipment	10	4.2
VB05	TECHNIQUES SOUS VIDE : CELLULES D'EFFUSION	VACUUM TECHNOLOGY : EFFUSION CELLS						ADEME26	Produits informatiques, electroniques et optiques	0.4	0.0	0.3200000000000001	334516 / 33391A	Analytical laboratory instruments / Pumps and pumping equipment	0.17	0.12	0.136	0.29	0.14	0.232									macro	0.29	0.14	0.232	VB05	purchases	lab.equipment	10	4.2
VB06	TECHNIQUES SOUS VIDE : AUTRE MATERIEL (APPAREILS DE PREPARATION DE SURFACE,_x001A_)	VACUUM TECHNOLOGY : OTHER EQUIPMENT (SURFACE PREPARATION EQUIPMENT,...)						ADEME25	Machines et equipements	0.7	0.0	0.5599999999999999	334516 / 33391A	Analytical laboratory instruments / Pumps and pumping equipment	0.17	0.12	0.136	0.39	0.29	0.3120000000000001									macro	0.39	0.29	0.3120000000000001	VB06	purchases	lab.equipment	10	4.2
VC01	REPARATION ET MAINTECE DES POMPES A VIDE ET ULTRAVIDE	REPAIR AND MAINTENANCE OF VACUUM AND ULTRA-HIGH VACUUM PUMPS						ADEME07	Reparation et installation de machines et d'equipements	0.39	0.0	0.3120000000000001	811300 / 811200	Commercial machinery repair / Electronic  equipment repair and maintenance	0.15	0.06	0.12	0.22	0.15	0.176									macro	0.22	0.15	0.176	WB11	purchases	maintenance	9	4.5
VC02	REPARATION ET MAINTECE DU MATERIEL DE MESURE ET CONTR_x001A_LE DU VIDE	REPAIR AND MAINTENANCE OF VACUUM MEASURING AND CONTROL EQUIPMENT						ADEME07	Reparation et installation de machines et d'equipements	0.39	0.0	0.3120000000000001	811300 / 811200	Commercial machinery repair / Electronic  equipment repair and maintenance	0.15	0.06	0.12	0.22	0.15	0.176									macro	0.22	0.15	0.176	WB11	purchases	maintenance	9	4.5
VC11	REPARATION ET MAINTECE DES EQUIPEMENTS DE DEPOT ET GRAVURE	REPAIR AND MAINTENANCE OF DEPOSITING AND ETCHING EQUIPMENT						ADEME07	Reparation et installation de machines et d'equipements	0.39	0.0	0.3120000000000001	811300 / 811200	Commercial machinery repair / Electronic  equipment repair and maintenance	0.15	0.06	0.12	0.22	0.15	0.176									macro	0.22	0.15	0.176	WB11	purchases	maintenance	9	4.5
WA01	NANOTECHNOLOGIES - MICROELECTRONIQUE : MATERIAUX SEMI-CONDUCTEURS	NANOTECHNOLOGIES - MICROELECTRONICS: SEMICONDUCTOR MATERIALS						ADEME23	Metaux (aluminium, cuivre, acier, etc.)	1.7	0.0	1.36	334413	Semiconductors	0.29	0.0	0.232	0.99	0.71	0.792									macro	0.99	0.71	0.792	WA02	purchases	consumables	9	4.1
WA02	NANOTECHNOLOGIES - MICROELECTRONIQUE : AUTRES SUBSTRATS	NANOTECHNOLOGIES - MICROELECTRONICS: OTHER SUBSTRATES						ADEME23	Metaux (aluminium, cuivre, acier, etc.)	1.7	0.0	1.36	334413	Semiconductors	0.29	0.0	0.232	0.99	0.71	0.792									macro	0.99	0.71	0.792	WA02	purchases	consumables	9	4.1
WA03	NE PLUS UTILISER - UTILISER NA.23	NO LONGER IN USE - USE NA.23						ADEME23	Metaux (aluminium, cuivre, acier, etc.)	1.7	0.0	1.36	331110 / 331313 / 331410	Primary iron, steel, and ferroalloy products / Alumina refining and primary aluminum production / Nonferrous Metal (except Aluminum) Smelting and Refining	0.83	0.15	0.664	1.3	0.62	1.04									macro	1.3	0.6	1.04	WA03	purchases	consumables	9	4.1
WA04	NANOTECHNOLOGIES - MICROELECTRONIQUE : CONSOMMABLES (RESINES,_x001A_)	NANOTECHNOLOGIES - MICROELECTRONICS: CONSUMABLES (RESINS,...)						ADEME16	Plastiques et caoutchouc	0.8	0.0	0.6400000000000001	325211	Plastics	1.8	0.0	1.44	1.3	0.51	1.04									macro	1.3	0.5	1.04	WA04	purchases	consumables	9	4.1
WA11	NANOTECHNOLOGIES - MICROELECTRONIQUE : MATERIEL POUR PHOTOLITHOGRAPHIE	NANOTECHNOLOGIES - MICROELECTRONICS: PHOTOLITHOGRAPHY EQUIPMENT						ADEME26	Produits informatiques, electroniques et optiques	0.4	0.0	0.3200000000000001	333314 / 33399A	Optical instruments and lenses / Welding and Soldering Equipment, Scales and Balances, and other general purpose machinery	0.22	0.02	0.176	0.32	0.11	0.256									macro	0.32	0.11	0.256	WA23	purchases	lab.equipment	10	4.2
WA12	NANOTECHNOLOGIES - MICROELEC : MATERIEL DE LITHOGRAPHIE LASER ACCESSOIRES	NANOTECHNOLOGIES - MICROELECTRONICS: LASER LITHOGRAPHY EQUIPMENT AND ACCESSORIES						ADEME26	Produits informatiques, electroniques et optiques	0.4	0.0	0.3200000000000001	333314 / 33399A	Optical instruments and lenses / Welding and Soldering Equipment, Scales and Balances, and other general purpose machinery	0.22	0.02	0.176	0.32	0.11	0.256									macro	0.32	0.11	0.256	WA23	purchases	lab.equipment	10	4.2
WA13	NANOTECHNOLOGIES - MICROELEC : CONSOMMABLES POUR EQUIPEMENT DE LITHOGRAPHIE	NANOTECHNOLOGIES - MICROELEC: CONSUMABLES FOR LITHOGRAPHY EQUIPMENT						ADEME37	Consommables de bureau - Consommables bureautiques	0.92	0.0	0.7360000000000001	333314 / 33399A	Optical instruments and lenses / Welding and Soldering Equipment, Scales and Balances, and other general purpose machinery	0.22	0.02	0.176	0.49	0.38	0.392									macro	0.49	0.38	0.392	WA13	purchases	consumables	9	4.1
WA14	NANOTECHNOLOGIES - MICROELEC : MATERIEL DE LITHOGRAPHIE ELECTRONIQUE ET ACCES.	NANOTECHNOLOGIES - MICROELEC: ELECTRONIC LITHOGRAPHY EQUIPMENT AND ACCESSORIES						ADEME26	Produits informatiques, electroniques et optiques	0.4	0.0	0.3200000000000001	333314 / 33399A	Optical instruments and lenses / Welding and Soldering Equipment, Scales and Balances, and other general purpose machinery	0.22	0.02	0.176	0.32	0.11	0.256									macro	0.32	0.11	0.256	WA23	purchases	lab.equipment	10	4.2
WA15	NANOTECHNOLOGIES - MICROELEC : LOGICIELS DE LITHOGRAPHIE ELECTRONIQUE	NANOTECHNOLOGIES - MICROELEC: ELECTRONIC LITHOGRAPHY SOFTWARE						ADEME05	Services (imprimerie, publicite, architecture et ingenierie, maintenance multi-technique des batiments, gardiennage, nettoyage, securite, agence de voyage, autres services aux entreprises)	0.17	0.0	0.136	511200	Software	0.08	0.0	0.064	0.12	0.05	0.096									macro	0.12	0.05	0.096	WA15	purchases	lab.equipment	9	4.5
WA21	NANOTECHNOLOGIES - MICROELEC. : MATERIEL POUR LE DEPOT (HORS VIDE)	NANOTECHNOLOGIES - MICROELEC. NANOTECHNOLOGIES - MICROELECTRONICS: DEPOSITING EQUIPMENT (EXCLUDING VACUUM)						ADEME26	Produits informatiques, electroniques et optiques	0.4	0.0	0.3200000000000001	33399A / 333242	Welding and Soldering Equipment, Scales and Balances, and other general purpose machinery / Semiconductor machinery	0.23	0.03	0.184	0.37	0.13	0.296									macro	0.37	0.13	0.296	WA23	purchases	lab.equipment	10	4.2
WA22	NANOTECHNOLOGIES - MICROELEC. : MATERIEL D'IMPLANTATION IONIQUE	NANOTECHNOLOGIES - MICROELEC. ION IMPLANTATION EQUIPMENT						ADEME26	Produits informatiques, electroniques et optiques	0.4	0.0	0.3200000000000001	33399A / 333242	Welding and Soldering Equipment, Scales and Balances, and other general purpose machinery / Semiconductor machinery	0.23	0.03	0.184	0.37	0.13	0.296									macro	0.37	0.13	0.296	WA23	purchases	lab.equipment	10	4.2
WA23	NANOTECHNOLOGIES - MICROELEC. : MATERIEL DE SERIGRAPHIE / IMPRESSION	NANOTECHNOLOGIES - MICROELEC. NANOTECHNOLOGIES - MICROELECTRONICS: SCREEN PRINTING EQUIPMENT						ADEME26	Produits informatiques, electroniques et optiques	0.4	0.0	0.3200000000000001	33399A / 333242	Welding and Soldering Equipment, Scales and Balances, and other general purpose machinery / Semiconductor machinery	0.23	0.03	0.184	0.37	0.13	0.296									macro	0.37	0.13	0.296	WA23	purchases	lab.equipment	10	4.2
WA24	NANOTECHNOLOGIES - MICRO-ELECTRONIQUE : FOURS SPECIAUX	NANOTECHNOLOGIES - MICROELECTRONICS: SPECIAL OVENS						ADEME25 / ADEME26	Machines et equipements / Produits informatiques, electroniques et optiques	0.55	0.21	0.4400000000000001	333994 / 333242	Industrial process furnaces and ovens / Semiconductor machinery	0.25	0.0	0.2	0.42	0.2	0.336									macro	0.42	0.2	0.336	WA24	purchases	lab.equipment	10	4.2
WA25	MICRO-ELECTRONIQUE : AUTRES MACHINES DEDIEES (MICROSOUDURE, BONDING, TEST,_x001A_)	MICROELECTRONICS: OTHER DEDICATED MACHINES (MICRO-WELDING, BONDING, TESTING,...)						ADEME25 / ADEME26	Machines et equipements / Produits informatiques, electroniques et optiques	0.55	0.21	0.4400000000000001	33399A / 333242	Welding and Soldering Equipment, Scales and Balances, and other general purpose machinery / Semiconductor machinery	0.23	0.03	0.184	0.42	0.21	0.336									macro	0.42	0.21	0.336	WA25	purchases	lab.equipment	10	4.2
WB01	REPARATION ET MAINTECE DES EQUIPEMENTS DE LITHOGRAPHIE	REPAIR AND MAINTENANCE OF LITHOGRAPHY EQUIPMENT						ADEME07	Reparation et installation de machines et d'equipements	0.39	0.0	0.3120000000000001	811300 / 811200	Commercial machinery repair / Electronic  equipment repair and maintenance	0.15	0.06	0.12	0.22	0.15	0.176									macro	0.22	0.15	0.176	WB11	purchases	maintenance	9	4.5
WB11	REPARATION ET MAINTECE DES AUTRES EQUIPEMENTS PR MICRO-ELECTRONIQUE	REPAIR AND MAINTENANCE OF OTHER EQUIPMENT FOR MICROELECTRONICS						ADEME07	Reparation et installation de machines et d'equipements	0.39	0.0	0.3120000000000001	811300 / 811200	Commercial machinery repair / Electronic  equipment repair and maintenance	0.15	0.06	0.12	0.22	0.15	0.176									macro	0.22	0.15	0.176	WB11	purchases	maintenance	9	4.5
WC01	NANOTECHNOLOGIES - MICRO-ELECTRONIQUE : SERVICES SPECIALISES	NANOTECHNOLOGIES - MICROELECTRONICS: SPECIALISED SERVICES						ADEME30	Recherche et developpement	0.25	0.0	0.2	541700	Scientific research and development	0.21	0.0	0.168	0.23	0.02	0.184									macro	0.23	0.02	0.184	XD41	purchases	services	9	4.5
XA01	REMBOURSEMENT FRAIS DE MISSIONS EN FRANCE METROPOLITAINE Personnels	REIMBURSEMENT OF MISSION EXPENSES IN METROPOLITAN FRANCE Staff						ADEME04	Hebergement et restauration	0.32	0.0	0.256	721000 / (722210 ; 722211 ; 722A00)	Hotels and campgrounds / Full-service restaurants/Limited-service restaurants/All other food and drinking places	0.26	0.05	0.208	0.31	0.06	0.248									macro	0.31	0.06	0.248	XA04	purchases	transport	9	3.5
XA02	REMBOURSEMENT FRAIS DE MISSIONS A L'ETRANGER Personnels	REIMBURSEMENT OF MISSION EXPENSES ABROAD Staff						ADEME04	Hebergement et restauration	0.32	0.0	0.256	721000 / (722210 ; 722211 ; 722A00)	Hotels and campgrounds / Full-service restaurants/Limited-service restaurants/All other food and drinking places	0.26	0.05	0.208	0.31	0.06	0.248									macro	0.31	0.06	0.248	XA04	purchases	transport	9	3.5
XA03	SUBVENTIONS FRAIS DE RECHERCHE SUR LE TERRAIN Personnels	SUBSIDIES FOR FIELD RESEARCH Staff						ADEME04	Hebergement et restauration	0.32	0.0	0.256	721000 / (722210 ; 722211 ; 722A00)	Hotels and campgrounds / Full-service restaurants/Limited-service restaurants/All other food and drinking places	0.26	0.05	0.208	0.31	0.06	0.248									macro	0.31	0.06	0.248	XA04	purchases	transport	9	3.5
XA04	AUTRES REMBOURSEMENTS DE FRAIS DE MISSIONS Personnels	OTHER REIMBURSEMENT OF MISSION EXPENSES Staff						ADEME04	Hebergement et restauration	0.32	0.0	0.256	721000 / (722210 ; 722211 ; 722A00)	Hotels and campgrounds / Full-service restaurants/Limited-service restaurants/All other food and drinking places	0.26	0.05	0.208	0.31	0.06	0.248									macro	0.31	0.06	0.248	XA04	purchases	transport	9	3.5
XA11	REMBOURSEMENT FRAIS DE MISSIONS EN FRANCE METROPOLITAINE Etudiants	REIMBURSEMENT OF MISSION EXPENSES IN METROPOLITAN FRANCE Students						ADEME04	Hebergement et restauration	0.32	0.0	0.256	721000 / (722210 ; 722211 ; 722A00)	Hotels and campgrounds / Full-service restaurants/Limited-service restaurants/All other food and drinking places	0.26	0.05	0.208	0.31	0.06	0.248									macro	0.31	0.06	0.248	XA04	purchases	transport	9	3.5
XA12	REMBOURSEMENT FRAIS DE MISSIONS A L'ETRANGER Etudiants	REIMBURSEMENT OF MISSION EXPENSES ABROAD Students						ADEME04	Hebergement et restauration	0.32	0.0	0.256	721000 / (722210 ; 722211 ; 722A00)	Hotels and campgrounds / Full-service restaurants/Limited-service restaurants/All other food and drinking places	0.26	0.05	0.208	0.31	0.06	0.248									macro	0.31	0.06	0.248	XA04	purchases	transport	9	3.5
XA13	AUTRES REMBOURSEMENTS DE FRAIS DE MISSIONS Etudiants	OTHER REIMBURSEMENT OF MISSION EXPENSES Students						ADEME04	Hebergement et restauration	0.32	0.0	0.256	721000 / (722210 ; 722211 ; 722A00)	Hotels and campgrounds / Full-service restaurants/Limited-service restaurants/All other food and drinking places	0.26	0.05	0.208	0.31	0.06	0.248									macro	0.31	0.06	0.248	XA04	purchases	transport	9	3.5
XA14	FRAIS DE MISSIONS DE RECHERCHE SUR LE TERRAIN Etudiants	FIELD RESEARCH MISSION EXPENSES Students						ADEME04	Hebergement et restauration	0.32	0.0	0.256	721000 / (722210 ; 722211 ; 722A00)	Hotels and campgrounds / Full-service restaurants/Limited-service restaurants/All other food and drinking places	0.26	0.05	0.208	0.31	0.06	0.248									macro	0.31	0.06	0.248	XA04	purchases	transport	9	3.5
XA21	REMBOURSEMENT FRAIS DE MISSIONS FRANCE METROPOLITAINE Personnalit_x001A_s ext_x001A_rieures	REIMBURSEMENT OF MISSION EXPENSES FRANCE METROPOLITAN External personalities						ADEME04	Hebergement et restauration	0.32	0.0	0.256	721000 / (722210 ; 722211 ; 722A00)	Hotels and campgrounds / Full-service restaurants/Limited-service restaurants/All other food and drinking places	0.26	0.05	0.208	0.31	0.06	0.248									macro	0.31	0.06	0.248	XA04	purchases	transport	9	3.4
XA22	REMBOURSEMENT FRAIS DE MISSIONS A L'ETRANGER  Personnalit_x001A_s ext_x001A_rieures	REIMBURSEMENT OF MISSION EXPENSES ABROAD External personalities						ADEME04	Hebergement et restauration	0.32	0.0	0.256	721000 / (722210 ; 722211 ; 722A00)	Hotels and campgrounds / Full-service restaurants/Limited-service restaurants/All other food and drinking places	0.26	0.05	0.208	0.31	0.06	0.248									macro	0.31	0.06	0.248	XA04	purchases	transport	9	3.4
XA23	AUTRES REMBOURSEMENTS FRAIS DE MISSIONS  Personnalit_x001A_s ext_x001A_rieures	OTHER REIMBURSEMENTS MISSION EXPENSES External personalities						ADEME04	Hebergement et restauration	0.32	0.0	0.256	721000 / (722210 ; 722211 ; 722A00)	Hotels and campgrounds / Full-service restaurants/Limited-service restaurants/All other food and drinking places	0.26	0.05	0.208	0.31	0.06	0.248									macro	0.31	0.06	0.248	XA04	purchases	transport	9	3.4
XA24	FRAIS DE MISSIONS DE RECHERCHE SUR LE TERRAIN  Personnalit_x001A_s ext_x001A_rieures	EXPENSES OF FIELD RESEARCH MISSIONS External personalities						ADEME04	Hebergement et restauration	0.32	0.0	0.256	721000 / (722210 ; 722211 ; 722A00)	Hotels and campgrounds / Full-service restaurants/Limited-service restaurants/All other food and drinking places	0.26	0.05	0.208	0.31	0.06	0.248									macro	0.31	0.06	0.248	XA04	purchases	transport	9	3.4
XA31	REMBOURSEMENTS DE DEPENSES REALISEES PAR CARTES AFFAIRES	REIMBURSEMENT OF EXPENSES INCURRED BY BUSINESS CARDS						ADEME04	Hebergement et restauration	0.32	0.0	0.256	721000 / (722210 ; 722211 ; 722A00)	Hotels and campgrounds / Full-service restaurants/Limited-service restaurants/All other food and drinking places	0.26	0.05	0.208	0.31	0.06	0.248									macro	0.31	0.06	0.248	XA04	purchases	transport	9	4.5
XA41	INDEMNITES FORFAITAIRES DE CHANGEMENT DE RESIDENCE	LUMP SUM CHANGE OF RESIDENCE ALLOWANCES						Ne doit pas _x001A_tre compte		0.0	0.0	0.0	484000	Truck transport	1.6	0.0	1.28	0.68	0.83	0.544									macro	0.68	0.83	0.544	XA41	purchases	transport	9	3.5
XB01	TAXE SUR LES SALAIRES	PAYROLL TAX						Ne doit pas _x001A_tre compte		0.0	0.0	0.0			0.0	0.0	0.0	0.0	0.0	0.0									macro	0.0	0.0	0.0	XF09	purchases	services		
XB02	TAXE D'APPRENTISSAGE	APPRENTICESHIP TAX						Ne doit pas _x001A_tre compte		0.0	0.0	0.0			0.0	0.0	0.0	0.0	0.0	0.0									macro	0.0	0.0	0.0	XF09	purchases	services		
XB03	VERSEMENTS DE TRANSPORT PERSONNEL PERMANENT	TRANSPORT PAYMENTS PERMANENT STAFF						Ne doit pas _x001A_tre compte		0.0	0.0	0.0			0.0	0.0	0.0	0.0	0.0	0.0									macro	0.0	0.0	0.0	XF09	purchases	services		3.3
XB04	VERSEMENTS DE TRANSPORT REMUNERATIONS DIVERSES	TRANSPORT PAYMENTS MISCELLANEOUS REMUNERATIONS						Ne doit pas _x001A_tre compte		0.0	0.0	0.0			0.0	0.0	0.0	0.0	0.0	0.0									macro	0.0	0.0	0.0	XF09	purchases	services		3.5
XB05	COTISATIONS FNAL PERSONNEL PERMANENT	FNAL CONTRIBUTIONS PERMANENT STAFF						Ne doit pas _x001A_tre compte		0.0	0.0	0.0			0.0	0.0	0.0	0.0	0.0	0.0									macro	0.0	0.0	0.0	XF09	purchases	services		
XB06	COTISATIONS FNAL REMUNERATIONS DIVERSES	FNAL CONTRIBUTIONS MISCELLANEOUS REMUNERATIONS						Ne doit pas _x001A_tre compte		0.0	0.0	0.0			0.0	0.0	0.0	0.0	0.0	0.0									macro	0.0	0.0	0.0	XF09	purchases	services		
XB07	AUTRES IMPOTS ET TAXES SUR REMUNERATIONS	OTHER TAXES ON REMUNERATION						Ne doit pas _x001A_tre compte		0.0	0.0	0.0			0.0	0.0	0.0	0.0	0.0	0.0									macro	0.0	0.0	0.0	XF09	purchases	services		
XB08	AUTRES CHARGES DE PERSONNEL REDEVANCES A L_x001A_OMI	OTHER PERSONNEL COSTS ROYALTIES TO THE IMO						Ne doit pas _x001A_tre compte		0.0	0.0	0.0			0.0	0.0	0.0	0.0	0.0	0.0									macro	0.0	0.0	0.0	XF09	purchases	services		
XB09	TAXE PERCUE PAR LES ORGANISMES PUBLICS INTERNATIONAUX	TAX COLLECTED BY INTERNATIONAL PUBLIC BODIES						Ne doit pas _x001A_tre compte		0.0	0.0	0.0			0.0	0.0	0.0	0.0	0.0	0.0									macro	0.0	0.0	0.0	XF09	purchases	services		
XB11	ACCUEILS, ECHANGES TITULAIRES ACCUEILLIS EN DELEGATIONS	HOSTING, EXCHANGES OF PERMANENT STAFF HOSTED BY DELEGATIONS						Ne doit pas _x001A_tre compte		0.0	0.0	0.0			0.0	0.0	0.0	0.0	0.0	0.0									macro	0.0	0.0	0.0	XF09	purchases	services		
XB12	ACCUEILS CHAIRES D'EXCELLENCE CNRS-UNIVERSITES	HOSTING OF CNRS-UNIVERSITIES CHAIRS OF EXCELLENCE						Ne doit pas _x001A_tre compte		0.0	0.0	0.0			0.0	0.0	0.0	0.0	0.0	0.0									macro	0.0	0.0	0.0	XF09	purchases	services		
XB13	COTISATIONS URSSAF SUR REMUNERATIONS DIVERSES	URSSAF CONTRIBUTIONS ON VARIOUS REMUNERATIONS						Ne doit pas _x001A_tre compte		0.0	0.0	0.0			0.0	0.0	0.0	0.0	0.0	0.0									macro	0.0	0.0	0.0	XF09	purchases	services		
XB14	CHARGES DENSEIGNEMENT VACATAIRES	TEACHING EXPENSES FOR TEMPORARY STAFF						Ne doit pas _x001A_tre compte		0.0	0.0	0.0			0.0	0.0	0.0	0.0	0.0	0.0									macro	0.0	0.0	0.0	XF09	purchases	services		
XB15	ALLOC.POUR PERTE D'EMPLOI -REMUNERATIONS DIVERSES	ALLOWANCES FOR LOSS OF EMPLOYMENT - VARIOUS REMUNERATIONS						Ne doit pas _x001A_tre compte		0.0	0.0	0.0			0.0	0.0	0.0	0.0	0.0	0.0									macro	0.0	0.0	0.0	XF09	purchases	services		
XB16	INDEMN DE PREAVIS ET DE LICENCIEMENT-  REMUNERATIONS DIVERSES	INDEMNITY FOR NOTICE AND DISMISSAL - VARIOUS REMUNERATIONS						Ne doit pas _x001A_tre compte		0.0	0.0	0.0			0.0	0.0	0.0	0.0	0.0	0.0									macro	0.0	0.0	0.0	XF09	purchases	services		
XB17	PERSONNEL INTERIMAIRE, DETACHE OU PRETE	INTERIM, SECONDED OR LOANED PERSONNEL						Ne doit pas _x001A_tre compte		0.0	0.0	0.0			0.0	0.0	0.0	0.0	0.0	0.0									macro	0.0	0.0	0.0	XF09	purchases	services		
XB18	AVANTAGES FAMILIAUX REMUNERATION DIVERSES  (HORS FRANCE)	FAMILY BENEFITS MISCELLANEOUS REMUNERATION (OUTSIDE FRANCE)						Ne doit pas _x001A_tre compte		0.0	0.0	0.0			0.0	0.0	0.0	0.0	0.0	0.0									macro	0.0	0.0	0.0	XF09	purchases	services		
XB19	AUTRES REMUNERATIONS DIVERSES	OTHER MISCELLANEOUS REMUNERATION						Ne doit pas _x001A_tre compte		0.0	0.0	0.0			0.0	0.0	0.0	0.0	0.0	0.0									macro	0.0	0.0	0.0	XF09	purchases	services		
XB21	NE PLUS UTILISER - UTILISER EC.41	NO LONGER IN USE - USE EC.41						ADEME31	Activites pour la sante humaine	0.12	0.0	0.096	(621500 ; 621400)	Medical laboratories/Outpatient healthcare	0.13	0.0	0.104	0.15	0.03	0.12									macro	0.15	0.03	0.12	XB21	purchases	services	9	4.5
XB22	MEDECINE STATUTAIRE - VISITES D'EMBAUCHE	STATUTORY MEDICINE - PRE-RECRUITMENT VISITS						ADEME31	Activites pour la sante humaine	0.12	0.0	0.096	(62100 ; 62200 ; 62300)	Physicians/Dentists/Healthcare practitioners (except physicians and dentists)	0.1	0.0	0.08000000000000002	0.11	0.01	0.08800000000000001									macro	0.11	0.01	0.08800000000000001	XB24	purchases	services	9	4.5
XB23	MEDECINE DU TRAVAIL: FRAIS MEDICAUX LIES AUX DEPARTS A L'ETRANGER	OCCUPATIONAL MEDICINE: MEDICAL EXPENSES RELATED TO DEPARTURES ABROAD						ADEME31	Activites pour la sante humaine	0.12	0.0	0.096	(62100 ; 62200 ; 62300)	Physicians/Dentists/Healthcare practitioners (except physicians and dentists)	0.1	0.0	0.08000000000000002	0.11	0.01	0.08800000000000001									macro	0.11	0.01	0.08800000000000001	XB24	purchases	services	9	4.5
XB24	MEDECINE DU TRAVAIL: AUTRES FRAIS MEDICAUX	OCCUPATIONAL MEDICINE: OTHER MEDICAL EXPENSES						ADEME31	Activites pour la sante humaine	0.12	0.0	0.096	(62100 ; 62200 ; 62300)	Physicians/Dentists/Healthcare practitioners (except physicians and dentists)	0.1	0.0	0.08000000000000002	0.11	0.01	0.08800000000000001									macro	0.11	0.01	0.08800000000000001	XB24	purchases	services	9	4.5
XB31	OEUVRES SOCIALES AIDES EXCEPTIONNELLES	SOCIAL WORKS - EXCEPTIONAL AID						ADEME32	Action sociale	0.1	0.0	0.08000000000000002	813A00 / 813B00	Grantmaking, giving, and social advocacy organizations / Civic, social, professional, and similar organizations	0.13	0.07	0.104	0.15	0.08	0.12									macro	0.15	0.08	0.12	XB31	purchases	services	9	4.5
XB32	DEPENSES SOCIALES DIVERSES	MISCELLANEOUS SOCIAL EXPENDITURE						ADEME32	Action sociale	0.1	0.0	0.08000000000000002	813A00 / 813B00	Grantmaking, giving, and social advocacy organizations / Civic, social, professional, and similar organizations	0.13	0.07	0.104	0.15	0.08	0.12									macro	0.15	0.08	0.12	XB34	purchases	services	9	4.5
XB33	SUBVENTIONS CAES	CAES GRANTS						ADEME32	Action sociale	0.1	0.0	0.08000000000000002	813A00 / 813B00	Grantmaking, giving, and social advocacy organizations / Civic, social, professional, and similar organizations	0.13	0.07	0.104	0.15	0.08	0.12									macro	0.15	0.08	0.12	XB34	purchases	services	9	4.5
XB34	SUBVENTIONS POUR AUTRES OEUVRES SOCIALES	GRANTS FOR OTHER SOCIAL WORKS						ADEME32	Action sociale	0.1	0.0	0.08000000000000002	813A00 / 813B00	Grantmaking, giving, and social advocacy organizations / Civic, social, professional, and similar organizations	0.13	0.07	0.104	0.15	0.08	0.12									macro	0.15	0.08	0.12	XB34	purchases	services	9	4.5
XB35	RESTAURATION SOCIALE : SUBVENTIONS ORGANISMES, ET RESTAURANTS INTER-ENTREPRISES	SOCIAL CATERING: SUBSIDIES FOR ORGANISATIONS AND INTER-COMPANY RESTAURANTS						Ne doit pas _x001A_tre compte		0.0	0.0	0.0	813A00 / 813B00	Grantmaking, giving, and social advocacy organizations / Civic, social, professional, and similar organizations	0.13	0.07	0.104	0.12	0.12	0.096									macro	0.12	0.12	0.096	XB35	purchases	services	9	4.5
XB36	PR_x001A_T A MOBILITE	MOBILITY LOAN						Ne doit pas _x001A_tre compte		0.0	0.0	0.0			0.0	0.0	0.0	0.0	0.0	0.0									macro	0.0	0.0	0.0	XF09	purchases	services	9	4.5
XB41	FACTURATION PAYE A FACON	INVOICING FOR CUSTOMARY PAYMENTS						Ne doit pas _x001A_tre compte		0.0	0.0	0.0			0.0	0.0	0.0	0.0	0.0	0.0									macro	0.0	0.0	0.0	XF09	purchases	services	9	4.5
XC01	FRAIS D'INSCRIPTION A DES COLLOQUES NON ORGANISES PAR L'ETABLISSEMENT	REGISTRATION FEES FOR CONFERENCES NOT ORGANISED BY THE INSTITUTION						ADEME33	Activites creatives, artistiques et de spectacle; Biblioth_x001A_ques, archives, musees et autres activites culturelles; _x001A_ Organisation de jeux de hasard et d'argent	0.21	0.0	0.168	813A00 / 813B00	Grantmaking, giving, and social advocacy organizations / Civic, social, professional, and similar organizations	0.13	0.07	0.104	0.19	0.08	0.152									macro	0.19	0.08	0.152	XC01	purchases	services	9	4.5
XC02	COTISATIONS ASSOCIATIONS / CONCOURS DIVERS	MEMBERSHIP FEES FOR ASSOCIATIONS / VARIOUS COMPETITIONS						ADEME35	Activites des organisations associatives	0.22	0.0	0.176	813A00 / 813B00	Grantmaking, giving, and social advocacy organizations / Civic, social, professional, and similar organizations	0.13	0.07	0.104	0.19	0.08	0.152									macro	0.19	0.08	0.152	XC03	purchases	services	9	4.5
XC03	NE PLUS UTILISER - UTILISER XC.02	NO LONGER USE - USE XC.02						ADEME35	Activites des organisations associatives	0.22	0.0	0.176	813A00 / 813B00	Grantmaking, giving, and social advocacy organizations / Civic, social, professional, and similar organizations	0.13	0.07	0.104	0.19	0.08	0.152									macro	0.19	0.08	0.152	XC03	purchases	services	9	4.5
XC11	NE PLUS UTILISER	NO LONGER TO BE USED						ADEME06	edition (livres, journaux, revues, etc.)	0.28	0.0	0.224	511120	Magazines and journals	0.17	0.0	0.136	0.22	0.05	0.176									macro	0.22	0.05	0.176	XC17	purchases	services	9	4.5
XC12	FRAIS DE PUBLICATION D'ANNONCES DE RECRUTEMENT	PUBLICATION COSTS OF RECRUITMENT ADVERTISEMENTS						ADEME05	Services (imprimerie, publicite, architecture et ingenierie, maintenance multi-technique des batiments, gardiennage, nettoyage, securite, agence de voyage, autres services aux entreprises)	0.17	0.0	0.136	5191A0	News syndicates, libraries, archives, Internet publishing and all other information services	0.17	0.0	0.136	0.18	0.01	0.144									macro	0.18	0.01	0.144	XC12	purchases	services	9	4.5
XC13	AUTRES FRAIS DE PUBLICATION (BOAMP,_x001A_)	OTHER PUBLICATION COSTS (BOAMP,...)						ADEME06	edition (livres, journaux, revues, etc.)	0.28	0.0	0.224	511120	Magazines and journals	0.17	0.0	0.136	0.22	0.05	0.176									macro	0.22	0.05	0.176	XC17	purchases	services	9	4.5
XC14	FRAIS POUR PUBLICATION EN ACCES OUVERT D_x001A_UN ARTICLE SCIENTIFIQUE (ARTICLE PROCESSING CHARGE)	CHARGES FOR OPEN ACCESS PUBLICATION OF A SCIENTIFIC ARTICLE (ARTICLE PROCESSING CHARGE)						ADEME06	edition (livres, journaux, revues, etc.)	0.28	0.0	0.224	511120	Magazines and journals	0.17	0.0	0.136	0.22	0.05	0.176	MXC14	Wiley	0.02	0.016					meso	0.02	0.02	0.016	XC17	purchases	services	9	4.5
XC15	FRAIS DE PUBLICATION MONOGRAPHIE	MONOGRAPH PUBLICATION FEE						ADEME06	edition (livres, journaux, revues, etc.)	0.28	0.0	0.224	511120	Magazines and journals	0.17	0.0	0.136	0.22	0.05	0.176									macro	0.22	0.05	0.176	XC17	purchases	services	9	4.5
XC16	FRAIS DE LIBERATION DE PUBLICATION SCIENTIFIQUES POUR DIFFUSION EN ACCES OUVERT	SCIENTIFIC PUBLICATION RELEASE FEE FOR OPEN ACCESS						ADEME06	edition (livres, journaux, revues, etc.)	0.28	0.0	0.224	511120	Magazines and journals	0.17	0.0	0.136	0.22	0.05	0.176									macro	0.22	0.05	0.176	XC17	purchases	services	9	4.5
XC17	FRAIS DE PUBLICATIONS SCIENTIFIQUES POUR SERVICES (SOUMISSION, AIDE A LA PUBLICATION D_x001A_OUVRAGE, FIGURES ET PAGES SUPPLEMENTAIRES	SCIENTIFIC PUBLICATION CHARGES FOR SERVICES (SUBMISSION, ASSISTANCE WITH BOOK PUBLICATION, FIGURES AND ADDITIONAL PAGES)						ADEME06	edition (livres, journaux, revues, etc.)	0.28	0.0	0.224	511120	Magazines and journals	0.17	0.0	0.136	0.22	0.05	0.176									macro	0.22	0.05	0.176	XC17	purchases	services	9	4.5
XC21	SUBV. OU PARTICIP. VERSEES DS LE CADRE DE CONTRATS ET PROG. DE RECH. ET DE DEV.	SUBSIDIES OR PARTICIPATION PAID IN THE FRAMEWORK OF RESEARCH AND DEVELOPMENT CONTRACTS AND PROGRAMMES RESEARCH AND DEVELOPMENT CONTRACTS AND PROGRAMMES						ADEME30	Recherche et developpement	0.25	0.0	0.2	541700	Scientific research and development	0.21	0.0	0.168	0.23	0.02	0.184									macro	0.23	0.02	0.184	XD41	purchases	services	9	4.5
XC22	SUBVENTIONS OU PARTICIPATIONS VERSEES DANS LE CADRE DE CONVENTIONS DE MIXITE	GRANTS OR CONTRIBUTIONS PAID IN THE FRAMEWORK OF MIXED USE AGREEMENTS						ADEME30	Recherche et developpement	0.25	0.0	0.2	541700	Scientific research and development	0.21	0.0	0.168	0.23	0.02	0.184									macro	0.23	0.02	0.184	XD41	purchases	services	9	4.5
XC23	MANDAT DE GESTION	MANAGEMENT MANDATE						ADEME05 / ADEME01	Services (imprimerie, publicite, architecture et ingenierie, maintenance multi-technique des batiments, gardiennage, nettoyage, securite, agence de voyage, autres services aux entreprises) / Assurance, services bancaires, conseil et honoraires	0.14	0.04	0.112	541700	Scientific research and development	0.21	0.0	0.168	0.19	0.05	0.152									macro	0.19	0.05	0.152	XC23	purchases	services	9	4.5
XC24	DELEGATION GLOBALE DE GESTION - FONCTIONNEMENT ET INVESTISSEMENT COURANT	GLOBAL MANAGEMENT DELEGATION - CURRENT OPERATION AND INVESTMENT						ADEME05	Services (imprimerie, publicite, architecture et ingenierie, maintenance multi-technique des batiments, gardiennage, nettoyage, securite, agence de voyage, autres services aux entreprises)	0.17	0.0	0.136	541700	Scientific research and development	0.21	0.0	0.168	0.2	0.03	0.16									macro	0.2	0.03	0.16	XC25	purchases	services	15	4.5
XC25	DELEGATION GLOBALE DE GESTION - INVESTISSEMENT NON COURANT	GLOBAL MANAGEMENT DELEGATION - NON-CURRENT INVESTMENT						ADEME05	Services (imprimerie, publicite, architecture et ingenierie, maintenance multi-technique des batiments, gardiennage, nettoyage, securite, agence de voyage, autres services aux entreprises)	0.17	0.0	0.136	541700	Scientific research and development	0.21	0.0	0.168	0.2	0.03	0.16									macro	0.2	0.03	0.16	XC25	purchases	services	15	4.5
XC26	SOUTIEN AUX REUNIONS ET COLLOQUES	SUPPORT FOR MEETINGS AND CONFERENCES						ADEME33	Activites creatives, artistiques et de spectacle; Biblioth_x001A_ques, archives, musees et autres activites culturelles; _x001A_ Organisation de jeux de hasard et d'argent	0.21	0.0	0.168	541700	Scientific research and development	0.21	0.0	0.168	0.21	0.01	0.168									macro	0.21	0.01	0.168	XC25	purchases	services	9	4.5
XC27	AUTRES SUBVENTIONS OU PARTICIPATIONS VERSEES A D'AUTRES ORGANISMES	OTHER GRANTS OR CONTRIBUTIONS PAID TO OTHER BODIES						ADEME30	Recherche et developpement	0.25	0.0	0.2	541700	Scientific research and development	0.21	0.0	0.168	0.23	0.02	0.184									macro	0.23	0.02	0.184	XD41	purchases	services	9	4.5
XC31	SERVICES DE PRETS D'OUVRAGES ENTRE ETABLISSEMENTS	LOAN OF WORKS BETWEEN INSTITUTIONS						ADEME33	Activites creatives, artistiques et de spectacle; Biblioth_x001A_ques, archives, musees et autres activites culturelles; _x001A_ Organisation de jeux de hasard et d'argent	0.21	0.0	0.168	561100	Office administration	0.09	0.0	0.072	0.14	0.06	0.112									macro	0.14	0.06	0.112	XC31	purchases	services	9	4.5
XC32	ACCES AUX EQUIPEMENTS SCIENTIFIQUES D'AUTRES ETABLISSEMENTS	ACCESS TO SCIENTIFIC EQUIPMENT OF OTHER INSTITUTIONS						ADEME30	Recherche et developpement	0.25	0.0	0.2	541700	Scientific research and development	0.21	0.0	0.168	0.23	0.02	0.184									macro	0.23	0.02	0.184	XD41	purchases	services	9	4.5
XD01	BAUX ET LOYERS	LEASES AND RENTS						Ne doit pas _x001A_tre compte		0.0	0.0	0.0	531ORE	Other real estate	0.46	0.0	0.368	0.22	0.23	0.176									macro	0.22	0.23	0.176	XD03	purchases	services	14	4.4
XD02	CHARGES LOCATIVES ET DE COPROPRIETE	RENTAL AND CONDOMINIUM CHARGES						Ne doit pas _x001A_tre compte		0.0	0.0	0.0	531ORE	Other real estate	0.46	0.0	0.368	0.22	0.23	0.176									macro	0.22	0.23	0.176	XD03	purchases	services	14	4.4
XD03	LOCATION DE TERRAIN NU	RENTAL OF BARE LAND						Ne doit pas _x001A_tre compte		0.0	0.0	0.0	531ORE	Other real estate	0.46	0.0	0.368	0.22	0.23	0.176									macro	0.22	0.23	0.176	XD03	purchases	services	14	4.4
XD04	PPP LOYER COMPOSANTE INVESTISSEMENT	PPP RENT INVESTMENT COMPONENT						Ne doit pas _x001A_tre compte		0.0	0.0	0.0	541200	Accounting, tax preparation, bookkeeping, and payroll	0.06	0.0	0.048	0.05	0.04	0.04000000000000001									macro	0.05	0.04	0.04000000000000001	XD06	purchases	services	14	4.4
XD05	PPP LOYER COMPOSANTE FICEMENT	PPP RENT, FINANCIAL COMPONENT						Ne doit pas _x001A_tre compte		0.0	0.0	0.0	541200	Accounting, tax preparation, bookkeeping, and payroll	0.06	0.0	0.048	0.05	0.04	0.04000000000000001									macro	0.05	0.04	0.04000000000000001	XD06	purchases	services	14	4.4
XD06	PPP LOYER COMPOSANTE FONCTIONNEMENT	PPP RENT OPERATING COMPONENT						Ne doit pas _x001A_tre compte		0.0	0.0	0.0	541200	Accounting, tax preparation, bookkeeping, and payroll	0.06	0.0	0.048	0.05	0.04	0.04000000000000001									macro	0.05	0.04	0.04000000000000001	XD06	purchases	services	14	4.4
XD11	TAXE FONCIERE	PROPERTY TAX						Ne doit pas _x001A_tre compte		0.0	0.0	0.0			0.0	0.0	0.0	0.0	0.0	0.0									macro	0.0	0.0	0.0	XF09	purchases	services		
XD12	IMPOTS DIRECTS AUTRES IMPOTS LOCAUX	DIRECT TAXES OTHER LOCAL TAXES						Ne doit pas _x001A_tre compte		0.0	0.0	0.0			0.0	0.0	0.0	0.0	0.0	0.0									macro	0.0	0.0	0.0	XF09	purchases	services		
XD13	IMPOTS DIRECTS TAXE SUR LES BUREAUX DE LA REGION IDF(ART. 231 TER DU CGI)	DIRECT TAXES TAX ON OFFICES IN THE ILE DE FRANCE REGION (ART. 231 TER OF THE CGI)						Ne doit pas _x001A_tre compte		0.0	0.0	0.0			0.0	0.0	0.0	0.0	0.0	0.0									macro	0.0	0.0	0.0	XF09	purchases	services		
XD14	IMPOTS DIRECTS TAXE SUR LE CHIFFRE D'AFFAIRE NON RECUPERABLES	DIRECT TAXES NON-RECOVERABLE TURNOVER TAX						Ne doit pas _x001A_tre compte		0.0	0.0	0.0			0.0	0.0	0.0	0.0	0.0	0.0									macro	0.0	0.0	0.0	XF09	purchases	services		
XD15	IMPOTS INDIRECTS	INDIRECT TAXES						Ne doit pas _x001A_tre compte		0.0	0.0	0.0			0.0	0.0	0.0	0.0	0.0	0.0									macro	0.0	0.0	0.0	XF09	purchases	services		
XD16	DROITS DE MUTATION	TRANSFER DUTIES						Ne doit pas _x001A_tre compte		0.0	0.0	0.0			0.0	0.0	0.0	0.0	0.0	0.0									macro	0.0	0.0	0.0	XF09	purchases	services		
XD17	TAXE DIFFERENTIELLE SUR LES VEHICULES A MOTEUR	DIFFERENTIAL TAX ON MOTOR VEHICLES						Ne doit pas _x001A_tre compte		0.0	0.0	0.0			0.0	0.0	0.0	0.0	0.0	0.0									macro	0.0	0.0	0.0	XF09	purchases	services		
XD18	AUTRES DROITS - ADMINISTRATION DES IMPOTS	OTHER DUTIES - TAX ADMINISTRATION						Ne doit pas _x001A_tre compte		0.0	0.0	0.0			0.0	0.0	0.0	0.0	0.0	0.0									macro	0.0	0.0	0.0	XF09	purchases	services		
XD19	AUTRES DROITS ET TAXES	OTHER DUTIES AND TAXES						Ne doit pas _x001A_tre compte		0.0	0.0	0.0			0.0	0.0	0.0	0.0	0.0	0.0									macro	0.0	0.0	0.0	XF09	purchases	services		
XD21	PENALITES SUR MARCHES ET DESDITS PAYES SUR ACHATS ET VENTES	PENALTIES ON CONTRACTS AND OTHER PAYMENTS ON PURCHASES AND SALES						Ne doit pas _x001A_tre compte		0.0	0.0	0.0			0.0	0.0	0.0	0.0	0.0	0.0									macro	0.0	0.0	0.0	XF09	purchases	services		
XD22	PENALITES, AMENDES FISCALES OU PENALES	PENALTIES, TAX OR CRIMINAL FINES						Ne doit pas _x001A_tre compte		0.0	0.0	0.0			0.0	0.0	0.0	0.0	0.0	0.0									macro	0.0	0.0	0.0	XF09	purchases	services		
XD23	NE PLUS UTILISER	NO LONGER IN USE						Ne doit pas _x001A_tre compte		0.0	0.0	0.0			0.0	0.0	0.0	0.0	0.0	0.0									macro	0.0	0.0	0.0	XF09	purchases	services		
XD24	DEFICITS, DEBETS ADMIS EN DECHARGE OU REMISE GRACIEUSE	DEFICITS, DEBTS DISCHARGED OR FORGIVEN						Ne doit pas _x001A_tre compte		0.0	0.0	0.0			0.0	0.0	0.0	0.0	0.0	0.0									macro	0.0	0.0	0.0	XF09	purchases	services		
XD25	AUTRES CHARGES EXCEPTIONNELLES	OTHER EXTRAORDINARY EXPENSES						Ne doit pas _x001A_tre compte		0.0	0.0	0.0			0.0	0.0	0.0	0.0	0.0	0.0									macro	0.0	0.0	0.0	XF09	purchases	services		
XD26	AVANCES DE L'ETAT ET DES COLLECTIVITES PUBLIQUES	ADVANCES FROM THE STATE AND PUBLIC AUTHORITIES						Ne doit pas _x001A_tre compte		0.0	0.0	0.0			0.0	0.0	0.0	0.0	0.0	0.0									macro	0.0	0.0	0.0	XF09	purchases	services		
XD27	COTISATION FIPHFP	FIPHFP CONTRIBUTION						Ne doit pas _x001A_tre compte		0.0	0.0	0.0			0.0	0.0	0.0	0.0	0.0	0.0									macro	0.0	0.0	0.0	XF09	purchases	services		
XD31	BOURSES ET FRAIS ANNEXES	SCHOLARSHIPS AND RELATED EXPENSES						Ne doit pas _x001A_tre compte		0.0	0.0	0.0			0.0	0.0	0.0	0.0	0.0	0.0									macro	0.0	0.0	0.0	XF09	purchases	services		
XD32	GRATIFICATIONS (STAGE)	BONUSES (INTERNSHIP)						Ne doit pas _x001A_tre compte		0.0	0.0	0.0			0.0	0.0	0.0	0.0	0.0	0.0									macro	0.0	0.0	0.0	XF09	purchases	services		
XD33	REMBOURSEMENTS DE FRAIS AVANCES PAR LES ETUDIANTS	REIMBURSEMENT OF EXPENSES ADVANCED BY STUDENTS						ADEME04	Hebergement et restauration	0.32	0.0	0.256	721000 / (722210 ; 722211 ; 722A00)	Hotels and campgrounds / Full-service restaurants/Limited-service restaurants/All other food and drinking places	0.26	0.05	0.208	0.31	0.06	0.248									macro	0.31	0.06	0.248	XA04	purchases	services	9	4.5
XD34	AIDES ET SOUTIENS DIVERS ACCORDES AUX ETUDIANTS (PRISE EN CHARGE INSCRIPTION,_x001A_)	VARIOUS AIDS AND SUPPORT GRANTED TO STUDENTS (PAYMENT OF REGISTRATION FEES, ETC.)						Ne doit pas _x001A_tre compte		0.0	0.0	0.0			0.0	0.0	0.0	0.0	0.0	0.0									macro	0.0	0.0	0.0	XF09	purchases	services		
XD35	AUTRES CHARGES SPECIFIQUES DESTINEES AUX ETUDIANTS	OTHER SPECIFIC CHARGES FOR STUDENTS						Ne doit pas _x001A_tre compte		0.0	0.0	0.0			0.0	0.0	0.0	0.0	0.0	0.0									macro	0.0	0.0	0.0	XF09	purchases	services		
XD36	HONORAIRES MAITRES DE STAGE	TUTOR FEES						Ne doit pas _x001A_tre compte		0.0	0.0	0.0			0.0	0.0	0.0	0.0	0.0	0.0									macro	0.0	0.0	0.0	XF09	purchases	services		
XD41	FRAIS DE  RECHERCHE ET DE DEVELOPPEMENT	RESEARCH AND DEVELOPMENT COSTS						ADEME30	Recherche et developpement	0.25	0.0	0.2	541700	Scientific research and development	0.21	0.0	0.168	0.23	0.02	0.184									macro	0.23	0.02	0.184	XD41	purchases	services	9	4.5
XD42	BREVET D'INVENTION ET LICENCES ROYALTIES VERSEES AU COCONCEDANT	PATENTS AND LICENCES ROYALTIES PAID TO CO-GRANTOR						Ne doit pas _x001A_tre compte		0.0	0.0	0.0			0.0	0.0	0.0	0.0	0.0	0.0									macro	0.0	0.0	0.0	XF09	purchases	services	9	4.5
XD43	SUBVENTION FILIALE DE VALO ET TRANSF TECHNO : SERVICES EN PROP. INTELLECTUELLE	SUBSIDY TO VALO AND TRANSF TECHNO SUBSIDIARY: INTELLECTUAL PROPERTY SERVICES SERVICES						ADEME01	Assurance, services bancaires, conseil et honoraires	0.11	0.0	0.08800000000000001	541100	Legal services	0.07	0.0	0.05600000000000001	0.08	0.03	0.064									macro	0.08	0.03	0.064	XD44	purchases	services	9	4.5
XD44	HONORAIRES DES FILIALES DE VALORISATION ET DE TRANSFERT DE TECHNOLOGIE (FIST,_x001A_)	FEES OF THE VALORISATION AND TECHNOLOGY TRANSFER SUBSIDIARIES (FIST,...)						ADEME01	Assurance, services bancaires, conseil et honoraires	0.11	0.0	0.08800000000000001	541100	Legal services	0.07	0.0	0.05600000000000001	0.08	0.03	0.064									macro	0.08	0.03	0.064	XD44	purchases	services	9	4.5
XD45	REDEVANCES POUR CONCESSIONS, BREVETS, MARQUES ET PROCEDES	ROYALTIES FOR CONCESSIONS, PATENTS, TRADEMARKS AND PROCESSES						Ne doit pas _x001A_tre compte		0.0	0.0	0.0			0.0	0.0	0.0	0.0	0.0	0.0									macro	0.0	0.0	0.0	XF09	purchases	services	9	4.5
XD46	DROITS D'AUTEURS ET DE REPRODUCTION	COPYRIGHT AND REPRODUCTION RIGHTS						Ne doit pas _x001A_tre compte		0.0	0.0	0.0			0.0	0.0	0.0	0.0	0.0	0.0									macro	0.0	0.0	0.0	XF09	purchases	services	9	4.5
XD47	AUTRES CONCES, DROITS SIMIL, BREVETS, LICENC, PROCED, DROITS VALEURS : FILIALE	OTHER CONCESSIONS, SIMILAR RIGHTS, PATENTS, LICENSES, PROCESSES, SECURITIES RIGHTS: SUBSIDIARY						Ne doit pas _x001A_tre compte		0.0	0.0	0.0			0.0	0.0	0.0	0.0	0.0	0.0									macro	0.0	0.0	0.0	XF09	purchases	services	9	4.5
XD51	INDEMNISATION DES PERSONNES SE PRETANT A UNE EXPERIMENTATION (HORS LOI HURRIET)	COMPENSATION FOR PERSONS TAKING PART IN AN EXPERIMENT (EXCLUDING HURRIET LAW)						Ne doit pas _x001A_tre compte		0.0	0.0	0.0			0.0	0.0	0.0	0.0	0.0	0.0									macro	0.0	0.0	0.0	XF09	purchases	services		
XD52	INDEMNISATION DES PERSONNES SE PRETANT A UNE EXPERIMENTATION (LOI HURRIET)	COMPENSATION OF PERSONS UNDERGOING EXPERIMENTATION (HURRIET LAW)						Ne doit pas _x001A_tre compte		0.0	0.0	0.0			0.0	0.0	0.0	0.0	0.0	0.0									macro	0.0	0.0	0.0	XF09	purchases	services		
XD53	CONTR_x001A_LE FICIER ET SERVICES DU TRESOR	AUDITING AND TREASURY SERVICES						ADEME01	Assurance, services bancaires, conseil et honoraires	0.11	0.0	0.08800000000000001	541200	Accounting, tax preparation, bookkeeping, and payroll	0.06	0.0	0.048	0.08	0.03	0.064									macro	0.08	0.03	0.064	XD53	purchases	services	9	4.5
XD54	NE PLUS UTILISER	NO LONGER IN USE						Ne doit pas _x001A_tre compte		0.0	0.0	0.0			0.0	0.0	0.0	0.0	0.0	0.0									macro	0.0	0.0	0.0	XF09	purchases	services		
XD55	PERTE  DE CHANGE	EXCHANGE LOSS						Ne doit pas _x001A_tre compte		0.0	0.0	0.0			0.0	0.0	0.0	0.0	0.0	0.0									macro	0.0	0.0	0.0	XF09	purchases	services		
XD56	AUTRES CHARGES DE GESTION COURANTE	OTHER CURRENT MANAGEMENT EXPENSES						Ne doit pas _x001A_tre compte		0.0	0.0	0.0			0.0	0.0	0.0	0.0	0.0	0.0									macro	0.0	0.0	0.0	XF09	purchases	services		
XD57	NE PLUS UTILISER	NO LONGER TO BE USED								0.0	0.0	0.0			0.0	0.0	0.0	0.0	0.0	0.0									macro	0.0	0.0	0.0	XF09	purchases	services		
XD58	NE PLUS UTILISER	NO LONGER TO BE USED								0.0	0.0	0.0			0.0	0.0	0.0	0.0	0.0	0.0									macro	0.0	0.0	0.0	XF09	purchases	services		
XD59	CHARGES SOCIALES DROITS D'AUTEUR	SOCIAL CHARGES COPYRIGHT						Ne doit pas _x001A_tre compte		0.0	0.0	0.0			0.0	0.0	0.0	0.0	0.0	0.0									macro	0.0	0.0	0.0	XF09	purchases	services		
XD61	FRAIS DE PORT ET D'EMBALLAGE (HORS CARBOGLACE) OU DE GESTION	POSTAGE AND PACKING (EXCLUDING DRY ICE) OR ADMINISTRATION COSTS						ADEME02	Courrier	0.13	0.0	0.104	491000	Postal service	0.23	0.0	0.184	0.18	0.05	0.144									macro	0.18	0.05	0.144	XD61	purchases	transport	12	3.1
XD62	DROITS DE DOUANE	CUSTOMS DUTIES						Ne doit pas _x001A_tre compte		0.0	0.0	0.0			0.0	0.0	0.0	0.0	0.0	0.0									macro	0.0	0.0	0.0	XF09	purchases	services		
XD63	FRAIS DE DOSSIER SUR DEDOUANEMENT	ADMINISTRATIVE COSTS FOR CUSTOMS CLEARANCE						ADEME28	Administration publiques et defense, securite sociale obligatoire	0.16	0.0	0.128	541200	Accounting, tax preparation, bookkeeping, and payroll	0.06	0.0	0.048	0.1	0.05	0.08000000000000002									macro	0.1	0.05	0.08000000000000002	XD63	purchases	services	9	4.5
XE01	ACOMPTES VERSEES SUR IMMOBILISATION INCORPORELLES	ADVANCE PAYMENTS ON INTANGIBLE ASSETS						Ne doit pas _x001A_tre compte		0.0	0.0	0.0			0.0	0.0	0.0	0.0	0.0	0.0									macro	0.0	0.0	0.0	XF09	purchases	services		5.4
XE02	ACOMPTES VERSEES SUR IMMOBILISATION CORPORELLES	ADVANCE PAYMENTS ON TANGIBLE FIXED ASSETS						Ne doit pas _x001A_tre compte		0.0	0.0	0.0			0.0	0.0	0.0	0.0	0.0	0.0									macro	0.0	0.0	0.0	XF09	purchases	services	10	4.2
XE03	PPP : INTERETS INTERCALAIRES	PPP: INTERIM INTEREST						Ne doit pas _x001A_tre compte		0.0	0.0	0.0			0.0	0.0	0.0	0.0	0.0	0.0									macro	0.0	0.0	0.0	XF09	purchases	services		
XE04	ACOMPTE VERSES SUR COMMANDE IMMO CORPORELLES	ADVANCE PAYMENTS ON ORDERS FOR TANGIBLE FIXED ASSETS								0.0	0.0	0.0			0.0	0.0	0.0	0.0	0.0	0.0									macro	0.0	0.0	0.0	XF09	purchases	services	10	4.2
XE11	LOGICIELS CREES	SOFTWARE CREATED						ADEME05	Services (imprimerie, publicite, architecture et ingenierie, maintenance multi-technique des batiments, gardiennage, nettoyage, securite, agence de voyage, autres services aux entreprises)	0.17	0.0	0.136	511200	Software	0.08	0.0	0.064	0.12	0.05	0.096									macro	0.12	0.05	0.096	WA15	purchases	services	10	4.5
XE12	AUTRES IMMOBILISATIONS INCORPORELLES	OTHER INTANGIBLE ASSETS						Ne doit pas _x001A_tre compte		0.0	0.0	0.0			0.0	0.0	0.0	0.0	0.0	0.0									macro	0.0	0.0	0.0	XF09	purchases	services		5.4
XE13	AUTRES IMMOBILISATIONS INCORPORELLES EN COURS	OTHER INTANGIBLE ASSETS IN PROGRESS						Ne doit pas _x001A_tre compte		0.0	0.0	0.0			0.0	0.0	0.0	0.0	0.0	0.0									macro	0.0	0.0	0.0	XF09	purchases	services		5.4
XE21	ACHAT DE TERRAIN NUS	PURCHASE OF BARE LAND						Ne doit pas _x001A_tre compte		0.0	0.0	0.0			0.0	0.0	0.0	0.0	0.0	0.0									macro	0.0	0.0	0.0	XF09	purchases	services	10	4.2
XE22	ACHAT DE TERRAIN AMENAGES	PURCHASE OF DEVELOPED LAND						Ne doit pas _x001A_tre compte		0.0	0.0	0.0			0.0	0.0	0.0	0.0	0.0	0.0									macro	0.0	0.0	0.0	XF09	purchases	services	10	4.2
XE23	ACHAT DE TERRAIN BATIS	PURCHASE OF BUILT LAND						Ne doit pas _x001A_tre compte		0.0	0.0	0.0			0.0	0.0	0.0	0.0	0.0	0.0									macro	0.0	0.0	0.0	XF09	purchases	services	10	4.2
XE24	IMMOBILISATIONS CORPORELLES EN COURS-TERRAINS	TANGIBLE ASSETS IN PROGRESS - LAND						Ne doit pas _x001A_tre compte		0.0	0.0	0.0			0.0	0.0	0.0	0.0	0.0	0.0									macro	0.0	0.0	0.0	XF09	purchases	services	10	4.2
XE25	CONSTRUCTION : OPERATION TERMINEE	CONSTRUCTION : COMPLETED OPERATION						ADEME12	Construction	0.36	0.0	0.288	531ORE	Other real estate	0.46	0.0	0.368	0.34	0.13	0.272									macro	0.34	0.13	0.272	XE25	purchases	services	10	4.5
XE26	GANIL	GANIL						Ne doit pas _x001A_tre compte		0.0	0.0	0.0			0.0	0.0	0.0	0.0	0.0	0.0									macro	0.0	0.0	0.0	XF09	purchases	services	9	4.5
XE27	COLLECTIONS DE DOCUMENTATION	DOCUMENTATION COLLECTIONS						ADEME06 / ADEME33	edition (livres, journaux, revues, etc.) / Activites creatives, artistiques et de spectacle; Bibliotheques, archives, musees et autres activites culturelles;_x001A_ Organisation de jeux de hasard et d'argent	0.24	0.05	0.192	511120 / 5191A0	Magazines and journals / News syndicates, libraries, archives, Internet publishing and all other information services	0.17	0.01	0.136	0.21	0.05	0.168									macro	0.21	0.05	0.168	XE27	purchases	services	9	4.5
XE28	COLLECTIONS LITTERRAIRES, SCIENTIFIQUES ET ARTISTIQUES	LITERARY, SCIENTIFIC AND ARTISTIC COLLECTIONS						ADEME06 / ADEME33	edition (livres, journaux, revues, etc.) / Activites creatives, artistiques et de spectacle; Bibliotheques, archives, musees et autres activites culturelles;_x001A_ Organisation de jeux de hasard et d'argent	0.24	0.05	0.192	511120 / 511130 / 5191A0	Magazines and journals / Books / News syndicates, libraries, archives, Internet publishing and all other information services	0.18	0.03	0.144	0.21	0.05	0.168									macro	0.21	0.05	0.168	XE28	purchases	services	9	4.5
XF01	FACTURATION INTERNE - FONCTIONNEMENT COURANT (HORS FLUIDES)	INTERNAL BILLING - CURRENT OPERATIONS (EXCLUDING FLUIDS)								0.68	0.53	0.544			0.67	0.88	0.536	0.62	0.63	0.496									macro	0.62	0.63	0.496	XF01	purchases	lab.life	9	4.1
XF02	FACTURATION INTERNE - FLUIDES	INTERNAL BILLING - FLUIDS								0.36	0.64	0.288			1.4	1.4	1.12	1.1	1.5	0.8800000000000001									macro	1.1	1.5	0.8800000000000001	XF02	purchases	consumables	9	4.1
XF03	FACTURATION INTERNE - FOURNITURES & _x001A_QUIPEMENTS SCIENTIFIQUES, VALORISATION	INTERNAL BILLING - SCIENTIFIC SUPPLIES AND EQUIPMENT, DEVELOPMENT								0.56	0.46	0.4480000000000001			0.35	0.51	0.28	0.45	0.51	0.36									macro	0.45	0.51	0.36	XF03	purchases	lab.equipment	10	4.2
XF04	FACTURATION INTERNE -  MISSIONS, D_x001A_PLACEMENTS, COLLOQUES ET COMMUNICATION	INTERNAL BILLING - MISSIONS, TRAVEL, CONFERENCES AND COMMUNICATION								0.3	0.09	0.24			0.36	0.36	0.288	0.34	0.22	0.272									macro	0.34	0.22	0.272	XF04	travels	transport	9	3.5
XF05	FACTURATION INTERNE - INFORMATIQUE	INTERNAL BILLING - IT								0.37	0.25	0.296			0.32	0.46	0.256	0.34	0.33	0.272									macro	0.34	0.33	0.272	XF05	devices	info	10	4.2
XF06	FACTURATION INTERNE - IMMOBILIER	INTERNAL BILLING - REAL ESTATE								0.43	0.37	0.344			0.45	0.48	0.36	0.44	0.44	0.352									macro	0.44	0.44	0.352	XF06	purchases	lab.life	10	4.2
XF07	FACTURATION INTERNE - ACTION SOCIALE	INTERNAL BILLING - SOCIAL ACTION						ADEME32	Action sociale	0.1	0.0	0.08000000000000002	813B00	Civic, social, professional, and similar organizations	0.18	0.0	0.144	0.18	0.08	0.144									macro	0.18	0.08	0.144	XF07	purchases	services	9	4.5
XF08	FACTURATION INTERNE - SUBVENTIONS	INTERNAL BILLING - GRANTS							Ne doit pas _x001A_tre compte	0.0	0.0	0.0			0.0	0.0	0.0	0.0	0.0	0.0									macro	0.0	0.0	0.0	XF09	purchases	services	9	4.5
XF09	FACTURATION INTERNE - AUTRES	INTERNAL BILLING - OTHER							Ne doit pas _x001A_tre compte	0.0	0.0	0.0			0.0	0.0	0.0	0.0	0.0	0.0									macro	0.0	0.0	0.0	XF09	purchases	services	9	4.5
