category	subcategory	subsubcategory	unit	name	year	co2	ch4	n2o	other	total	uncertainty	ef.unit	method	module	nacres.description.en	per1p5macro.ef.kg.co2e.per.euro	meso.ef.kg.co2e.per.euro	micro.ef.kg.co2e.per.euro	per1p5.uncertainty.attr.kg.co2e.per.euro	micro.code	micro.description	meso.code	meso.description	uncertainty.groupby
	Vie du laboratoire (Alimentation, aménagement, loisirs, bâtiment)	AA01	euro	PAINS, PATISSERIES, VIENNOISERIES CONGELES	2019	0.0	0.0	0.0	0.0	1.1	0.8800000000000001	kg eCO2/euro	macro	purchases	FROZEN BREADS, PASTRIES, PASTRIES	1.1			0.1					AA05
	Vie du laboratoire (Alimentation, aménagement, loisirs, bâtiment)	AA02	euro	PRODUITS CARNES CONGELES	2019	0.0	0.0	0.0	0.0	1.5	1.2	kg eCO2/euro	macro	purchases	FROZEN MEAT PRODUCTS	1.5			0.7					AA04
	Vie du laboratoire (Alimentation, aménagement, loisirs, bâtiment)	AA03	euro	PRODUITS DE LA MER OU DEAU DOUCE CONGELES	2019	0.0	0.0	0.0	0.0	1.5	1.2	kg eCO2/euro	macro	purchases	FROZEN SEA OR FRESH WATER PRODUCTS	1.5			0.7					AA04
	Vie du laboratoire (Alimentation, aménagement, loisirs, bâtiment)	AA04	euro	FRUITS ET LEGUMES CONGELES	2019	0.0	0.0	0.0	0.0	1.5	1.2	kg eCO2/euro	macro	purchases	FROZEN FRUITS AND VEGETABLES	1.5			0.7					AA04
	Vie du laboratoire (Alimentation, aménagement, loisirs, bâtiment)	AA05	euro	PREPARATIONS ALIMENTAIRES ET PLATS CUISINES CONGELES	2019	0.0	0.0	0.0	0.0	1.1	0.8800000000000001	kg eCO2/euro	macro	purchases	FROZEN FOOD PREPARATIONS AND DISHES	1.1			0.1					AA05
	Vie du laboratoire (Alimentation, aménagement, loisirs, bâtiment)	AA11	euro	PAINS, PATISSERIES, VIENNOISERIES FRAIS	2019	0.0	0.0	0.0	0.0	0.63	0.504	kg eCO2/euro	macro	purchases	FRESH BREADS, PASTRIES AND PASTRIES	0.63			0.34					AA11
	Vie du laboratoire (Alimentation, aménagement, loisirs, bâtiment)	AA12	euro	VIANDES FRAICHES - REFRIGEREES	2019	0.0	0.0	0.0	0.0	2.0	1.6	kg eCO2/euro	macro	purchases	FRESH MEAT - CHILLED	2.0			0.6					AA12
	Vie du laboratoire (Alimentation, aménagement, loisirs, bâtiment)	AA13	euro	PRODUITS DE LA MER OU DEAU DOUCE FRAIS	2019	0.0	0.0	0.0	0.0	1.2	0.96	kg eCO2/euro	macro	purchases	FRESH SEA OR FRESH WATER PRODUCTS	1.2			1.0					AA13
	Vie du laboratoire (Alimentation, aménagement, loisirs, bâtiment)	AA14	euro	FRUITS ET LEGUMES FRAIS OU REFRIGERES	2019	0.0	0.0	0.0	0.0	1.4	1.12	kg eCO2/euro	macro	purchases	FRESH OR CHILLED FRUITS AND VEGETABLES	1.4			0.9					AA14
	Vie du laboratoire (Alimentation, aménagement, loisirs, bâtiment)	AA15	euro	OEUFS ET PRODUITS LAITIERS	2019	0.0	0.0	0.0	0.0	1.9	1.52	kg eCO2/euro	macro	purchases	EGGS AND DAIRY PRODUCTS	1.9			0.4					AA15
	Vie du laboratoire (Alimentation, aménagement, loisirs, bâtiment)	AA16	euro	PREPARATIONS ALIMENTAIRES ET PLATS CUISINES FRAIS - REFRIGERES	2019	0.0	0.0	0.0	0.0	0.73	0.584	kg eCO2/euro	macro	purchases	FOOD PREPARATIONS AND DISHES FRESH - CHILLED	0.73			0.39					AA32
	Vie du laboratoire (Alimentation, aménagement, loisirs, bâtiment)	AA21	euro	BOISSONS NON ALCOOLISEES	2019	0.0	0.0	0.0	0.0	0.72	0.576	kg eCO2/euro	macro	purchases	NON-ALCOHOLIC DRINKS	0.72			0.35					AA21
	Vie du laboratoire (Alimentation, aménagement, loisirs, bâtiment)	AA22	euro	BOISSONS ALCOLISEES	2019	0.0	0.0	0.0	0.0	0.68	0.544	kg eCO2/euro	macro	purchases	ALCOHOLIC DRINKS	0.68			0.3					AA22
	Vie du laboratoire (Alimentation, aménagement, loisirs, bâtiment)	AA23	euro	CONSERVES ET EPICERIE	2019	0.0	0.0	0.0	0.0	0.77	0.6160000000000001	kg eCO2/euro	macro	purchases	CANNED FOOD AND GROCERIES	0.77			0.28					AA23
	Vie du laboratoire (Alimentation, aménagement, loisirs, bâtiment)	AA31	euro	ALIMENTS ADAPTES A L'ENFANT	2019	0.0	0.0	0.0	0.0	0.73	0.584	kg eCO2/euro	macro	purchases	FOOD SUITABLE FOR CHILDREN	0.73			0.39					AA32
	Vie du laboratoire (Alimentation, aménagement, loisirs, bâtiment)	AA32	euro	ALIMENTS DIETETIQUES SANS FIN MEDICALE	2019	0.0	0.0	0.0	0.0	0.73	0.584	kg eCO2/euro	macro	purchases	DIETETIC FOOD WITHOUT MEDICAL PURPOSE	0.73			0.39					AA32
	Vie du laboratoire (Alimentation, aménagement, loisirs, bâtiment)	AA41	euro	CONSOMMABLES POUR LA RESTAURATION	2019	0.0	0.0	0.0	0.0	0.84	0.672	kg eCO2/euro	macro	purchases	CONSUMABLES FOR CATERING	0.84			0.18					AA41
	Vie du laboratoire (Alimentation, aménagement, loisirs, bâtiment)	AA42	euro	PETITES FOURNITURES POUR LA RESTAURATION	2019	0.0	0.0	0.0	0.0	0.55	0.4400000000000001	kg eCO2/euro	macro	purchases	SMALL CATERING SUPPLIES	0.55			0.29					AA42
	Vie du laboratoire (Alimentation, aménagement, loisirs, bâtiment)	AA43	euro	MOBILIER DE CUISINE ET DE SALLE DE RESTAURATION	2019	0.0	0.0	0.0	0.0	0.55	0.4400000000000001	kg eCO2/euro	macro	purchases	KITCHEN AND DINING ROOM FURNITURE	0.55			0.25					AA43
	Vie du laboratoire (Alimentation, aménagement, loisirs, bâtiment)	AA44	euro	EQUIPEMENTS DE CUISINE ET DE SALLE DE RESTAURATION (ELECTROMENAGER,_x001A_)	2019	0.0	0.0	0.0	0.0	0.7	0.5599999999999999	kg eCO2/euro	macro	purchases	KITCHEN AND CATERING EQUIPMENT (APPLIANCES,...)	0.7			0.29					AA44
	Vie du laboratoire (Alimentation, aménagement, loisirs, bâtiment)	AA51	euro	PETITES FOURNITURES POUR L'HOTELLERIE	2019	0.0	0.0	0.0	0.0	0.55	0.4400000000000001	kg eCO2/euro	macro	purchases	SMALL SUPPLIES FOR THE HOTEL INDUSTRY	0.55			0.23					AA51
	Vie du laboratoire (Alimentation, aménagement, loisirs, bâtiment)	AA52	euro	MOBILIER D'HOTELLERIE	2019	0.0	0.0	0.0	0.0	0.62	0.496	kg eCO2/euro	macro	purchases	HOTEL FURNITURE	0.62			0.33					AA52
	Vie du laboratoire (Alimentation, aménagement, loisirs, bâtiment)	AA53	euro	EQUIPEMENT POUR L'HOTELLERIE ET LA BUANDERIE	2019	0.0	0.0	0.0	0.0	0.7	0.5599999999999999	kg eCO2/euro	macro	purchases	HOTEL AND LAUNDRY EQUIPMENT	0.7			0.25					AA53
	Vie du laboratoire (Alimentation, aménagement, loisirs, bâtiment)	AA61	euro	SERVICES DE RESTAURATION SOCIALE (RESTAURANT PROPRE A GESTION CONCEDEE)	2019	0.0	0.0	0.0	0.0	0.32	0.256	kg eCO2/euro	macro	purchases	SOCIAL CATERING SERVICES (OWN RESTAURANT UNDER MANAGEMENT)	0.32			0.07					CB22
	Vie du laboratoire (Alimentation, aménagement, loisirs, bâtiment)	AA62	euro	TICKETS ET CHEQUES REPAS	2019	0.0	0.0	0.0	0.0	0.32	0.256	kg eCO2/euro	macro	purchases	MEAL TICKETS AND VOUCHERS	0.32			0.07					CB22
	Vie du laboratoire (Alimentation, aménagement, loisirs, bâtiment)	AA63	euro	SERVICES DE TRAITEURS / PLATEAUX REPAS	2019	0.0	0.0	0.0	0.0	0.34	0.272	kg eCO2/euro	macro	purchases	CATERING SERVICES / MEAL TRAYS	0.34			0.05					CB22
	Vie du laboratoire (Alimentation, aménagement, loisirs, bâtiment)	AA64	euro	SERVICES DE RESTAURATION EXTERIEURS (RESTAURANTS)	2019	0.0	0.0	0.0	0.0	0.34	0.272	kg eCO2/euro	macro	purchases	EXTERNAL CATERING SERVICES (RESTAURANTS)	0.34			0.05					CB22
	Vie du laboratoire (Alimentation, aménagement, loisirs, bâtiment)	AA65	euro	SERVICES DE CONTROLES SANITAIRES ET DE QUALITE	2019	0.0	0.0	0.0	0.0	0.25	0.2	kg eCO2/euro	macro	purchases	SANITARY AND QUALITY CONTROL SERVICES	0.25			0.11					AA65
	Vie du laboratoire (Alimentation, aménagement, loisirs, bâtiment)	AA66	euro	SERVICES DE BLANCHISSERIE- PRESSING POUR LA RESTAURATION ET L'HOTELLERIE	2019	0.0	0.0	0.0	0.0	0.21	0.168	kg eCO2/euro	macro	purchases	LAUNDRY AND DRY CLEANING SERVICES FOR THE CATERING AND HOTEL INDUSTRY	0.21			0.03					AA66
	Vie du laboratoire (Alimentation, aménagement, loisirs, bâtiment)	AA71	euro	REPARATION ET MAINTECE DES EQUIPEMENTS DE RESTAURATION ET DE CUISINE	2019	0.0	0.0	0.0	0.0	0.23	0.184	kg eCO2/euro	macro	purchases	REPAIR AND MAINTENANCE OF CATERING AND KITCHEN EQUIPMENT	0.23			0.15					AB11
	Vie du laboratoire (Alimentation, aménagement, loisirs, bâtiment)	AA72	euro	REPARATION ET MAINTECE DES EQUIPEMENTS D'HOTELLERIE ET BUANDERIE	2019	0.0	0.0	0.0	0.0	0.23	0.184	kg eCO2/euro	macro	purchases	REPAIR AND MAINTENANCE OF HOTEL AND LAUNDRY EQUIPMENT	0.23			0.15					AB11
	Vie du laboratoire (Alimentation, aménagement, loisirs, bâtiment)	AB01	euro	PETITES FOURNITURES ET PETITS EQUIPEMENTS DE BUREAU (HORS INFORMATIQUE)	2019	0.0	0.0	0.0	0.0	0.5	0.4	kg eCO2/euro	macro	purchases	SMALL OFFICE SUPPLIES AND EQUIPMENT (EXCLUDING COMPUTERS)	0.5			0.12					CG01
	Vie du laboratoire (Alimentation, aménagement, loisirs, bâtiment)	AB02	euro	MOBILIER DE BUREAU ET DE SALLES DE REUNION	2019	0.0	0.0	0.0	0.0	0.42	0.336	kg eCO2/euro	macro	purchases	OFFICE AND MEETING ROOM FURNITURE	0.42			0.09					AB03
	Vie du laboratoire (Alimentation, aménagement, loisirs, bâtiment)	AB03	euro	MOBILIER ET EQUIPEMENTS SPECIFIQUES ERGONOMIQUES	2019	0.0	0.0	0.0	0.0	0.42	0.336	kg eCO2/euro	macro	purchases	SPECIFIC ERGONOMIC FURNITURE AND EQUIPMENT	0.42			0.09					AB03
	Vie du laboratoire (Alimentation, aménagement, loisirs, bâtiment)	AB11	euro	REPARATION ET MAINTECE DES EQUIPEMENTS DE BUREAU ET DE SALLE DE REUNION	2019	0.0	0.0	0.0	0.0	0.23	0.184	kg eCO2/euro	macro	purchases	REPAIR AND MAINTENANCE OF OFFICE AND MEETING ROOM EQUIPMENT	0.23			0.15					AB11
	Vie du laboratoire (Alimentation, aménagement, loisirs, bâtiment)	AC01	euro	PAPIERS BLANCS OU COLORES COURANTS POUR IMPRESSION-REPROGRAPHIE	2019	0.0	0.0	0.0	0.0	0.68	0.544	kg eCO2/euro	macro	purchases	COMMON WHITE OR COLORED PAPERS FOR PRINTING-REPROGRAPHY	0.68			0.19					AC01
	Vie du laboratoire (Alimentation, aménagement, loisirs, bâtiment)	AC02	euro	PAPIERS CARTONNES POUR IMPRESSION-REPROGRAPHIE	2019	0.0	0.0	0.0	0.0	0.67	0.536	kg eCO2/euro	macro	purchases	CARDBOARD PAPERS FOR PRINTING-REPROGRAPHY	0.67			0.2					AC01
	Vie du laboratoire (Alimentation, aménagement, loisirs, bâtiment)	AC03	euro	AUTRES SUPPORTS PAPIER SPECIFIQUES D'IMPRESSION-REPROGRAPHIE	2019	0.0	0.0	0.0	0.0	0.7	0.5599999999999999	kg eCO2/euro	macro	purchases	OTHER SPECIFIC PAPER SUPPORTS FOR PRINTING-REPROGRAPHY	0.7			0.18					AC01
	Vie du laboratoire (Alimentation, aménagement, loisirs, bâtiment)	AC11	euro	CONSOMMABLES POUR PHOTOCOPIEURS (ENCRES, AGRAPHES,_x001A_)	2019	0.0	0.0	0.0	0.0	0.74	0.592	kg eCO2/euro	macro	purchases	CONSUMABLES FOR PHOTOCOPIERS (INKS, STENCILS,...)	0.74			0.28					IA22
	Vie du laboratoire (Alimentation, aménagement, loisirs, bâtiment)	AC12	euro	SUPPORTS SPECIFIQUES D'IMPRESSION	2019	0.0	0.0	0.0	0.0	0.63	0.504	kg eCO2/euro	macro	purchases	SPECIFIC PRINTING SUPPORTS	0.63			0.26					AC12
	Vie du laboratoire (Alimentation, aménagement, loisirs, bâtiment)	AC21	euro	EQUIPEMENTS DE REPROGRAPHIE DE PROXIMITE	2019	0.0	0.0	0.0	0.0	0.49	0.392	kg eCO2/euro	macro	purchases	REPROGRAPHY EQUIPMENT OF PROXIMITY	0.49			0.09					IE36
	Vie du laboratoire (Alimentation, aménagement, loisirs, bâtiment)	AC22	euro	EQUIPEMENTS DE REPROGRAPHIE HAUT DEBIT POUR IMPRIMERIE	2019	0.0	0.0	0.0	0.0	0.49	0.392	kg eCO2/euro	macro	purchases	HIGH SPEED REPROGRAPHY EQUIPMENT FOR PRINTERS	0.49			0.09					IE36
	Vie du laboratoire (Alimentation, aménagement, loisirs, bâtiment)	AC23	euro	AUTRES EQUIPEMENTS POUR ATELIER DE REPROGRAPHIE	2019	0.0	0.0	0.0	0.0	0.59	0.472	kg eCO2/euro	macro	purchases	OTHER REPROGRAPHY SHOP EQUIPMENT	0.59			0.1					AC23
	Vie du laboratoire (Alimentation, aménagement, loisirs, bâtiment)	AC31	euro	SERVICES D'IMPRESSION ET DE REPROGRAPHIE	2019	0.0	0.0	0.0	0.0	0.35	0.28	kg eCO2/euro	macro	purchases	PRINTING AND REPROGRAPHY SERVICES	0.35			0.16					AC31
	Vie du laboratoire (Alimentation, aménagement, loisirs, bâtiment)	AC41	euro	REPARATION ET MAINTECE DES EQUIPEMENTS DE REPROGRAPHIE DE PROXIMITE	2019	0.0	0.0	0.0	0.0	0.24	0.192	kg eCO2/euro	macro	purchases	REPAIR AND MAINTENANCE OF LOCAL REPROGRAPHIC EQUIPMENT	0.24			0.13					UF43
	Vie du laboratoire (Alimentation, aménagement, loisirs, bâtiment)	AC42	euro	REPARATION ET MAINTECE DES EQUIPEMENTS DE REPROGRAPHIE HAUT DEBIT	2019	0.0	0.0	0.0	0.0	0.24	0.192	kg eCO2/euro	macro	purchases	REPAIR AND MAINTENANCE OF HIGH-SPEED REPROGRAPHIC EQUIPMENT	0.24			0.13					UF43
	Vie du laboratoire (Alimentation, aménagement, loisirs, bâtiment)	AC43	euro	REPARATION ET MAINTECE DES AUTRES EQUIPEMENTS D'ATELIER DE REPROGRAPHIE	2019	0.0	0.0	0.0	0.0	0.24	0.192	kg eCO2/euro	macro	purchases	REPAIR AND MAINTENANCE OF OTHER REPROGRAPHY WORKSHOP EQUIPMENT	0.24			0.13					UF43
	Vie du laboratoire (Alimentation, aménagement, loisirs, bâtiment)	AD01	euro	ACCESSOIRES ET PIECES DETACHEES POUR LE PARC DE VEHICULES	2019	0.0	0.0	0.0	0.0	0.6	0.48	kg eCO2/euro	macro	purchases	ACCESSORIES AND SPARE PARTS FOR THE VEHICLE FLEET	0.6			0.18					AD01
	Vie du laboratoire (Alimentation, aménagement, loisirs, bâtiment)	AD02	euro	MATERIEL, OUTILLAGE ET EQUIPEMENTS DE GARAGE	2019	0.0	0.0	0.0	0.0	0.55	0.4400000000000001	kg eCO2/euro	macro	purchases	GARAGE EQUIPMENT AND TOOLS	0.55			0.05					AD02
	Vie du laboratoire (Alimentation, aménagement, loisirs, bâtiment)	AD03	euro	PRODUITS POUR L'ENTRETIEN DES VEHICULES	2019	0.0	0.0	0.0	0.0	1.3	1.04	kg eCO2/euro	macro	purchases	PRODUCTS FOR VEHICLE MAINTENANCE	1.3			0.5					AD03
	Vie du laboratoire (Alimentation, aménagement, loisirs, bâtiment)	AD04	euro	MATERIEL D'ESSAIS DE CHOCS ET ACCESSOIRES	2019	0.0	0.0	0.0	0.0	0.38	0.304	kg eCO2/euro	macro	purchases	IMPACT TEST EQUIPMENT AND ACCESSORIES	0.38			0.15					AD04
	Vie du laboratoire (Alimentation, aménagement, loisirs, bâtiment)	AD11	euro	VEHICULES AUTOMOBILES DE TRANSPORT DE PERSONNES (ACHAT OU LOC. LONGUE DUREE)	2019	0.0	0.0	0.0	0.0	0.56	0.4480000000000001	kg eCO2/euro	macro	purchases	PASSENGER VEHICLES (PURCHASE OR LONG TERM RENTAL)	0.56			0.06					AD11
	Vie du laboratoire (Alimentation, aménagement, loisirs, bâtiment)	AD12	euro	VEHICULES AUTOMOBILES DE TRANSPORT EN COMMUN (ACHAT OU LOC. LONGUE DUREE)	2019	0.0	0.0	0.0	0.0	0.49	0.392	kg eCO2/euro	macro	purchases	PUBLIC TRANSPORT VEHICLES (PURCHASE OR LONG TERM RENTAL)	0.49			0.09					AD12
	Vie du laboratoire (Alimentation, aménagement, loisirs, bâtiment)	AD13	euro	VEHICULES AUTOMOBILES DE TRANSPORT DE MARCHANDISES (ACHAT OU LOC. LONGUE DUREE)	2019	0.0	0.0	0.0	0.0	0.51	0.408	kg eCO2/euro	macro	purchases	MOTOR VEHICLES FOR GOODS TRANSPORT (PURCHASE OR LONG TERM RENTAL)	0.51			0.13					AD13
	Vie du laboratoire (Alimentation, aménagement, loisirs, bâtiment)	AD14	euro	CYCLES ET CYCLOMOTEURS	2019	0.0	0.0	0.0	0.0	0.51	0.408	kg eCO2/euro	macro	purchases	CYCLES AND MOPEDS	0.51			0.31					AD14
	Vie du laboratoire (Alimentation, aménagement, loisirs, bâtiment)	AD15	euro	VEHICULES TRACTES	2019	0.0	0.0	0.0	0.0	0.67	0.536	kg eCO2/euro	macro	purchases	TOWED VEHICLES	0.67			0.1					AD15
	Vie du laboratoire (Alimentation, aménagement, loisirs, bâtiment)	AD21	euro	CARBURANTS A LA POMPE (AUTOMOBILES)	2019	0.0	0.0	0.0	0.0	0.69	0.5519999999999999	kg eCO2/euro	macro	vehicles	FUELS AT THE PUMP (AUTOMOBILES)	0.69			0.37					AD23
	Vie du laboratoire (Alimentation, aménagement, loisirs, bâtiment)	AD22	euro	KEROSENE	2019	0.0	0.0	0.0	0.0	0.9	0.7200000000000001	kg eCO2/euro	macro	vehicles	KEROSENE	0.9			0.43					AD22
	Vie du laboratoire (Alimentation, aménagement, loisirs, bâtiment)	AD23	euro	CARBURANTS STOCKES	2019	0.0	0.0	0.0	0.0	0.69	0.5519999999999999	kg eCO2/euro	macro	vehicles	STORED FUELS	0.69			0.37					AD23
	Vie du laboratoire (Alimentation, aménagement, loisirs, bâtiment)	AD24	euro	CARBURANT POUR NAVIRES	2019	0.0	0.0	0.0	0.0	0.7	0.5599999999999999	kg eCO2/euro	macro	vehicles	FUEL FOR SHIPS	0.7			0.37					AD24
	Vie du laboratoire (Alimentation, aménagement, loisirs, bâtiment)	AD25	euro	RECHARGE ELECTRIQUE POUR VEHICULES	2019	0.0	0.0	0.0	0.0	0.56	0.4480000000000001	kg eCO2/euro	macro	vehicles	ELECTRIC RECHARGE FOR VEHICLES	0.56			0.0					AD25
	Vie du laboratoire (Alimentation, aménagement, loisirs, bâtiment)	AD31	euro	CONTROLES TECHNIQUES DES VEHICULES	2019	0.0	0.0	0.0	0.0	0.19	0.152	kg eCO2/euro	macro	purchases	TECHNICAL CONTROL OF VEHICLES	0.19			0.02					AD31
	Vie du laboratoire (Alimentation, aménagement, loisirs, bâtiment)	AD32	euro	SERVICES DE GESTION DE FLOTTE AUTOMOBILE	2019	0.0	0.0	0.0	0.0	0.12	0.096	kg eCO2/euro	macro	purchases	FLEET MANAGEMENT SERVICES	0.12			0.04					AD44
	Vie du laboratoire (Alimentation, aménagement, loisirs, bâtiment)	AD41	euro	ENTRETIEN ET REPARATION DU PARC VEHICULE	2019	0.0	0.0	0.0	0.0	0.26	0.208	kg eCO2/euro	macro	purchases	FLEET MAINTENANCE AND REPAIR	0.26			0.11					UD23
	Vie du laboratoire (Alimentation, aménagement, loisirs, bâtiment)	AD42	euro	NETTOYAGE DES VEHICULES	2019	0.0	0.0	0.0	0.0	0.25	0.2	kg eCO2/euro	macro	purchases	VEHICLE CLEANING	0.25			0.13					AD42
	Vie du laboratoire (Alimentation, aménagement, loisirs, bâtiment)	AD43	euro	MAINTECE DU MATERIEL ET DE L'OUTILLAGE DE GARAGE	2019	0.0	0.0	0.0	0.0	0.24	0.192	kg eCO2/euro	macro	purchases	MAINTENANCE OF GARAGE EQUIPMENT AND TOOLS	0.24			0.13					UF43
	Vie du laboratoire (Alimentation, aménagement, loisirs, bâtiment)	AD44	euro	NE PLUS UTILISER AD.32	2019	0.0	0.0	0.0	0.0	0.12	0.096	kg eCO2/euro	macro	purchases	DO NOT USE AD.32 ANYMORE	0.12			0.04					AD44
	Vie du laboratoire (Alimentation, aménagement, loisirs, bâtiment)	AD45	euro	ENTRETIEN MAINTECE DE BORNES DE RECHARGE ELECTRIQUE	2019	0.0	0.0	0.0	0.0	0.24	0.192	kg eCO2/euro	macro	purchases	MAINTENANCE AND MAINTENANCE OF ELECTRIC CHARGING STATIONS	0.24			0.13					UF43
	Vie du laboratoire (Alimentation, aménagement, loisirs, bâtiment)	AE01	euro	VETEMENTS, CHAUSSURES ET ACCESSOIRES (HORS EPI)	2019	0.0	0.0	0.0	0.0	0.69	0.5519999999999999	kg eCO2/euro	macro	purchases	CLOTHES, SHOES AND ACCESSORIES (EXCEPT EPI)	0.69			0.1					AE01
	Vie du laboratoire (Alimentation, aménagement, loisirs, bâtiment)	AE02	euro	PETITES FOURNITURES DE SPORT	2019	0.0	0.0	0.0	0.0	0.65	0.52	kg eCO2/euro	macro	purchases	SMALL SPORTS SUPPLIES	0.65			0.15					AE03
	Vie du laboratoire (Alimentation, aménagement, loisirs, bâtiment)	AE03	euro	EQUIPEMENTS DE SPORT (POUR INFRASTRUCTURES,_x001A_)	2019	0.0	0.0	0.0	0.0	0.65	0.52	kg eCO2/euro	macro	purchases	SPORTS EQUIPMENT (FOR INFRASTRUCTURES,...)	0.65			0.15					AE03
	Vie du laboratoire (Alimentation, aménagement, loisirs, bâtiment)	AE11	euro	INSTRUMENTS DE MUSIQUE ET ACCESSOIRES	2019	0.0	0.0	0.0	0.0	0.32	0.256	kg eCO2/euro	macro	purchases	MUSICAL INSTRUMENTS AND ACCESSORIES	0.32			0.16					AE11
	Vie du laboratoire (Alimentation, aménagement, loisirs, bâtiment)	AE21	euro	JEUX EDUCATIFS	2019	0.0	0.0	0.0	0.0	1.7	1.36	kg eCO2/euro	macro	purchases	EDUCATIONAL GAMES	1.7			2.0					AE25
	Vie du laboratoire (Alimentation, aménagement, loisirs, bâtiment)	AE22	euro	FOURNITURES ET EQUIPEMENTS POUR ACTIVITES EXTERIEURES	2019	0.0	0.0	0.0	0.0	0.72	0.576	kg eCO2/euro	macro	purchases	SUPPLIES AND EQUIPMENT FOR OUTDOOR ACTIVITIES	0.72			0.08					UA52
	Vie du laboratoire (Alimentation, aménagement, loisirs, bâtiment)	AE23	euro	AUTRES FOURNITURES ET EQUIPEMENTS POUR ACTIVITES RECREATIVES	2019	0.0	0.0	0.0	0.0	0.72	0.576	kg eCO2/euro	macro	purchases	OTHER SUPPLIES AND EQUIPMENT FOR RECREATIONAL ACTIVITIES	0.72			0.08					UA52
	Vie du laboratoire (Alimentation, aménagement, loisirs, bâtiment)	AE24	euro	JOUETS	2019	0.0	0.0	0.0	0.0	1.7	1.36	kg eCO2/euro	macro	purchases	TOYS	1.7			2.0					AE25
	Vie du laboratoire (Alimentation, aménagement, loisirs, bâtiment)	AE25	euro	FIGURINES	2019	0.0	0.0	0.0	0.0	1.7	1.36	kg eCO2/euro	macro	purchases	FIGURES	1.7			2.0					AE25
	Vie du laboratoire (Alimentation, aménagement, loisirs, bâtiment)	AE26	euro	PELUCHES	2019	0.0	0.0	0.0	0.0	1.7	1.36	kg eCO2/euro	macro	purchases	PELUCHS	1.7			2.0					AE25
	Vie du laboratoire (Alimentation, aménagement, loisirs, bâtiment)	AE27	euro	ARTICLES TEXTILES ET BIJOUX	2019	0.0	0.0	0.0	0.0	0.55	0.4400000000000001	kg eCO2/euro	macro	purchases	TEXTILE ARTICLES AND JEWELRY	0.55			0.25					AE27
	Vie du laboratoire (Alimentation, aménagement, loisirs, bâtiment)	AE31	euro	REPARATION ET MAINTECE DES EQUIPEMENTS DE SPORT	2019	0.0	0.0	0.0	0.0	0.24	0.192	kg eCO2/euro	macro	purchases	REPAIR AND MAINTENANCE OF SPORTS EQUIPMENT	0.24			0.13					UB22
	Vie du laboratoire (Alimentation, aménagement, loisirs, bâtiment)	AE32	euro	REPARATION ET MAINTECE DES INSTRUMENTS DE MUSIQUE	2019	0.0	0.0	0.0	0.0	0.24	0.192	kg eCO2/euro	macro	purchases	REPAIR AND MAINTENANCE OF MUSICAL INSTRUMENTS	0.24			0.13					UB22
	Vie du laboratoire (Alimentation, aménagement, loisirs, bâtiment)	AE33	euro	REPARATION ET MAINTECE DES EQUIPEMENTS POUR ACTIVITES RECREATIVES	2019	0.0	0.0	0.0	0.0	0.24	0.192	kg eCO2/euro	macro	purchases	REPAIR AND MAINTENANCE OF EQUIPMENT FOR RECREATIONAL ACTIVITIES	0.24			0.13					UB22
	Vie du laboratoire (Alimentation, aménagement, loisirs, bâtiment)	AE41	euro	SERVICES D'ORGANISATION ET DE PROMOTION DES MANIF. SPORTIVES (HORS EVENEMENTIEL)	2019	0.0	0.0	0.0	0.0	0.18	0.144	kg eCO2/euro	macro	purchases	SERVICES FOR THE ORGANIZATION AND PROMOTION OF SPORTS EVENTS (EXCEPT FOR EVENTS)	0.18			0.08					AE44
	Vie du laboratoire (Alimentation, aménagement, loisirs, bâtiment)	AE42	euro	SERVICES D'EVALUATION, D'ENREGISTREMENT OU DE CONTROLE DES PRESTATIONS SPORTIVES	2019	0.0	0.0	0.0	0.0	0.18	0.144	kg eCO2/euro	macro	purchases	SERVICES OF EVALUATION, REGISTRATION OR CONTROL OF SPORTS PERFORMANCES	0.18			0.08					AE44
	Vie du laboratoire (Alimentation, aménagement, loisirs, bâtiment)	AE43	euro	SERVICES D'EXPLOITATION DES INSTALLATIONS SPORTIVES	2019	0.0	0.0	0.0	0.0	0.34	0.272	kg eCO2/euro	macro	purchases	SPORTS FACILITIES OPERATION SERVICES	0.34			0.07					AE43
	Vie du laboratoire (Alimentation, aménagement, loisirs, bâtiment)	AE44	euro	AUTRES SERVICES POUR LE SPORT	2019	0.0	0.0	0.0	0.0	0.18	0.144	kg eCO2/euro	macro	purchases	OTHER SERVICES FOR SPORTS	0.18			0.08					AE44
	Vie du laboratoire (Alimentation, aménagement, loisirs, bâtiment)	AE51	euro	SERVICES D'ANIMATION RECREATIFS	2019	0.0	0.0	0.0	0.0	0.18	0.144	kg eCO2/euro	macro	purchases	RECREATIONAL ANIMATION SERVICES	0.18			0.08					AE44
	Vie du laboratoire (Alimentation, aménagement, loisirs, bâtiment)	AE52	euro	AUTRES SERVICES RECREATIFS	2019	0.0	0.0	0.0	0.0	0.18	0.144	kg eCO2/euro	macro	purchases	OTHER RECREATIONAL SERVICES	0.18			0.08					AE44
	Vie du laboratoire (Alimentation, aménagement, loisirs, bâtiment)	AF01	euro	MOBILIER PEDAGOGIQUE	2019	0.0	0.0	0.0	0.0	0.52	0.416	kg eCO2/euro	macro	purchases	EDUCATIONAL FURNITURE	0.52			0.17					AF01
	Vie du laboratoire (Alimentation, aménagement, loisirs, bâtiment)	AF11	euro	ARTICLES DE DECORATION ET D'ORNEMENT	2019	0.0	0.0	0.0	0.0	1.1	0.8800000000000001	kg eCO2/euro	macro	purchases	DECORATIVE AND ORNAMENTAL ITEMS	1.1			1.8					AF11
	Vie du laboratoire (Alimentation, aménagement, loisirs, bâtiment)	AF21	euro	LOCATION DE SALLES DE COURTE DUREE (HORS EVENEMENTIEL)	2019	0.0	0.0	0.0	0.0	0.31	0.248	kg eCO2/euro	macro	purchases	SHORT-TERM ROOM RENTALS (EXCLUDING EVENTS)	0.31			0.13					AF21
	Vie du laboratoire (Alimentation, aménagement, loisirs, bâtiment)	AF31	euro	CARTES MULTISERVICES	2019	0.0	0.0	0.0	0.0	0.33	0.264	kg eCO2/euro	macro	purchases	MULTISERVICE CARDS	0.33			0.21					AF31
	Vie du laboratoire (Alimentation, aménagement, loisirs, bâtiment)	AF32	euro	SYSTEMES DE CREATION ET DE GESTION DE CARTES MULTISERVICES	2019	0.0	0.0	0.0	0.0	0.28	0.224	kg eCO2/euro	macro	purchases	SYSTEMS FOR THE CREATION AND MANAGEMENT OF MULTISERVICE CARDS	0.28			0.2					AF32
	Vie du laboratoire (Alimentation, aménagement, loisirs, bâtiment)	AF33	euro	REPAR. ET MAINTECE DE SYSTEMES DE CREATION ET DE GESTION DE CARTES MULTISERVICES	2019	0.0	0.0	0.0	0.0	0.21	0.168	kg eCO2/euro	macro	purchases	REPAIR. AND MAINTENANCE OF SYSTEMS FOR THE CREATION AND MANAGEMENT OF MULTISERVICE CARDS	0.21			0.16					UG43
	Vie du laboratoire (Alimentation, aménagement, loisirs, bâtiment)	BA01	euro	ELECTRICITE DISTRIBUEE	2019	0.0	0.0	0.0	0.0	3.1	2.48	kg eCO2/euro	macro	energy	DISTRIBUTED ELECTRICITY	3.1			2.8					BA01
	Vie du laboratoire (Alimentation, aménagement, loisirs, bâtiment)	BA02	euro	COMBUSTIBLES GAZEUX DISTRIBUES	2019	0.0	0.0	0.0	0.0	1.3	1.04	kg eCO2/euro	macro	energy	DISTRIBUTED GASEOUS FUELS	1.3			0.3					BA02
	Vie du laboratoire (Alimentation, aménagement, loisirs, bâtiment)	BA03	euro	EAU COURANTE	2019	0.0	0.0	0.0	0.0	0.55	0.4400000000000001	kg eCO2/euro	macro	purchases	RUNNING WATER	0.55			0.45					BA03
	Vie du laboratoire (Alimentation, aménagement, loisirs, bâtiment)	BA04	euro	FIOUL DOMESTIQUE	2019	0.0	0.0	0.0	0.0	0.5	0.4	kg eCO2/euro	macro	energy	DOMESTIC FUEL OIL	0.5			0.56					BA04
	Vie du laboratoire (Alimentation, aménagement, loisirs, bâtiment)	BA05	euro	CHAUFFAGE URBAIN	2019	0.0	0.0	0.0	0.0	0.5	0.4	kg eCO2/euro	macro	energy	DISTRICT HEATING	0.5			0.56					BA05
	Vie du laboratoire (Alimentation, aménagement, loisirs, bâtiment)	BA06	euro	AUTRES COMBUSTIBLES (BOIS DE CHAUFFAGE,_x001A_)	2019	0.0	0.0	0.0	0.0	0.43	0.344	kg eCO2/euro	macro	energy	OTHER FUELS (FIREWOOD,...)	0.43			0.08					BA06
	Vie du laboratoire (Alimentation, aménagement, loisirs, bâtiment)	BA11	euro	MATERIEL DE STOCKAGE DES FLUIDES (CUVES A FIOUL,_x001A_)	2019	0.0	0.0	0.0	0.0	0.52	0.416	kg eCO2/euro	macro	purchases	FLUID STORAGE EQUIPMENT (FUEL TANKS,...)	0.52			0.28					VA11
	Vie du laboratoire (Alimentation, aménagement, loisirs, bâtiment)	BB01	euro	PRODUITS ET PETITES FOURNITURES D'HYGIENE ET DE TOILETTE	2019	0.0	0.0	0.0	0.0	0.95	0.76	kg eCO2/euro	macro	purchases	PRODUCTS AND SMALL SUPPLIES FOR HYGIENE AND TOILETRY	0.95			0.59					BB01
	Vie du laboratoire (Alimentation, aménagement, loisirs, bâtiment)	BB02	euro	PRODUITS ET PETITES FOURNITURES D'ENTRETIEN MENAGER	2019	0.0	0.0	0.0	0.0	0.88	0.7040000000000001	kg eCO2/euro	macro	purchases	PRODUCTS AND SMALL SUPPLIES FOR HOUSEKEEPING	0.88			0.63					NB34
	Vie du laboratoire (Alimentation, aménagement, loisirs, bâtiment)	BB03	euro	MATERIEL POUR L'ENTRETIEN DES LOCAUX	2019	0.0	0.0	0.0	0.0	0.46	0.368	kg eCO2/euro	macro	purchases	MATERIALS FOR THE MAINTENANCE OF PREMISES	0.46			0.17					BB03
	Vie du laboratoire (Alimentation, aménagement, loisirs, bâtiment)	BB04	euro	MATERIELS POUR LE TRAITEMENT DES DECHETS	2019	0.0	0.0	0.0	0.0	0.41	0.328	kg eCO2/euro	macro	purchases	MATERIALS FOR WASTE TREATMENT	0.41			0.19					BB04
	Vie du laboratoire (Alimentation, aménagement, loisirs, bâtiment)	BB11	euro	SERVICES DE NETTOYAGE COURANT DES LOCAUX	2019	0.0	0.0	0.0	0.0	0.18	0.144	kg eCO2/euro	macro	purchases	ROUTINE CLEANING SERVICES OF PREMISES	0.18			0.05					BB14
	Vie du laboratoire (Alimentation, aménagement, loisirs, bâtiment)	BB12	euro	SERVICES DE NETTOYAGE SPECIALISE DES LOCAUX	2019	0.0	0.0	0.0	0.0	0.18	0.144	kg eCO2/euro	macro	purchases	SPECIALIZED PREMISES CLEANING SERVICES	0.18			0.05					BB14
	Vie du laboratoire (Alimentation, aménagement, loisirs, bâtiment)	BB13	euro	SERVICES DE NETTOYAGE DES VITRES	2019	0.0	0.0	0.0	0.0	0.18	0.144	kg eCO2/euro	macro	purchases	WINDOW CLEANING SERVICES	0.18			0.05					BB14
	Vie du laboratoire (Alimentation, aménagement, loisirs, bâtiment)	BB14	euro	SERVICES DE NETTOYAGE ET D'ENTRETIEN DES LOCAUX SENSIBLES	2019	0.0	0.0	0.0	0.0	0.18	0.144	kg eCO2/euro	macro	purchases	SENSITIVE PREMISES CLEANING AND MAINTENANCE SERVICES	0.18			0.05					BB14
	Vie du laboratoire (Alimentation, aménagement, loisirs, bâtiment)	BB21	euro	SERVICES DE DESINFECTION	2019	0.0	0.0	0.0	0.0	0.2	0.16	kg eCO2/euro	macro	purchases	DISINFECTION SERVICES	0.2			0.06					BC12
	Vie du laboratoire (Alimentation, aménagement, loisirs, bâtiment)	BB22	euro	SERVICES DE DERATISATION	2019	0.0	0.0	0.0	0.0	0.2	0.16	kg eCO2/euro	macro	purchases	DERATIZATION SERVICES	0.2			0.06					BC12
	Vie du laboratoire (Alimentation, aménagement, loisirs, bâtiment)	BB23	euro	SERVICES DE DESINSECTISATION	2019	0.0	0.0	0.0	0.0	0.2	0.16	kg eCO2/euro	macro	purchases	INSECT CONTROL SERVICES	0.2			0.06					BC12
	Vie du laboratoire (Alimentation, aménagement, loisirs, bâtiment)	BB24	euro	SERVICES DE DECONTAMINATION NUCLEAIRE, BIOLOGIQUE OU CHIMIQUE	2019	0.0	0.0	0.0	0.0	0.76	0.6080000000000001	kg eCO2/euro	macro	purchases	NUCLEAR, BIOLOGICAL OR CHEMICAL DECONTAMINATION SERVICES	0.76			1.1					BB36
	Vie du laboratoire (Alimentation, aménagement, loisirs, bâtiment)	BB31	euro	SERVICES DE TRAITEMENT DES DECHETS CHIMIQUES ET ASSIMILES	2019	0.0	0.0	0.0	0.0	0.76	0.6080000000000001	kg eCO2/euro	macro	purchases	CHEMICAL AND SIMILAR WASTE TREATMENT SERVICES	0.76			1.1					BB36
	Vie du laboratoire (Alimentation, aménagement, loisirs, bâtiment)	BB32	euro	SERV. TRAITMNT DECHETS BIOLOG. ET D'ACTIVIT. DE SOINS A RISQUES INFECTIEUX (DAS)	2019	0.0	0.0	0.0	0.0	0.76	0.6080000000000001	kg eCO2/euro	macro	purchases	SERV. TREATMENT OF BIOLOG. WASTE AND WASTE FROM INFECTIOUS CARE ACTIVITIES OF CARE WITH INFECTIOUS RISKS (DAS)	0.76			1.1					BB36
	Vie du laboratoire (Alimentation, aménagement, loisirs, bâtiment)	BB33	euro	SERVICES DE TRAITEMENT DES DECHETS RADIOACTIFS D'ACTIVITES NUCLEAIRES	2019	0.0	0.0	0.0	0.0	0.76	0.6080000000000001	kg eCO2/euro	macro	purchases	TREATMENT SERVICES FOR RADIOACTIVE WASTE FROM NUCLEAR ACTIVITIES	0.76			1.1					BB36
	Vie du laboratoire (Alimentation, aménagement, loisirs, bâtiment)	BB34	euro	SERVICES DE TRAITEMENT DES DECHETS DEEE	2019	0.0	0.0	0.0	0.0	0.76	0.6080000000000001	kg eCO2/euro	macro	purchases	WASTE TREATMENT SERVICES FOR DEEE	0.76			1.1					BB36
	Vie du laboratoire (Alimentation, aménagement, loisirs, bâtiment)	BB35	euro	SERVICES DE TRAITEMENT DES DECHETS PAPIER	2019	0.0	0.0	0.0	0.0	0.76	0.6080000000000001	kg eCO2/euro	macro	purchases	PAPER WASTE TREATMENT SERVICES	0.76			1.1					BB36
	Vie du laboratoire (Alimentation, aménagement, loisirs, bâtiment)	BB36	euro	SERVICES DE TRAITEMENT DES AUTRES DECHETS (MENAGERS, INDUSTRIELS,_x001A_)	2019	0.0	0.0	0.0	0.0	0.76	0.6080000000000001	kg eCO2/euro	macro	purchases	TREATMENT SERVICES OF OTHER WASTES (HOUSEHOLD, INDUSTRIAL,...)	0.76			1.1					BB36
	Vie du laboratoire (Alimentation, aménagement, loisirs, bâtiment)	BB41	euro	REPARATION ET MAINTECE DU MATERIEL D'ENTRETIEN DES LOCAUX	2019	0.0	0.0	0.0	0.0	0.24	0.192	kg eCO2/euro	macro	purchases	REPAIR AND MAINTENANCE OF THE EQUIPMENT OF MAINTENANCE OF PREMISES	0.24			0.13					UF43
	Vie du laboratoire (Alimentation, aménagement, loisirs, bâtiment)	BB42	euro	REPARATION ET MAINTECE DU MATERIEL POUR LE TRAITEMENT DES DECHETS	2019	0.0	0.0	0.0	0.0	0.24	0.192	kg eCO2/euro	macro	purchases	REPAIR AND MAINTENANCE OF WASTE TREATMENT EQUIPMENT	0.24			0.13					UF43
	Vie du laboratoire (Alimentation, aménagement, loisirs, bâtiment)	BC01	euro	SERVICES DE GARDIENNAGE ET DE SECURITE	2019	0.0	0.0	0.0	0.0	0.2	0.16	kg eCO2/euro	macro	purchases	SECURITY AND GUARDING SERVICES	0.2			0.15					BC02
	Vie du laboratoire (Alimentation, aménagement, loisirs, bâtiment)	BC02	euro	SERVICES DE TELESURVEILLANCE	2019	0.0	0.0	0.0	0.0	0.2	0.16	kg eCO2/euro	macro	purchases	TELESURVEILLANCE SERVICES	0.2			0.15					BC02
	Vie du laboratoire (Alimentation, aménagement, loisirs, bâtiment)	BC03	euro	SERVICES D'ACCUEIL	2019	0.0	0.0	0.0	0.0	0.12	0.096	kg eCO2/euro	macro	purchases	RECEPTION SERVICES	0.12			0.04					BC03
	Vie du laboratoire (Alimentation, aménagement, loisirs, bâtiment)	BC11	euro	CONTR_x001A_LES RELATIFS A L'ENVIRONNEMENT (EAU, EAUX USEES, INCINERATEURS_x001A_)	2019	0.0	0.0	0.0	0.0	0.07	0.05600000000000001	kg eCO2/euro	meso	purchases	ENVIRONMENTAL CONTROLS (WATER, WASTE WATER, INCINERATORS...)	0.12	0.07		0.06			MLD2	Eurofins	BC11
	Vie du laboratoire (Alimentation, aménagement, loisirs, bâtiment)	BC12	euro	CONTR_x001A_LES REGLEMENTAIRES DES EQUIPEMENTS DES BATIMENTS	2019	0.0	0.0	0.0	0.0	0.07	0.05600000000000001	kg eCO2/euro	meso	purchases	REGULATORY CONTROLS OF BUILDING EQUIPMENTS	0.2	0.07		0.06			MLD2	Eurofins	BC12
	Vie du laboratoire (Alimentation, aménagement, loisirs, bâtiment)	BC13	euro	SERVICES D'ANALYSES ET ESSAIS DES PRODUITS ET EQUIPEMENTS (hors scientifique)	2019	0.0	0.0	0.0	0.0	0.07	0.05600000000000001	kg eCO2/euro	meso	purchases	PRODUCTS AND EQUIPMENT TESTING SERVICES (except scientific)	0.18	0.07		0.06			MLD2	Eurofins	UA37
	Vie du laboratoire (Alimentation, aménagement, loisirs, bâtiment)	BD01	euro	MATERIAUX ET CONSOM. PR LA CONSTRUCT. ET L'ENTRETIEN DES BATIMENTS ET INFRASTR.	2019	0.0	0.0	0.0	0.0	0.83	0.664	kg eCO2/euro	macro	purchases	MATERIALS AND CONSUM. FOR CONSTRUCTION AND MAINTENANCE OF BUILDINGS AND INFRASTRUCTURES AND MAINTENANCE OF BUILDINGS AND INFRASTRUCTURES	0.83			0.65					BD01
	Vie du laboratoire (Alimentation, aménagement, loisirs, bâtiment)	BD02	euro	FOURNITURES POUR LES INSTALLATIONS ELECTRIQUES DES BATIMENTS ET INFRASTRUCTURES	2019	0.0	0.0	0.0	0.0	0.46	0.368	kg eCO2/euro	macro	purchases	SUPPLIES FOR ELECTRICAL INSTALLATIONS OF BUILDINGS AND INFRASTRUCTURES	0.46			0.12					BD02
	Vie du laboratoire (Alimentation, aménagement, loisirs, bâtiment)	BD03	euro	FOURNITURES DE PLOMBERIE	2019	0.0	0.0	0.0	0.0	0.41	0.328	kg eCO2/euro	macro	purchases	PLUMBING SUPPLIES	0.41			0.18					BD03
	Vie du laboratoire (Alimentation, aménagement, loisirs, bâtiment)	BD04	euro	OUTILLAGE POUR LA CONSTRUCTION ET L'ENTRETIEN DES B_x001A_TIMENTS ET INFRASTRUCTURES	2019	0.0	0.0	0.0	0.0	0.43	0.344	kg eCO2/euro	macro	purchases	TOOLS FOR THE CONSTRUCTION AND MAINTENANCE OF BUILDINGS AND INFRASTRUCTURES	0.43			0.19					BD04
	Vie du laboratoire (Alimentation, aménagement, loisirs, bâtiment)	BD05	euro	BATIMENTS PREFABRIQUES OU MODULAIRES	2019	0.0	0.0	0.0	0.0	0.4	0.3200000000000001	kg eCO2/euro	macro	purchases	PREFABRICATED OR MODULAR BUILDINGS	0.4			0.05					BD05
	Vie du laboratoire (Alimentation, aménagement, loisirs, bâtiment)	BD11	euro	PORTES, FENETRES ET MENUISERIES	2019	0.0	0.0	0.0	0.0	0.43	0.344	kg eCO2/euro	macro	purchases	DOORS, WINDOWS AND JOINERY	0.43			0.13					BD11
	Vie du laboratoire (Alimentation, aménagement, loisirs, bâtiment)	BD12	euro	FOURNITURES POUR LE REVETEMENT DES MURS ET PLAFONDS	2019	0.0	0.0	0.0	0.0	0.49	0.392	kg eCO2/euro	macro	purchases	SUPPLIES FOR WALL AND CEILING COVERING	0.49			0.15					BD12
	Vie du laboratoire (Alimentation, aménagement, loisirs, bâtiment)	BD13	euro	FOURNITURES POUR LE REVETEMENT DES SOLS	2019	0.0	0.0	0.0	0.0	0.38	0.304	kg eCO2/euro	macro	purchases	SUPPLIES FOR FLOOR COVERING	0.38			0.33					BD13
	Vie du laboratoire (Alimentation, aménagement, loisirs, bâtiment)	BD14	euro	FOURNITURES ET EQUIPEMENTS D'ORNEMENT DES LOCAUX	2019	0.0	0.0	0.0	0.0	0.52	0.416	kg eCO2/euro	macro	purchases	SUPPLIES AND EQUIPMENT FOR THE DECORATION OF PREMISES	0.52			0.12					BD14
	Vie du laboratoire (Alimentation, aménagement, loisirs, bâtiment)	BD15	euro	QUINCALLERIE POUR L'AMENAGEMENT ET L'ENTRETIEN DES BATIMENTS	2019	0.0	0.0	0.0	0.0	0.44	0.352	kg eCO2/euro	macro	purchases	HARDWARE FOR BUILDING FURNISHING AND MAINTENANCE	0.44			0.15					RA23
	Vie du laboratoire (Alimentation, aménagement, loisirs, bâtiment)	BD21	euro	PETITES FOURNITURES ELECTRIQUES POUR L'EQUIPEMENT DES BATIMENTS ET INFRASTR.	2019	0.0	0.0	0.0	0.0	0.59	0.472	kg eCO2/euro	macro	purchases	SMALL ELECTRICAL SUPPLIES FOR THE EQUIPMENT OF BUILDINGS AND INFRASTRUCTURES	0.59			0.44					BD21
	Vie du laboratoire (Alimentation, aménagement, loisirs, bâtiment)	BD22	euro	GROS EQUIPEMENTS DES INSTALLATIONS ELECTRIQUES	2019	0.0	0.0	0.0	0.0	0.5	0.4	kg eCO2/euro	macro	purchases	LARGE EQUIPMENT FOR ELECTRICAL INSTALLATIONS	0.5			0.18					BD22
	Vie du laboratoire (Alimentation, aménagement, loisirs, bâtiment)	BD23	euro	EQUIPEMENTS MECANIQUES POUR BATIMENTS	2019	0.0	0.0	0.0	0.0	0.47	0.376	kg eCO2/euro	macro	purchases	MECHANICAL EQUIPMENT FOR BUILDINGS	0.47			0.21					BD23
	Vie du laboratoire (Alimentation, aménagement, loisirs, bâtiment)	BD24	euro	EQUIPEMENTS DE CHAUFFAGE, VENTILATION, CLIMATISATION (HORS BAT. EXPERIMENTAUX)	2019	0.0	0.0	0.0	0.0	0.48	0.384	kg eCO2/euro	macro	purchases	HEATING, VENTILATION AND AIR-CONDITIONING EQUIPMENT (EXCLUDING EXPERIMENTAL BUILDINGS)	0.48			0.2					BD24
	Vie du laboratoire (Alimentation, aménagement, loisirs, bâtiment)	BD25	euro	EQUIPEMENTS SANITAIRES ET DE PLOMBERIE POUR L'EQUIPEMENT DES BATIMENTS	2019	0.0	0.0	0.0	0.0	0.61	0.488	kg eCO2/euro	macro	purchases	SANITARY AND PLUMBING EQUIPMENT FOR BUILDINGS	0.61			0.25					BD25
	Vie du laboratoire (Alimentation, aménagement, loisirs, bâtiment)	BD26	euro	FOURNITURES ET EQUIPEMENT DE SIGNALISATION DES BATIMENTS ET INFRASTRUCTURES	2019	0.0	0.0	0.0	0.0	0.53	0.424	kg eCO2/euro	macro	purchases	SUPPLIES AND SIGNALLING EQUIPMENT FOR BUILDINGS AND INFRASTRUCTURES	0.53			0.15					BD26
	Vie du laboratoire (Alimentation, aménagement, loisirs, bâtiment)	BD27	euro	FOURNITURES ET EQUIPEMENTS DE SECURITE (SYSTEMES D'ALARMES, EXTINCTEURS,_x001A_)	2019	0.0	0.0	0.0	0.0	0.93	0.7440000000000001	kg eCO2/euro	macro	purchases	SECURITY SUPPLIES AND EQUIPMENT (ALARM SYSTEMS, FIRE EXTINGUISHERS,...)	0.93			0.39					BD27
	Vie du laboratoire (Alimentation, aménagement, loisirs, bâtiment)	BE01	euro	MACONNERIE, DEMOLITION ET DESAMIANTAGE	2019	0.0	0.0	0.0	0.0	0.37	0.296	kg eCO2/euro	macro	purchases	MASONRY, DEMOLITION AND ASBESTOS REMOVAL	0.37			0.03					BE09
	Vie du laboratoire (Alimentation, aménagement, loisirs, bâtiment)	BE02	euro	MENUISERIE, SERRURERIE	2019	0.0	0.0	0.0	0.0	0.37	0.296	kg eCO2/euro	macro	purchases	CARPENTRY, LOCKSMITHING	0.37			0.03					BE09
	Vie du laboratoire (Alimentation, aménagement, loisirs, bâtiment)	BE03	euro	ETANCHEITE, BARDAGE, COUVERTURE ET ZINGUERIE	2019	0.0	0.0	0.0	0.0	0.37	0.296	kg eCO2/euro	macro	purchases	WATERPROOFING, CLADDING, ROOFING AND ZINC WORK	0.37			0.03					BE09
	Vie du laboratoire (Alimentation, aménagement, loisirs, bâtiment)	BE04	euro	PLATRERIE, CLOISONS SECHES, FAUX PLAFONDS	2019	0.0	0.0	0.0	0.0	0.37	0.296	kg eCO2/euro	macro	purchases	PLASTERING, DRYWALL, FALSE CEILINGS	0.37			0.03					BE09
	Vie du laboratoire (Alimentation, aménagement, loisirs, bâtiment)	BE05	euro	PEINTURES, REVETEMENTS DE SOLS, RAVALEMENT	2019	0.0	0.0	0.0	0.0	0.37	0.296	kg eCO2/euro	macro	purchases	PAINTING, FLOOR COVERINGS, RESTORATION	0.37			0.03					BE09
	Vie du laboratoire (Alimentation, aménagement, loisirs, bâtiment)	BE06	euro	ELECTRICITE SUR INSTALLATIONS ELECTRIQUES DES BATIMENTS	2019	0.0	0.0	0.0	0.0	0.37	0.296	kg eCO2/euro	macro	purchases	ELECTRICITY ON ELECTRICAL INSTALLATIONS OF BUILDINGS	0.37			0.03					BE09
	Vie du laboratoire (Alimentation, aménagement, loisirs, bâtiment)	BE07	euro	CVC, PLOMBERIE ET FLUIDES SPECIAUX	2019	0.0	0.0	0.0	0.0	0.37	0.296	kg eCO2/euro	macro	purchases	HVAC, PLUMBING AND SPECIAL FLUIDS	0.37			0.03					BE09
	Vie du laboratoire (Alimentation, aménagement, loisirs, bâtiment)	BE08	euro	VOIRIE RESEAUX DISTRIBUTION (VRD)	2019	0.0	0.0	0.0	0.0	0.37	0.296	kg eCO2/euro	macro	purchases	ROADS AND DISTRIBUTION NETWORKS (VRD)	0.37			0.03					BE09
	Vie du laboratoire (Alimentation, aménagement, loisirs, bâtiment)	BE09	euro	AUTRES TRAVAUX D'AMENAGEMENT DES BATIMENTS	2019	0.0	0.0	0.0	0.0	0.37	0.296	kg eCO2/euro	macro	purchases	OTHER WORKS OF ARRANGEMENT OF THE BUILDINGS	0.37			0.03					BE09
	Vie du laboratoire (Alimentation, aménagement, loisirs, bâtiment)	BE11	euro	REPARATION ET MAINTECE DES EQUIPEMENTS MECANIQUES DES BATIMENTS	2019	0.0	0.0	0.0	0.0	0.43	0.344	kg eCO2/euro	macro	purchases	REPAIR AND MAINTENANCE OF MECHANICAL EQUIPMENT OF BUILDINGS	0.43			0.1					BE17
	Vie du laboratoire (Alimentation, aménagement, loisirs, bâtiment)	BE12	euro	REPARATION ET MAINTECE DES CHAMBRES FROIDES	2019	0.0	0.0	0.0	0.0	0.43	0.344	kg eCO2/euro	macro	purchases	REPAIR AND MAINTENANCE OF COLD ROOMS	0.43			0.1					BE17
	Vie du laboratoire (Alimentation, aménagement, loisirs, bâtiment)	BE13	euro	REPARATION ET MAINTECE DES EQUIPEMENTS DE SECURITE	2019	0.0	0.0	0.0	0.0	0.43	0.344	kg eCO2/euro	macro	purchases	REPAIR AND MAINTENANCE OF SECURITY EQUIPMENT	0.43			0.1					BE17
	Vie du laboratoire (Alimentation, aménagement, loisirs, bâtiment)	BE14	euro	REPARATION ET MAINTECE DES INSTALLATIONS ET EQUIPEMENTS ELECTRIQUES	2019	0.0	0.0	0.0	0.0	0.43	0.344	kg eCO2/euro	macro	purchases	REPAIR AND MAINTENANCE OF ELECTRICAL INSTALLATIONS AND EQUIPMENT	0.43			0.1					BE17
	Vie du laboratoire (Alimentation, aménagement, loisirs, bâtiment)	BE15	euro	REPAR. ET MAINTECE EQUIPMTS CLIMATISATION, VENTILATION, CHAUFFAGE, RESERVOIRS	2019	0.0	0.0	0.0	0.0	0.43	0.344	kg eCO2/euro	macro	purchases	REPAIR. REPAIR AND MAINTENANCE OF AIR CONDITIONING, VENTILATION, HEATING, TANKS	0.43			0.1					BE17
	Vie du laboratoire (Alimentation, aménagement, loisirs, bâtiment)	BE16	euro	REPARATION ET MAINTECE DES EQUIPEMENTS SANITAIRES ET PLOMBERIE	2019	0.0	0.0	0.0	0.0	0.43	0.344	kg eCO2/euro	macro	purchases	REPAIR AND MAINTENANCE OF SANITARY AND PLUMBING EQUIPMENT	0.43			0.1					BE17
	Vie du laboratoire (Alimentation, aménagement, loisirs, bâtiment)	BE17	euro	REPARATION ET MAINTECE DES AUTRES EQUIPEMENTS DES BATIMENTS	2019	0.0	0.0	0.0	0.0	0.43	0.344	kg eCO2/euro	macro	purchases	REPAIR AND MAINTENANCE OF OTHER BUILDING EQUIPMENT	0.43			0.1					BE17
	Vie du laboratoire (Alimentation, aménagement, loisirs, bâtiment)	BE21	euro	NE PLUS UTILISER	2019	0.0	0.0	0.0	0.0	0.36	0.288	kg eCO2/euro	macro	purchases	NO LONGER IN USE	0.36			0.0					BE21
	Vie du laboratoire (Alimentation, aménagement, loisirs, bâtiment)	BF01	euro	TRAVAUX DE CONSTRUCTION NEUVE	2019	0.0	0.0	0.0	0.0	0.39	0.3120000000000001	kg eCO2/euro	macro	purchases	NEW CONSTRUCTION WORKS	0.39			0.06					BF03
	Vie du laboratoire (Alimentation, aménagement, loisirs, bâtiment)	BF02	euro	TRAVAUX DE REHABILITATION OU DE REUTILISATION	2019	0.0	0.0	0.0	0.0	0.42	0.336	kg eCO2/euro	macro	purchases	REHABILITATION OR REUSE WORK	0.42			0.11					BF03
	Vie du laboratoire (Alimentation, aménagement, loisirs, bâtiment)	BF03	euro	TRAVAUX DE MISE EN SECURITE OU DE MISE EN CONFORMITE REGLEMENTAIRE	2019	0.0	0.0	0.0	0.0	0.42	0.336	kg eCO2/euro	macro	purchases	SAFETY OR REGULATORY COMPLIANCE WORK	0.42			0.11					BF03
	Vie du laboratoire (Alimentation, aménagement, loisirs, bâtiment)	BF11	euro	ASSISTANCE A LA MAITRISE D'OUVRAGE, CONDUITE D'OPERATIONS, APP	2019	0.0	0.0	0.0	0.0	0.16	0.128	kg eCO2/euro	macro	purchases	ASSISTANCE TO THE OWNER, MANAGEMENT OF OPERATIONS, PROJECT MANAGEMENT	0.16			0.02					BF15
	Vie du laboratoire (Alimentation, aménagement, loisirs, bâtiment)	BF12	euro	MAITRISE D'OEUVRE ET INGENIERIE	2019	0.0	0.0	0.0	0.0	0.16	0.128	kg eCO2/euro	macro	purchases	PROJECT MANAGEMENT AND ENGINEERING	0.16			0.02					BF15
	Vie du laboratoire (Alimentation, aménagement, loisirs, bâtiment)	BF13	euro	ETUDES PREALABLES (TOPOGRAPHIE, ETUDES DE SOL, PROSPECTION_x001A_), PROGRAMMATION	2019	0.0	0.0	0.0	0.0	0.16	0.128	kg eCO2/euro	macro	purchases	PRELIMINARY STUDIES (TOPOGRAPHY, SOIL SURVEYS, PROSPECTING...), PROGRAMMING	0.16			0.02					BF15
	Vie du laboratoire (Alimentation, aménagement, loisirs, bâtiment)	BF14	euro	CONTROLES TECHNIQUES, MISSIONS DE SECURITE, CSPS	2019	0.0	0.0	0.0	0.0	0.16	0.128	kg eCO2/euro	macro	purchases	TECHNICAL CONTROLS, SAFETY MISSIONS, CSPS	0.16			0.02					BF15
	Vie du laboratoire (Alimentation, aménagement, loisirs, bâtiment)	BF15	euro	DIAGNOSTICS, ORDONCEMENT-PILOTAGE-COORDINATION (OPC), SSI	2019	0.0	0.0	0.0	0.0	0.16	0.128	kg eCO2/euro	macro	purchases	DIAGNOSES, ORDERING-PILOTING-COORDINATION (OPC), SSI	0.16			0.02					BF15
	Vie du laboratoire (Alimentation, aménagement, loisirs, bâtiment)	BG01	euro	PRODUITS PHYTOSANITAIRES POUR ESPACES VERTS	2019	0.0	0.0	0.0	0.0	0.89	0.7120000000000001	kg eCO2/euro	macro	purchases	PHYTOSANITARY PRODUCTS FOR GREEN SPACES	0.89			0.69					QA24
	Vie du laboratoire (Alimentation, aménagement, loisirs, bâtiment)	BG02	euro	SEMENCES, ARBRES, PLANTES ET FLEURS POUR ESPACES VERTS	2019	0.0	0.0	0.0	0.0	1.3	1.04	kg eCO2/euro	macro	purchases	SEEDS, TREES, PLANTS AND FLOWERS FOR GREEN SPACES	1.3			0.9					BG02
	Vie du laboratoire (Alimentation, aménagement, loisirs, bâtiment)	BG03	euro	PETITES FOURNITURES POUR ESPACES VERTS	2019	0.0	0.0	0.0	0.0	0.6	0.48	kg eCO2/euro	macro	purchases	SMALL SUPPLIES FOR GREEN SPACES	0.6			0.08					BG03
	Vie du laboratoire (Alimentation, aménagement, loisirs, bâtiment)	BG04	euro	MATERIEL POUR CREATION ET ENTRETIEN D'ESPACES VERTS	2019	0.0	0.0	0.0	0.0	0.63	0.504	kg eCO2/euro	macro	purchases	EQUIPMENT FOR CREATION AND MAINTENANCE OF GREEN SPACES	0.63			0.03					BG04
	Vie du laboratoire (Alimentation, aménagement, loisirs, bâtiment)	BG11	euro	REPARATION ET MAINTECE DU MATERIEL D'ENTRETIEN DES ESPACES VERTS	2019	0.0	0.0	0.0	0.0	0.24	0.192	kg eCO2/euro	macro	purchases	REPAIR AND MAINTENANCE OF GREEN SPACE MAINTENANCE EQUIPMENT	0.24			0.13					UF43
	Vie du laboratoire (Alimentation, aménagement, loisirs, bâtiment)	BG21	euro	SERVICES DE CREATION ET D'ENTRETIEN DES ESPACES VERTS	2019	0.0	0.0	0.0	0.0	0.13	0.104	kg eCO2/euro	macro	purchases	SERVICES OF CREATION AND MAINTENANCE OF GREEN SPACES	0.13			0.05					BG21
	Services	CA01	euro	COMMUNICATION : CONCEPTION-REDACTION	2019	0.0	0.0	0.0	0.0	0.16	0.128	kg eCO2/euro	macro	purchases	COMMUNICATION : DESIGN-EDITING	0.16			0.06					CA03
	Services	CA02	euro	COMMUNICATION : CONCEPTION-REALISATION	2019	0.0	0.0	0.0	0.0	0.16	0.128	kg eCO2/euro	macro	purchases	COMMUNICATION : DESIGN AND PRODUCTION	0.16			0.06					CA03
	Services	CA03	euro	COMMUNICATION : TRAVAUX GRAPHIQUES	2019	0.0	0.0	0.0	0.0	0.16	0.128	kg eCO2/euro	macro	purchases	COMMUNICATION : GRAPHIC WORK	0.16			0.06					CA03
	Services	CA04	euro	COMMUNICATION : TRAVAUX PHOTOGRAPHIQUES	2019	0.0	0.0	0.0	0.0	0.16	0.128	kg eCO2/euro	macro	purchases	COMMUNICATION : PHOTOGRAPHIC WORK	0.16			0.04					CA04
	Services	CA11	euro	COMMUNICATION : CONCEPTION, REALISATION DE SITES INTERNET ET FRAIS CONNEXES	2019	0.0	0.0	0.0	0.0	0.12	0.096	kg eCO2/euro	macro	purchases	COMMUNICATION : DESIGN, PRODUCTION OF WEBSITES AND RELATED COSTS	0.12			0.05					CA12
	Services	CA12	euro	COMMUNICATION : CONCEPTION ET REALISATION DE RESEAUX SOCIAUX	2019	0.0	0.0	0.0	0.0	0.12	0.096	kg eCO2/euro	macro	purchases	COMMUNICATION : DESIGN AND PRODUCTION OF SOCIAL NETWORKS	0.12			0.05					CA12
	Services	CA13	euro	COMMUNICATION : CONCEPTION ET REALISATION D'APPLICATIONS MOBILES ET WEB	2019	0.0	0.0	0.0	0.0	0.15	0.12	kg eCO2/euro	macro	purchases	COMMUNICATION : DESIGN AND DEVELOPMENT OF MOBILE AND WEB APPLICATIONS	0.15			0.06					ID17
	Services	CA14	euro	COMMUNICATION : CONCEPTION ET REALISATION D'AUTRES OUTILS DE COMMUNICATION WEB	2019	0.0	0.0	0.0	0.0	0.15	0.12	kg eCO2/euro	macro	purchases	COMMUNICATION : DESIGN AND DEVELOPMENT OF OTHER WEB COMMUNICATION TOOLS	0.15			0.06					ID17
	Services	CA21	euro	COMMUNICATION : EDITION DE DOCUMENTS IMPRIMES	2019	0.0	0.0	0.0	0.0	0.23	0.184	kg eCO2/euro	macro	purchases	COMMUNICATION : PRINT PUBLISHING	0.23			0.05					CA21
	Services	CA22	euro	COMMUNICATION : EDITION DE DOCUMENTS WEB	2019	0.0	0.0	0.0	0.0	0.2	0.16	kg eCO2/euro	macro	purchases	COMMUNICATION : WEB EDITING	0.2			0.08					CA22
	Services	CA23	euro	COMMUNICATION : CORRECTION ET RELECTURE DE DOCUMENTS	2019	0.0	0.0	0.0	0.0	0.11	0.08800000000000001	kg eCO2/euro	macro	purchases	COMMUNICATION : CORRECTION AND PROOFREADING OF DOCUMENTS	0.11			0.05					CA23
	Services	CA24	euro	COMMUNICATION : DIFFUSION ET PROMOTION DE DOCUMENTS SUR TOUS SUPPORTS	2019	0.0	0.0	0.0	0.0	0.18	0.144	kg eCO2/euro	macro	purchases	COMMUNICATION : DISTRIBUTION AND PROMOTION OF DOCUMENTS ON ALL MEDIA	0.18			0.01					XC12
	Services	CA31	euro	COMMUNICATION : CONCEPTION-REALISATION AUDIOVISUELLES	2019	0.0	0.0	0.0	0.0	0.11	0.08800000000000001	kg eCO2/euro	macro	purchases	COMMUNICATION : AUDIOVISUAL DESIGN AND PRODUCTION	0.11			0.06					CA34
	Services	CA32	euro	COMMUNICATION : SERVICES AUDIOVISUELS D'INGENIERIE DU SON	2019	0.0	0.0	0.0	0.0	0.17	0.136	kg eCO2/euro	macro	purchases	COMMUNICATION : AUDIOVISUAL SOUND ENGINEERING SERVICES	0.17			0.09					CA32
	Services	CA33	euro	COMMUNICATION : SERVICES AUDIOVISUELS D'INGENIERIE DE L'IMAGE	2019	0.0	0.0	0.0	0.0	0.11	0.08800000000000001	kg eCO2/euro	macro	purchases	COMMUNICATION : AUDIOVISUAL IMAGE ENGINEERING SERVICES	0.11			0.06					CA34
	Services	CA34	euro	COMMUNICATION : SERVICES DE PRODUCTION AUDIOVISUELLE	2019	0.0	0.0	0.0	0.0	0.11	0.08800000000000001	kg eCO2/euro	macro	purchases	COMMUNICATION: AUDIOVISUAL PRODUCTION SERVICES	0.11			0.06					CA34
	Services	CA35	euro	COMMUNICATION : DIFFUSION, DISTRIBUTION ET PROMOTION AUDIOVISUELLES	2019	0.0	0.0	0.0	0.0	0.13	0.104	kg eCO2/euro	macro	purchases	COMMUNICATION: AUDIOVISUAL BROADCASTING, DISTRIBUTION AND PROMOTION	0.13			0.05					CA35
	Services	CB01	euro	COMMUNICATION : OBJETS PROMOTIONNELS COURANTS	2019	0.0	0.0	0.0	0.0	0.36	0.288	kg eCO2/euro	macro	purchases	COMMUNICATION : COMMON PROMOTIONAL OBJECTS	0.36			0.17					CB02
	Services	CB02	euro	COMMUNICATION : CADEAUX	2019	0.0	0.0	0.0	0.0	0.36	0.288	kg eCO2/euro	macro	purchases	COMMUNICATION : GIFTS	0.36			0.17					CB02
	Services	CB03	euro	COMMUNICATION : MATERIEL ET EQUIPEMENTS POUR MANIFESTATIONS EVENEMENTIELLES	2019	0.0	0.0	0.0	0.0	0.47	0.376	kg eCO2/euro	macro	purchases	COMMUNICATION : MATERIAL AND EQUIPMENT FOR EVENTS	0.47			0.26					CB03
	Services	CB11	euro	COMMUNICATION : LOCATION ET RESERVATION D'ESPACES POUR MANIF. EVENEMENTIELLES	2019	0.0	0.0	0.0	0.0	0.16	0.128	kg eCO2/euro	macro	purchases	COMMUNICATION : RENTAL AND BOOKING OF SPACES FOR EVENTS EVENTS	0.16			0.04					CC15
	Services	CB12	euro	COMMUNICATION : ORGANISATION DE COLLOQUES, CONGRES ET SEMINAIRES	2019	0.0	0.0	0.0	0.0	0.16	0.128	kg eCO2/euro	macro	purchases	COMMUNICATION : ORGANISATION OF CONFERENCES, CONGRESSES AND SEMINARS	0.16			0.04					CC15
	Services	CB13	euro	COMM : ORGANISATION ET REALISATION DE SALONS, EXPOSITIONS ET FOIRES	2019	0.0	0.0	0.0	0.0	0.16	0.128	kg eCO2/euro	macro	purchases	COMM : ORGANISATION AND REALISATION OF FAIRS, EXHIBITIONS AND TRADE SHOWS	0.16			0.04					CC15
	Services	CB14	euro	COMMUNICATION : SERVICES DE BILLETTERIE POUR MANIFESTATIONS EVENEMENTIELLES	2019	0.0	0.0	0.0	0.0	0.16	0.128	kg eCO2/euro	macro	purchases	COMMUNICATION : TICKETING SERVICES FOR EVENTS	0.16			0.04					CC15
	Services	CB15	euro	COMMUNICATION : ORGANISATION D'AUTRES MANIFESTATIONS EVENEMENTIELLES	2019	0.0	0.0	0.0	0.0	0.16	0.128	kg eCO2/euro	macro	purchases	COMMUNICATION : ORGANISATION OF OTHER EVENTS	0.16			0.04					CC15
	Services	CB21	euro	COMMUNICATION : TRAITEURS POUR MANIFESTATIONS EVENEMENTIELLES	2019	0.0	0.0	0.0	0.0	0.34	0.272	kg eCO2/euro	macro	purchases	COMMUNICATION : CATERING FOR EVENTS	0.34			0.05					CB22
	Services	CB22	euro	COMMUNICATION : RESTAURATION POUR MANIFESTATIONS EVENEMENTIELLES	2019	0.0	0.0	0.0	0.0	0.34	0.272	kg eCO2/euro	macro	purchases	COMMUNICATION : CATERING FOR EVENTS	0.34			0.05					CB22
	Services	CB23	euro	COMMUNICATION : HEBERGEMENT POUR MANIFESTATIONS EVENEMENTIELLES	2019	0.0	0.0	0.0	0.0	0.29	0.232	kg eCO2/euro	macro	purchases	COMMUNICATION : ACCOMMODATION FOR EVENTS	0.29			0.05					DB11
	Services	CB24	euro	COMMUNICATION : PROMOTION DE MANIFESTATIONS EVENEMENTIELLES	2019	0.0	0.0	0.0	0.0	0.16	0.128	kg eCO2/euro	macro	purchases	COMMUNICATION : PROMOTION OF EVENTS	0.16			0.04					CC15
	Services	CB25	euro	COMMUNICATION : AUTRES PRESTATIONS ASSOCIEES AUX MANIFESTATIONS EVENEMENTIELLES	2019	0.0	0.0	0.0	0.0	0.12	0.096	kg eCO2/euro	macro	purchases	COMMUNICATION : OTHER SERVICES ASSOCIATED WITH EVENTS	0.12			0.08					CD34
	Services	CC01	euro	COMMUNICATION : VEILLE DES MEDIAS TRADITIONNELS	2019	0.0	0.0	0.0	0.0	0.16	0.128	kg eCO2/euro	macro	purchases	COMMUNICATION : TRADITIONAL MEDIA MONITORING	0.16			0.04					CC15
	Services	CC02	euro	COMMUNICATION : VEILLE DES MEDIAS INTERNET	2019	0.0	0.0	0.0	0.0	0.16	0.128	kg eCO2/euro	macro	purchases	COMMUNICATION : INTERNET MEDIA MONITORING	0.16			0.04					CC15
	Services	CC03	euro	RELATIONS PRESSE	2019	0.0	0.0	0.0	0.0	0.16	0.128	kg eCO2/euro	macro	purchases	PRESS RELATIONS	0.16			0.04					CC15
	Services	CC11	euro	COMM : SERVICES DE CONSEIL ET D'ACCOMPAGNEMENT DE CAMPAGNES DE COMMUNICATION	2019	0.0	0.0	0.0	0.0	0.14	0.112	kg eCO2/euro	macro	purchases	COMM : CONSULTING AND SUPPORT SERVICES FOR COMMUNICATION CAMPAIGNS	0.14			0.05					CC15
	Services	CC12	euro	COMMUNICATION : SERVICES DE CONSEIL EN IDENTITE VISUELLE	2019	0.0	0.0	0.0	0.0	0.14	0.112	kg eCO2/euro	macro	purchases	COMMUNICATION : VISUAL IDENTITY CONSULTING SERVICES	0.14			0.05					CC15
	Services	CC13	euro	COMMUNICATION : SERVICES DE CONSEIL EN IMAGE DES PERSONNES	2019	0.0	0.0	0.0	0.0	0.14	0.112	kg eCO2/euro	macro	purchases	COMMUNICATION : PERSONAL IMAGE CONSULTING SERVICES	0.14			0.05					CC15
	Services	CC14	euro	COMMUNICATION : SERVICES DE MEDIATRAINING	2019	0.0	0.0	0.0	0.0	0.16	0.128	kg eCO2/euro	macro	purchases	COMMUNICATION: MEDIATRAINING SERVICES	0.16			0.04					CC15
	Services	CC15	euro	COMMUNICATION : AUTRES SERVICES DE CONSEIL EN COMMUNICATION ET PUBLICITE	2019	0.0	0.0	0.0	0.0	0.14	0.112	kg eCO2/euro	macro	purchases	COMMUNICATION: OTHER COMMUNICATION AND ADVERTISING CONSULTANCY SERVICES	0.14			0.05					CC15
	Services	CC21	euro	COMMUNICATION : ACHAT D'ESPACES PUBLICITAIRES	2019	0.0	0.0	0.0	0.0	0.16	0.128	kg eCO2/euro	macro	purchases	COMMUNICATION: PURCHASE OF ADVERTISING SPACE	0.16			0.04					CC15
	Services	CC22	euro	COMMUNICATION : ETUDES, SONDAGES ET ENQUETES DE COMMUNICATION	2019	0.0	0.0	0.0	0.0	0.16	0.128	kg eCO2/euro	macro	purchases	COMMUNICATION: COMMUNICATION STUDIES, SURVEYS AND POLLS	0.16			0.04					CC15
	Services	CC23	euro	COMMUNICATION : AUTRES SERVICES DE COMMUNICATION	2019	0.0	0.0	0.0	0.0	0.16	0.128	kg eCO2/euro	macro	purchases	COMMUNICATION : OTHER COMMUNICATION SERVICES	0.16			0.04					CC15
	Services	CD01	euro	CULTURE : OEUVRES ET OBJETS D'ART EXISTANTS	2019	0.0	0.0	0.0	0.0	0.09	0.072	kg eCO2/euro	macro	purchases	CULTURE : EXISTING WORKS AND OBJECTS OF ART	0.09			0.1					CD03
	Services	CD02	euro	CULTURE : REALISATION D'OEUVRES ET OBJETS D'ART	2019	0.0	0.0	0.0	0.0	0.09	0.072	kg eCO2/euro	macro	purchases	CULTURE : PRODUCTION OF WORKS AND OBJECTS OF ART	0.09			0.1					CD03
	Services	CD03	euro	CULTURE: REPRODUCTION D'OEUVRES ET OBJETS D'ART	2019	0.0	0.0	0.0	0.0	0.09	0.072	kg eCO2/euro	macro	purchases	CULTURE : REPRODUCTION OF WORKS AND OBJECTS OF ART	0.09			0.1					CD03
	Services	CD11	euro	CULTURE : ACHATS DE REPRESENTATIONS ARTISTIQUES	2019	0.0	0.0	0.0	0.0	0.16	0.128	kg eCO2/euro	macro	purchases	CULTURE : PURCHASE OF ARTISTIC REPRESENTATIONS	0.16			0.04					CC15
	Services	CD12	euro	CULTURE : CONCEPTION-REALISATION-INSTALLATION D'ECLAIRAGE ET/OU DE SON	2019	0.0	0.0	0.0	0.0	0.29	0.232	kg eCO2/euro	macro	purchases	CULTURE : DESIGN-REALISATION-INSTALLATION OF LIGHTING AND/OR SOUND	0.29			0.23					CD14
	Services	CD13	euro	CULTURE : CONCEPTION-REALISATION-INSTALLATION DE DECORS	2019	0.0	0.0	0.0	0.0	0.29	0.232	kg eCO2/euro	macro	purchases	CULTURE: DESIGN, PRODUCTION AND INSTALLATION OF SCENERY	0.29			0.23					CD14
	Services	CD14	euro	CULTURE : CONCEPTION-REALISATION DE COSTUMES	2019	0.0	0.0	0.0	0.0	0.29	0.232	kg eCO2/euro	macro	purchases	CULTURE : DESIGN AND PRODUCTION OF COSTUMES	0.29			0.23					CD14
	Services	CD21	euro	SERVICES DE GESTION, DE CONSERV. ET DE RESTAUR. DES COLLECTIONS DES MUSEES	2019	0.0	0.0	0.0	0.0	0.12	0.096	kg eCO2/euro	macro	purchases	MANAGEMENT, CONSERV. AND RESTORATION OF MUSEUM COLLECTIONS	0.12			0.08					CD34
	Services	CD22	euro	SERVICES DE PRESERVATION DES SITES CLASSES OU INSCRITS	2019	0.0	0.0	0.0	0.0	0.12	0.096	kg eCO2/euro	macro	purchases	PRESERVATION SERVICES FOR CLASSIFIED OR LISTED SITES	0.12			0.07					CD24
	Services	CD23	euro	SERVICES RELATIFS A LA PRESERVATION DES JARDINS, ZOOS ET RESERVES NATURELLES	2019	0.0	0.0	0.0	0.0	0.12	0.096	kg eCO2/euro	macro	purchases	SERVICES RELATING TO THE PRESERVATION OF GARDENS, ZOOS AND NATURE RESERVES	0.12			0.07					CD24
	Services	CD24	euro	AUTRES SERVICES DE CONSERVATION DU PATRIMOINE (HORS ARCHIVAGE)	2019	0.0	0.0	0.0	0.0	0.12	0.096	kg eCO2/euro	macro	purchases	OTHER HERITAGE CONSERVATION SERVICES (EXCLUDING ARCHIVING)	0.12			0.07					CD24
	Services	CD25	euro	SERVICES D'INVENTAIRES SPECIFIQUES	2019	0.0	0.0	0.0	0.0	0.11	0.08800000000000001	kg eCO2/euro	macro	purchases	SPECIFIC INVENTORY SERVICES	0.11			0.05					HC02
	Services	CD31	euro	CULTURE : SERVICES D'ANIMATION CULTURELLE	2019	0.0	0.0	0.0	0.0	0.12	0.096	kg eCO2/euro	macro	purchases	CULTURE : CULTURAL ANIMATION SERVICES	0.12			0.08					CD34
	Services	CD32	euro	SERVICES DE PARCS DE RECREATION, DE PLAGES, DE PARCS D'ATTRACTION	2019	0.0	0.0	0.0	0.0	0.14	0.112	kg eCO2/euro	macro	purchases	RECREATION PARK, BEACH AND AMUSEMENT PARK SERVICES	0.14			0.11					CD32
	Services	CD33	euro	CULTURE : SERVICES DE MEDIATION CULTURELLE	2019	0.0	0.0	0.0	0.0	0.12	0.096	kg eCO2/euro	macro	purchases	CULTURE : CULTURAL MEDIATION SERVICES	0.12			0.08					CD34
	Services	CD34	euro	CULTURE : AUTRES SERVICES SOCIO-CULTURELS	2019	0.0	0.0	0.0	0.0	0.12	0.096	kg eCO2/euro	macro	purchases	CULTURE : OTHER SOCIO-CULTURAL SERVICES	0.12			0.08					CD34
	Services	CD41	euro	CONSOMMABLES SPECIFIQUES POUR LA CONSERVATION ET LA RESTAURATION DES COLLECTIONS	2019	0.0	0.0	0.0	0.0	0.68	0.544	kg eCO2/euro	macro	purchases	SPECIFIC CONSUMABLES FOR THE CONSERVATION AND RESTORATION OF COLLECTIONS	0.68			0.23					CD41
	Services	CD42	euro	MATERIELS SPECIFIQUES POUR LA CONSERVATION ET LA RESTAURATION DES COLLECTIONS	2019	0.0	0.0	0.0	0.0	0.5	0.4	kg eCO2/euro	macro	purchases	SPECIFIC EQUIPMENT FOR THE CONSERVATION AND RESTORATION OF COLLECTIONS	0.5			0.11					CD42
	Services	CD43	euro	MOBILIER SPECIFIQUE POUR LA CONSERVATION DES COLLECTIONS	2019	0.0	0.0	0.0	0.0	0.61	0.488	kg eCO2/euro	macro	purchases	SPECIFIC FURNITURE FOR THE CONSERVATION OF COLLECTIONS	0.61			0.09					CD43
	Vie du laboratoire (Alimentation, aménagement, loisirs, bâtiment)	CE01	euro	DOCUMENTATION : LIVRES SCOLAIRES IMPRIMES DE TOUTES MATIERES	2019	0.0	0.0	0.0	0.0	0.22	0.176	kg eCO2/euro	macro	purchases	DOCUMENTATION: PRINTED SCHOOL BOOKS IN ALL SUBJECTS	0.22			0.06					CE04
	Vie du laboratoire (Alimentation, aménagement, loisirs, bâtiment)	CE02	euro	DOCUMENTATION : LIVRES SCOLAIRES ELECTRONIQUES DE TOUTES MATIERES	2019	0.0	0.0	0.0	0.0	0.22	0.176	kg eCO2/euro	macro	purchases	DOCUMENTATION: ELECTRONIC SCHOOL BOOKS IN ALL SUBJECTS	0.22			0.06					CE04
	Vie du laboratoire (Alimentation, aménagement, loisirs, bâtiment)	CE03	euro	DOCUMENTATION : LIVRES NON SCOLAIRES IMPRIMES	2019	0.0	0.0	0.0	0.0	0.22	0.176	kg eCO2/euro	macro	purchases	DOCUMENTATION : PRINTED NON-SCHOOL BOOKS	0.22			0.06					CE04
	Vie du laboratoire (Alimentation, aménagement, loisirs, bâtiment)	CE04	euro	DOCUMENTATION : LIVRES NON SCOLAIRES ELECTRONIQUES	2019	0.0	0.0	0.0	0.0	0.22	0.176	kg eCO2/euro	macro	purchases	DOCUMENTATION: ELECTRONIC NON-SCHOOL BOOKS	0.22			0.06					CE04
	Vie du laboratoire (Alimentation, aménagement, loisirs, bâtiment)	CE05	euro	DOCUMENTATION : LIVRES D'OCCASION ET EPUISES	2019	0.0	0.0	0.0	0.0	0.12	0.096	kg eCO2/euro	macro	purchases	DOCUMENTATION: USED AND OUT-OF-PRINT BOOKS	0.12			0.11					CE06
	Vie du laboratoire (Alimentation, aménagement, loisirs, bâtiment)	CE06	euro	DOCUMENTATION : LIVRES ANCIENS PUBLIES AVANT 1900	2019	0.0	0.0	0.0	0.0	0.12	0.096	kg eCO2/euro	macro	purchases	DOCUMENTATION : OLD BOOKS PUBLISHED BEFORE 1900	0.12			0.11					CE06
	Vie du laboratoire (Alimentation, aménagement, loisirs, bâtiment)	CE11	euro	DOCUMENT. : JOURNAUX, REVUES ET PERIODIQUES SCIENTIFIQUES (SUPPORT PAPIER)	2019	0.0	0.0	0.0	0.0	0.22	0.176	kg eCO2/euro	macro	purchases	DOCUMENTATION. DOCUMENTATION: NEWSPAPERS, JOURNALS AND SCIENTIFIC PERIODICALS (PAPER-BASED)	0.22			0.05					XC17
	Vie du laboratoire (Alimentation, aménagement, loisirs, bâtiment)	CE12	euro	DOCUMENT. : JOURNAUX, REVUES ET PERIODIQUES NON SCIENTIFIQUES (SUPPORT PAPIER)	2019	0.0	0.0	0.0	0.0	0.22	0.176	kg eCO2/euro	macro	purchases	DOCUMENT. : NEWSPAPERS, JOURNALS AND NON-SCIENTIFIC PERIODICALS (PAPER-BASED)	0.22			0.05					XC17
	Vie du laboratoire (Alimentation, aménagement, loisirs, bâtiment)	CE13	euro	DOCUMENT. : JOURNAUX, REVUES ET PERIODIQUES SCIENTIFIQUES (ELECTRONIQUES)	2019	0.0	0.0	0.0	0.0	0.22	0.176	kg eCO2/euro	macro	purchases	DOCUMENT. : SCIENTIFIC NEWSPAPERS, JOURNALS AND PERIODICALS (ELECTRONIC)	0.22			0.05					XC17
	Vie du laboratoire (Alimentation, aménagement, loisirs, bâtiment)	CE14	euro	DOCUMENT. : JOURNAUX, REVUES ET PERIODIQUES NON SCIENTIFIQUES (ELECTRONIQUES)	2019	0.0	0.0	0.0	0.0	0.22	0.176	kg eCO2/euro	macro	purchases	DOCUMENT. : NEWSPAPERS, JOURNALS AND PERIODICALS (ELECTRONIC)	0.22			0.05					XC17
	Vie du laboratoire (Alimentation, aménagement, loisirs, bâtiment)	CE21	euro	DOCUMENT. : DROIT D'ACCES A DES BASES DE DONNEES DOCUMENTAIRES SCIENTIFIQUES	2019	0.0	0.0	0.0	0.0	0.16	0.128	kg eCO2/euro	macro	purchases	DOCUMENT. RIGHT OF ACCESS TO SCIENTIFIC DOCUMENTARY DATABASES	0.16			0.02					CE22
	Vie du laboratoire (Alimentation, aménagement, loisirs, bâtiment)	CE22	euro	DOCUMENT.: DROIT D'ACCES A DES BASES DE DONNEES DOCUMENTAIRES NON SCIENTIFIQUES	2019	0.0	0.0	0.0	0.0	0.16	0.128	kg eCO2/euro	macro	purchases	DOCUMENT: ACCESS RIGHTS TO NON-SCIENTIFIC DOCUMENTARY DATABASES	0.16			0.02					CE22
	Vie du laboratoire (Alimentation, aménagement, loisirs, bâtiment)	CE31	euro	DOCUMENTATION : PARTITIONS MUSICALES	2019	0.0	0.0	0.0	0.0	0.19	0.152	kg eCO2/euro	macro	purchases	DOCUMENTATION: MUSICAL SCORES	0.19			0.05					CF23
	Vie du laboratoire (Alimentation, aménagement, loisirs, bâtiment)	CE32	euro	DOCUMENTATION : CARTES (GEOGRAPHIQUES, TOPOGRAPHIQUES_x001A_) ET GLOBES TERRESTRES	2019	0.0	0.0	0.0	0.0	0.19	0.152	kg eCO2/euro	macro	purchases	DOCUMENTATION: MAPS (GEOGRAPHIC, TOPOGRAPHIC...) AND GLOBES	0.19			0.05					CF23
	Vie du laboratoire (Alimentation, aménagement, loisirs, bâtiment)	CE33	euro	DOCUMENTATION : NORMES	2019	0.0	0.0	0.0	0.0	0.19	0.152	kg eCO2/euro	macro	purchases	DOCUMENTATION: STANDARDS	0.19			0.05					CF23
	Vie du laboratoire (Alimentation, aménagement, loisirs, bâtiment)	CE34	euro	DOCUMENTATION : AUTRES DOCUMENTS	2019	0.0	0.0	0.0	0.0	0.19	0.152	kg eCO2/euro	macro	purchases	DOCUMENTATION: OTHER DOCUMENTS	0.19			0.05					CF23
	Vie du laboratoire (Alimentation, aménagement, loisirs, bâtiment)	CE41	euro	DOCUMENTATION : IMAGES FIXES	2019	0.0	0.0	0.0	0.0	0.23	0.184	kg eCO2/euro	macro	purchases	DOCUMENTATION: STILL IMAGES	0.23			0.16					CE43
	Vie du laboratoire (Alimentation, aménagement, loisirs, bâtiment)	CE42	euro	DOCUMENTATION : IMAGES ANIMEES SUR TOUT SUPPORT	2019	0.0	0.0	0.0	0.0	0.23	0.184	kg eCO2/euro	macro	purchases	DOCUMENTATION: ANIMATED IMAGES IN ANY MEDIUM	0.23			0.16					CE43
	Vie du laboratoire (Alimentation, aménagement, loisirs, bâtiment)	CE43	euro	DOCUMENTATION : AUTRES IMAGES	2019	0.0	0.0	0.0	0.0	0.23	0.184	kg eCO2/euro	macro	purchases	DOCUMENTATION: OTHER IMAGES	0.23			0.16					CE43
	Vie du laboratoire (Alimentation, aménagement, loisirs, bâtiment)	CE51	euro	DOCUMENTATION : ENTREGISTREMENTS SONORES	2019	0.0	0.0	0.0	0.0	0.21	0.168	kg eCO2/euro	macro	purchases	DOCUMENTATION: SOUND RECORDINGS	0.21			0.14					CE43
	Vie du laboratoire (Alimentation, aménagement, loisirs, bâtiment)	CF01	euro	DOC. : ARCHIVES DE JOURNAUX, REVUES ET PERIODIQUES SCIENTIFIQUES (PAPIER)	2019	0.0	0.0	0.0	0.0	0.16	0.128	kg eCO2/euro	macro	purchases	DOC. DOCUMENTATION: ARCHIVES OF NEWSPAPERS, JOURNALS AND SCIENTIFIC PERIODICALS (PAPER)	0.16			0.06					CF04
	Vie du laboratoire (Alimentation, aménagement, loisirs, bâtiment)	CF02	euro	DOC. : ARCHIVES DE JOURNAUX, REVUES ET PERIODIQUES NON SCIENTIFIQUES (PAPIER)	2019	0.0	0.0	0.0	0.0	0.16	0.128	kg eCO2/euro	macro	purchases	DOC. ARCHIVES OF NEWSPAPERS, JOURNALS AND NON-SCIENTIFIC PERIODICALS (PAPER)	0.16			0.06					CF04
	Vie du laboratoire (Alimentation, aménagement, loisirs, bâtiment)	CF03	euro	DOC. : ARCHIVES DE JOURNAUX, REVUES ET PERIODIQUES SCIENTIFIQUES (ELECTRONIQUES)	2019	0.0	0.0	0.0	0.0	0.16	0.128	kg eCO2/euro	macro	purchases	DOC. ARCHIVES OF SCIENTIFIC NEWSPAPERS, JOURNALS AND PERIODICALS (ELECTRONIC)	0.16			0.06					CF04
	Vie du laboratoire (Alimentation, aménagement, loisirs, bâtiment)	CF04	euro	DOC. : ARCHIVES DE JOURNAUX, REVUES ET PERIODIQUES NON SCIENTIF. (ELECTRONIQUES)	2019	0.0	0.0	0.0	0.0	0.16	0.128	kg eCO2/euro	macro	purchases	DOC. ARCHIVES OF NEWSPAPERS, JOURNALS AND NON-SCIENTIFIC PERIODICALS (ELECTRONIC) (ELECTRONIC)	0.16			0.06					CF04
	Vie du laboratoire (Alimentation, aménagement, loisirs, bâtiment)	CF11	euro	DOC. : DROIT D'ACCES A DES ARCHIVES DE BASES DE DONNEES DOCUMENTAIRES SCIENTIF.	2019	0.0	0.0	0.0	0.0	0.18	0.144	kg eCO2/euro	macro	purchases	DOC. ACCESS RIGHTS TO ARCHIVES OF SCIENTIFIC DOCUMENTARY DATABASES	0.18			0.03					CE22
	Vie du laboratoire (Alimentation, aménagement, loisirs, bâtiment)	CF12	euro	DOC. : DROIT D'ACCES A DES ARCHIVES DE BASES DE DONNEES DOCUMENT. NON SCIENTIF.	2019	0.0	0.0	0.0	0.0	0.18	0.144	kg eCO2/euro	macro	purchases	DOC. ACCESS RIGHTS TO DOCUMENT DATABASE ARCHIVES. NON SCIENTIF.	0.18			0.03					CE22
	Vie du laboratoire (Alimentation, aménagement, loisirs, bâtiment)	CF21	euro	DOCUMENTATION : ARCHIVES DE PARTITIONS MUSICALES	2019	0.0	0.0	0.0	0.0	0.2	0.16	kg eCO2/euro	macro	purchases	DOCUMENTATION: ARCHIVES OF MUSICAL SCORES	0.2			0.12					CF23
	Vie du laboratoire (Alimentation, aménagement, loisirs, bâtiment)	CF22	euro	DOCUMENTATION : ARCHIVES DE CARTES (GEOGRAPHIQUES, TOPOGRAPHIQUES_x001A_)	2019	0.0	0.0	0.0	0.0	0.2	0.16	kg eCO2/euro	macro	purchases	DOCUMENTATION: ARCHIVES OF MAPS (GEOGRAPHIC, TOPOGRAPHIC...)	0.2			0.12					CF23
	Vie du laboratoire (Alimentation, aménagement, loisirs, bâtiment)	CF23	euro	DOCUMENTATION : ARCHIVES D'AUTRES DOCUMENTS IMPRIMES	2019	0.0	0.0	0.0	0.0	0.2	0.16	kg eCO2/euro	macro	purchases	DOCUMENTATION: ARCHIVES OF OTHER PRINTED DOCUMENTS	0.2			0.12					CF23
	Vie du laboratoire (Alimentation, aménagement, loisirs, bâtiment)	CF31	euro	DOCUMENTATION : ARCHIVES D'IMAGES FIXES	2019	0.0	0.0	0.0	0.0	0.18	0.144	kg eCO2/euro	macro	purchases	DOCUMENTATION: STILL IMAGE ARCHIVES	0.18			0.02					CE43
	Vie du laboratoire (Alimentation, aménagement, loisirs, bâtiment)	CF32	euro	DOCUMENTATION : ARCHIVES D'IMAGES ANIMEES SUR TOUT SUPPORT	2019	0.0	0.0	0.0	0.0	0.18	0.144	kg eCO2/euro	macro	purchases	DOCUMENTATION: ARCHIVES OF ANIMATED IMAGES IN ANY MEDIUM	0.18			0.02					CE43
	Vie du laboratoire (Alimentation, aménagement, loisirs, bâtiment)	CF33	euro	DOCUMENTATION : ARCHIVES D'AUTRES IMAGES	2019	0.0	0.0	0.0	0.0	0.18	0.144	kg eCO2/euro	macro	purchases	DOCUMENTATION: ARCHIVES OF OTHER IMAGES	0.18			0.02					CE43
	Vie du laboratoire (Alimentation, aménagement, loisirs, bâtiment)	CF41	euro	DOCUMENTATION : ARCHIVES D'ENTREGISTREMENTS SONORES	2019	0.0	0.0	0.0	0.0	0.18	0.144	kg eCO2/euro	macro	purchases	DOCUMENTATION: SOUND RECORDING ARCHIVES	0.18			0.02					CE43
	Vie du laboratoire (Alimentation, aménagement, loisirs, bâtiment)	CG01	euro	DOCUMENTATION : FOURNITURES ET EQUIPEMENTS DE CONSERVATION DE DOCUMENTS	2019	0.0	0.0	0.0	0.0	0.5	0.4	kg eCO2/euro	macro	purchases	DOCUMENTATION: SUPPLIES AND EQUIPMENT FOR DOCUMENT STORAGE	0.5			0.12					CG01
	Vie du laboratoire (Alimentation, aménagement, loisirs, bâtiment)	CG11	euro	DOCUMENTATION : MOBILIER DE RANGEMENT DE BIBLIOTHEQUES ET DE MAGASINS D'ARCHIVES	2019	0.0	0.0	0.0	0.0	0.52	0.416	kg eCO2/euro	macro	purchases	DOCUMENTATION: STORAGE FURNITURE FOR LIBRARIES AND ARCHIVE SHOPS	0.52			0.17					CG12
	Vie du laboratoire (Alimentation, aménagement, loisirs, bâtiment)	CG12	euro	DOCUMENTATION : MOBILIER POUR BIBLIOTHEQUES ET MAGASINS D'ARCHIVES	2019	0.0	0.0	0.0	0.0	0.52	0.416	kg eCO2/euro	macro	purchases	DOCUMENTATION: FURNITURE FOR LIBRARIES AND ARCHIVE SHOPS	0.52			0.17					CG12
	Vie du laboratoire (Alimentation, aménagement, loisirs, bâtiment)	CG21	euro	DOC : EQUIPEMENTS DE NUMERISATION POUR BIBLIOTHEQUES ET MAGASINS D'ARCHIVES	2019	0.0	0.0	0.0	0.0	0.41	0.328	kg eCO2/euro	macro	purchases	DOC: DIGITISATION EQUIPMENT FOR LIBRARIES AND ARCHIVE SHOPS	0.41			0.21					CG21
	Vie du laboratoire (Alimentation, aménagement, loisirs, bâtiment)	CG31	euro	REPARATION ET MAINTECE DES MOBILIERS DE BIBLIOTHEQUES ET MAGASINS D'ARCHIVES	2019	0.0	0.0	0.0	0.0	0.24	0.192	kg eCO2/euro	macro	purchases	REPAIR AND MAINTENANCE OF LIBRARY AND ARCHIVE FURNITURE	0.24			0.13					UF43
	Vie du laboratoire (Alimentation, aménagement, loisirs, bâtiment)	CG32	euro	REPAR. ET MAINTECE DES EQUIPEMENTS DE BIBLIOTHEQUES ET MAGASINS D'ARCHIVES	2019	0.0	0.0	0.0	0.0	0.24	0.192	kg eCO2/euro	macro	purchases	REPAIR. AND MAINTENANCE OF LIBRARY AND ARCHIVE SHOP EQUIPMENT	0.24			0.13					UF43
	Vie du laboratoire (Alimentation, aménagement, loisirs, bâtiment)	CH01	euro	DOC : LOGICIELS STANDARDS DE GESTION DE BIBLIOTHEQUES	2019	0.0	0.0	0.0	0.0	0.12	0.096	kg eCO2/euro	macro	purchases	DOC: STANDARD LIBRARY MANAGEMENT SOFTWARE	0.12			0.05					WA15
	Vie du laboratoire (Alimentation, aménagement, loisirs, bâtiment)	CH02	euro	DOC : LOGICIELS SPECIFIQUES DE GESTION DE BIBLIOTHEQUES	2019	0.0	0.0	0.0	0.0	0.12	0.096	kg eCO2/euro	macro	purchases	DOC: SPECIFIC LIBRARY MANAGEMENT SOFTWARE	0.12			0.05					WA15
	Vie du laboratoire (Alimentation, aménagement, loisirs, bâtiment)	CH03	euro	DOC : LOGIC. STANDARDS D'ACCES AUX CONTENUS ET RESSOURCES DOCUMENT.	2019	0.0	0.0	0.0	0.0	0.12	0.096	kg eCO2/euro	macro	purchases	DOC: LOGIC. STANDARDS FOR ACCESS TO DOCUMENT CONTENT AND RESOURCES	0.12			0.05					WA15
	Vie du laboratoire (Alimentation, aménagement, loisirs, bâtiment)	CH04	euro	DOC : LOGIC. SPECIFIQUES D'ACCES AUX CONTENUS ET RESSOURCES DOCUMENT.	2019	0.0	0.0	0.0	0.0	0.12	0.096	kg eCO2/euro	macro	purchases	DOC : LOGIC. SPECIFIC SOFTWARE FOR ACCESSING DOCUMENT CONTENT AND RESOURCES.	0.12			0.05					WA15
	Vie du laboratoire (Alimentation, aménagement, loisirs, bâtiment)	CH05	euro	DOC : LOGIC. STANDARDS DE TRAITEMENT ET DE CATALOGAGE PARTAGE DE DOC.	2019	0.0	0.0	0.0	0.0	0.12	0.096	kg eCO2/euro	macro	purchases	DOC: LOGIC. STANDARDS FOR PROCESSING AND CATALOGUING SHARED DOC.	0.12			0.05					WA15
	Vie du laboratoire (Alimentation, aménagement, loisirs, bâtiment)	CH06	euro	DOC : LOGIC. SPECIFIQUES DE TRAITEMENT ET DE CATALOGAGE PARTAGE DE DOC.	2019	0.0	0.0	0.0	0.0	0.12	0.096	kg eCO2/euro	macro	purchases	DOC: LOGIC. DOC : SPECIFIC SOFTWARE FOR PROCESSING AND CATALOGUING DOCUMENT SHARING	0.12			0.05					WA15
	Vie du laboratoire (Alimentation, aménagement, loisirs, bâtiment)	CH07	euro	DOC : AUTRES LOGICIELS STANDARDS DE GESTION DOCUMENTAIRE	2019	0.0	0.0	0.0	0.0	0.12	0.096	kg eCO2/euro	macro	purchases	DOC: OTHER STANDARD DOCUMENT MANAGEMENT SOFTWARE	0.12			0.05					WA15
	Vie du laboratoire (Alimentation, aménagement, loisirs, bâtiment)	CH08	euro	DOCUMENTATION : AUTRES LOGICIELS SPECIFIQUES DE GESTION DOCUMENTAIRE	2019	0.0	0.0	0.0	0.0	0.12	0.096	kg eCO2/euro	macro	purchases	DOCUMENTATION: OTHER SPECIFIC DOCUMENT MANAGEMENT SOFTWARE	0.12			0.05					WA15
	Vie du laboratoire (Alimentation, aménagement, loisirs, bâtiment)	CH11	euro	DOCUMENTATION : LOGICIELS STANDARDS DE GESTION D'ARCHIVAGE	2019	0.0	0.0	0.0	0.0	0.12	0.096	kg eCO2/euro	macro	purchases	DOCUMENTATION: STANDARD RECORDS MANAGEMENT SOFTWARE	0.12			0.05					WA15
	Vie du laboratoire (Alimentation, aménagement, loisirs, bâtiment)	CH12	euro	DOCUMENTATION : LOGICIELS SPECIFIQUES DE GESTION D'ARCHIVAGE	2019	0.0	0.0	0.0	0.0	0.12	0.096	kg eCO2/euro	macro	purchases	DOCUMENTATION: SPECIFIC RECORDS MANAGEMENT SOFTWARE	0.12			0.05					WA15
	Vie du laboratoire (Alimentation, aménagement, loisirs, bâtiment)	CH21	euro	DOC : MAINTECE LOGICIELS STANDARDS DE GESTION DE BIBLIOTHEQUES	2019	0.0	0.0	0.0	0.0	0.17	0.136	kg eCO2/euro	macro	purchases	DOC: MAINTENANCE OF STANDARD LIBRARY MANAGEMENT SOFTWARE	0.17			0.02					CH32
	Vie du laboratoire (Alimentation, aménagement, loisirs, bâtiment)	CH22	euro	DOC. : MAINTECE LOGICIELS SPECIFIQUES DE GESTION DE BIBLIOTHEQUES	2019	0.0	0.0	0.0	0.0	0.17	0.136	kg eCO2/euro	macro	purchases	DOC. DOCUMENTATION: MAINTECE SPECIFIC LIBRARY MANAGEMENT SOFTWARE	0.17			0.02					CH32
	Vie du laboratoire (Alimentation, aménagement, loisirs, bâtiment)	CH23	euro	DOC. : MAINTECE LOGIC. STANDARDS D'ACCES AUX CONTENUS ET RESSOURCES DOC.	2019	0.0	0.0	0.0	0.0	0.17	0.136	kg eCO2/euro	macro	purchases	DOC. : MAINTECE LOGIC. STANDARDS FOR ACCESS TO CONTENT AND RESOURCES DOC.	0.17			0.02					CH32
	Vie du laboratoire (Alimentation, aménagement, loisirs, bâtiment)	CH24	euro	DOC. : MAINTECE LOGIC. SPECIFIQUES D'ACCES AUX CONTENUS ET RESSOURCES DOC.	2019	0.0	0.0	0.0	0.0	0.17	0.136	kg eCO2/euro	macro	purchases	DOC. : MAINTECE LOGIC. SPECIFIC ACCESS TO CONTENT AND RESOURCES DOC.	0.17			0.02					CH32
	Vie du laboratoire (Alimentation, aménagement, loisirs, bâtiment)	CH25	euro	DOC. : MAINTECE LOGIC. STANDARDS DE TRAIT. ET DE CATALOGAGE PARTAGE DE DOC	2019	0.0	0.0	0.0	0.0	0.17	0.136	kg eCO2/euro	macro	purchases	DOC. : MAINTECE LOGIC. STANDARDS FOR PROCESSING AND CATALOGUING AND CATALOGUING STANDARDS DOC.	0.17			0.02					CH32
	Vie du laboratoire (Alimentation, aménagement, loisirs, bâtiment)	CH26	euro	DOC. : MAINTECE LOGIC. SPECIFIQ. DE TRAIT. ET DE CATALOGAGE PARTAGE DE DOC	2019	0.0	0.0	0.0	0.0	0.17	0.136	kg eCO2/euro	macro	purchases	DOC. SHARING: MAINTECE LOGIC. SPECIFIQ. PROCESSING AND CATALOGUING SOFTWARE DOC SHARING	0.17			0.02					CH32
	Vie du laboratoire (Alimentation, aménagement, loisirs, bâtiment)	CH27	euro	DOC. : MAINTECE D'AUTRES LOGICIELS STANDARDS DE GESTION DOCUMENTAIRE	2019	0.0	0.0	0.0	0.0	0.17	0.136	kg eCO2/euro	macro	purchases	DOC. MAINTENANCE OF OTHER STANDARD DOCUMENT MANAGEMENT SOFTWARE	0.17			0.02					CH32
	Vie du laboratoire (Alimentation, aménagement, loisirs, bâtiment)	CH28	euro	DOC. : MAINTECE D'AUTRES LOGICIELS SPECIFIQUES DE GESTION DOCUMENTAIRE	2019	0.0	0.0	0.0	0.0	0.17	0.136	kg eCO2/euro	macro	purchases	DOC. DOCUMENTATION: MAINTENANCE OF OTHER SPECIFIC DOCUMENT MANAGEMENT SOFTWARE	0.17			0.02					CH32
	Vie du laboratoire (Alimentation, aménagement, loisirs, bâtiment)	CH31	euro	DOCUMENTATION : MAINTECE DES LOGICIELS STANDARDS DE GESTION D'ARCHIVES	2019	0.0	0.0	0.0	0.0	0.17	0.136	kg eCO2/euro	macro	purchases	DOCUMENTATION: MAINTENANCE OF STANDARD RECORDS MANAGEMENT SOFTWARE	0.17			0.02					CH32
	Vie du laboratoire (Alimentation, aménagement, loisirs, bâtiment)	CH32	euro	DOCUMENTATION : MAINTECE DES LOGICIELS SPECIFIQUES DE GESTION D'ARCHIVES	2019	0.0	0.0	0.0	0.0	0.17	0.136	kg eCO2/euro	macro	purchases	DOCUMENTATION: MAINTENANCE OF SPECIFIC RECORDS MANAGEMENT SOFTWARE	0.17			0.02					CH32
	Vie du laboratoire (Alimentation, aménagement, loisirs, bâtiment)	CI01	euro	DOCUMENTATION : SERVICES DE NUMERISATION D'OUVRAGES ET DE DOCUMENTS	2019	0.0	0.0	0.0	0.0	0.14	0.112	kg eCO2/euro	macro	purchases	DOCUMENTATION: DIGITISATION SERVICES FOR BOOKS AND DOCUMENTS	0.14			0.06					CI04
	Vie du laboratoire (Alimentation, aménagement, loisirs, bâtiment)	CI02	euro	DOCUMENTATION : SERVICES DE NUMERISATION DE FONDS SONORES ET SOURCES AUDIO	2019	0.0	0.0	0.0	0.0	0.14	0.112	kg eCO2/euro	macro	purchases	DOCUMENTATION: DIGITISATION SERVICES FOR AUDIO COLLECTIONS AND SOURCES	0.14			0.06					CI04
	Vie du laboratoire (Alimentation, aménagement, loisirs, bâtiment)	CI03	euro	DOCUMENTATION : SERVICES DE NUMERISATION DE FONDS AUDIOVISUELS	2019	0.0	0.0	0.0	0.0	0.14	0.112	kg eCO2/euro	macro	purchases	DOCUMENTATION: DIGITISATION SERVICES FOR AUDIOVISUAL COLLECTIONS	0.14			0.06					CI04
	Vie du laboratoire (Alimentation, aménagement, loisirs, bâtiment)	CI04	euro	DOCUMENTATION : AUTRES SERVICES DE GESTION DOCUMENTAIRE	2019	0.0	0.0	0.0	0.0	0.14	0.112	kg eCO2/euro	macro	purchases	DOCUMENTATION: OTHER DOCUMENT MANAGEMENT SERVICES	0.14			0.06					CI04
	Vie du laboratoire (Alimentation, aménagement, loisirs, bâtiment)	CI11	euro	DOCUMENTATION : SERVICES D'ARCHIVAGE	2019	0.0	0.0	0.0	0.0	0.14	0.112	kg eCO2/euro	macro	purchases	DOCUMENTATION: ARCHIVING SERVICES	0.14			0.07					CI04
	Vie du laboratoire (Alimentation, aménagement, loisirs, bâtiment)	CI12	euro	DOCUMENTATION : SERVICES DE CONSEIL ET D'ASSISTANCE EN ARCHIVAGE TRADITIONNEL	2019	0.0	0.0	0.0	0.0	0.11	0.08800000000000001	kg eCO2/euro	macro	purchases	DOCUMENTATION: TRADITIONAL ARCHIVING CONSULTANCY AND SUPPORT SERVICES	0.11			0.03					ID17
	Vie du laboratoire (Alimentation, aménagement, loisirs, bâtiment)	CI13	euro	DOCUMENTATION : SERVICES DE CONSEIL ET D'ASSISTANCE EN ARCHIVAGE ELECTRONIQUE	2019	0.0	0.0	0.0	0.0	0.11	0.08800000000000001	kg eCO2/euro	macro	purchases	DOCUMENTATION: ELECTRONIC ARCHIVING CONSULTANCY AND SUPPORT SERVICES	0.11			0.03					ID17
	Vie du laboratoire (Alimentation, aménagement, loisirs, bâtiment)	CI14	euro	DOCUMENTATION : AUTRES SERVICES D'ARCHIVAGE	2019	0.0	0.0	0.0	0.0	0.14	0.112	kg eCO2/euro	macro	purchases	DOCUMENTATION: OTHER ARCHIVING SERVICES	0.14			0.07					CI04
	Transport / Hébergement	DA01	euro	SERVICES DE TAXI OU DE VTC	2019	0.0	0.0	0.0	0.0	0.5	0.4	kg eCO2/euro	macro	travels	TAXI OR VTC SERVICES	0.5			0.06					DA15
	Transport / Hébergement	DA02	euro	LOCATION DE VEHICULES ROUTIERS SANS CHAUFFEUR (COURTE DUREE)	2019	0.0	0.0	0.0	0.0	0.28	0.224	kg eCO2/euro	macro	purchases	HIRE OF ROAD VEHICLES WITHOUT DRIVERS (SHORT TERM)	0.28			0.25					DA02
	Transport / Hébergement	DA11	euro	SERVICES DE TRANSPORT FERROVIAIRE DE PERSONNES	2019	0.0	0.0	0.0	0.0	0.73	0.584	kg eCO2/euro	macro	travels	PASSENGER TRANSPORT SERVICES BY RAIL	0.73			0.15					FC04
	Transport / Hébergement	DA12	euro	SERVICES DE TRANSPORT AERIEN DE PERSONNES	2019	0.0	0.0	0.0	0.0	1.2	0.96	kg eCO2/euro	macro	travels	PASSENGER AIR TRANSPORT SERVICES	1.2			0.1					FC02
	Transport / Hébergement	DA13	euro	SERVICES DE TRANSPORT MARITIME, FLUVIAL ET COTIER DE PERSONNES	2019	0.0	0.0	0.0	0.0	0.9	0.7200000000000001	kg eCO2/euro	macro	travels	MARITIME, INLAND WATERWAY AND COASTAL PASSENGER TRANSPORT SERVICES	0.9			0.33					FC03
	Transport / Hébergement	DA14	euro	SERVICES DE TRANSPORT COLLECTIF ROUTIER ET URBAIN DE PERSONNES	2019	0.0	0.0	0.0	0.0	0.5	0.4	kg eCO2/euro	macro	travels	PUBLIC ROAD AND URBAN PASSENGER TRANSPORT SERVICES	0.5			0.06					DA15
	Transport / Hébergement	DA15	euro	SERV.TRANSP. SPECIALISES DE PERSONNES EN SITUATION HANDICAP	2019	0.0	0.0	0.0	0.0	0.5	0.4	kg eCO2/euro	macro	travels	SPECIALISED TRANSP. SPECIALISED TRANSPORT OF DISABLED PERSONS	0.5			0.06					DA15
	Transport / Hébergement	DA16	euro	BILLETS DE TELEPHERIQUES, REMONTEES MECANIQUES OU FUNICULAIRES	2019	0.0	0.0	0.0	0.0	0.4	0.3200000000000001	kg eCO2/euro	macro	purchases	TELEPHONE, SKI LIFT OR FUNICULAR TICKETS	0.4			0.14					DA16
	Transport / Hébergement	DA17	euro	PEAGES AUTOROUTE ET DROITS DE STATIONNEMENT	2019	0.0	0.0	0.0	0.0	0.13	0.104	kg eCO2/euro	macro	purchases	MOTORWAY TOLLS AND PARKING FEES	0.13			0.05					DA17
	Transport / Hébergement	DA18	euro	PRESTATIONS DE TRANSPORTS SANITAIRES	2019	0.0	0.0	0.0	0.0	0.29	0.232	kg eCO2/euro	macro	purchases	MEDICAL TRANSPORT SERVICES	0.29			0.23					DA18
	Transport / Hébergement	DA19	euro	PRESTATIONS DE TRANSPORTS FUNERAIRES	2019	0.0	0.0	0.0	0.0	0.31	0.248	kg eCO2/euro	macro	purchases	FUNERAL TRANSPORT SERVICES	0.31			0.26					DA19
	Transport / Hébergement	DB11	euro	HEBERGEMENT EN H_x001A_TEL (HORS EVENEMENTIEL)	2019	0.0	0.0	0.0	0.0	0.29	0.232	kg eCO2/euro	macro	purchases	HOTEL ACCOMMODATION (EXCLUDING EVENTS)	0.29			0.05					DB11
	Transport / Hébergement	DB12	euro	HEBERGEMENT EN PENSION, DEMI-PENSION, REFUGE, CAMPING... (HORS EVENEMENTIEL)	2019	0.0	0.0	0.0	0.0	0.34	0.272	kg eCO2/euro	macro	purchases	ACCOMMODATION IN BOARD, HALF-BOARD, REFUGE, CAMPING... (EXCLUDING EVENTS)	0.34			0.13					DB12
	Transport / Hébergement	DC01	euro	SERVICES DE RESERVATIONS PAR AGENCES DE VOYAGE OU CENTRALES DE RESERVATION	2019	0.0	0.0	0.0	0.0	0.16	0.128	kg eCO2/euro	macro	travels	RESERVATION SERVICES THROUGH TRAVEL AGENCIES OR RESERVATION CENTRES	0.16			0.05					DC01
	Transport / Hébergement	DC11	euro	SERVICES DE GESTION DES VISAS ET DES FORMALITES ADMINISTRATIVES_x001A__x001A__x001A__x001A__x001A__x001A__x001A__x001A__x001A__x001A__x001A__x001A__x001A__x001A__x001A__x001A__x001A__x001A__x001A__x001A__x001A__x001A__x001A__x001A__x001A__x001A__x001A__x001A__x001A__x001A__x001A__x001A__x001A__x001A__x001A__x001A__x001A__x001A__x001A__x001A__x001A__x001A__x001A__x001A__x001A__x001A__x001A__x001A__x001A__x001A__x001A__x001A__x001A__x001A__x001A__x001A__x001A__x001A__x001A__x001A__x001A__x001A__x001A__x001A_ _x001A__x001A__x001A__x001A__x001A__x001A__x001A__x001A__x001A__x001A__x001A__x001A__x001A__x001A__x001A__x001A__x001A__x001A__x001A__x001A__x001A__x001A__x001A__x001A__x001A__x001A__x001A__x001A__x001A__x001A_	2019	0.0	0.0	0.0	0.0	0.12	0.096	kg eCO2/euro	macro	purchases	VISA AND ADMINISTRATIVE FORMALITIES MANAGEMENT SERVICES	0.12			0.03					DC11
	Transport / Hébergement	DC12	euro	VOYAGES D ETUDES	2019	0.0	0.0	0.0	0.0	0.16	0.128	kg eCO2/euro	macro	travels	STUDY TRIPS	0.16			0.05					DC12
	Services	EA01	euro	ASSURANCES DU PARC VEHICULES ROUTIER	2019	0.0	0.0	0.0	0.0	0.07	0.05600000000000001	kg eCO2/euro	macro	purchases	ROAD VEHICLE FLEET INSURANCE	0.07			0.04					EA31
	Services	EA02	euro	ASSURANCES DE LA FLOTTE AERIENNE	2019	0.0	0.0	0.0	0.0	0.07	0.05600000000000001	kg eCO2/euro	macro	purchases	AIR FLEET INSURANCE	0.07			0.04					EA31
	Services	EA03	euro	ASSURANCES DES VEHICULES MARITIMES, FLUVIAUX ET LACUSTRES	2019	0.0	0.0	0.0	0.0	0.07	0.05600000000000001	kg eCO2/euro	macro	purchases	MARINE, INLAND WATERWAY AND LAKE VEHICLE INSURANCE	0.07			0.04					EA31
	Services	EA11	euro	ASSURANCES DE BIENS IMMOBILIERS	2019	0.0	0.0	0.0	0.0	0.07	0.05600000000000001	kg eCO2/euro	macro	purchases	REAL ESTATE INSURANCE	0.07			0.04					EA31
	Services	EA12	euro	ASSURANCES D'EQUIPEMENTS SCIENTIFIQUES	2019	0.0	0.0	0.0	0.0	0.07	0.05600000000000001	kg eCO2/euro	macro	purchases	SCIENTIFIC EQUIPMENT INSURANCE	0.07			0.04					EA31
	Services	EA13	euro	ASSURANCES DES MARCHANDISES TRANSPORTEES	2019	0.0	0.0	0.0	0.0	0.07	0.05600000000000001	kg eCO2/euro	macro	purchases	INSURANCE OF TRANSPORTED GOODS	0.07			0.04					EA31
	Services	EA14	euro	ASSURANCES DES ANIMAUX	2019	0.0	0.0	0.0	0.0	0.07	0.05600000000000001	kg eCO2/euro	macro	purchases	ANIMAL INSURANCE	0.07			0.04					EA31
	Services	EA21	euro	ASSURANCE RESPONSABILITE CIVILE	2019	0.0	0.0	0.0	0.0	0.07	0.05600000000000001	kg eCO2/euro	macro	purchases	INSURANCE	0.07			0.04					EA31
	Services	EA22	euro	ASSURANCES RAPATRIEMENT DES AGENTS EN MISSION	2019	0.0	0.0	0.0	0.0	0.07	0.05600000000000001	kg eCO2/euro	macro	purchases	REPATRIATION INSURANCE FOR STAFF ON MISSION	0.07			0.04					EA31
	Services	EA23	euro	ASSURANCES COUVERTURE SANTE / MUTUELLE	2019	0.0	0.0	0.0	0.0	0.07	0.05600000000000001	kg eCO2/euro	macro	purchases	HEALTH INSURANCE / MUTUAL INSURANCE	0.07			0.04					EA31
	Services	EA24	euro	AUTRES ASSURANCES	2019	0.0	0.0	0.0	0.0	0.07	0.05600000000000001	kg eCO2/euro	macro	purchases	OTHER INSURANCE	0.07			0.04					EA31
	Services	EA31	euro	SERVICES DE CONSEIL ET AUDIT EN ASSURANCE	2019	0.0	0.0	0.0	0.0	0.07	0.05600000000000001	kg eCO2/euro	macro	purchases	INSURANCE CONSULTANCY AND AUDITING SERVICES	0.07			0.04					EA31
	Services	EB01	euro	ETUDES DE MARCHES DANS LE DOMAINE DE LA VALORISATION DE LA RECHERCHE	2019	0.0	0.0	0.0	0.0	0.09	0.072	kg eCO2/euro	macro	purchases	MARKET STUDIES IN THE FIELD OF RESEARCH DEVELOPMENT	0.09			0.02					EB04
	Services	EB02	euro	ASSISTANCE A MAITRISE D'OUVRAGE (HORS BATIMENTS ET SI - TELECOM)	2019	0.0	0.0	0.0	0.0	0.11	0.08800000000000001	kg eCO2/euro	macro	purchases	PROJECT MANAGEMENT ASSISTANCE (EXCLUDING BUILDINGS AND TELECOMMUNICATIONS)	0.11			0.05					EB02
	Services	EB03	euro	CONSEIL EN SECURITE (HORS CHANTIER) ET PROTECTION DES BIENS ET DES PERSONNES	2019	0.0	0.0	0.0	0.0	0.09	0.072	kg eCO2/euro	macro	purchases	SAFETY CONSULTANCY (EXCLUDING CONSTRUCTION SITES) AND PROTECTION OF GOODS AND PEOPLE	0.09			0.02					EB04
	Services	EB04	euro	AUTRES MISSIONS D'ETUDES ET DE CONSEIL (HORS B_x001A_TIMENT ET INFORMATIQUE)	2019	0.0	0.0	0.0	0.0	0.09	0.072	kg eCO2/euro	macro	purchases	OTHER STUDIES AND CONSULTANCY SERVICES (EXCLUDING BUILDING AND IT)	0.09			0.02					EB04
	Services	EB11	euro	AUDIT ORGANISATIONNEL	2019	0.0	0.0	0.0	0.0	0.09	0.072	kg eCO2/euro	macro	purchases	ORGANISATIONAL AUDIT	0.09			0.02					EB04
	Services	EB12	euro	AUDIT FICIER	2019	0.0	0.0	0.0	0.0	0.09	0.072	kg eCO2/euro	macro	purchases	FICER AUDIT	0.09			0.02					EB04
	Services	EB13	euro	CERTIFICATION LEGALE DES COMPTES	2019	0.0	0.0	0.0	0.0	0.09	0.072	kg eCO2/euro	macro	purchases	LEGAL CERTIFICATION OF ACCOUNTS	0.09			0.02					EB04
	Services	EB14	euro	AUDIT ENERGERTIQUE (ENVIRONNEMENTAL, BILAN CARBONE,_x001A_)	2019	0.0	0.0	0.0	0.0	0.09	0.072	kg eCO2/euro	macro	purchases	ENERGY AUDIT (ENVIRONMENTAL, CARBON FOOTPRINT,...)	0.09			0.02					EB04
	Services	EB15	euro	AUDIT HYGIENE ET SECURITE	2019	0.0	0.0	0.0	0.0	0.09	0.072	kg eCO2/euro	macro	purchases	HYGIENE AND SAFETY AUDIT	0.09			0.02					EB04
	Services	EB16	euro	AUTRES SERVICES D'AUDIT ET D'ACCREDITATION	2019	0.0	0.0	0.0	0.0	0.09	0.072	kg eCO2/euro	macro	purchases	OTHER AUDIT AND ACCREDITATION SERVICES	0.09			0.02					EB04
	Services	EB21	euro	ENQUETES	2019	0.0	0.0	0.0	0.0	0.15	0.12	kg eCO2/euro	macro	purchases	SURVEYS	0.15			0.06					EB23
	Services	EB22	euro	SONDAGES	2019	0.0	0.0	0.0	0.0	0.15	0.12	kg eCO2/euro	macro	purchases	SURVEYS	0.15			0.06					EB23
	Services	EB23	euro	PRESTATION DE SERVICE DE VOTES (URNE OU ELECTRONIQUE)	2019	0.0	0.0	0.0	0.0	0.15	0.12	kg eCO2/euro	macro	purchases	VOTING SERVICES (BALLOT BOX OR ELECTRONIC)	0.15			0.06					EB23
	Services	EB31	euro	SERVICES BANCAIRES	2019	0.0	0.0	0.0	0.0	0.08	0.064	kg eCO2/euro	macro	purchases	BANKING SERVICES	0.08			0.03					XD53
	Services	EB32	euro	INTERMEDIATION FICIERE ET ACTIVITES DE CONSEIL	2019	0.0	0.0	0.0	0.0	0.08	0.064	kg eCO2/euro	macro	purchases	FINANCIAL INTERMEDIATION AND ADVISORY SERVICES	0.08			0.03					XD53
	Services	EB33	euro	AUTRES SERVICES FICIERS ET COMPTABLES	2019	0.0	0.0	0.0	0.0	0.08	0.064	kg eCO2/euro	macro	purchases	OTHER FINANCIAL AND ACCOUNTING SERVICES	0.08			0.03					XD53
	Services	EB41	euro	SERVICES D'ADMINISTRATION D'IMMEUBLES ET FRAIS D'AGENCES IMMOBILIERES	2019	0.0	0.0	0.0	0.0	0.26	0.208	kg eCO2/euro	macro	purchases	REAL ESTATE MANAGEMENT SERVICES AND REAL ESTATE AGENCY FEES	0.26			0.18					EB41
	Services	EB51	euro	SERVICES DE TRADUCTION	2019	0.0	0.0	0.0	0.0	0.11	0.08800000000000001	kg eCO2/euro	macro	purchases	TRANSLATION SERVICES	0.11			0.05					EB56
	Services	EB52	euro	SERVICES D'INTERPRETARIAT	2019	0.0	0.0	0.0	0.0	0.11	0.08800000000000001	kg eCO2/euro	macro	purchases	INTERPRETING SERVICES	0.11			0.05					EB56
	Services	EB53	euro	SERVICES DE TRANSCRIPTION	2019	0.0	0.0	0.0	0.0	0.11	0.08800000000000001	kg eCO2/euro	macro	purchases	TRANSCRIPTION SERVICES	0.11			0.05					EB56
	Services	EB54	euro	SERVICES DE SONORISATION	2019	0.0	0.0	0.0	0.0	0.11	0.08800000000000001	kg eCO2/euro	macro	purchases	PUBLIC ADDRESS SERVICES	0.11			0.05					EB56
	Services	EB55	euro	SERVICES DE SOUS-TITRAGE	2019	0.0	0.0	0.0	0.0	0.11	0.08800000000000001	kg eCO2/euro	macro	purchases	SUBTITLING SERVICES	0.11			0.05					EB56
	Services	EB56	euro	SERVICES DE REVISION DE TEXTES	2019	0.0	0.0	0.0	0.0	0.11	0.08800000000000001	kg eCO2/euro	macro	purchases	TEXT REVISION SERVICES	0.11			0.05					EB56
	Services	EB61	euro	SERVICES DE CONSEILS JURIDIQUES	2019	0.0	0.0	0.0	0.0	0.08	0.064	kg eCO2/euro	macro	purchases	LEGAL ADVICE SERVICES	0.08			0.03					XD44
	Services	EB62	euro	SERVICES D'ETABLISSEMENT D'ACTES AUTHENTIQUES ET DES AUXILIAIRES DE JUSTICE	2019	0.0	0.0	0.0	0.0	0.09	0.072	kg eCO2/euro	macro	purchases	AUTHENTICATION AND COURT OFFICER SERVICES	0.09			0.05					EB63
	Services	EB63	euro	SERVICES DE REPRESENTATION JURIDIQUE	2019	0.0	0.0	0.0	0.0	0.09	0.072	kg eCO2/euro	macro	purchases	LEGAL REPRESENTATION SERVICES	0.09			0.05					EB63
	Services	EC01	euro	FORMATIONS D'ACCOMPAGNEMENT TECHNIQUES ET METIERS SCIENTIFIQUES	2019	0.0	0.0	0.0	0.0	0.14	0.112	kg eCO2/euro	macro	purchases	TECHNICAL AND SCIENTIFIC TRAINING COURSES	0.14			0.02					EC08
	Services	EC02	euro	FORMATIONS D'ACCOMPAGNEMENT EN LANGUES	2019	0.0	0.0	0.0	0.0	0.14	0.112	kg eCO2/euro	macro	purchases	LANGUAGE TRAINING AND COACHING	0.14			0.02					EC08
	Services	EC03	euro	FORMATIONS D'ACCOMPAGNEMENT EN BUREAUTIQUE	2019	0.0	0.0	0.0	0.0	0.14	0.112	kg eCO2/euro	macro	purchases	ACCOMPANYING COURSES IN OFFICE AUTOMATION	0.14			0.02					EC08
	Services	EC04	euro	FORMATIONS D'ACCOMPAGNEMENT EN PREVENTION ET SECURITE	2019	0.0	0.0	0.0	0.0	0.14	0.112	kg eCO2/euro	macro	purchases	TRAINING COURSES IN PREVENTION AND SAFETY	0.14			0.02					EC08
	Services	EC05	euro	FORMATIONS D'ACCOMPAGNEMENT EN METHODES DE TRAVAIL (MANAGEMENT, SAVOIR ETRE,_x001A_)	2019	0.0	0.0	0.0	0.0	0.14	0.112	kg eCO2/euro	macro	purchases	COACHING IN WORKING METHODS (MANAGEMENT, INTERPERSONAL SKILLS, ETC.)	0.14			0.02					EC08
	Services	EC06	euro	FORMATIONS D'ACCOMPAGNEMENT DES FONCTIONS SUPPORT ET SOUTIEN	2019	0.0	0.0	0.0	0.0	0.14	0.112	kg eCO2/euro	macro	purchases	SUPPORT TRAINING FOR SUPPORT FUNCTIONS AND SUPPORT	0.14			0.02					EC08
	Services	EC07	euro	AUTRES FORMATIONS D'ACCOMPAGNEMENT	2019	0.0	0.0	0.0	0.0	0.14	0.112	kg eCO2/euro	macro	purchases	OTHER COACHING COURSES	0.14			0.02					EC08
	Services	EC08	euro	TESTS PROFESSIONNELS	2019	0.0	0.0	0.0	0.0	0.14	0.112	kg eCO2/euro	macro	purchases	PROFESSIONAL TESTS	0.14			0.02					EC08
	Services	EC11	euro	FORMATIONS D'APPRENTISSAGE DE LA CONDUITE (AUTOMOBILE, BATEAU, AVION,_x001A_)	2019	0.0	0.0	0.0	0.0	0.14	0.112	kg eCO2/euro	macro	purchases	TRAINING COURSES IN DRIVING SKILLS (CAR, BOAT, PLANE, ETC.)	0.14			0.03					EE21
	Services	EC12	euro	PREPARATIONS AUX CONCOURS	2019	0.0	0.0	0.0	0.0	0.14	0.112	kg eCO2/euro	macro	purchases	PREPARATION FOR COMPETITIVE EXAMINATIONS	0.14			0.03					EE21
	Services	EC13	euro	PREPARATIONS AUX EXAMENS PROFESSIONNELS	2019	0.0	0.0	0.0	0.0	0.14	0.112	kg eCO2/euro	macro	purchases	PREPARATION FOR PROFESSIONAL EXAMS	0.14			0.03					EE21
	Services	EC14	euro	FORMATIONS D'INSERTION PROFESSIONNELLE	2019	0.0	0.0	0.0	0.0	0.14	0.112	kg eCO2/euro	macro	purchases	TRAINING FOR PROFESSIONAL INTEGRATION	0.14			0.03					EE21
	Services	EC15	euro	AUTRES FORMATIONS PREPARATOIRES	2019	0.0	0.0	0.0	0.0	0.14	0.112	kg eCO2/euro	macro	purchases	OTHER PREPARATORY COURSES	0.14			0.03					EE21
	Services	EC21	euro	BILANS DE COMPETENCES, VAE, QUALIFICATION, INSERTION PROFESSIONNELLE	2019	0.0	0.0	0.0	0.0	0.07	0.05600000000000001	kg eCO2/euro	macro	purchases	SKILLS ASSESSMENT, VOCATIONAL TRAINING, QUALIFICATION, PROFESSIONAL INTEGRATION	0.07			0.04					EC23
	Services	EC22	euro	AUDITS D'UNITES OU DE SERVICES	2019	0.0	0.0	0.0	0.0	0.07	0.05600000000000001	kg eCO2/euro	macro	purchases	AUDITS OF UNITS OR SERVICES	0.07			0.04					EC23
	Services	EC23	euro	ASSISTANCE, CONSEIL ET SERVICES EN RECRUTEMENT	2019	0.0	0.0	0.0	0.0	0.07	0.05600000000000001	kg eCO2/euro	macro	purchases	ASSISTANCE, ADVICE AND SERVICES IN RECRUITMENT	0.07			0.04					EC23
	Services	EC24	euro	PSYCHOLOGUES, GRAPHOLOGUES	2019	0.0	0.0	0.0	0.0	0.07	0.05600000000000001	kg eCO2/euro	macro	purchases	PSYCHOLOGISTS, GRAPHOLOGISTS	0.07			0.04					EC23
	Services	EC25	euro	ORGANISATION DE CONCOURS	2019	0.0	0.0	0.0	0.0	0.09	0.072	kg eCO2/euro	macro	purchases	ORGANISATION OF COMPETITIONS	0.09			0.07					EC23
	Services	EC26	euro	SERVICES D'AGENCES INTERIM	2019	0.0	0.0	0.0	0.0	0.09	0.072	kg eCO2/euro	macro	purchases	INTERIM AGENCY SERVICES	0.09			0.07					EC23
	Services	EC27	euro	AUTRES SERVICES DE GESTION DES RESSOURCES HUMAINES	2019	0.0	0.0	0.0	0.0	0.09	0.072	kg eCO2/euro	macro	purchases	OTHER HUMAN RESOURCES MANAGEMENT SERVICES	0.09			0.07					EC23
	Services	EC31	euro	SERVICES SOCIAUX DE CONSEIL EN ECONOMIE SOCIALE ET FAMILIALE	2019	0.0	0.0	0.0	0.0	0.23	0.184	kg eCO2/euro	macro	purchases	SOCIAL SERVICES OF SOCIAL AND FAMILY ECONOMY COUNSELLING	0.23			0.12					EC36
	Services	EC32	euro	SERVICES SOCIAUX D'HEBERGEMENT	2019	0.0	0.0	0.0	0.0	0.3	0.24	kg eCO2/euro	macro	purchases	SOCIAL HOUSING SERVICES	0.3			0.06					EC32
	Services	EC33	euro	SERVICES SOCIAUX DE REINSERTION	2019	0.0	0.0	0.0	0.0	0.23	0.184	kg eCO2/euro	macro	purchases	SOCIAL REHABILITATION SERVICES	0.23			0.12					EC36
	Services	EC34	euro	SERVICES SOCIAUX DE SOIN ET D'AIDE A DOMICILE	2019	0.0	0.0	0.0	0.0	0.23	0.184	kg eCO2/euro	macro	purchases	SOCIAL SERVICES FOR HOME CARE AND ASSISTANCE	0.23			0.12					EC36
	Services	EC35	euro	SERVICES SOCIAUX : ASSISTANTES SOCIALES INTER-ENTREPRISES	2019	0.0	0.0	0.0	0.0	0.23	0.184	kg eCO2/euro	macro	purchases	SOCIAL SERVICES: INTER-COMPANY SOCIAL WORKERS	0.23			0.12					EC36
	Services	EC36	euro	AUTRES SERVICES SOCIAUX	2019	0.0	0.0	0.0	0.0	0.23	0.184	kg eCO2/euro	macro	purchases	OTHER SOCIAL SERVICES	0.23			0.12					EC36
	Services	EC41	euro	MEDECINE DE PREVENTION : PRESTATAIRES MEDICAUX	2019	0.0	0.0	0.0	0.0	0.13	0.104	kg eCO2/euro	macro	purchases	PREVENTIVE MEDICINE: MEDICAL PROVIDERS	0.13			0.04					EC42
	Services	EC42	euro	MEDECINE DE PREVENTION : FOURNITURES MEDICALES ET DE SOIN	2019	0.0	0.0	0.0	0.0	0.13	0.104	kg eCO2/euro	macro	purchases	PREVENTIVE MEDICINE : MEDICAL AND CARE SUPPLIES	0.13			0.04					EC42
	Services	ED01	euro	SERVICES DE DEPOT DE BREVET D'INVENTION ET DE LOGICIELS APP	2019	0.0	0.0	0.0	0.0	0.1	0.08000000000000002	kg eCO2/euro	macro	purchases	PATENT AND SOFTWARE REGISTRATION SERVICES APP	0.1			0.06					ED11
	Services	ED02	euro	SERVICES DE PROPRIETE INTELLECTUELLE : BREVET D'INVENTION, GESTION DES ANNUITES	2019	0.0	0.0	0.0	0.0	0.1	0.08000000000000002	kg eCO2/euro	macro	purchases	INTELLECTUAL PROPERTY SERVICES: PATENT, ANNUITY MANAGEMENT	0.1			0.06					ED11
	Services	ED11	euro	AUTRES SERVICES DE PROPRIETE INTELLECTUELLE (HORS BREVETS D'INVENTION)	2019	0.0	0.0	0.0	0.0	0.1	0.08000000000000002	kg eCO2/euro	macro	purchases	OTHER INTELLECTUAL PROPERTY SERVICES (EXCLUDING PATENTS)	0.1			0.06					ED11
	Services	EE01	euro	SERVICES DE FORMATION EN PRESENTIEL	2019	0.0	0.0	0.0	0.0	0.14	0.112	kg eCO2/euro	macro	purchases	FACE-TO-FACE TRAINING SERVICES	0.14			0.03					EE21
	Services	EE02	euro	SERVICES DE FORMATION EN LIGNE	2019	0.0	0.0	0.0	0.0	0.14	0.112	kg eCO2/euro	macro	purchases	E-LEARNING SERVICES	0.14			0.03					EE21
	Services	EE11	euro	CERTIFICATION DIPLOMATION EN PRESENTIEL	2019	0.0	0.0	0.0	0.0	0.14	0.112	kg eCO2/euro	macro	purchases	CERTIFICATION OF DIPLOMAS IN THE CLASSROOM	0.14			0.03					EE21
	Services	EE12	euro	CERTIFICATION DIPLOMATION EN LIGNE	2019	0.0	0.0	0.0	0.0	0.14	0.112	kg eCO2/euro	macro	purchases	CERTIFICATION OF ONLINE DIPLOMAS	0.14			0.03					EE21
	Services	EE21	euro	ASSISTANCE A LA CONCEPTION DE COURS EN LIGNE	2019	0.0	0.0	0.0	0.0	0.14	0.112	kg eCO2/euro	macro	purchases	ASSISTANCE IN DESIGNING ONLINE COURSES	0.14			0.03					EE21
	Transport / Hébergement	FA01	euro	FOURNITURES D'EMBALLAGE ET DE TRANSPORT DE MARCHANDISES ORDINAIRES	2019	0.0	0.0	0.0	0.0	0.71	0.568	kg eCO2/euro	macro	purchases	PACKING AND TRANSPORT SUPPLIES FOR ORDINARY GOODS	0.71			0.16					FA02
	Transport / Hébergement	FA02	euro	FOURNITURES D'EMBALLAGE POUR LE TRANSPORT DE MARCHANDISES SPECIFIQUES	2019	0.0	0.0	0.0	0.0	0.71	0.568	kg eCO2/euro	macro	purchases	PACKAGING SUPPLIES FOR THE TRANSPORT OF SPECIFIC GOODS	0.71			0.16					FA02
	Transport / Hébergement	FA03	euro	EQUIPEMENTS POUR LE DEPLACEMENT DE MARCHANDISES ET ACCESSOIRES	2019	0.0	0.0	0.0	0.0	0.49	0.392	kg eCO2/euro	macro	purchases	EQUIPMENT FOR THE MOVEMENT OF GOODS AND ACCESSORIES	0.49			0.25					FA03
	Transport / Hébergement	FA11	euro	EQUIPEMENTS DE PESEE DU COURRIER ET D'HORODATAGE	2019	0.0	0.0	0.0	0.0	0.32	0.256	kg eCO2/euro	macro	purchases	MAIL WEIGHING AND TIME STAMPING EQUIPMENT	0.32			0.09					FA11
	Transport / Hébergement	FB01	euro	COURRIER : COURRIERS ET AFFRANCHISSEMENT ORDINAIRE	2019	0.0	0.0	0.0	0.0	0.18	0.144	kg eCO2/euro	macro	purchases	MAIL: ORDINARY MAIL AND POSTAGE	0.18			0.05					FC06
	Transport / Hébergement	FB02	euro	COURRIER : SERVICES DE COURSIERS ET COURRIERS EXPRESS	2019	0.0	0.0	0.0	0.0	0.27	0.216	kg eCO2/euro	macro	purchases	MAIL: COURIER AND EXPRESS SERVICES	0.27			0.23					FB02
	Transport / Hébergement	FB11	euro	SERVICES DE DISTRIBUTION ET ROUTAGE	2019	0.0	0.0	0.0	0.0	0.18	0.144	kg eCO2/euro	macro	purchases	DISTRIBUTION AND ROUTING SERVICES	0.18			0.05					FC06
	Services	FB12	euro	SERVICES DE BOITES POSTALES, DE POSTE RESTANTE OU DE REEXPEDITION	2019	0.0	0.0	0.0	0.0	0.18	0.144	kg eCO2/euro	macro	purchases	POST OFFICE BOX, REMITTANCE OR RE-MAILING SERVICES	0.18			0.05					FC06
	Transport / Hébergement	FC01	euro	TRANSPORTS ROUTIERS ET URBAINS DE MARCHANDISES (EN AFFRETEMENT)	2019	0.0	0.0	0.0	0.0	0.87	0.6960000000000001	kg eCO2/euro	macro	purchases	ROAD AND URBAN FREIGHT TRANSPORT (ON CHARTER)	0.87			0.64					FC01
	Transport / Hébergement	FC02	euro	TRANSPORTS AERIENS DE MARCHANDISES	2019	0.0	0.0	0.0	0.0	1.2	0.96	kg eCO2/euro	macro	purchases	AIR FREIGHT TRANSPORT	1.2			0.1					FC02
	Transport / Hébergement	FC03	euro	TRANSPORTS MARITIMES ET FLUVIAUX EN CONTENEURS	2019	0.0	0.0	0.0	0.0	0.9	0.7200000000000001	kg eCO2/euro	macro	purchases	MARITIME AND INLAND WATERWAY CONTAINER TRANSPORT	0.9			0.33					FC03
	Transport / Hébergement	FC04	euro	TRANSPORTS FERROVIAIRES DE MARCHANDISES	2019	0.0	0.0	0.0	0.0	0.73	0.584	kg eCO2/euro	macro	purchases	RAIL FREIGHT TRANSPORT	0.73			0.15					FC04
	Transport / Hébergement	FC05	euro	SERVICES DES GARES, AEROPORTS, PORTS FLUVIAUX ET MARITIMES,_x001A_	2019	0.0	0.0	0.0	0.0	0.18	0.144	kg eCO2/euro	macro	purchases	SERVICES OF RAILWAY STATIONS, AIRPORTS, RIVER AND SEA PORTS,...	0.18			0.01					UA37
	Transport / Hébergement	FC06	euro	TRANSPORTS ADMINISTRATIFS DE DOCUMENT	2019	0.0	0.0	0.0	0.0	0.18	0.144	kg eCO2/euro	macro	purchases	ADMINISTRATIVE DOCUMENT TRANSPORT	0.18			0.05					FC06
	Transport / Hébergement	FC11	euro	TRANSPORTS SPECIALISES D'ANIMAUX DE LABORATOIRE	2019	0.0	0.0	0.0	0.0	0.69	0.5519999999999999	kg eCO2/euro	macro	purchases	SPECIALISED TRANSPORT OF LABORATORY ANIMALS	0.69			0.56					FC15
	Transport / Hébergement	FC12	euro	TRANSPORTS SPECIALISES DE PRODUITS BIOLOGIQUES UN3373	2019	0.0	0.0	0.0	0.0	0.69	0.5519999999999999	kg eCO2/euro	macro	purchases	SPECIALISED TRANSPORT OF BIOLOGICAL PRODUCTS UN3373	0.69			0.56					FC15
	Transport / Hébergement	FC13	euro	TRANSPORTS DE MARCHANDISES DANGEREUSES	2019	0.0	0.0	0.0	0.0	0.69	0.5519999999999999	kg eCO2/euro	macro	purchases	TRANSPORT OF DANGEROUS GOODS	0.69			0.56					FC15
	Transport / Hébergement	FC14	euro	TRANSPORTS DE PRODUITS INFECTIEUX (CLASSE 6.2)	2019	0.0	0.0	0.0	0.0	0.69	0.5519999999999999	kg eCO2/euro	macro	purchases	TRANSPORT OF INFECTIOUS PRODUCTS (CLASS 6.2)	0.69			0.56					FC15
	Transport / Hébergement	FC15	euro	AUTRES SERVICES DE TRANSPORT/EXPEDITION SPECIALISES	2019	0.0	0.0	0.0	0.0	0.69	0.5519999999999999	kg eCO2/euro	macro	purchases	OTHER SPECIALISED TRANSPORT/SHIPPING SERVICES	0.69			0.56					FC15
	Transport / Hébergement	FD01	euro	SERVICES DE DEMENAGEMENT COURANTS	2019	0.0	0.0	0.0	0.0	0.41	0.328	kg eCO2/euro	macro	purchases	ROUTINE REMOVAL SERVICES	0.41			0.28					FD12
	Transport / Hébergement	FD02	euro	SERVICES DE DEMONTAGE ET DE DEMENAGEMENT D'INSTRUMENTS	2019	0.0	0.0	0.0	0.0	0.41	0.328	kg eCO2/euro	macro	purchases	INSTRUMENT DISMANTLING AND REMOVAL SERVICES	0.41			0.28					FD12
	Transport / Hébergement	FD03	euro	OPERATIONS DE MANUTENTION MECANIQUE DE MATERIEL	2019	0.0	0.0	0.0	0.0	0.41	0.328	kg eCO2/euro	macro	purchases	MECHANICAL MATERIAL HANDLING OPERATIONS	0.41			0.28					FD12
	Transport / Hébergement	FD04	euro	SERVICES DE LOCATION DE VEHICULES POUR TRANSPORT DE MARCHANDISES	2019	0.0	0.0	0.0	0.0	0.52	0.416	kg eCO2/euro	macro	purchases	FREIGHT VEHICLE RENTAL SERVICES	0.52			0.15					FD04
	Transport / Hébergement	FD11	euro	SERVICES DE GARDE-MEUBLES	2019	0.0	0.0	0.0	0.0	0.41	0.328	kg eCO2/euro	macro	purchases	FURNITURE STORAGE SERVICES	0.41			0.28					FD12
	Transport / Hébergement	FD12	euro	SERVICES D'ENTREPOT GARDIENNAGE DE MATERIEL	2019	0.0	0.0	0.0	0.0	0.41	0.328	kg eCO2/euro	macro	purchases	WAREHOUSE SERVICES EQUIPMENT STORAGE	0.41			0.28					FD12
	Consommables (Matières premières, produits chimiques/biologiques et organismes vivants)	GA01	euro	ACETYLENE DE QUALITE INDUSTRIELLE EN BOUTEILLE	2019	0.0	0.0	0.0	0.0	0.67	0.536	kg eCO2/euro	micro	purchases	INDUSTRIAL QUALITY ACETYLENE IN CYLINDERS	2.1		0.67	0.53	mGA01	acetylen (ACV)			GA55
	Consommables (Matières premières, produits chimiques/biologiques et organismes vivants)	GA02	euro	AIR SYNTHETIQUE DE QUALITE INDUSTRIELLE EN BOUTEILLE	2019	0.0	0.0	0.0	0.0	0.22	0.176	kg eCO2/euro	micro	purchases	INDUSTRIAL GRADE SYNTHETIC AIR IN CYLINDERS	2.1		0.22	0.17	mGA02	nitrogen + oxygen (ACV)			GA55
	Consommables (Matières premières, produits chimiques/biologiques et organismes vivants)	GA03	euro	ARGON DE QUALITE INDUSTRIELLE EN BOUTEILLE	2019	0.0	0.0	0.0	0.0	0.39	0.3120000000000001	kg eCO2/euro	micro	purchases	INDUSTRIAL GRADE ARGON IN CYLINDERS	2.1		0.39	0.31	mGA03	argon (ACV)			GA55
	Consommables (Matières premières, produits chimiques/biologiques et organismes vivants)	GA04	euro	AZOTE GAZEUX DE QUALITE INDUSTRIELLE EN BOUTEILLE	2019	0.0	0.0	0.0	0.0	0.17	0.136	kg eCO2/euro	micro	purchases	INDUSTRIAL GRADE NITROGEN GAS IN CYLINDERS	2.1		0.17	0.14	mGA04	nitrogen (ACV)			GA55
	Consommables (Matières premières, produits chimiques/biologiques et organismes vivants)	GA05	euro	DIOXYDE DE CARBONE DE QUALITE INDUSTRIELLE EN BOUTEILLE	2019	0.0	0.0	0.0	0.0	0.47	0.376	kg eCO2/euro	micro	purchases	INDUSTRIAL GRADE CARBON DIOXIDE IN CYLINDERS	2.1		0.47	0.38	mGA05	carbon dioxyde (ACV)			GA55
	Consommables (Matières premières, produits chimiques/biologiques et organismes vivants)	GA06	euro	HELIUM GAZEUX DE QUALITE INDUSTRIELLE EN BOUTEILLE	2019	0.0	0.0	0.0	0.0	0.07	0.05600000000000001	kg eCO2/euro	micro	purchases	HELIUM GAS, INDUSTRIAL QUALITY IN CYLINDERS	2.1		0.07	0.06	mGA06	helium (ACV)			GA55
	Consommables (Matières premières, produits chimiques/biologiques et organismes vivants)	GA07	euro	HYDROGENE DE QUALITE INDUSTRIELLE EN BOUTEILLE	2019	0.0	0.0	0.0	0.0	0.45	0.36	kg eCO2/euro	micro	purchases	INDUSTRIAL GRADE HYDROGEN IN CYLINDERS	2.1		0.45	0.36	mGA07	hydrogen (ACV			GA55
	Consommables (Matières premières, produits chimiques/biologiques et organismes vivants)	GA08	euro	OXYGENE DE QUALITE INDUSTRIELLE EN BOUTEILLE	2019	0.0	0.0	0.0	0.0	0.32	0.256	kg eCO2/euro	micro	purchases	INDUSTRIAL GRADE OXYGEN IN CYLINDERS	2.1		0.32	0.26	mGA08	oxygen (ACV)			GA55
	Consommables (Matières premières, produits chimiques/biologiques et organismes vivants)	GA09	euro	AUTRES GAZ SIMPLES OU EN MELANGE DE QUALITE INDUSTRIELLE EN BOUTEILLE	2019	0.0	0.0	0.0	0.0	0.35	0.28	kg eCO2/euro	micro	purchases	OTHER SINGLE OR MIXED INDUSTRIAL GASES IN CYLINDERS	2.1		0.35	0.28	mGA09	average all gases			GA55
	Consommables (Matières premières, produits chimiques/biologiques et organismes vivants)	GA11	euro	ARGON DE TRES HAUTE PURETE (SUPERIEURE A 5.0) EN BOUTEILLE	2019	0.0	0.0	0.0	0.0	0.31	0.248	kg eCO2/euro	micro	purchases	ULTRA HIGH PURITY ARGON (ABOVE 5.0) IN CYLINDER	2.1		0.31	0.25	mGA11	high-purity argon (ACV)			GA55
	Consommables (Matières premières, produits chimiques/biologiques et organismes vivants)	GA12	euro	AZOTE GAZEUX DE TRES HAUTE PURETE (SUPERIEURE A 5.0) EN BOUTEILLE	2019	0.0	0.0	0.0	0.0	0.1	0.08000000000000002	kg eCO2/euro	micro	purchases	NITROGEN GAS OF VERY HIGH PURITY (ABOVE 5.0) IN CYLINDERS	2.1		0.1	0.08	mGA12	high-purity nitrogen (ACV)			GA55
	Consommables (Matières premières, produits chimiques/biologiques et organismes vivants)	GA13	euro	DIOXYDE DE CARBONE DE HAUTE PURETE (PURETE SUPERIEURE A D.0) EN BOUTEILLE	2019	0.0	0.0	0.0	0.0	0.18	0.144	kg eCO2/euro	micro	purchases	CARBON DIOXIDE HIGH PURITY (GREATER THAN D.0) IN CYLINDERS	2.1		0.18	0.15	mGA13	high-purity carbon dioxyde (ACV)			GA55
	Consommables (Matières premières, produits chimiques/biologiques et organismes vivants)	GA14	euro	GAZ RARES DE TRES HAUTE PURETE (NEON, XENON, KRYPTON,...) EN BOUTEILLE	2019	0.0	0.0	0.0	0.0	0.08	0.064	kg eCO2/euro	micro	purchases	HIGH PURITY RARE GASES (NEON, XENON, KRYPTON,...) IN CYLINDERS	2.1		0.08	0.06	mGA14	high-purity xenon (ACV)			GA55
	Consommables (Matières premières, produits chimiques/biologiques et organismes vivants)	GA15	euro	HELIUM GAZEUX DE HAUTE PURETE (PURETE SUPERIEURE A 5.0) EN BOUTEILLE	2019	0.0	0.0	0.0	0.0	0.14	0.112	kg eCO2/euro	micro	purchases	HIGH PURITY HELIUM GAS (PURITY GREATER THAN 5.0) IN CYLINDERS	2.1		0.14	0.11	mGA15	high-purity helium (ACV)			GA55
	Consommables (Matières premières, produits chimiques/biologiques et organismes vivants)	GA16	euro	GAZ FLUORES OU CHLORES DE TRES HAUTE PURETE (SUPERIEURE A D.0) EN BOUTEILLE	2019	0.0	0.0	0.0	0.0	2.1	1.68	kg eCO2/euro	macro	purchases	VERY HIGH PURITY (ABOVE D.0) FLUORESCENT OR CHLORINE GASES IN CYLINDERS	2.1			0.6					GA55
	Consommables (Matières premières, produits chimiques/biologiques et organismes vivants)	GA17	euro	HYDROGENE DE HAUTE PURETE (PURETE SUPERIEURE A 5.0) EN BOUTEILLE	2019	0.0	0.0	0.0	0.0	0.12	0.096	kg eCO2/euro	micro	purchases	HIGH PURITY HYDROGEN (PURITY GREATER THAN 5.0) IN CYLINDERS	2.1		0.12	0.09	mGA17	high-purity hydrogen (ACV)			GA55
	Consommables (Matières premières, produits chimiques/biologiques et organismes vivants)	GA18	euro	OXYGENE DE HAUTE PURETE (PURETE SUPERIEURE A 4.5) EN BOUTEILLE	2019	0.0	0.0	0.0	0.0	0.11	0.08800000000000001	kg eCO2/euro	micro	purchases	HIGH PURITY OXYGEN (PURITY GREATER THAN 4.5) IN CYLINDERS	2.1		0.11	0.09	mGA18	high-purity oxygen (ACV)			GA55
	Consommables (Matières premières, produits chimiques/biologiques et organismes vivants)	GA19	euro	AUTRES GAZ NON MELANGES HAUTE PURETE EN BOUTEILLE	2019	0.0	0.0	0.0	0.0	0.15	0.12	kg eCO2/euro	micro	purchases	OTHER UNMIXED HIGH PURITY GASES IN CYLINDERS	2.1		0.15	0.12	mGA19	average all pure gases			GA55
	Consommables (Matières premières, produits chimiques/biologiques et organismes vivants)	GA21	euro	MELANGES DE GAZ SCIENTIFIQUES DE HAUTE PURETE EN BOUTEILLE	2019	0.0	0.0	0.0	0.0	0.15	0.12	kg eCO2/euro	micro	purchases	HIGH PURITY SCIENTIFIC GAS MIXTURES IN CYLINDERS	2.1		0.15	0.12	mGA19	average all pure gases			GA55
	Consommables (Matières premières, produits chimiques/biologiques et organismes vivants)	GA31	euro	GAZ MEDICAUX	2019	0.0	0.0	0.0	0.0	2.1	1.68	kg eCO2/euro	macro	purchases	MEDICAL GASES	2.1			0.6					GA55
	Consommables (Matières premières, produits chimiques/biologiques et organismes vivants)	GA41	euro	PRESTATIONS CONNEXES A L'ACHAT DE GAZ EN BOUTEILLES (LOCATION DE BOUTEILLES,_x001A_)	2019	0.0	0.0	0.0	0.0	0.18	0.144	kg eCO2/euro	macro	purchases	SERVICES RELATED TO THE PURCHASE OF GASES IN CYLINDERS (CYLINDER HIRE, ETC.)	0.18			0.01					GA61
	Consommables (Matières premières, produits chimiques/biologiques et organismes vivants)	GA51	euro	AZOTE LIQUIDE EN VRAC ET DEWAR	2019	0.0	0.0	0.0	0.0	0.42	0.336	kg eCO2/euro	micro	purchases	LIQUID NITROGEN IN BULK AND DEWAR	2.1		0.42	0.33	mGA51	liquid nitrogen (ACV)			GA55
	Consommables (Matières premières, produits chimiques/biologiques et organismes vivants)	GA52	euro	HELIUM LIQUIDE EN VRAC ET DEWAR	2019	0.0	0.0	0.0	0.0	0.37	0.296	kg eCO2/euro	micro	purchases	BULK LIQUID HELIUM AND DEWAR	2.1		0.37	0.3	mGA52	liquid helium (ACV)			GA55
	Consommables (Matières premières, produits chimiques/biologiques et organismes vivants)	GA53	euro	ARGON EN VRAC ET DEWAR	2019	0.0	0.0	0.0	0.0	0.42	0.336	kg eCO2/euro	micro	purchases	BULK ARGON AND DEWAR	2.1		0.42	0.33	mGA51	liquid nitrogen (ACV)			GA55
	Consommables (Matières premières, produits chimiques/biologiques et organismes vivants)	GA54	euro	OXYGENE EN VRAC ET DEWAR	2019	0.0	0.0	0.0	0.0	0.42	0.336	kg eCO2/euro	micro	purchases	BULK OXYGEN AND DEWAR	2.1		0.42	0.33	mGA51	liquid nitrogen (ACV)			GA55
	Consommables (Matières premières, produits chimiques/biologiques et organismes vivants)	GA55	euro	GLACE CARBONIQUE (HORS TRANSPORT DE PRODUITS BIOLOGIQUES)	2019	0.0	0.0	0.0	0.0	0.96	0.768	kg eCO2/euro	micro	purchases	DRY ICE (EXCLUDING TRANSPORT OF BIOLOGICAL PRODUCTS)	2.1		0.96	0.77	mGA55	dry ice (ACV)			GA55
	Consommables (Matières premières, produits chimiques/biologiques et organismes vivants)	GA61	euro	PRESTATIONS CONNEXES A L'ACHAT DE GAZ LIQUIDES ET SOLIDES EN VRAC	2019	0.0	0.0	0.0	0.0	0.18	0.144	kg eCO2/euro	macro	purchases	SERVICES RELATED TO THE PURCHASE OF LIQUID AND SOLID BULK GASES	0.18			0.01					GA61
	Matériel et instruments de laboratoire	GB01	euro	GENERATEURS DE GAZ (AIR, AZOTE, HYDROGENE, OXYGENE,_x001A_)	2019	0.0	0.0	0.0	0.0	0.4	0.3200000000000001	kg eCO2/euro	macro	purchases	GAS GENERATORS (AIR, NITROGEN, HYDROGEN, OXYGEN,...)	0.4			0.27					GB04
	Matériel et instruments de laboratoire	GB02	euro	MATERIEL DE TRAITEMENT ET PURIFICATION DES GAZ (COMPRESSEURS, SECHEURS,_x001A_)	2019	0.0	0.0	0.0	0.0	0.4	0.3200000000000001	kg eCO2/euro	macro	purchases	GAS TREATMENT AND PURIFICATION EQUIPMENT (COMPRESSORS, DRYERS,...)	0.4			0.27					GB04
	Matériel et instruments de laboratoire	GB03	euro	LIQUEFACTEURS ET ACCESSOIRES	2019	0.0	0.0	0.0	0.0	0.4	0.3200000000000001	kg eCO2/euro	macro	purchases	LIQUEFIERS AND ACCESSORIES	0.4			0.27					GB04
	Matériel et instruments de laboratoire	GB04	euro	MATERIEL DE PREPARATION DES GAZ (REALISATION DE MELANGES,_x001A_)	2019	0.0	0.0	0.0	0.0	0.4	0.3200000000000001	kg eCO2/euro	macro	purchases	GAS PREPARATION EQUIPMENT (MAKING MIXTURES,...)	0.4			0.27					GB04
	Matériel et instruments de laboratoire	GB11	euro	MATERIEL DE STOCKAGE DES GAZ ET PRODUITS CRYOGENIQUES	2019	0.0	0.0	0.0	0.0	0.56	0.4480000000000001	kg eCO2/euro	macro	purchases	EQUIPMENT FOR THE STORAGE OF GASES AND CRYOGENIC PRODUCTS	0.56			0.3					GB11
	Matériel et instruments de laboratoire	GB12	euro	MATERIEL DE DISTRIBUTION DES GAZ ET PRODUITS CRYOGENIQUES	2019	0.0	0.0	0.0	0.0	0.54	0.4320000000000001	kg eCO2/euro	macro	purchases	EQUIPMENT FOR THE DISTRIBUTION OF GASES AND CRYOGENIC PRODUCTS	0.54			0.14					GB11
	Matériel et instruments de laboratoire	GB13	euro	CRYOGENERATEURS ET CRYOSTATS (HORS MICROSCOPIE ET RMN)	2019	0.0	0.0	0.0	0.0	0.57	0.456	kg eCO2/euro	macro	purchases	CRYOGENERATORS AND CRYOSTATS (EXCLUDING MICROSCOPY AND RMN)	0.57			0.28					GB13
	Matériel et instruments de laboratoire	GB21	euro	INSTRUMENTS POUR L'ANALYSE DES GAZ (HORS RGA)	2019	0.0	0.0	0.0	0.0	0.28	0.224	kg eCO2/euro	macro	purchases	INSTRUMENTS FOR GAS ANALYSIS (EXCLUDING RGA)	0.28			0.17					PB13
	Réparations et maintenance	GC01	euro	REPARATION ET MAINTECE DES EQUIPEMENTS DE GENERATION ET TRAITEMENT DES GAZ	2019	0.0	0.0	0.0	0.0	0.24	0.192	kg eCO2/euro	macro	purchases	REPAIR AND MAINTENANCE OF GAS GENERATION AND TREATMENT EQUIPMENT	0.24			0.13					UB22
	Réparations et maintenance	GC02	euro	REPARATION ET MAINTECE DES EQUIPEMENTS DE STOCKAGE ET DISTRIBUTION DES GAZ	2019	0.0	0.0	0.0	0.0	0.24	0.192	kg eCO2/euro	macro	purchases	REPAIR AND MAINTENANCE OF GAS STORAGE AND DISTRIBUTION EQUIPMENT	0.24			0.13					UB22
	Réparations et maintenance	GC03	euro	REPARATION ET MAINTECE DES CRYOGENERATEURS ET CRYOSTATS	2019	0.0	0.0	0.0	0.0	0.24	0.192	kg eCO2/euro	macro	purchases	REPAIR AND MAINTENANCE OF CRYOGENERATORS AND CRYOSTATS	0.24			0.13					UB22
	Consommables (Matières premières, produits chimiques/biologiques et organismes vivants)	HA01	euro	EPI : GANTS A USAGE UNIQUE	2019	0.0	0.0	0.0	0.0	0.52	0.416	kg eCO2/euro	MeMi	purchases	PPE: DISPOSABLE GLOVES	0.52	0.74	0.3	0.42	mHA01	nitrile gloves (Nizan et al 2021)	MHA01	Ansell	HA05
	Consommables (Matières premières, produits chimiques/biologiques et organismes vivants)	HA02	euro	EPI : AUTRES EPI JETABLES (BLOUSES, SURCHAUSSES, CHARLOTTES, MASQUES_x001A_)	2019	0.0	0.0	0.0	0.0	0.74	0.592	kg eCO2/euro	meso	purchases	PPE: OTHER DISPOSABLE PPE (GOWNS, OVERSHOES, GOWNS, MASKS...)	0.52	0.74		0.59			MHA01	Ansell	HA05
	Vie du laboratoire (Alimentation, aménagement, loisirs, bâtiment)	HA03	euro	EPI : BLOUSES ET AUTRES VETEMENTS DE LABORATOIRE REUTILISABLES	2019	0.0	0.0	0.0	0.0	1.1	0.8800000000000001	kg eCO2/euro	macro	purchases	PPE: GOWNS AND OTHER REUSABLE LABORATORY CLOTHING	1.1			0.9					HA07
	Vie du laboratoire (Alimentation, aménagement, loisirs, bâtiment)	HA04	euro	EPI : VETEMENTS DE TRAVAIL ET DE PROTECTION COURANTS (HORS LABORATOIRE)	2019	0.0	0.0	0.0	0.0	0.74	0.592	kg eCO2/euro	meso	purchases	PPE: STANDARD WORK AND PROTECTIVE CLOTHING (NON-LABORATORY)	1.1	0.74		0.59			MHA01	Ansell	HA07
	Vie du laboratoire (Alimentation, aménagement, loisirs, bâtiment)	HA05	euro	EPI : ACCESSOIRES (LUNETTES, CASQUES, ETC_x001A_)	2019	0.0	0.0	0.0	0.0	0.74	0.592	kg eCO2/euro	meso	purchases	PPE: ACCESSORIES (GOGGLES, HELMETS, ETC...)	0.52	0.74		0.59			MHA01	Ansell	HA05
	Matériel et instruments de laboratoire	HA06	euro	EQUIPEMENTS ET VETEMENTS DE PROTECTION ET SECURITE INDIVIDUELLE SPECIAUX	2019	0.0	0.0	0.0	0.0	0.74	0.592	kg eCO2/euro	meso	purchases	SPECIAL PERSONAL PROTECTIVE AND SAFETY EQUIPMENT AND CLOTHING	1.1	0.74		0.59			MHA01	Ansell	HA07
	Matériel et instruments de laboratoire	HA07	euro	EQUIPEMENTS DE RADIOPROTECTION INDIVIDUELLE	2019	0.0	0.0	0.0	0.0	1.1	0.8800000000000001	kg eCO2/euro	macro	purchases	INDIVIDUAL RADIATION PROTECTION EQUIPMENT	1.1			0.9					HA07
	Consommables (Matières premières, produits chimiques/biologiques et organismes vivants)	HA11	euro	CONSOMMABLES POUR RECEPTION DES DECHETS (ABSORBANTS, RECIPIENTS,_x001A_)	2019	0.0	0.0	0.0	0.0	0.7	0.5599999999999999	kg eCO2/euro	macro	purchases	CONSUMABLES FOR WASTE RECEPTION (ABSORBENTS, CONTAINERS, ETC.)	0.7		0.95	0.39	mHA11	paper roll (Ecoinvent 3.8)			HA11
	Vie du laboratoire (Alimentation, aménagement, loisirs, bâtiment)	HA12	euro	PETIT MATERIEL DE SECURITE COLLECTIVE (SIGNALETIQUE, DETECTEURS_x001A_)	2019	0.0	0.0	0.0	0.0	0.44	0.352	kg eCO2/euro	macro	purchases	SMALL COLLECTIVE SAFETY EQUIPMENT (SIGNS, DETECTORS, ETC.)	0.44			0.15					HA12
	Matériel et instruments de laboratoire	HA21	euro	ARMOIRES DE SECURITE ET RANGEMENTS	2019	0.0	0.0	0.0	0.0	0.75	0.6000000000000001	kg eCO2/euro	macro	purchases	SAFETY CABINETS AND STORAGE	0.75			0.24					HA22
	Matériel et instruments de laboratoire	HA22	euro	ENCEINTES DE CONFINEMENT DES SUBST. DANGEREUSES ET CONSOMM. ASSOCIES	2019	0.0	0.0	0.0	0.0	0.75	0.6000000000000001	kg eCO2/euro	macro	purchases	CONTAINMENT OF HAZARDOUS SUBSTANCES AND AND CONSUMABLES. ASSOCIATED	0.75			0.24					HA22
	Matériel et instruments de laboratoire	HA23	euro	POSTES DE SECURITE MICROBIOLOGIQUES (PSM) - HOTTES ET CONSOMMABLES ASSOCIES	2019	0.0	0.0	0.0	0.0	0.35	0.28	kg eCO2/euro	macro	purchases	MICROBIOLOGICAL SAFETY CABINETS (PSM) - HOODS AND ASSOCIATED CONSUMABLES	0.35			0.13					KC51
	Matériel et instruments de laboratoire	HA24	euro	SECURITE AU TRAVAIL : AUTRES EQUIPEMENTS SPECIAUX ET CONSOMMABLES ASSOCIES	2019	0.0	0.0	0.0	0.0	0.35	0.28	kg eCO2/euro	macro	purchases	SAFETY AT WORK: OTHER SPECIAL EQUIPMENT AND ASSOCIATED CONSUMABLES	0.35			0.13					KC51
	Réparations et maintenance	HB01	euro	SECURITE AU TRAVAIL : REPARATION, MAINTECE ET VERIFICATION DES HOTTES ET PSM	2019	0.0	0.0	0.0	0.0	0.24	0.192	kg eCO2/euro	macro	purchases	SAFETY AT WORK: REPAIR, MAINTENANCE AND CHECKING OF FUME HOODS AND PSM	0.24			0.13					UB22
	Réparations et maintenance	HB02	euro	SECURITE AU TRAVAIL : MAINTECE ET VERIF. DES AUTRES EQUIP. DE PROTECTION	2019	0.0	0.0	0.0	0.0	0.24	0.192	kg eCO2/euro	macro	purchases	SAFETY AT WORK: MAINTENANCE AND CHECKING OF OTHER EQUIPMENT	0.24			0.13					UB22
	Services	HC01	euro	SERVICES DE LOCATION ET ENTRETIEN DES BLOUSES DE LABORATOIRE	2019	0.0	0.0	0.0	0.0	0.11	0.08800000000000001	kg eCO2/euro	macro	purchases	RENTAL AND MAINTENANCE SERVICES OF LABORATORY COATS	0.11			0.05					HC02
	Services	HC02	euro	SERVICES DE LOCATION ET ENTRETIEN AUTRES VETEMENTS DE PROTECTION INDIVIDUELLE	2019	0.0	0.0	0.0	0.0	0.11	0.08800000000000001	kg eCO2/euro	macro	purchases	RENTAL AND MAINTENANCE SERVICES OF OTHER PERSONAL PROTECTIVE CLOTHING	0.11			0.05					HC02
	Informatique-audiovisuel	IA01	euro	MICRO-ORDINATEURS ET STATIONS DE TRAVAIL FIXES	2019	0.0	0.0	0.0	0.0	0.43	0.344	kg eCO2/euro	macro	devices	MICROCOMPUTERS AND FIXED WORKSTATIONS	0.43			0.1					IA34
	Informatique-audiovisuel	IA11	euro	ORDINATEURS PORTABLES	2019	0.0	0.0	0.0	0.0	0.43	0.344	kg eCO2/euro	macro	devices	PORTABLE COMPUTERS	0.43			0.1					IA34
	Informatique-audiovisuel	IA12	euro	AUTRES APPAREILS MOBILES (TABLETTES ET ORDINATEURS ULTRAPORTABLES)	2019	0.0	0.0	0.0	0.0	0.43	0.344	kg eCO2/euro	macro	devices	OTHER MOBILE DEVICES (TABLETS AND ULTRAPORTABLE COMPUTERS)	0.43			0.1					IA34
	Informatique-audiovisuel	IA21	euro	IMPRIMANTES	2019	0.0	0.0	0.0	0.0	0.43	0.344	kg eCO2/euro	macro	devices	PRINTERS	0.43			0.1					IA34
	Vie du laboratoire (Alimentation, aménagement, loisirs, bâtiment)	IA22	euro	CONSOMMABLES POUR IMPRIMANTES	2019	0.0	0.0	0.0	0.0	0.74	0.592	kg eCO2/euro	macro	purchases	PRINTER CONSUMABLES	0.74			0.28					IA22
	Informatique-audiovisuel	IA23	euro	PETITES FOURNITURES POUR LE STOCKAGE EXTERNE DES DONNEES	2019	0.0	0.0	0.0	0.0	0.33	0.264	kg eCO2/euro	macro	devices	SMALL SUPPLIES FOR EXTERNAL DATA STORAGE	0.33			0.09					IA32
	Informatique-audiovisuel	IA24	euro	AUTRE MATERIEL INFORMATIQUE PERIPHERIQUE (ECRANS, CLAVIERS, SOURIS,_x001A_)	2019	0.0	0.0	0.0	0.0	0.43	0.344	kg eCO2/euro	macro	devices	OTHER COMPUTER PERIPHERALS (MONITORS, KEYBOARDS, MICE, ETC.)	0.43			0.1					IA34
	Informatique-audiovisuel	IA25	euro	COMPOSANTS INTERNES POUR ORDINATEURS	2019	0.0	0.0	0.0	0.0	0.32	0.256	kg eCO2/euro	macro	devices	INTERNAL COMPUTER COMPONENTS	0.32			0.16					TA01
	Informatique-audiovisuel	IA31	euro	SERVEURS D'APPLICATIONS	2019	0.0	0.0	0.0	0.0	0.43	0.344	kg eCO2/euro	macro	devices	APPLICATION SERVERS	0.43			0.1					IA34
	Informatique-audiovisuel	IA32	euro	SYSTEMES POUR LE STOCKAGE ET LA SAUVEGARDE DE DONNEES	2019	0.0	0.0	0.0	0.0	0.33	0.264	kg eCO2/euro	macro	devices	SYSTEMS FOR DATA STORAGE AND BACKUP	0.33			0.09					IA32
	Informatique-audiovisuel	IA33	euro	SERVEURS POUR LE CALCUL OU L'EXPLOITATION DE DONNEES SCIENTIFIQUES	2019	0.0	0.0	0.0	0.0	0.43	0.344	kg eCO2/euro	macro	devices	SERVERS FOR COMPUTING OR SCIENTIFIC DATA PROCESSING	0.43			0.1					IA34
	Informatique-audiovisuel	IA34	euro	SERVEURS HAUTES PERFORMANCES, SUPER CALCULATEURS	2019	0.0	0.0	0.0	0.0	0.43	0.344	kg eCO2/euro	macro	devices	HIGH PERFORMANCE SERVERS, SUPERCOMPUTERS	0.43			0.1					IA34
	Informatique-audiovisuel	IA41	euro	RESEAUX : PETITS EQUIPEMENTS DE RESEAUX INFORMATIQUES	2019	0.0	0.0	0.0	0.0	0.26	0.208	kg eCO2/euro	macro	purchases	NETWORKS : SMALL COMPUTER NETWORK EQUIPMENT	0.26			0.14					IG04
	Informatique-audiovisuel	IA42	euro	RESEAUX : EQUIPEMENTS DE RESEAUX INFORMATIQUES	2019	0.0	0.0	0.0	0.0	0.33	0.264	kg eCO2/euro	macro	devices	NETWORKS : COMPUTER NETWORK EQUIPMENT	0.33			0.08					IA43
	Informatique-audiovisuel	IA43	euro	RESEAUX : EQUIPEMENTS DE TRANSMISSION DE DONNEES SANS FIL (dont bornes Wi-Fi)	2019	0.0	0.0	0.0	0.0	0.33	0.264	kg eCO2/euro	macro	devices	NETWORKS: WIRELESS DATA TRANSMISSION EQUIPMENT (including Wi-Fi terminals)	0.33			0.08					IA43
	Informatique-audiovisuel	IA44	euro	RESEAUX : EQUIPEMENTS DE SUPERVISION ET METROLOGIE	2019	0.0	0.0	0.0	0.0	0.26	0.208	kg eCO2/euro	macro	purchases	NETWORKS : SUPERVISION AND METROLOGY EQUIPMENT	0.26			0.14					IG04
	Informatique-audiovisuel	IA45	euro	RESEAUX : ANALYSEURS	2019	0.0	0.0	0.0	0.0	0.26	0.208	kg eCO2/euro	macro	purchases	NETWORKS : ANALYSERS	0.26			0.15					IA45
	Informatique-audiovisuel	IA46	euro	CONCEPTION, REALISATION DE RESEAUX INFORMATIQUES	2019	0.0	0.0	0.0	0.0	0.2	0.16	kg eCO2/euro	macro	purchases	DESIGN AND CONSTRUCTION OF COMPUTER NETWORKS	0.2			0.17					IA46
	Informatique-audiovisuel	IA51	euro	INFORMATIQUE : SYSTEMES DE SORTIE POUR LA REALITE VIRTUELLE	2019	0.0	0.0	0.0	0.0	0.63	0.504	kg eCO2/euro	macro	purchases	COMPUTER SCIENCE : OUTPUT SYSTEMS FOR VIRTUAL REALITY	0.63			0.49					IA51
	Informatique-audiovisuel	IA52	euro	INFORMATIQUE : CALCULATEURS EMBARQUES	2019	0.0	0.0	0.0	0.0	0.43	0.344	kg eCO2/euro	macro	purchases	COMPUTER SCIENCE : EMBEDDED COMPUTERS	0.43			0.1					UC36
	Informatique-audiovisuel	IA53	euro	INFORMATIQUE : ROBOTS PROTOTYPES	2019	0.0	0.0	0.0	0.0	0.43	0.344	kg eCO2/euro	macro	purchases	COMPUTING : PROTOTYPE ROBOTS	0.43			0.1					UC36
	Informatique-audiovisuel	IA54	euro	INFORMATIQUE : AUTRES SYSTEMES DE PILOTAGE	2019	0.0	0.0	0.0	0.0	0.43	0.344	kg eCO2/euro	macro	purchases	COMPUTER SCIENCE : OTHER CONTROL SYSTEMS	0.43			0.1					UC36
	Informatique-audiovisuel	IA55	euro	INFORMATIQUE : CAPTEURS POUR LA REALITE VIRTUELLE	2019	0.0	0.0	0.0	0.0	0.63	0.504	kg eCO2/euro	macro	purchases	COMPUTING : SENSORS FOR VIRTUAL REALITY	0.63			0.49					IE33
	Informatique-audiovisuel	IA56	euro	INFORMATIQUE : CAPTEURS POUR LA ROBOTIQUE	2019	0.0	0.0	0.0	0.0	0.43	0.344	kg eCO2/euro	macro	purchases	COMPUTING : SENSORS FOR ROBOTICS	0.43			0.1					UC36
	Informatique-audiovisuel	IA57	euro	INFORMATIQUE : ACTIONNEURS	2019	0.0	0.0	0.0	0.0	0.43	0.344	kg eCO2/euro	macro	purchases	COMPUTING : ACTUATORS	0.43			0.1					UC36
	Informatique-audiovisuel	IB01	euro	DROITS D'UTILISATION DE LOGICIELS STANDARDS POUR SYSTEME ET RESEAUX	2019	0.0	0.0	0.0	0.0	0.12	0.096	kg eCO2/euro	macro	purchases	RIGHTS OF USE OF STANDARD SOFTWARE FOR SYSTEMS AND NETWORKS	0.12			0.05					WA15
	Informatique-audiovisuel	IB02	euro	DROITS D'UTILISATION DE LOGICIELS SPECIFIQUES POUR SYSTEME ET RESEAUX	2019	0.0	0.0	0.0	0.0	0.12	0.096	kg eCO2/euro	macro	purchases	RIGHTS OF USE OF SPECIFIC SOFTWARE FOR SYSTEMS AND NETWORKS	0.12			0.05					WA15
	Informatique-audiovisuel	IB03	euro	MAINTECE DES LOGICIELS POUR SYSTEME ET RESEAUX	2019	0.0	0.0	0.0	0.0	0.12	0.096	kg eCO2/euro	macro	purchases	MAINTENANCE OF SYSTEM AND NETWORK SOFTWARE	0.12			0.05					WA15
	Informatique-audiovisuel	IB11	euro	DROITS D'UTILISATION DE LOGICIELS STANDARDS DE BUREAUTIQUE	2019	0.0	0.0	0.0	0.0	0.12	0.096	kg eCO2/euro	macro	purchases	RIGHTS TO USE STANDARD OFFICE SOFTWARE	0.12			0.05					WA15
	Informatique-audiovisuel	IB12	euro	DROITS D'UTILISATION DE LOGICIELS SPECIFIQUES DE BUREAUTIQUE	2019	0.0	0.0	0.0	0.0	0.12	0.096	kg eCO2/euro	macro	purchases	RIGHTS OF USE OF SPECIFIC OFFICE SOFTWARE	0.12			0.05					WA15
	Informatique-audiovisuel	IB13	euro	MAINTECE DES LOGICIELS DE BUREAUTIQUE	2019	0.0	0.0	0.0	0.0	0.12	0.096	kg eCO2/euro	macro	purchases	MAINTENANCE OF OFFICE AUTOMATION SOFTWARE	0.12			0.05					WA15
	Informatique-audiovisuel	IB21	euro	DROITS D'UTILISATION DE LOGICIELS STANDARDS DE DEVELOPPEMENT	2019	0.0	0.0	0.0	0.0	0.12	0.096	kg eCO2/euro	macro	purchases	RIGHTS TO USE STANDARD DEVELOPMENT SOFTWARE	0.12			0.05					WA15
	Informatique-audiovisuel	IB22	euro	DROITS D'UTILISATION DE LOGICIELS SPECIFIQUES DE DEVELOPPEMENT	2019	0.0	0.0	0.0	0.0	0.12	0.096	kg eCO2/euro	macro	purchases	RIGHTS OF USE OF SPECIFIC DEVELOPMENT SOFTWARE	0.12			0.05					WA15
	Informatique-audiovisuel	IB23	euro	MAINTECE DES LOGICIELS DE DEVELOPPEMENT	2019	0.0	0.0	0.0	0.0	0.12	0.096	kg eCO2/euro	macro	purchases	MAINTENANCE OF DEVELOPMENT SOFTWARE	0.12			0.05					WA15
	Informatique-audiovisuel	IB31	euro	DROITS D'UTIL. DES AUTRES LOGICIELS SCIENTIFIQUES	2019	0.0	0.0	0.0	0.0	0.12	0.096	kg eCO2/euro	macro	purchases	RIGHTS OF USE OF OTHER SCIENTIFIC SOFTWARE	0.12			0.05					WA15
	Informatique-audiovisuel	IB32	euro	DROITS D'UTILISATION DES AUTRES LOGICIELS	2019	0.0	0.0	0.0	0.0	0.12	0.096	kg eCO2/euro	macro	purchases	RIGHTS OF USE OF OTHER SOFTWARE	0.12			0.05					WA15
	Informatique-audiovisuel	IB33	euro	MAINTECE DES AUTRES LOGICIELS SCIENTIFIQUES	2019	0.0	0.0	0.0	0.0	0.12	0.096	kg eCO2/euro	macro	purchases	MAINTENANCE OF OTHER SCIENTIFIC SOFTWARE	0.12			0.05					WA15
	Informatique-audiovisuel	IB34	euro	MAINTECE DES AUTRES LOGICIELS	2019	0.0	0.0	0.0	0.0	0.12	0.096	kg eCO2/euro	macro	purchases	MAINTENANCE OF OTHER SOFTWARE	0.12			0.05					WA15
	Réparations et maintenance	IC01	euro	MAINTECE ET REPARATION DES MICRO-ORDINATEURS, STATIONS DE TRAVAIL FIXES	2019	0.0	0.0	0.0	0.0	0.21	0.168	kg eCO2/euro	macro	purchases	MAINTENANCE AND REPAIR OF MICROCOMPUTERS, FIXED WORKSTATIONS	0.21			0.16					UG43
	Réparations et maintenance	IC02	euro	MAINTECE ET REPARATION DES APPAREILS MOBILES	2019	0.0	0.0	0.0	0.0	0.21	0.168	kg eCO2/euro	macro	purchases	MAINTENANCE AND REPAIR OF MOBILE DEVICES	0.21			0.16					UG43
	Réparations et maintenance	IC11	euro	MAINTECE ET REPARATION DES PERIPHERIQUES INFORMATIQUES	2019	0.0	0.0	0.0	0.0	0.21	0.168	kg eCO2/euro	macro	purchases	MAINTENANCE AND REPAIR OF COMPUTER PERIPHERALS	0.21			0.16					UG43
	Réparations et maintenance	IC21	euro	MAINTECE ET REPARATION DES SERVEURS D'APPLICATIONS	2019	0.0	0.0	0.0	0.0	0.21	0.168	kg eCO2/euro	macro	purchases	MAINTENANCE AND REPAIR OF APPLICATION SERVERS	0.21			0.16					UG43
	Réparations et maintenance	IC22	euro	MAINTECE ET REPARATION DES SYST. DE STOCKAGE ET DE SAUVEGARDE DE DONNEES	2019	0.0	0.0	0.0	0.0	0.21	0.168	kg eCO2/euro	macro	purchases	MAINTENANCE AND REPAIR OF DATA STORAGE AND BACKUP SYSTEMS REPAIR OF DATA STORAGE AND BACKUP SYSTEMS	0.21			0.16					UG43
	Réparations et maintenance	IC23	euro	MAINTECE ET REPARATION SERVEURS DE CALCUL OU D'EXPLOIT. DE DONNEES SCIENTIF.	2019	0.0	0.0	0.0	0.0	0.21	0.168	kg eCO2/euro	macro	purchases	MAINTENANCE AND REPAIR OF COMPUTING OR SCIENTIFIC DATA SERVERS SCIENTIFIC DATA SERVERS	0.21			0.16					UG43
	Réparations et maintenance	IC24	euro	MAINTECE ET REPARATION DES SERVEURS HAUTE PERFORMANCE, SUPER CALCULATEURS	2019	0.0	0.0	0.0	0.0	0.21	0.168	kg eCO2/euro	macro	purchases	MAINTENANCE AND REPAIR OF HIGH PERFORMANCE SERVERS, SUPERCOMPUTERS	0.21			0.16					UG43
	Réparations et maintenance	IC31	euro	MAINTECE ET REPARATION DES EQUIPEMENTS DE RESEAUX INFORMATIQUES	2019	0.0	0.0	0.0	0.0	0.21	0.168	kg eCO2/euro	macro	purchases	MAINTENANCE AND REPAIR OF COMPUTER NETWORK EQUIPMENT	0.21			0.16					UG43
	Réparations et maintenance	IC41	euro	MAINTECE ET REPARATION DES SYSTEMES SPECIALISES	2019	0.0	0.0	0.0	0.0	0.21	0.168	kg eCO2/euro	macro	purchases	MAINTECE AND REPAIR OF SPECIALISED SYSTEMS	0.21			0.16					UG43
	Services	ID01	euro	INFORMATIQUE : PRESTATIONS D'ADMINISTRATION ET EXPLOITATION DE SERVICES RESEAUX	2019	0.0	0.0	0.0	0.0	0.13	0.104	kg eCO2/euro	macro	purchases	COMPUTING : ADMINISTRATION AND OPERATION OF NETWORK SERVICES	0.13			0.05					ID17
	Services	ID11	euro	INFORMATIQUE : SCHEMA DIRECTEUR ET AUDIT	2019	0.0	0.0	0.0	0.0	0.11	0.08800000000000001	kg eCO2/euro	macro	purchases	INFORMATION TECHNOLOGY : MASTER PLAN AND AUDIT	0.11			0.03					ID17
	Services	ID12	euro	INFORMATIQUE : ASSISTANCE A MAITRISE D'OUVRAGE	2019	0.0	0.0	0.0	0.0	0.13	0.104	kg eCO2/euro	macro	purchases	INFORMATION TECHNOLOGY : PROJECT MANAGEMENT ASSISTANCE	0.13			0.05					ID17
	Services	ID13	euro	INFORMATIQUE : ASSISTANCE A MAITRISE D'OEUVRE	2019	0.0	0.0	0.0	0.0	0.13	0.104	kg eCO2/euro	macro	purchases	INFORMATION TECHNOLOGY : PROJECT MANAGEMENT ASSISTANCE	0.13			0.05					ID17
	Services	ID14	euro	INFORMATIQUE : TRAITEMENTS INFORMATIQUES	2019	0.0	0.0	0.0	0.0	0.15	0.12	kg eCO2/euro	macro	purchases	INFORMATION TECHNOLOGY : DATA PROCESSING	0.15			0.06					ID17
	Services	ID15	euro	INFORMATIQUE : INFOGERANCE DE SYSTEMES D'INFORMATION	2019	0.0	0.0	0.0	0.0	0.13	0.104	kg eCO2/euro	macro	purchases	DATA PROCESSING : INFORMATION SYSTEMS MANAGEMENT	0.13			0.05					ID17
	Services	ID16	euro	INFORMATIQUE : DEVELOPPEMENTS D'APPLICATION DE SYSTEMES D'INFORMATION	2019	0.0	0.0	0.0	0.0	0.15	0.12	kg eCO2/euro	macro	purchases	COMPUTER SCIENCE : INFORMATION SYSTEMS APPLICATION DEVELOPMENT	0.15			0.06					ID17
	Services	ID17	euro	INFORMATIQUE : DEVELOPPEMENTS D'APPLICATION A USAGE SCIENTIFIQUE	2019	0.0	0.0	0.0	0.0	0.15	0.12	kg eCO2/euro	macro	purchases	COMPUTER SCIENCE : DEVELOPMENT OF APPLICATIONS FOR SCIENTIFIC USE	0.15			0.06					ID17
	Services	ID18	euro	INFORMATIQUE : AUTRES MISSIONS D'ETUDES ET DE CONSEILS	2019	0.0	0.0	0.0	0.0	0.11	0.08800000000000001	kg eCO2/euro	macro	purchases	DATA PROCESSING : OTHER STUDIES AND CONSULTING SERVICES	0.11			0.03					ID17
	Services	ID19	euro	INFORMATIQUE : AUTRES SERVICES INFORMATIQUES	2019	0.0	0.0	0.0	0.0	0.13	0.104	kg eCO2/euro	macro	purchases	COMPUTING: OTHER COMPUTING SERVICES	0.13			0.05					ID17
	Informatique-audiovisuel	IE01	euro	APPAREILS DE PRODUCTION AUDIOVISUELLE	2019	0.0	0.0	0.0	0.0	0.83	0.664	kg eCO2/euro	macro	purchases	AUDIOVISUAL PRODUCTION EQUIPMENT	0.83			0.5					IE41
	Informatique-audiovisuel	IE02	euro	EQUIPEMENTS DE VISIOCONFERENCE	2019	0.0	0.0	0.0	0.0	0.63	0.504	kg eCO2/euro	macro	purchases	VIDEO CONFERENCING EQUIPMENT	0.63			0.49					IE02
	Informatique-audiovisuel	IE11	euro	PIECES DETACHEES POUR L'AUDIOVISUEL	2019	0.0	0.0	0.0	0.0	0.55	0.4400000000000001	kg eCO2/euro	macro	purchases	AUDIOVISUAL SPARE PARTS	0.55			0.58					IE11
	Informatique-audiovisuel	IE12	euro	CONSOMMABLES POUR L'AUDIOVISUEL (HORS CONSOMMABLES INFORMATIQUES)	2019	0.0	0.0	0.0	0.0	0.72	0.576	kg eCO2/euro	macro	purchases	AUDIOVISUAL CONSUMABLES (EXCLUDING COMPUTER CONSUMABLES)	0.72			0.59					IE34
	Informatique-audiovisuel	IE21	euro	APPAREILS DE RECEPTION, ENREGISTREMENT OU REPRODUCTION DU SON	2019	0.0	0.0	0.0	0.0	0.83	0.664	kg eCO2/euro	macro	purchases	SOUND RECEPTION, RECORDING OR REPRODUCTION EQUIPMENT	0.83			0.5					IE41
	Informatique-audiovisuel	IE22	euro	CONSOMMABLES POUR APPAREILS DE RECEP., ENREG. OU REPRO. DU SON	2019	0.0	0.0	0.0	0.0	0.72	0.576	kg eCO2/euro	macro	purchases	CONSUMABLES FOR SOUND RECEP. OR REPRO. EQUIPMENT	0.72			0.59					IE34
	Informatique-audiovisuel	IE23	euro	APPAREILS PROFESSIONNELS DE RECEPT., ENREG. OU REPROD. DU SON (BROADCAST)	2019	0.0	0.0	0.0	0.0	0.83	0.664	kg eCO2/euro	macro	purchases	PROFESSIONAL SOUND RECEIVING, RECORDING OR REPRODUCING EQUIPMENT OR REPROD. SOUND (BROADCAST)	0.83			0.5					IE41
	Informatique-audiovisuel	IE31	euro	APPAREILS DE RECEPTION ENREGISTREMENT REPRODUCTION IMAGE	2019	0.0	0.0	0.0	0.0	0.83	0.664	kg eCO2/euro	macro	purchases	IMAGE RECEPTION, RECORDING AND REPRODUCTION EQUIPMENT	0.83			0.5					IE41
	Informatique-audiovisuel	IE32	euro	VIDEOPROJECTEURS	2019	0.0	0.0	0.0	0.0	0.63	0.504	kg eCO2/euro	macro	devices	VIDEO PROJECTORS	0.63			0.49					IE33
	Informatique-audiovisuel	IE33	euro	TABLEAUX BLANCS INTERACTIFS	2019	0.0	0.0	0.0	0.0	0.63	0.504	kg eCO2/euro	macro	purchases	INTERACTIVE WHITEBOARDS	0.63			0.49					IE33
	Informatique-audiovisuel	IE34	euro	CONSOMMABLES POUR APPAREILS DE RECEPT., ENREG. OU REPROD. DE L'IMAGE	2019	0.0	0.0	0.0	0.0	0.72	0.576	kg eCO2/euro	macro	purchases	CONSUMABLES FOR RECEPTION, RECORDING OR REPRODUCTION EQUIPMENT OR REPROD. EQUIPMENT	0.72			0.59					IE34
	Informatique-audiovisuel	IE35	euro	APPAREILS PROFESSIONNELS DE RECEP., ENREG. OU REPROD. DE L'IMAGE (BROADCAST)	2019	0.0	0.0	0.0	0.0	0.83	0.664	kg eCO2/euro	macro	purchases	PROFESSIONAL RECEP., RECORDING OR REPRODUCTION EQUIPMENT OR REPROD. OR REPRODUCTION EQUIPMENT (BROADCAST)	0.83			0.5					IE41
	Informatique-audiovisuel	IE36	euro	MATERIEL PHOTOGRAPHIQUE	2019	0.0	0.0	0.0	0.0	0.49	0.392	kg eCO2/euro	macro	purchases	PHOTOGRAPHIC EQUIPMENT	0.49			0.09					IE36
	Informatique-audiovisuel	IE37	euro	PREPARATIONS ET PRODUITS DE LABORATOIRE POUR LA PHOTOGRAPHIE	2019	0.0	0.0	0.0	0.0	0.75	0.6000000000000001	kg eCO2/euro	macro	purchases	LABORATORY PREPARATIONS AND PRODUCTS FOR PHOTOGRAPHY	0.75			0.74					IE37
	Informatique-audiovisuel	IE41	euro	MATERIEL CINEMATOGRAPHIQUE	2019	0.0	0.0	0.0	0.0	0.83	0.664	kg eCO2/euro	macro	purchases	CINEMATOGRAPHIC EQUIPMENT	0.83			0.5					IE41
	Informatique-audiovisuel	IE42	euro	PLAQUES, PELLICULES, FILMS ET SURFACES SENSIBLES POUR LE CINEMA	2019	0.0	0.0	0.0	0.0	1.0	0.8	kg eCO2/euro	macro	purchases	PLATES, FILM AND SENSITIVE SURFACES FOR THE CINEMA	1.0			0.3					IE42
	Informatique-audiovisuel	IE43	euro	PREPARATIONS ET PRODUITS DE LABORATOIRE POUR LE CINEMA	2019	0.0	0.0	0.0	0.0	1.2	0.96	kg eCO2/euro	macro	purchases	LABORATORY PREPARATIONS AND PRODUCTS FOR THE CINEMA	1.2			0.5					IE43
	Réparations et maintenance	IF01	euro	MAINTECE ET REPAR. D'APPAREILS DE PRODUCTION AUDIOVISUELLE	2019	0.0	0.0	0.0	0.0	0.21	0.168	kg eCO2/euro	macro	purchases	MAINTENANCE AND REPAIR OF OF AUDIOVISUAL PRODUCTION EQUIPMENT	0.21			0.16					UG43
	Réparations et maintenance	IF02	euro	MAINTECE ET REPAR. DES APPAREILS DE RECEPT., ENREG. OU REPROD. DU SON	2019	0.0	0.0	0.0	0.0	0.21	0.168	kg eCO2/euro	macro	purchases	OPERATION AND REPAIR OF OF RECEIVING, RECORDING OR REPRODUCING EQUIPMENT OR REPROD. REPRODUCTION	0.21			0.16					UG43
	Réparations et maintenance	IF03	euro	MAINTECE ET REPAR. DES APPAREILS PROFES. DE RECEP., ENREG. OU REPROD. DU SON	2019	0.0	0.0	0.0	0.0	0.21	0.168	kg eCO2/euro	macro	purchases	MAINTENANCE AND REPAIR OF OF PROFESSIONAL RECEP. PROFESSIONAL RECEP., RECORD. OR REPROD. OF SOUND	0.21			0.16					UG43
	Réparations et maintenance	IF04	euro	MAINTECE ET REPAR. DES APPAREILS DE RECEPT. ENREG. OU REPROD. DE L'IMAGE	2019	0.0	0.0	0.0	0.0	0.21	0.168	kg eCO2/euro	macro	purchases	MAINTENANCE AND REPAIR OF OF RECEP. RECORDING OR REPROD. RECORDING OR REPRODUCING EQUIPMENT	0.21			0.16					UG43
	Réparations et maintenance	IF05	euro	MAINTECE ET REPAR. DES APPAR. PROFES. DE RECEP., ENREG. OU REPROD. DE L'IMAGE	2019	0.0	0.0	0.0	0.0	0.21	0.168	kg eCO2/euro	macro	purchases	MAINTENANCE AND REPAIR OF OF APPARATUS. PROFES. RECEPTION, RECORDING OR REPROD. OF IMAGE	0.21			0.16					UG43
	Réparations et maintenance	IF06	euro	MAINTECE ET REPAR. DU MATERIEL PHOTOGRAPHIQUE	2019	0.0	0.0	0.0	0.0	0.21	0.168	kg eCO2/euro	macro	purchases	MAINTENANCE AND REPAIR OF PHOTOGRAPHIC EQUIPMENT	0.21			0.16					UG43
	Réparations et maintenance	IF07	euro	MAINTECE ET REPAR. DU MATERIEL CINEMATOGRAPHIQUE	2019	0.0	0.0	0.0	0.0	0.21	0.168	kg eCO2/euro	macro	purchases	MAINTENANCE AND REPAIR OF OF CINEMATOGRAPHIC EQUIPMENT	0.21			0.16					UG43
	Informatique-audiovisuel	IG01	euro	TELECOMMUNICATIONS : TERMINAUX DE TELEPHONIE FIXE	2019	0.0	0.0	0.0	0.0	0.44	0.352	kg eCO2/euro	macro	purchases	TELECOMMUNICATIONS: FIXED TELEPHONY TERMINALS	0.44			0.2					IG01
	Informatique-audiovisuel	IG02	euro	TELECOMMUNICATIONS : TERMINAUX DE TELEPHONIE MOBILE	2019	0.0	0.0	0.0	0.0	0.39	0.3120000000000001	kg eCO2/euro	macro	devices	TELECOMMUNICATIONS: MOBILE TELEPHONY TERMINALS	0.39			0.18					IG02
	Informatique-audiovisuel	IG03	euro	TELECOMMUNICATIONS : AUTRES TERMINAUX : TELECOPIEURS, TELEIMPRIMEURS	2019	0.0	0.0	0.0	0.0	0.26	0.208	kg eCO2/euro	macro	purchases	TELECOMMUNICATIONS : OTHER TERMINALS : TELECOPIERS, TELEPRINTERS	0.26			0.14					IG04
	Informatique-audiovisuel	IG04	euro	TELECOMMUNICATIONS : AUTRES EQUIPEMENTS DE TELECOMUNICATIONS	2019	0.0	0.0	0.0	0.0	0.26	0.208	kg eCO2/euro	macro	purchases	TELECOMMUNICATIONS: OTHER TELECOMMUNICATION EQUIPMENT	0.26			0.14					IG04
	Réparations et maintenance	IH01	euro	MAINTECE ET REPARATION DES EQUIPEMENTS DE TELEPHONIE	2019	0.0	0.0	0.0	0.0	0.21	0.168	kg eCO2/euro	macro	purchases	MAINTENANCE AND REPAIR OF TELEPHONE EQUIPMENT	0.21			0.16					UG43
	Réparations et maintenance	IH02	euro	MAINTECE ET REPARATION DES POSTES TELEPHONIQUES D'USAGERS ET AUTRES TERMINAUX	2019	0.0	0.0	0.0	0.0	0.21	0.168	kg eCO2/euro	macro	purchases	MAINTENANCE AND REPAIR OF USER TELEPHONES AND OTHER TERMINALS	0.21			0.16					UG43
	Réparations et maintenance	IH03	euro	MAINTECE ET REPARATION DES AUTRES EQUIPEMENTS DE TELECOMUNICATIONS	2019	0.0	0.0	0.0	0.0	0.21	0.168	kg eCO2/euro	macro	purchases	MAINTENANCE AND REPAIR OF OTHER TELECOMMUNICATIONS EQUIPMENT	0.21			0.16					UG43
	Services	II01	euro	TELECOM : CONSOMMATIONS, ABONNEMENTS, RACCORDEMENTS TELEPHONIE FILAIRE	2019	0.0	0.0	0.0	0.0	0.16	0.128	kg eCO2/euro	macro	purchases	TELECOM: CONSUMPTION, SUBSCRIPTIONS, WIRELINE TELEPHONY CONNECTIONS	0.16			0.06					II13
	Services	II02	euro	TELECOM : CONSOMMATIONS, ABONNEMENTS TELEPHONIE MOBILE (VOIX ET DATA)	2019	0.0	0.0	0.0	0.0	0.16	0.128	kg eCO2/euro	macro	purchases	TELECOM: CONSUMPTION, SUBSCRIPTIONS MOBILE TELEPHONY (VOICE AND DATA)	0.16			0.06					II13
	Services	II03	euro	TELECOM : LIAISONS SPECIALISEES (FIBRES OPTIQUES, NOIRES, LIAISONS LOUEES...)	2019	0.0	0.0	0.0	0.0	0.16	0.128	kg eCO2/euro	macro	purchases	TELECOM: SPECIALISED LINKS (OPTICAL FIBRES, DARK FIBRE, LEASED LINKS, ETC.)	0.16			0.06					II13
	Services	II04	euro	TELECOMMUNICATIONS : CONSOMMATIONS, ABONNEMENTS LIAISONS IRIDIUM	2019	0.0	0.0	0.0	0.0	0.16	0.128	kg eCO2/euro	macro	purchases	TELECOMMUNICATIONS: CONSUMPTION, SUBSCRIPTIONS IRIDIUM LINKS	0.16			0.06					II13
	Services	II05	euro	TELECOMMUNICATIONS : PRESTATIONS DE REPRISE ET REINTEGRATION DES DONNEES	2019	0.0	0.0	0.0	0.0	0.16	0.128	kg eCO2/euro	macro	purchases	TELECOMMUNICATIONS: DATA RECOVERY AND REINTEGRATION SERVICES	0.16			0.06					II13
	Services	II11	euro	TELECOMMUNICATIONS : INSTALLATION ET MONTAGE DE MATERIEL DE TELEPHONIE	2019	0.0	0.0	0.0	0.0	0.16	0.128	kg eCO2/euro	macro	purchases	TELECOMMUNICATIONS: INSTALLATION AND ASSEMBLY OF TELEPHONY EQUIPMENT	0.16			0.06					II13
	Services	II12	euro	TELECOMMUNICATIONS : MISE EN PLACE DE PLATE-FORMES TELEPHONIQUES	2019	0.0	0.0	0.0	0.0	0.16	0.128	kg eCO2/euro	macro	purchases	TELECOMMUNICATIONS: INSTALLATION OF TELEPHONE PLATFORMS	0.16			0.06					II13
	Services	II13	euro	TELECOMMUNICATIONS : SERVICES DE CONSEIL / AMO EN TELECOMMUNICATION	2019	0.0	0.0	0.0	0.0	0.16	0.128	kg eCO2/euro	macro	purchases	TELECOMMUNICATIONS: TELECOMMUNICATION CONSULTANCY / AMO SERVICES	0.16			0.06					II13
	Matériel et instruments de laboratoire	JA01	euro	ARMOIRES SIMPLES, RANGEMENTS, CHAISES ET CHARIOTS DE LABORATOIRE	2019	0.0	0.0	0.0	0.0	0.35	0.28	kg eCO2/euro	macro	purchases	SIMPLE CABINETS, STORAGE UNITS, CHAIRS AND LABORATORY TROLLEYS	0.35			0.13					KC51
	Matériel et instruments de laboratoire	JA02	euro	PAILLASSES DE LABORATOIRE	2019	0.0	0.0	0.0	0.0	0.35	0.28	kg eCO2/euro	macro	purchases	LABORATORY BENCHES	0.35			0.13					KC51
	Matériel et instruments de laboratoire	JA03	euro	CLOISONS DE SALLE BLANCHE	2019	0.0	0.0	0.0	0.0	0.35	0.28	kg eCO2/euro	macro	purchases	CLEAN ROOM PARTITIONS	0.35			0.13					KC51
	Matériel et instruments de laboratoire	JA11	euro	TRAITEMENT DE L'AIR : EQUIPEMENTS DE PURIFICATION DE L'AIR (SALLE BLANCHE,_x001A_)	2019	0.0	0.0	0.0	0.0	0.52	0.416	kg eCO2/euro	macro	purchases	AIR TREATMENT : AIR PURIFICATION EQUIPMENT (CLEAN ROOM,...)	0.52			0.17					JA11
	Consommables (Matières premières, produits chimiques/biologiques et organismes vivants)	JA12	euro	TRAITEMENT DE L'AIR : CONSOMMABLES ET PIECES DETACHEES DEDIES AUX EQUIPEMENTS	2019	0.0	0.0	0.0	0.0	0.46	0.368	kg eCO2/euro	macro	purchases	AIR TREATMENT : CONSUMABLES AND SPARE PARTS FOR EQUIPMENT	0.46			0.18					JA12
	Matériel et instruments de laboratoire	JA13	euro	TRAITEMENT DE L'EAU : MATERIEL DE PURIFICATION D'EAU ET ACCESSOIRES	2019	0.0	0.0	0.0	0.0	0.34	0.272	kg eCO2/euro	macro	purchases	WATER TREATMENT : WATER PURIFICATION EQUIPMENT AND ACCESSORIES	0.34			0.32					UC24
	Consommables (Matières premières, produits chimiques/biologiques et organismes vivants)	JA14	euro	TRAITEMENT DE L'EAU : CONSOMMABLES ET PIECES DETACHEES	2019	0.0	0.0	0.0	0.0	0.44	0.352	kg eCO2/euro	macro	purchases	WATER TREATMENT : CONSUMABLES AND SPARE PARTS	0.44			0.22					JA14
	Réparations et maintenance	JB01	euro	TRAITEMENT DE L'AIR : REPARATION ET MAINTECE EQUIPEMENTS (SALLE BLANCHE,_x001A_)	2019	0.0	0.0	0.0	0.0	0.24	0.192	kg eCO2/euro	macro	purchases	AIR TREATMENT : REPAIR AND MAINTENANCE OF EQUIPMENT (CLEAN ROOM,...)	0.24			0.13					UF43
	Réparations et maintenance	JB11	euro	TRAITEMENT DE L'EAU : REPARATION ET MAINTECE DES EQUIPEMENTS (OSMOSEURS,_x001A_)	2019	0.0	0.0	0.0	0.0	0.24	0.192	kg eCO2/euro	macro	purchases	WATER TREATMENT: REPAIR AND MAINTENANCE OF EQUIPMENT (OSMOSIS,...)	0.24			0.13					UF43
	Consommables (Matières premières, produits chimiques/biologiques et organismes vivants)	KA01	euro	RATS ET LIGNEES ENTRETENUES DE RATS	2019	0.0	0.0	0.0	0.0	0.2	0.16	kg eCO2/euro	meso	purchases	RATS AND MAINTAINED LINES OF RATS	0.99	0.2		0.16			MKA0	Emission factor Charles river (Scope 1+2+3)/revenue	KA34
	Consommables (Matières premières, produits chimiques/biologiques et organismes vivants)	KA02	euro	SOURIS ET LIGNEES ENTRETENUES DE SOURIS	2019	0.0	0.0	0.0	0.0	0.2	0.16	kg eCO2/euro	meso	purchases	MICE AND MAINTAINED LINES OF MICE	0.99	0.2		0.16			MKA0	Emission factor Charles river (Scope 1+2+3)/revenue	KA34
	Consommables (Matières premières, produits chimiques/biologiques et organismes vivants)	KA03	euro	COBAYES ET LIGNEES ENTRETENUES DE COBAYES	2019	0.0	0.0	0.0	0.0	0.2	0.16	kg eCO2/euro	meso	purchases	GUINEA PIGS AND MAINTAINED LINES OF GUINEA PIGS	0.99	0.2		0.16			MKA0	Emission factor Charles river (Scope 1+2+3)/revenue	KA34
	Consommables (Matières premières, produits chimiques/biologiques et organismes vivants)	KA04	euro	LAPINS ET LIGNEES ENTRETENUES DE LAPINS	2019	0.0	0.0	0.0	0.0	0.2	0.16	kg eCO2/euro	meso	purchases	RABBITS AND TENDED LINES OF RABBITS	0.99	0.2		0.16			MKA0	Emission factor Charles river (Scope 1+2+3)/revenue	KA34
	Consommables (Matières premières, produits chimiques/biologiques et organismes vivants)	KA05	euro	AUTRES RONGEURS ET PETITS MAMMIFERES (CHIENS, CHATS,_x001A_)	2019	0.0	0.0	0.0	0.0	0.2	0.16	kg eCO2/euro	meso	purchases	OTHER RODENTS AND SMALL MAMMALS (DOGS, CATS,...)	0.99	0.2		0.16			MKA0	Emission factor Charles river (Scope 1+2+3)/revenue	KA34
	Consommables (Matières premières, produits chimiques/biologiques et organismes vivants)	KA11	euro	PRIMATES ET LIGNEES ENTRETENUES DE PRIMATES	2019	0.0	0.0	0.0	0.0	0.2	0.16	kg eCO2/euro	meso	purchases	PRIMATES AND MAINTAINED LINES OF PRIMATES	0.99	0.2		0.16			MKA0	Emission factor Charles river (Scope 1+2+3)/revenue	KA15
	Consommables (Matières premières, produits chimiques/biologiques et organismes vivants)	KA12	euro	BOVINS ET LIGNEES ENTRETENUES DE BOVINS	2019	0.0	0.0	0.0	0.0	0.2	0.16	kg eCO2/euro	meso	purchases	CATTLE AND TENDED LINES OF CATTLE	1.7	0.2		0.16			MKA0	Emission factor Charles river (Scope 1+2+3)/revenue	KA12
	Consommables (Matières premières, produits chimiques/biologiques et organismes vivants)	KA13	euro	OVINS, CAPRINS ET LIGNEES ENTRETENUES D'OVINS ET CAPRINS	2019	0.0	0.0	0.0	0.0	0.2	0.16	kg eCO2/euro	meso	purchases	SHEEP, GOATS AND MAINTAINED LINES OF SHEEP AND GOATS	1.7	0.2		0.16			MKA0	Emission factor Charles river (Scope 1+2+3)/revenue	KA15
	Consommables (Matières premières, produits chimiques/biologiques et organismes vivants)	KA14	euro	PORCINS ET LIGNEES ENTRETENUES DE PORCINS	2019	0.0	0.0	0.0	0.0	0.2	0.16	kg eCO2/euro	meso	purchases	PIGS AND MAINTAINED LINES OF PIGS	0.99	0.2		0.16			MKA0	Emission factor Charles river (Scope 1+2+3)/revenue	KA15
	Consommables (Matières premières, produits chimiques/biologiques et organismes vivants)	KA15	euro	AUTRES GROS MAMMIFERES (EQUIDES_x001A_)	2019	0.0	0.0	0.0	0.0	0.2	0.16	kg eCO2/euro	meso	purchases	OTHER LARGE MAMMALS (HORSES, ETC.)	0.99	0.2		0.16			MKA0	Emission factor Charles river (Scope 1+2+3)/revenue	KA15
	Consommables (Matières premières, produits chimiques/biologiques et organismes vivants)	KA21	euro	VOLAILLES ET LIGNEES ENTRETENUES DE VOLAILLES	2019	0.0	0.0	0.0	0.0	0.2	0.16	kg eCO2/euro	meso	purchases	POULTRY AND POULTRY MEAT	0.96	0.2		0.16			MKA0	Emission factor Charles river (Scope 1+2+3)/revenue	KA15
	Consommables (Matières premières, produits chimiques/biologiques et organismes vivants)	KA22	euro	OEUFS D'OISEAUX	2019	0.0	0.0	0.0	0.0	0.2	0.16	kg eCO2/euro	meso	purchases	EGGS OF BIRDS	0.96	0.2		0.16			MKA0	Emission factor Charles river (Scope 1+2+3)/revenue	KA15
	Consommables (Matières premières, produits chimiques/biologiques et organismes vivants)	KA23	euro	AUTRES OISEAUX QUE VOLAILLES	2019	0.0	0.0	0.0	0.0	0.2	0.16	kg eCO2/euro	meso	purchases	OTHER BIRDS THAN POULTRY	0.96	0.2		0.16			MKA0	Emission factor Charles river (Scope 1+2+3)/revenue	KA15
	Consommables (Matières premières, produits chimiques/biologiques et organismes vivants)	KA31	euro	AMPHIBIENS ET LIGNEES ENTRETENUES D'AMPHIBIENS	2019	0.0	0.0	0.0	0.0	0.2	0.16	kg eCO2/euro	meso	purchases	AMPHIBIANS AND MAINTAINED LINES OF AMPHIBIANS	0.99	0.2		0.16			MKA0	Emission factor Charles river (Scope 1+2+3)/revenue	KA34
	Consommables (Matières premières, produits chimiques/biologiques et organismes vivants)	KA32	euro	POISSONS ET LIGNEES ENTRETENUES DE POISSONS	2019	0.0	0.0	0.0	0.0	0.2	0.16	kg eCO2/euro	meso	purchases	FISH AND NURSED LINES OF FISH	0.99	0.2		0.16			MKA0	Emission factor Charles river (Scope 1+2+3)/revenue	KA34
	Consommables (Matières premières, produits chimiques/biologiques et organismes vivants)	KA33	euro	INSECTES, ARACHNIDES ET LIGNEES ENTRETENUES D'INSECTES ET ARACHNIDES	2019	0.0	0.0	0.0	0.0	0.2	0.16	kg eCO2/euro	meso	purchases	INSECTS, ARACHNIDS AND TENDED LINES OF INSECTS AND ARACHNIDS	0.99	0.2		0.16			MKA0	Emission factor Charles river (Scope 1+2+3)/revenue	KA34
	Consommables (Matières premières, produits chimiques/biologiques et organismes vivants)	KA34	euro	AUTRES ANIMAUX (CRUSTACES, MOLLUSQUES, REPTILES_x001A_)	2019	0.0	0.0	0.0	0.0	0.2	0.16	kg eCO2/euro	meso	purchases	OTHER ANIMALS (CRUSTACEANS, MOLLUSCS, REPTILES...)	0.99	0.2		0.16			MKA0	Emission factor Charles river (Scope 1+2+3)/revenue	KA34
	Consommables (Matières premières, produits chimiques/biologiques et organismes vivants)	KA41	euro	ANIMAUX SANS FINALITE EXPERIMENTALE (CHEVAUX D'EQUITATION,_x001A_)	2019	0.0	0.0	0.0	0.0	2.5	2.0	kg eCO2/euro	macro	purchases	ANIMALS WITHOUT EXPERIMENTAL PURPOSES (RIDING HORSES,...)	2.5			1.4					KA41
	Consommables (Matières premières, produits chimiques/biologiques et organismes vivants)	KB01	euro	ALIMENTS NON COMPOSES POUR RONGEURS ET PETITS MAMMIFERES	2019	0.0	0.0	0.0	0.0	1.3	1.04	kg eCO2/euro	macro	purchases	NON-COMPOUND FEED FOR RODENTS AND SMALL MAMMALS	1.3			0.9					KB41
	Consommables (Matières premières, produits chimiques/biologiques et organismes vivants)	KB02	euro	ALIMENTS COMPOSES POUR RONGEURS ET PETITS MAMMIFERES	2019	0.0	0.0	0.0	0.0	0.85	0.68	kg eCO2/euro	macro	purchases	COMPOUND FEED FOR RODENTS AND SMALL MAMMALS	0.85			0.17					KB31
	Consommables (Matières premières, produits chimiques/biologiques et organismes vivants)	KB03	euro	COMPLEMENTS VITAMINIQUES ET OLIGO-ELEMENTS POUR RONGEURS ET PETITS MAMMIFERES	2019	0.0	0.0	0.0	0.0	0.68	0.544	kg eCO2/euro	macro	purchases	VITAMIN AND TRACE ELEMENT SUPPLEMENTS FOR RODENTS AND SMALL MAMMALS	0.68			0.19					KB03
	Consommables (Matières premières, produits chimiques/biologiques et organismes vivants)	KB11	euro	ALIMENTS ORIG. ANIMALE COMPOS., CONDITION. OU TRANSF. PR GROS MAMMIF. ET OISEAUX	2019	0.0	0.0	0.0	0.0	0.85	0.68	kg eCO2/euro	macro	purchases	COMPOUNDED, PACKAGED OR PROCESSED ANIMAL ORIGIN COMPOUNDED, PACKAGED OR PROCESSED FOODS FOR LARGE MAMMALS AND BIRDS. OR PROCESSED FOR LARGE MAMMALS AND BIRDS	0.85			0.17					KB31
	Consommables (Matières premières, produits chimiques/biologiques et organismes vivants)	KB12	euro	ALIMENTS VEGETAUX COMPOSES, CONDITIONNES OU TRANSF. PR GROS MAMMIF. ET OISEAUX	2019	0.0	0.0	0.0	0.0	0.85	0.68	kg eCO2/euro	macro	purchases	COMPOUNDED, PACKAGED OR PROCESSED VEGETABLE FEEDS FOR LARGE MAMMALS AND BIRDS FOR LARGE MAMMALS AND BIRDS	0.85			0.17					KB31
	Consommables (Matières premières, produits chimiques/biologiques et organismes vivants)	KB13	euro	COMPLEMENTS ALIMENTAIRES POUR GROS MAMMIFERES ET OISEAUX	2019	0.0	0.0	0.0	0.0	0.85	0.68	kg eCO2/euro	macro	purchases	FOOD SUPPLEMENTS FOR LARGE MAMMALS AND BIRDS	0.85			0.17					KB31
	Consommables (Matières premières, produits chimiques/biologiques et organismes vivants)	KB21	euro	ALIMENTS POUR PRIMATES FRUITS ET LEGUMES POUR L'ALIMENTATION DES ANIMAUX	2019	0.0	0.0	0.0	0.0	1.3	1.04	kg eCO2/euro	macro	purchases	FOOD FOR PRIMATES FRUITS AND VEGETABLES FOR ANIMAL FEED	1.3			0.9					KB41
	Consommables (Matières premières, produits chimiques/biologiques et organismes vivants)	KB22	euro	ALIMENTS RECOLTES POUR GROS MAMMIFERES ET OISEAUX (GRAIN, FOURRAGE,...)	2019	0.0	0.0	0.0	0.0	1.3	1.04	kg eCO2/euro	macro	purchases	HARVESTED FEED FOR LARGE MAMMALS AND BIRDS (GRAIN, FODDER,...)	1.3			0.9					KB41
	Consommables (Matières premières, produits chimiques/biologiques et organismes vivants)	KB23	euro	VIANDES ET POISSONS POUR L'ALIMENTATION DES ANIMAUX	2019	0.0	0.0	0.0	0.0	1.3	1.04	kg eCO2/euro	macro	purchases	MEAT AND FISH FOR ANIMAL FEED	1.3			0.9					KB41
	Consommables (Matières premières, produits chimiques/biologiques et organismes vivants)	KB24	euro	PETITS ANIMAUX VIVANTS POUR L'ALIMENTATION DES ANIMAUX	2019	0.0	0.0	0.0	0.0	1.3	1.04	kg eCO2/euro	macro	purchases	SMALL LIVE ANIMALS FOR ANIMAL FEED	1.3			0.9					KB41
	Consommables (Matières premières, produits chimiques/biologiques et organismes vivants)	KB31	euro	ALIMENTS POUR AUTRES ANIMAUX (POISSONS, BATRACIENS, ETC.)	2019	0.0	0.0	0.0	0.0	0.85	0.68	kg eCO2/euro	macro	purchases	FEED FOR OTHER ANIMALS (FISH, AMPHIBIANS, ETC.)	0.85			0.17					KB31
	Consommables (Matières premières, produits chimiques/biologiques et organismes vivants)	KB41	euro	MATIERES PREMIERES POUR LA FABRICATION D'ALIMENTS POUR ANIMAUX	2019	0.0	0.0	0.0	0.0	1.3	1.04	kg eCO2/euro	macro	purchases	RAW MATERIALS FOR THE MANUFACTURE OF ANIMAL FEED	1.3			0.9					KB41
	Matériel et instruments de laboratoire	KC01	euro	EQUIPEMENTS ET CONSOMMABLES D'IDENTIFICATION DES ANIMAUX (MARQUAGE)	2019	0.0	0.0	0.0	0.0	0.31	0.248	kg eCO2/euro	macro	purchases	ANIMAL IDENTIFICATION EQUIPMENT AND CONSUMABLES (MARKING)	0.31			0.06					KC01
	Matériel et instruments de laboratoire	KC11	euro	EQUIPEMENTS DE CONTENTION (CAGES...) ET ACCESSOIRES D'ANIMALERIE	2019	0.0	0.0	0.0	0.0	0.51	0.408	kg eCO2/euro	macro	purchases	RESTRAINT EQUIPMENT (CAGES...) AND ACCESSORIES FOR ANIMAL HOUSES	0.51			0.34					KC12
	Matériel et instruments de laboratoire	KC12	euro	EQUIPEMENTS DE CONTENTION DES GROS MAMMIFERES	2019	0.0	0.0	0.0	0.0	0.51	0.408	kg eCO2/euro	macro	purchases	RESTRAINT EQUIPMENT FOR LARGE MAMMALS	0.51			0.34					KC12
	Matériel et instruments de laboratoire	KC13	euro	EQUIPEMENTS DE CONTENTION DES POISSONS, REPTILES ET BATRACIENS	2019	0.0	0.0	0.0	0.0	0.65	0.52	kg eCO2/euro	macro	purchases	EQUIPMENT FOR FISH, REPTILES AND AMPHIBIANS	0.65			0.31					KC13
	Consommables (Matières premières, produits chimiques/biologiques et organismes vivants)	KC21	euro	LITIERE	2019	0.0	0.0	0.0	0.0	0.48	0.384	kg eCO2/euro	macro	purchases	LITTER	0.48			0.08					KC21
	Matériel et instruments de laboratoire	KC22	euro	MATERIEL DE LAVAGE ET DESINFECTION DES ANIMALERIES ET MILIEUX D'ELEVAGE	2019	0.0	0.0	0.0	0.0	0.85	0.68	kg eCO2/euro	macro	purchases	WASHING AND DISINFECTION EQUIPMENT FOR ANIMAL HOUSES AND BREEDING ENVIRONMENTS	0.85			0.65					KC22
	Consommables (Matières premières, produits chimiques/biologiques et organismes vivants)	KC23	euro	CONSOMMABLES D'HYGIENE ET DE SOIN DES ANIMAUX	2019	0.0	0.0	0.0	0.0	0.43	0.344	kg eCO2/euro	macro	purchases	CONSUMABLES FOR HYGIENE AND ANIMAL CARE	0.43			0.16					KC23
	Consommables (Matières premières, produits chimiques/biologiques et organismes vivants)	KC24	euro	CONSOMMABLES ET PRODUITS VETERINAIRES	2019	0.0	0.0	0.0	0.0	0.36	0.288	kg eCO2/euro	macro	purchases	VETERINARY CONSUMABLES AND PRODUCTS	0.36			0.19					KC24
	Matériel et instruments de laboratoire	KC25	euro	MATERIELS POUR L'ENTRETIEN ET LE SOIN DES ANIMAUX	2019	0.0	0.0	0.0	0.0	0.48	0.384	kg eCO2/euro	macro	purchases	MATERIALS FOR THE MAINTENANCE AND CARE OF ANIMALS	0.48			0.01					KC25
	Matériel et instruments de laboratoire	KC31	euro	MATERIEL DE PREPARATION ET DE DISTRIBUTION D'ALIMENTS POUR ANIMAUX	2019	0.0	0.0	0.0	0.0	0.39	0.3120000000000001	kg eCO2/euro	macro	purchases	EQUIPMENT FOR THE PREPARATION AND DISTRIBUTION OF ANIMAL FEED	0.39			0.12					KC32
	Matériel et instruments de laboratoire	KC32	euro	MATERIEL POUR LA CONSERVATION D'ALIMENTS POUR ANIMAUX	2019	0.0	0.0	0.0	0.0	0.39	0.3120000000000001	kg eCO2/euro	macro	purchases	EQUIPMENT FOR THE CONSERVATION OF ANIMAL FEED	0.39			0.12					KC32
	Matériel et instruments de laboratoire	KC41	euro	VETEMENTS ET EQUIPEMENTS POUR L'EQUITATION	2019	0.0	0.0	0.0	0.0	0.68	0.544	kg eCO2/euro	macro	purchases	CLOTHING AND EQUIPMENT FOR HORSE RIDING	0.68			0.11					KC41
	Matériel et instruments de laboratoire	KC42	euro	MATERIELS ET CONSOMMABLES DE TRAITE, ABATTAGE, CRIBLAGE_x001A_	2019	0.0	0.0	0.0	0.0	0.42	0.336	kg eCO2/euro	macro	purchases	EQUIPMENT AND CONSUMABLES FOR MILKING, SLAUGHTERING, SCREENING, ETC.	0.42			0.07					KC42
	Matériel et instruments de laboratoire	KC51	euro	MATERIELS ET CONSOMMABLES POUR L'ETUDE DU COMPORTEMENT ANIMAL	2019	0.0	0.0	0.0	0.0	0.35	0.28	kg eCO2/euro	macro	purchases	EQUIPMENT AND CONSUMABLES FOR THE STUDY OF ANIMAL BEHAVIOUR	0.35			0.13					KC51
	Consommables (Matières premières, produits chimiques/biologiques et organismes vivants)	KD01	euro	SUBSTANCES ACTIVES MEDICAMENTEUSES VETERINAIRES NATURELLES	2019	0.0	0.0	0.0	0.0	0.41	0.328	kg eCO2/euro	macro	purchases	NATURAL VETERINARY MEDICINAL ACTIVE SUBSTANCES	0.41			0.17					LA12
	Consommables (Matières premières, produits chimiques/biologiques et organismes vivants)	KD02	euro	SUBSTANCES ACTIVES MEDICAMENTEUSES VETERINAIRES SYNTHETIQUES	2019	0.0	0.0	0.0	0.0	0.41	0.328	kg eCO2/euro	macro	purchases	SYNTHETIC VETERINARY MEDICINAL ACTIVE SUBSTANCES	0.41			0.17					LA12
	Consommables (Matières premières, produits chimiques/biologiques et organismes vivants)	KD03	euro	EXCIPIENTS VETERINAIRES D'ORIGINE NATURELLE	2019	0.0	0.0	0.0	0.0	0.41	0.328	kg eCO2/euro	macro	purchases	VETERINARY EXCIPIENTS OF NATURAL ORIGIN	0.41			0.17					LA12
	Consommables (Matières premières, produits chimiques/biologiques et organismes vivants)	KD04	euro	EXCIPIENTS VETERINAIRES D'ORIGINE SYNTHETIQUE	2019	0.0	0.0	0.0	0.0	0.41	0.328	kg eCO2/euro	macro	purchases	VETERINARY EXCIPIENTS OF SYNTHETIC ORIGIN	0.41			0.17					LA12
	Consommables (Matières premières, produits chimiques/biologiques et organismes vivants)	KD05	euro	MEDICAMENTS ET PREPARATIONS MEDICAMENTEUSES A DESTINATION ANIMALE	2019	0.0	0.0	0.0	0.0	0.41	0.328	kg eCO2/euro	macro	purchases	MEDICINAL PRODUCTS AND PREPARATIONS FOR ANIMAL USE	0.41			0.17					LA12
	Consommables (Matières premières, produits chimiques/biologiques et organismes vivants)	KD11	euro	VACCINS POUR EXPERIMENTATION ANIMALE	2019	0.0	0.0	0.0	0.0	0.41	0.328	kg eCO2/euro	macro	purchases	VACCINES FOR ANIMAL EXPERIMENTATION	0.41			0.17					LA12
	Consommables (Matières premières, produits chimiques/biologiques et organismes vivants)	KD12	euro	ADDITIFS POUR VACCINS POUR EXPERIMENTATION ANIMALE	2019	0.0	0.0	0.0	0.0	0.41	0.328	kg eCO2/euro	macro	purchases	ADDITIVES FOR ANIMAL TESTING VACCINES	0.41			0.17					LA12
	Consommables (Matières premières, produits chimiques/biologiques et organismes vivants)	KD21	euro	CONSOMMABLES ET PRODUITS DE SOINS POUR EXPERIMENTATION ANIMALE	2019	0.0	0.0	0.0	0.0	0.45	0.36	kg eCO2/euro	macro	purchases	CONSUMABLES AND CARE PRODUCTS FOR ANIMAL EXPERIMENTATION	0.45			0.16					KD21
	Matériel et instruments de laboratoire	KE01	euro	EQUIPEMENTS D'IMAGERIE ANIMALE	2019	0.0	0.0	0.0	0.0	0.31	0.248	kg eCO2/euro	macro	purchases	ANIMAL IMAGING EQUIPMENT	0.31			0.14					KE01
	Consommables (Matières premières, produits chimiques/biologiques et organismes vivants)	KE02	euro	CONSOMMABLES D'IMAGERIE ANIMALE	2019	0.0	0.0	0.0	0.0	0.52	0.416	kg eCO2/euro	macro	purchases	ANIMAL IMAGING CONSUMABLES	0.52			0.37					KE02
	Matériel et instruments de laboratoire	KE11	euro	MATERIELS D'ANESTHESIE	2019	0.0	0.0	0.0	0.0	0.32	0.256	kg eCO2/euro	macro	purchases	ANAESTHESIA EQUIPMENT	0.32			0.16					KE11
	Matériel et instruments de laboratoire	KE12	euro	MATERIELS CHIRUGICAUX ET DE TECHNIQUES OPERATOIRES ANIMALES	2019	0.0	0.0	0.0	0.0	0.35	0.28	kg eCO2/euro	macro	purchases	SURGICAL AND OPERATING TECHNIQUE EQUIPMENT FOR ANIMALS	0.35			0.21					KE12
	Consommables (Matières premières, produits chimiques/biologiques et organismes vivants)	KE13	euro	CONSOMMABLES D'ANESTHESIE ET DE TECHNIQUES OPERATOIRES ANIMALES	2019	0.0	0.0	0.0	0.0	0.4	0.3200000000000001	kg eCO2/euro	macro	purchases	ANAESTHESIA AND ANIMAL SURGERY CONSUMABLES	0.4			0.16					KE22
	Matériel et instruments de laboratoire	KE21	euro	MATERIELS CARDIOVASCULAIRES, RENAUX ET RESPIRATOIRES	2019	0.0	0.0	0.0	0.0	0.29	0.232	kg eCO2/euro	macro	purchases	CARDIOVASCULAR, RENAL AND RESPIRATORY EQUIPMENT	0.29			0.1					KE23
	Consommables (Matières premières, produits chimiques/biologiques et organismes vivants)	KE22	euro	CONSOMMABLES POUR EQUIPEMENTS D'EXPERIMENTATION ANIMALE	2019	0.0	0.0	0.0	0.0	0.4	0.3200000000000001	kg eCO2/euro	macro	purchases	CONSUMABLES FOR ANIMAL TESTING EQUIPMENT	0.4			0.16					KE22
	Matériel et instruments de laboratoire	KE23	euro	AUTRES EQUIPEMENTS D'INVESTIGATION ANIMALE	2019	0.0	0.0	0.0	0.0	0.29	0.232	kg eCO2/euro	macro	purchases	OTHER ANIMAL INVESTIGATION EQUIPMENT	0.29			0.1					KE23
	Matériel et instruments de laboratoire	KE31	euro	AUTRES EQUIPEMENTS ET CONSOMMABLES D'EXPERIMENTATION ANIMALE	2019	0.0	0.0	0.0	0.0	0.36	0.288	kg eCO2/euro	macro	purchases	OTHER ANIMAL INVESTIGATION EQUIPMENT AND CONSUMABLES	0.36			0.14					KE23
	Matériel et instruments de laboratoire	KE41	euro	EQUIPEMENTS ET CONSOMMABLES POUR L'EXPLOITATION ANIMALE	2019	0.0	0.0	0.0	0.0	0.34	0.272	kg eCO2/euro	macro	purchases	EQUIPMENT AND CONSUMABLES FOR ANIMAL EXPLOITATION	0.34			0.15					KE23
	Consommables (Matières premières, produits chimiques/biologiques et organismes vivants)	KE51	euro	MATERIELS ET CONSOMMABLES POUR L'ETUDE DU COMPORTEMENT ANIMAL	2019	0.0	0.0	0.0	0.0	0.34	0.272	kg eCO2/euro	macro	purchases	EQUIPMENT AND CONSUMABLES FOR THE STUDY OF ANIMAL BEHAVIOUR	0.34			0.15					KE23
	Réparations et maintenance	KF01	euro	MAINTECE REPAR. CONTR_x001A_LE MATERIEL DE DESINFECT. ET LAVAGE DES ANIMALERIES	2019	0.0	0.0	0.0	0.0	0.21	0.168	kg eCO2/euro	macro	purchases	MAINTECE REPAR. CONTROL OF DISINFECTION EQUIPMENT AND WASHING OF ANIMAL HOUSES	0.21			0.16					UG43
	Réparations et maintenance	KF02	euro	MAINTECE ET REPARATION DES AUTRES EQUIPEMENTS D'ELEVAGE ANIMAL	2019	0.0	0.0	0.0	0.0	0.21	0.168	kg eCO2/euro	macro	purchases	REPAIR AND MAINTENANCE OF OTHER ANIMAL HUSBANDRY EQUIPMENT	0.21			0.16					UG43
	Réparations et maintenance	KF03	euro	MAINTECE ET REPARATION DES MATERIELS POUR L'ETUDE DES ANIMAUX	2019	0.0	0.0	0.0	0.0	0.21	0.168	kg eCO2/euro	macro	purchases	MAINTENANCE AND REPAIR OF ANIMAL STUDY EQUIPMENT	0.21			0.16					UG43
	Réparations et maintenance	KF11	euro	MAINTECE ET REPARATION DES MATERIELS D'IMAGERIE ANIMALE	2019	0.0	0.0	0.0	0.0	0.21	0.168	kg eCO2/euro	macro	purchases	MANUFACTURE AND REPAIR OF ANIMAL IMAGING EQUIPMENT	0.21			0.16					UG43
	Réparations et maintenance	KF12	euro	MAINTECE ET REPARATION DES MATERIELS D'ANESTHESIE ET DE TECHNIQ. OPERATOIRES	2019	0.0	0.0	0.0	0.0	0.21	0.168	kg eCO2/euro	macro	purchases	MANUFACTURE AND REPAIR OF ANAESTHESIA AND OPERATIVE TECHNIQ. OPERATORS	0.21			0.16					UG43
	Réparations et maintenance	KF13	euro	MAINTECE ET REPARATION DES MATERIELS D'INVESTIGATION ANIMALE	2019	0.0	0.0	0.0	0.0	0.21	0.168	kg eCO2/euro	macro	purchases	MAINTENANCE AND REPAIR OF ANIMAL INVESTIGATION EQUIPMENT	0.21			0.16					UG43
	Réparations et maintenance	KF14	euro	MAINTECE ET REPARATION DES AUTRES MATERIELS D'EXPERIMENTATION ANIMALE	2019	0.0	0.0	0.0	0.0	0.21	0.168	kg eCO2/euro	macro	purchases	MAINTENANCE AND REPAIR OF OTHER ANIMAL EXPERIMENTATION EQUIPMENT	0.21			0.16					UG43
	Services	KG01	euro	SERVICES D'EXTERNALISATION DE LA GESTION D'UNE ANIMALERIE	2019	0.0	0.0	0.0	0.0	0.18	0.144	kg eCO2/euro	macro	purchases	OUTSOURCING SERVICES FOR THE MANAGEMENT OF A PET SHOP	0.18			0.04					KG04
	Services	KG02	euro	CONTROLES SANITAIRES ET ANALYSES VETERINAIRES	2019	0.0	0.0	0.0	0.0	0.16	0.128	kg eCO2/euro	macro	purchases	HEALTH CONTROLS AND VETERINARY ANALYSIS	0.16			0.05					KG04
	Services	KG03	euro	SERVICES RELATIFS A LA REPRODUCTION DES ANIMAUX	2019	0.0	0.0	0.0	0.0	0.16	0.128	kg eCO2/euro	macro	purchases	ANIMAL REPRODUCTION SERVICES	0.16			0.05					KG04
	Services	KG04	euro	AUTRES SERVICES VETERINAIRES	2019	0.0	0.0	0.0	0.0	0.16	0.128	kg eCO2/euro	macro	purchases	OTHER VETERINARY SERVICES	0.16			0.05					KG04
	Services	KG05	euro	AUTRES SERVICES RELATIFS A L'ELEVAGE DES ANIMAUX	2019	0.0	0.0	0.0	0.0	0.18	0.144	kg eCO2/euro	macro	purchases	OTHER ANIMAL HUSBANDRY SERVICES	0.18			0.04					KG04
	Services	KG06	euro	SERVICES RELATIFS A LA CRYOCONSERVATION	2019	0.0	0.0	0.0	0.0	0.18	0.144	kg eCO2/euro	macro	purchases	SERVICES RELATED TO CRYOPRESERVATION	0.18			0.04					KG04
	Services	KG11	euro	SERVICES D'IMAGERIE ANIMALE	2019	0.0	0.0	0.0	0.0	0.18	0.144	kg eCO2/euro	macro	purchases	ANIMAL IMAGING SERVICES	0.18			0.04					KG04
	Services	KG12	euro	AUTRES SERVICES D'EXPERIMENTATION ANIMALE	2019	0.0	0.0	0.0	0.0	0.18	0.144	kg eCO2/euro	macro	purchases	OTHER ANIMAL TESTING SERVICES	0.18			0.04					KG04
	Consommables (Matières premières, produits chimiques/biologiques et organismes vivants)	LA01	euro	SUBSTANCES ACTIVES MEDICAMENTEUSES NATURELLES	2019	0.0	0.0	0.0	0.0	0.19	0.152	kg eCO2/euro	meso	purchases	NATURAL MEDICINAL ACTIVE SUBSTANCES	0.41	0.19		0.15			MLA01	Mygreenlab	LA12
	Consommables (Matières premières, produits chimiques/biologiques et organismes vivants)	LA02	euro	SUBSTANCES ACTIVES MEDICAMENTEUSES SYNTHETIQUES	2019	0.0	0.0	0.0	0.0	0.19	0.152	kg eCO2/euro	meso	purchases	SYNTHETIC MEDICINAL ACTIVE SUBSTANCES	0.41	0.19		0.15			MLA01	Mygreenlab	LA12
	Consommables (Matières premières, produits chimiques/biologiques et organismes vivants)	LA03	euro	EXCIPIENTS D'ORIGINE NATURELLE	2019	0.0	0.0	0.0	0.0	0.19	0.152	kg eCO2/euro	meso	purchases	EXCIPIENTS OF NATURAL ORIGIN	0.41	0.19		0.15			MLA01	Mygreenlab	LA12
	Consommables (Matières premières, produits chimiques/biologiques et organismes vivants)	LA04	euro	EXCIPIENTS D'ORIGINE SYNTHETIQUE	2019	0.0	0.0	0.0	0.0	0.19	0.152	kg eCO2/euro	meso	purchases	EXCIPIENTS OF SYNTHETIC ORIGIN	0.41	0.19		0.15			MLA01	Mygreenlab	LA12
	Consommables (Matières premières, produits chimiques/biologiques et organismes vivants)	LA05	euro	MEDICAMENTS ET PREPARATIONS MEDICAMENTEUSES	2019	0.0	0.0	0.0	0.0	0.19	0.152	kg eCO2/euro	meso	purchases	MEDICINES AND MEDICAL PREPARATIONS	0.41	0.19		0.15			MLA01	Mygreenlab	LA12
	Consommables (Matières premières, produits chimiques/biologiques et organismes vivants)	LA11	euro	VACCINS	2019	0.0	0.0	0.0	0.0	0.19	0.152	kg eCO2/euro	meso	purchases	VACCINES	0.41	0.19		0.15			MLA01	Mygreenlab	LA12
	Consommables (Matières premières, produits chimiques/biologiques et organismes vivants)	LA12	euro	ADDITIFS POUR VACCINS	2019	0.0	0.0	0.0	0.0	0.19	0.152	kg eCO2/euro	meso	purchases	ADDITIVES FOR VACCINES	0.41	0.19		0.15			MLA01	Mygreenlab	LA12
	Matériel et instruments de laboratoire	LB01	euro	EQUIPEMENTS DE CABINETS MEDICAUX, Y COMPRIS POUR MEDECINE DU TRAVAIL	2019	0.0	0.0	0.0	0.0	0.3	0.24	kg eCO2/euro	macro	purchases	MEDICAL PRACTICE EQUIPMENT, INCLUDING FOR OCCUPATIONAL MEDICINE	0.3			0.13					LB32
	Matériel et instruments de laboratoire	LB02	euro	PETIT MATERIEL POUR CABINETS MEDICAUX, Y COMPRIS POUR MEDECINE DU TRAVAIL	2019	0.0	0.0	0.0	0.0	0.35	0.28	kg eCO2/euro	macro	purchases	SMALL EQUIPMENT FOR MEDICAL PRACTICES, INCLUDING FOR OCCUPATIONAL MEDICINE	0.35			0.21					LB02
	Consommables (Matières premières, produits chimiques/biologiques et organismes vivants)	LB03	euro	PRODUITS ET CONSOMMABLES DE SOINS MEDICAUX	2019	0.0	0.0	0.0	0.0	0.39	0.3120000000000001	kg eCO2/euro	macro	purchases	MEDICAL CARE PRODUCTS AND CONSUMABLES	0.39			0.1					LB33
	Matériel et instruments de laboratoire	LB11	euro	EQUIPEMENTS D'IMAGERIE MEDICALE (IRM, SCANNER,...)	2019	0.0	0.0	0.0	0.0	0.29	0.232	kg eCO2/euro	macro	purchases	MEDICAL IMAGING EQUIPMENT (MRI, SCANNER,...)	0.29			0.14					LB31
	Consommables (Matières premières, produits chimiques/biologiques et organismes vivants)	LB12	euro	CONSOMMABLES POUR LES EQUIPEMENTS D'IMAGERIE MEDICALE	2019	0.0	0.0	0.0	0.0	0.53	0.424	kg eCO2/euro	macro	purchases	CONSUMABLES FOR MEDICAL IMAGING EQUIPMENT	0.53			0.33					LB12
	Matériel et instruments de laboratoire	LB21	euro	EQUIPEMENTS D'ANESTHESIE ET DE TECHNIQUES OPERATOIRES	2019	0.0	0.0	0.0	0.0	0.39	0.3120000000000001	kg eCO2/euro	macro	purchases	ANAESTHESIA AND OPERATING TECHNIQUES EQUIPMENT	0.39			0.29					LB21
	Consommables (Matières premières, produits chimiques/biologiques et organismes vivants)	LB22	euro	CONSOMMABLES D'ANESTHESIE ET DE TECHNIQUES OPERATOIRES	2019	0.0	0.0	0.0	0.0	0.39	0.3120000000000001	kg eCO2/euro	macro	purchases	CONSUMABLES FOR ANAESTHESIA AND OPERATING TECHNIQUES	0.39			0.1					LB33
	Matériel et instruments de laboratoire	LB31	euro	MATERIEL D'INVESTIGATION CARDIOVASCUL., RENALE ET RESPIRAT.	2019	0.0	0.0	0.0	0.0	0.29	0.232	kg eCO2/euro	macro	purchases	CARDIOVASCULAR, RENAL AND RESPIRATORY INVESTIGATION EQUIPMENT	0.29			0.14					LB31
	Matériel et instruments de laboratoire	LB32	euro	AUTRES EQUIPEMENTS D'INVESTIGATION CLINIQUE	2019	0.0	0.0	0.0	0.0	0.3	0.24	kg eCO2/euro	macro	purchases	OTHER CLINICAL INVESTIGATION EQUIPMENT	0.3			0.13					LB32
	Consommables (Matières premières, produits chimiques/biologiques et organismes vivants)	LB33	euro	CONSOMMABLES ET REACTIFS D'INVESTIGATION CLINIQUE	2019	0.0	0.0	0.0	0.0	0.39	0.3120000000000001	kg eCO2/euro	macro	purchases	CLINICAL INVESTIGATION CONSUMABLES AND REAGENTS	0.39			0.1					LB33
	Matériel et instruments de laboratoire	LB41	euro	AUTOMATES D'ANALYSES MEDICALES	2019	0.0	0.0	0.0	0.0	0.24	0.192	kg eCO2/euro	macro	purchases	AUTOMATIC MEDICAL ANALYSIS EQUIPMENT	0.24			0.16					UG22
	Consommables (Matières premières, produits chimiques/biologiques et organismes vivants)	LB42	euro	CONSOMMABLES POUR AUTOMATES D'ANALYSES MEDICALES	2019	0.0	0.0	0.0	0.0	0.54	0.4320000000000001	kg eCO2/euro	macro	purchases	CONSUMABLES FOR MEDICAL ANALYSIS AUTOMATS	0.54			0.35					LB42
	Matériel et instruments de laboratoire	LB51	euro	PETITS MATERIELS POUR ODONTOLOGIE	2019	0.0	0.0	0.0	0.0	0.4	0.3200000000000001	kg eCO2/euro	macro	purchases	SMALL MATERIALS FOR DENTISTRY	0.4			0.17					LB51
	Consommables (Matières premières, produits chimiques/biologiques et organismes vivants)	LB52	euro	PRODUITS ET CONSOMMABLES  POUR ODONTOLOGIE	2019	0.0	0.0	0.0	0.0	0.51	0.408	kg eCO2/euro	macro	purchases	PRODUCTS AND CONSUMABLES FOR DENTISTRY	0.51			0.35					LB54
	Matériel et instruments de laboratoire	LB53	euro	EQUIPEMENTS D'IMAGERIE  POUR ODONTOLOGIE	2019	0.0	0.0	0.0	0.0	0.34	0.272	kg eCO2/euro	macro	purchases	IMAGING EQUIPMENT FOR DENTISTRY	0.34			0.06					LB53
	Consommables (Matières premières, produits chimiques/biologiques et organismes vivants)	LB54	euro	CONSOMMABLES D'IMAGERIE POUR ODONTOLOGIE	2019	0.0	0.0	0.0	0.0	0.51	0.408	kg eCO2/euro	macro	purchases	IMAGING CONSUMABLES FOR DENTISTRY	0.51			0.35					LB54
	Matériel et instruments de laboratoire	LB61	euro	FOURNITURES OPTIQUES (VERRES, LUNETTES,_x001A_)	2019	0.0	0.0	0.0	0.0	0.41	0.328	kg eCO2/euro	macro	purchases	OPTICAL SUPPLIES (LENSES, GLASSES,...)	0.41			0.1					LB61
	Matériel et instruments de laboratoire	LB62	euro	MATERIELS D'OPHTALMOLOGIE	2019	0.0	0.0	0.0	0.0	0.37	0.296	kg eCO2/euro	macro	purchases	OPHTHALMIC EQUIPMENT	0.37			0.07					LB62
	Réparations et maintenance	LC01	euro	MAINTECE ET REPARATION DES EQUIPEMENTS D'IMAGERIE MEDICALE (IRM,_x001A_)	2019	0.0	0.0	0.0	0.0	0.21	0.168	kg eCO2/euro	macro	purchases	MAINTENANCE AND REPAIR OF MEDICAL IMAGING EQUIPMENT (MRI,...)	0.21			0.16					UG43
	Réparations et maintenance	LC02	euro	MAINTECE ET REPARATION DU MATERIEL D'ANESTHESIE ET DE TECH. OPERATOIRES	2019	0.0	0.0	0.0	0.0	0.21	0.168	kg eCO2/euro	macro	purchases	MAINTENANCE AND REPAIR OF ANAESTHESIA AND OPERATIVE TECH. OPERATORS	0.21			0.16					UG43
	Réparations et maintenance	LC03	euro	MAINTECE ET REPARATION DES EQUIPEMENTS D'INVESTIGATION CLINIQUE	2019	0.0	0.0	0.0	0.0	0.21	0.168	kg eCO2/euro	macro	purchases	MAINTENANCE AND REPAIR OF CLINICAL INVESTIGATION EQUIPMENT	0.21			0.16					UG43
	Réparations et maintenance	LC04	euro	MAINTECE ET REPARATION DES EQUIPEMENTS DE BIOCHIMIE CLINIQUE	2019	0.0	0.0	0.0	0.0	0.21	0.168	kg eCO2/euro	macro	purchases	MAINTENANCE AND REPAIR OF CLINICAL BIOCHEMISTRY EQUIPMENT	0.21			0.16					UG43
	Réparations et maintenance	LC05	euro	MAINTECE ET REPARATION DES EQUIPEMENTS D'ODONTOLOGIE	2019	0.0	0.0	0.0	0.0	0.21	0.168	kg eCO2/euro	macro	purchases	MAINTENANCE AND REPAIR OF DENTISTRY EQUIPMENT	0.21			0.16					UG43
	Réparations et maintenance	LC06	euro	MAINTECE ET REPARATION DES MATERIELS D'OPHTALMOLOGIE	2019	0.0	0.0	0.0	0.0	0.21	0.168	kg eCO2/euro	macro	purchases	OPERATION AND REPAIR OF OPHTHALMIC EQUIPMENT	0.21			0.16					UG43
	Services	LD01	euro	SERVICES DE CONDUITE D'ESSAIS CLINIQUES (PHASES I A IV)	2019	0.0	0.0	0.0	0.0	0.2	0.16	kg eCO2/euro	meso	purchases	CLINICAL TRIAL SERVICES (PHASES I TO IV)	0.17	0.2		0.16			MKA0	Emission factor Charles river (Scope 1+2+3)/revenue	LD01
	Services	LD02	euro	SERV. DE COND. D'ETUDES ET D'ENQU_x001A_TES D'EPIDEMIO., SANTE PUBL. ET SOCIOL MEDIC.	2019	0.0	0.0	0.0	0.0	0.17	0.136	kg eCO2/euro	macro	purchases	SERV. COND. EPIDEMIOLOGICAL, PUBLIC HEALTH AND MEDICAL SOCIOLOGY STUDIES AND SURVEYS AND SOCIOL MEDIC.	0.17			0.05					LD03
	Services	LD03	euro	SERV. DE COND. D'ETUDES A CARACTERE MEDICAL, HORS ESSAIS CLINIQUES ET ENQU_x001A_TES	2019	0.0	0.0	0.0	0.0	0.17	0.136	kg eCO2/euro	macro	purchases	SERV. OF COND. OF MEDICAL STUDIES, EXCLUDING CLINICAL TRIALS AND SURVEYS	0.17			0.05					LD03
	Services	LD11	euro	SERVICES D'IRM	2019	0.0	0.0	0.0	0.0	0.15	0.12	kg eCO2/euro	macro	purchases	MRI SERVICES	0.15			0.03					XB21
	Services	LD12	euro	AUTRES SERVICES D'IMAGERIE MEDICALE	2019	0.0	0.0	0.0	0.0	0.15	0.12	kg eCO2/euro	macro	purchases	OTHER MEDICAL IMAGING SERVICES	0.15			0.03					XB21
	Services	LD21	euro	SERVICES D'ANALYSES SANGUINES	2019	0.0	0.0	0.0	0.0	0.15	0.12	kg eCO2/euro	macro	purchases	BLOOD TESTING SERVICES	0.15			0.03					XB21
	Services	LD22	euro	AUTRES SERVICES D'ANALYSE MEDICALE	2019	0.0	0.0	0.0	0.0	0.15	0.12	kg eCO2/euro	macro	purchases	OTHER MEDICAL TESTING SERVICES	0.15			0.03					XB21
	Services	LD31	euro	NE PLUS UTILISER	2019	0.0	0.0	0.0	0.0	0.11	0.08800000000000001	kg eCO2/euro	macro	purchases	NO LONGER IN USE	0.11			0.01					XB24
	Services	LD32	euro	SERVICES DE BIOBANQUES	2019	0.0	0.0	0.0	0.0	0.11	0.08800000000000001	kg eCO2/euro	macro	purchases	BIOBANKING SERVICES	0.11			0.01					XB24
	Services	LD33	euro	AUTRES SERVICES MEDICAUX	2019	0.0	0.0	0.0	0.0	0.11	0.08800000000000001	kg eCO2/euro	macro	purchases	OTHER MEDICAL SERVICES	0.11			0.01					XB24
	Consommables (Matières premières, produits chimiques/biologiques et organismes vivants)	MA01	euro	MATERIEL DE PREPARATION D'ECHANTILLONS POUR MICROSCOPIE	2019	0.0	0.0	0.0	0.0	0.49	0.392	kg eCO2/euro	macro	purchases	SAMPLE PREPARATION EQUIPMENT FOR MICROSCOPY	0.49			0.19					MA01
	Consommables (Matières premières, produits chimiques/biologiques et organismes vivants)	MA02	euro	CONSOMMABLES POUR LA PREPARATION D'ECHANTILLONS (HORS LAMES)	2019	0.0	0.0	0.0	0.0	0.86	0.6880000000000001	kg eCO2/euro	macro	purchases	CONSUMABLES FOR SAMPLE PREPARATION (EXCLUDING SLIDES)	0.86			0.67					MA02
	Matériel et instruments de laboratoire	MA11	euro	MICROSCOPES A CHAMP PROCHE (AFM, SPM, SNOM, ELECTROCHIMIQUES_x001A_)	2019	0.0	0.0	0.0	0.0	0.27	0.216	kg eCO2/euro	macro	purchases	NEAR FIELD MICROSCOPES (AFM, SPM, SNOM, ELECTROCHEMICAL...)	0.27			0.17					NB62
	Matériel et instruments de laboratoire	MA12	euro	PROFILOMETRES A CONTACT	2019	0.0	0.0	0.0	0.0	0.27	0.216	kg eCO2/euro	macro	purchases	CONTACT PROFILOMETERS	0.27			0.17					NB62
	Consommables (Matières premières, produits chimiques/biologiques et organismes vivants)	MA13	euro	POINTES ET AUTRES CONSOMMABLES POUR MICROSCOPES A CHAMP PROCHE	2019	0.0	0.0	0.0	0.0	0.27	0.216	kg eCO2/euro	macro	purchases	TIPS AND OTHER CONSUMABLES FOR NEAR FIELD MICROSCOPES	0.27			0.14					TA01
	Matériel et instruments de laboratoire	MA14	euro	MICROSCOPIE A CHAMP PROCHE : AUTRE MATERIEL ET PIECES DETACHEES	2019	0.0	0.0	0.0	0.0	0.31	0.248	kg eCO2/euro	macro	purchases	NEAR FIELD MICROSCOPY: OTHER EQUIPMENT AND SPARE PARTS	0.31			0.2					UG33
	Réparations et maintenance	MA15	euro	MICROSCOPIE A CHAMP PROCHE : ELECTRONIQUE DE REMPLACEMENT	2019	0.0	0.0	0.0	0.0	0.39	0.3120000000000001	kg eCO2/euro	macro	purchases	NEAR FIELD MICROSCOPY: REPLACEMENT ELECTRONICS	0.39			0.24					MA47
	Matériel et instruments de laboratoire	MA21	euro	MICROSCOPES ELECTRONIQUES ET IONIQUES	2019	0.0	0.0	0.0	0.0	0.27	0.216	kg eCO2/euro	macro	purchases	ELECTRON AND ION MICROSCOPES	0.27			0.17					NB62
	Matériel et instruments de laboratoire	MA22	euro	MICROSCOPIE ELECTRONIQUE ET IONIQUE : DETECTEURS SPECIFIQUES	2019	0.0	0.0	0.0	0.0	0.27	0.216	kg eCO2/euro	macro	purchases	ELECTRON AND ION MICROSCOPY: SPECIFIC DETECTORS	0.27			0.17					MA22
	Matériel et instruments de laboratoire	MA23	euro	MICROSCOPIE ELECTRONIQUE ET IONIQUE : CAMERAS	2019	0.0	0.0	0.0	0.0	0.27	0.216	kg eCO2/euro	macro	purchases	ELECTRON AND ION MICROSCOPY : CAMERAS	0.27			0.17					MA23
	Matériel et instruments de laboratoire	MA24	euro	MICROSCOPIE ELECTRONIQUE ET IONIQUE : AUTRE MATERIEL ET PIECES DETAC. HORS N1	2019	0.0	0.0	0.0	0.0	0.31	0.248	kg eCO2/euro	macro	purchases	ELECTRON AND ION MICROSCOPY: OTHER EQUIPMENT AND SPARE PARTS OUT OF N1	0.31			0.2					UG33
	Réparations et maintenance	MA25	euro	MICROSCOPIE ELECTRONIQUE ET IONIQUE : ELECTRONIQUE DE REMPLACEMENT	2019	0.0	0.0	0.0	0.0	0.39	0.3120000000000001	kg eCO2/euro	macro	purchases	ELECTRON AND ION MICROSCOPY: REPLACEMENT ELECTRONICS	0.39			0.24					MA47
	Matériel et instruments de laboratoire	MA31	euro	SYST_x001A_MES DE MICROSCOPIE ACOUSTIQUE	2019	0.0	0.0	0.0	0.0	0.27	0.216	kg eCO2/euro	macro	purchases	ACOUSTIC MICROSCOPY SYSTEMS	0.27			0.17					NB62
	Matériel et instruments de laboratoire	MA32	euro	MICROSCOPIE ACOUSTIQUE : ACCESSOIRES, CONSOMMABLES ET PIECES DETACHEES	2019	0.0	0.0	0.0	0.0	0.31	0.248	kg eCO2/euro	macro	purchases	ACOUSTIC MICROSCOPY: ACCESSORIES, CONSUMABLES AND SPARE PARTS	0.31			0.2					UG33
	Réparations et maintenance	MA33	euro	MICROSCOPIE ACOUSTIQUE : ELECTRONIQUE DE REMPLACEMENT	2019	0.0	0.0	0.0	0.0	0.39	0.3120000000000001	kg eCO2/euro	macro	purchases	ACOUSTIC MICROSCOPY: REPLACEMENT ELECTRONICS	0.39			0.24					MA33
	Matériel et instruments de laboratoire	MA41	euro	MICROSCOPIE A ANGLE DE BREWSTER : EQUIPEMENTS ET ACCESSOIRES	2019	0.0	0.0	0.0	0.0	0.27	0.216	kg eCO2/euro	macro	purchases	BREWSTER ANGLE MICROSCOPY : EQUIPMENT AND ACCESSORIES	0.27			0.14					MA47
	Matériel et instruments de laboratoire	MA42	euro	PROFILOMETRES OPTIQUES	2019	0.0	0.0	0.0	0.0	0.27	0.216	kg eCO2/euro	macro	purchases	OPTICAL PROFILOMETERS	0.27			0.14					MA47
	Matériel et instruments de laboratoire	MA43	euro	MICROSCOPIE PHOTONIQUE ET DE FLUORESCENCE : LOUPES ET STEREOMICROSCOPES	2019	0.0	0.0	0.0	0.0	0.27	0.216	kg eCO2/euro	macro	purchases	PHOTONIC AND FLUORESCENCE MICROSCOPY: MAGNIFIERS AND STEREOMICROSCOPES	0.27			0.14					MA47
	Matériel et instruments de laboratoire	MA44	euro	MICROSCOPES PHOTONIQUES ET DE FLUORESCENCE	2019	0.0	0.0	0.0	0.0	0.27	0.216	kg eCO2/euro	macro	purchases	PHOTONIC AND FLUORESCENCE MICROSCOPES	0.27			0.14					MA47
	Consommables (Matières premières, produits chimiques/biologiques et organismes vivants)	MA45	euro	LAMPES POUR MICROSCOPES PHOTONIQUES ET DE FLUORESCENCE	2019	0.0	0.0	0.0	0.0	0.27	0.216	kg eCO2/euro	macro	purchases	LAMPS FOR PHOTONIC AND FLUORESCENCE MICROSCOPES	0.27			0.14					MA47
	Matériel et instruments de laboratoire	MA46	euro	MICROSCOPIE OPTIQUE : AUTRE MATERIEL ET PIECES DETACHEES HORS O0	2019	0.0	0.0	0.0	0.0	0.27	0.216	kg eCO2/euro	macro	purchases	OPTICAL MICROSCOPY: OTHER EQUIPMENT AND PARTS NOT INCLUDED IN O0	0.27			0.14					MA47
	Matériel et instruments de laboratoire	MA47	euro	AUTRES MICROSCOPES OPTIQUES (MAGNETO-OPTIQUES, A EMISSION DE LUMIERE_x001A_)	2019	0.0	0.0	0.0	0.0	0.27	0.216	kg eCO2/euro	macro	purchases	OTHER OPTICAL MICROSCOPES (MAGNETO-OPTICAL, LIGHT EMISSION, ETC.)	0.27			0.14					MA47
	Réparations et maintenance	MA48	euro	MICROSCOPIE OPTIQUE : ELECTRONIQUE DE REMPLACEMENT	2019	0.0	0.0	0.0	0.0	0.39	0.3120000000000001	kg eCO2/euro	macro	purchases	OPTICAL MICROSCOPY: REPLACEMENT ELECTRONICS	0.39			0.24					MA47
	Réparations et maintenance	MB01	euro	MATERIEL DE PREP. D'ECHANTILLONS PR MICROSCOPIE : REPARATION ET MAINTECE	2019	0.0	0.0	0.0	0.0	0.21	0.168	kg eCO2/euro	macro	purchases	SAMPLE PREPARATION EQUIPMENT SAMPLE PREPARATION EQUIPMENT FOR MICROSCOPY: REPAIR AND MAINTENANCE	0.21			0.16					UG43
	Réparations et maintenance	MB02	euro	MICROSCOPIE A CHAMP PROCHE ET PROFILOMETRIE : REPARATION ET MAINTECE	2019	0.0	0.0	0.0	0.0	0.21	0.168	kg eCO2/euro	macro	purchases	NEAR FIELD MICROSCOPY AND PROFILOMETRY : REPAIR AND MAINTENANCE	0.21			0.16					UG43
	Réparations et maintenance	MB03	euro	MICROSCOPIE ELECTRONIQUE ET IONIQUE : REPARATION ET MAINTECE	2019	0.0	0.0	0.0	0.0	0.21	0.168	kg eCO2/euro	macro	purchases	ELECTRON AND ION MICROSCOPY: REPAIR AND MAINTENANCE	0.21			0.16					UG43
	Réparations et maintenance	MB04	euro	MICROSCOPIE ACOUSTIQUE : REPARATION ET MAINTECE DU MATERIEL	2019	0.0	0.0	0.0	0.0	0.21	0.168	kg eCO2/euro	macro	purchases	ACOUSTIC MICROSCOPY: REPAIR AND MAINTENANCE OF EQUIPMENT	0.21			0.16					UG43
	Réparations et maintenance	MB05	euro	MICROSCOPIE OPTIQUE : REPARATION ET MAINTECE	2019	0.0	0.0	0.0	0.0	0.21	0.168	kg eCO2/euro	macro	purchases	OPTICAL MICROSCOPY : REPAIR AND MAINTENANCE	0.21			0.16					UG43
	Services	MC01	euro	MICROSCOPIE A CHAMP PROCHE ET PROFILOMETRIE A CONTACT : SERVICES D'ANALYSE	2019	0.0	0.0	0.0	0.0	0.2	0.16	kg eCO2/euro	macro	purchases	NEAR-FIELD MICROSCOPY AND CONTACT PROFILOMETRY: ANALYSIS SERVICES	0.2			0.03					XC25
	Services	MC02	euro	MICROSCOPIE ELECTRONIQUE ET IONIQUE : SERVICES D'ANALYSE	2019	0.0	0.0	0.0	0.0	0.2	0.16	kg eCO2/euro	macro	purchases	ELECTRON AND ION MICROSCOPY: ANALYTICAL SERVICES	0.2			0.03					XC25
	Services	MC03	euro	MICROSCOPIE ACOUSTIQUE : SERVICES D'ANALYSE	2019	0.0	0.0	0.0	0.0	0.2	0.16	kg eCO2/euro	macro	purchases	ACOUSTIC MICROSCOPY: ANALYTICAL SERVICES	0.2			0.03					XC25
	Services	MC04	euro	MICROSCOPIE PHOTONIQUE ET PROFILOMETRIE OPTIQUE : SERVICES D'ANALYSE	2019	0.0	0.0	0.0	0.0	0.2	0.16	kg eCO2/euro	macro	purchases	PHOTONIC MICROSCOPY AND OPTICAL PROFILOMETRY: ANALYTICAL SERVICES	0.2			0.03					XC25
	Consommables (Matières premières, produits chimiques/biologiques et organismes vivants)	NA01	euro	SOLVANTS : ACETATE D'ETHYLE ET AUTRES ESTERS	2019	0.0	0.0	0.0	0.0	0.45	0.36	kg eCO2/euro	meso	purchases	SOLVENTS: ETHYL ACETATE AND OTHER ESTERS	1.6	0.45	1.28	0.36	mNA01	ethyl acetate (ACV)	MNA01	Aldrich: Emission factor calculated by Ecovamed via chiffre affaires Aldrich	NA28
	Consommables (Matières premières, produits chimiques/biologiques et organismes vivants)	NA02	euro	SOLVANTS : ACETONE	2019	0.0	0.0	0.0	0.0	0.45	0.36	kg eCO2/euro	meso	purchases	SOLVENTS: ACETONE	1.6	0.45		0.36			MNA01	Aldrich: Emission factor calculated by Ecovamed via chiffre affaires Aldrich	NA28
	Consommables (Matières premières, produits chimiques/biologiques et organismes vivants)	NA03	euro	SOLVANTS : ACETONITRILE	2019	0.0	0.0	0.0	0.0	0.45	0.36	kg eCO2/euro	meso	purchases	SOLVENTS: ACETONITRILE	1.6	0.45		0.36			MNA01	Aldrich: Emission factor calculated by Ecovamed via chiffre affaires Aldrich	NA28
	Consommables (Matières premières, produits chimiques/biologiques et organismes vivants)	NA04	euro	SOLVANTS : SOLVANTS CHLORES (DICHLOROMETHANE, CHLOROFORME,_x001A_)	2019	0.0	0.0	0.0	0.0	0.45	0.36	kg eCO2/euro	meso	purchases	SOLVENTS: CHLORINE SOLVENTS (DICHLOROMETHANE, CHLOROFORM,...)	1.6	0.45		0.36			MNA01	Aldrich: Emission factor calculated by Ecovamed via chiffre affaires Aldrich	NA28
	Consommables (Matières premières, produits chimiques/biologiques et organismes vivants)	NA05	euro	SOLVANTS : EAU ET ALCOOLS (METHANOL, ETHANOL, PROPAN-2-OL,_x001A_)	2019	0.0	0.0	0.0	0.0	0.45	0.36	kg eCO2/euro	meso	purchases	SOLVENTS: WATER AND ALCOHOLS (METHANOL, ETHANOL, PROPAN-2-OL,...)	1.6	0.45	0.54	0.36	mNA05	ethanol (ACV)	MNA01	Aldrich: Emission factor calculated by Ecovamed via chiffre affaires Aldrich	NA28
	Consommables (Matières premières, produits chimiques/biologiques et organismes vivants)	NA06	euro	SOLVANTS : HYDROCARBURES (PENTANE, HEXANE, HEPTANE,_x001A_)	2019	0.0	0.0	0.0	0.0	0.45	0.36	kg eCO2/euro	meso	purchases	SOLVENTS: HYDROCARBONS (PENTANE, HEXANE, HEPTANE,...)	1.6	0.45		0.36			MNA01	Aldrich: Emission factor calculated by Ecovamed via chiffre affaires Aldrich	NA28
	Consommables (Matières premières, produits chimiques/biologiques et organismes vivants)	NA07	euro	SOLVANTS : AUTRES SOLVANTS (ETHERS,_x001A_)	2019	0.0	0.0	0.0	0.0	0.45	0.36	kg eCO2/euro	meso	purchases	SOLVENTS: OTHER SOLVENTS (ETHERS,...)	1.6	0.45		0.36			MNA01	Aldrich: Emission factor calculated by Ecovamed via chiffre affaires Aldrich	NA28
	Consommables (Matières premières, produits chimiques/biologiques et organismes vivants)	NA08	euro	SOLVANTS : SOLVANTS INDUSTRIELS (FUTS ET TONNELETS)	2019	0.0	0.0	0.0	0.0	1.6	1.28	kg eCO2/euro	macro	purchases	SOLVENTS: INDUSTRIAL SOLVENTS (DRUMS AND BARRELS)	1.6			0.1					NA08
	Consommables (Matières premières, produits chimiques/biologiques et organismes vivants)	NA11	euro	SOLVANTS ISOTOPIQUES (DEUTERIES,_x001A_)	2019	0.0	0.0	0.0	0.0	0.45	0.36	kg eCO2/euro	meso	purchases	ISOTOPIC SOLVENTS (DEUTERIUM,...)	1.6	0.45		0.36			MNA01	Aldrich: Emission factor calculated by Ecovamed via chiffre affaires Aldrich	NA28
	Consommables (Matières premières, produits chimiques/biologiques et organismes vivants)	NA12	euro	PRODUITS LIQUIDES ET SOLIDES ISOTOPIQUES NON RADIOACTIFS (HORS SOLVANTS)	2019	0.0	0.0	0.0	0.0	0.45	0.36	kg eCO2/euro	meso	purchases	NON-RADIOACTIVE LIQUID AND SOLID ISOTOPIC PRODUCTS (EXCLUDING SOLVENTS)	1.6	0.45		0.36			MNA01	Aldrich: Emission factor calculated by Ecovamed via chiffre affaires Aldrich	NA28
	Consommables (Matières premières, produits chimiques/biologiques et organismes vivants)	NA13	euro	CHIMIE ET BIOLOGIE : PRODUITS RADIOACTIFS	2019	0.0	0.0	0.0	0.0	0.45	0.36	kg eCO2/euro	meso	purchases	CHEMISTRY AND BIOLOGY: RADIOACTIVE PRODUCTS	1.6	0.45		0.36			MNA01	Aldrich: Emission factor calculated by Ecovamed via chiffre affaires Aldrich	NA28
	Consommables (Matières premières, produits chimiques/biologiques et organismes vivants)	NA21	euro	PRODUITS CHIMIQUES COURANTS (ACIDES, BASES, SELS...)	2019	0.0	0.0	0.0	0.0	0.45	0.36	kg eCO2/euro	meso	purchases	COMMON CHEMICAL PRODUCTS (ACIDS, BASES, SALTS...)	1.3	0.45		0.36			MNA01	Aldrich: Emission factor calculated by Ecovamed via chiffre affaires Aldrich	NA28
	Consommables (Matières premières, produits chimiques/biologiques et organismes vivants)	NA22	euro	PRODUITS CHIMIQUES POUR LA SYNTHESE ORGANIQUE	2019	0.0	0.0	0.0	0.0	0.45	0.36	kg eCO2/euro	meso	purchases	CHEMICALS FOR ORGANIC SYNTHESIS	1.6	0.45		0.36			MNA01	Aldrich: Emission factor calculated by Ecovamed via chiffre affaires Aldrich	NA28
	Consommables (Matières premières, produits chimiques/biologiques et organismes vivants)	NA23	euro	METAUX PURS ET REACTIFS POUR LA SCIENCE DES MATERIAUX	2019	0.0	0.0	0.0	0.0	0.45	0.36	kg eCO2/euro	meso	purchases	PURE METALS AND REAGENTS FOR MATERIALS SCIENCE	1.3	0.45		0.36			MNA01	Aldrich: Emission factor calculated by Ecovamed via chiffre affaires Aldrich	WA03
	Consommables (Matières premières, produits chimiques/biologiques et organismes vivants)	NA24	euro	ETALONS DE CALIBRATION, STANDARDS ET PRODUITS DE REFERENCE	2019	0.0	0.0	0.0	0.0	0.45	0.36	kg eCO2/euro	meso	purchases	CALIBRATION STANDARDS, STANDARDS AND REFERENCE PRODUCTS	0.38	0.45		0.36			MNA01	Aldrich: Emission factor calculated by Ecovamed via chiffre affaires Aldrich	NA85
	Consommables (Matières premières, produits chimiques/biologiques et organismes vivants)	NA25	euro	PRODUITS BIOCHIMIQUES COURANTS (TAMPONS, BSA, etc.)	2019	0.0	0.0	0.0	0.0	0.45	0.36	kg eCO2/euro	meso	purchases	COMMON BIOCHEMICALS (TAMPONS, BSA, etc.)	0.45	0.45		0.36			MNA01	Aldrich: Emission factor calculated by Ecovamed via chiffre affaires Aldrich	NA85
	Consommables (Matières premières, produits chimiques/biologiques et organismes vivants)	NA26	euro	BIOLOGIE : PEPTIDES ET ACIDES AMINES	2019	0.0	0.0	0.0	0.0	0.45	0.36	kg eCO2/euro	meso	purchases	BIOLOGY: PEPTIDES AND AMINO ACIDS	0.32	0.45		0.36			MNA01	Aldrich: Emission factor calculated by Ecovamed via chiffre affaires Aldrich	NA85
	Consommables (Matières premières, produits chimiques/biologiques et organismes vivants)	NA27	euro	BIOLOGIE : PROTEINES RECOMBITES (A FACON)	2019	0.0	0.0	0.0	0.0	0.32	0.256	kg eCO2/euro	macro	purchases	BIOLOGY: RECOMBINANT PROTEINS (CUSTOM)	0.32			0.2					NA85
	Consommables (Matières premières, produits chimiques/biologiques et organismes vivants)	NA28	euro	BIOLOGIE : PRODUITS CHIMIQUES A USAGE BIOCHIMIQUE OU BIOLOGIQUE	2019	0.0	0.0	0.0	0.0	0.45	0.36	kg eCO2/euro	meso	purchases	BIOLOGY: CHEMICALS FOR BIOCHEMICAL OR BIOLOGICAL USE	0.32	0.45		0.36			MNA01	Aldrich: Emission factor calculated by Ecovamed via chiffre affaires Aldrich	NA28
	Consommables (Matières premières, produits chimiques/biologiques et organismes vivants)	NA31	euro	REACTIFS ET KITS POUR LE MARQUAGE ET LA DETECTION DES ACIDES NUCLEIQUES	2019	0.0	0.0	0.0	0.0	0.45	0.36	kg eCO2/euro	meso	purchases	REAGENTS AND KITS FOR THE MARKING AND DETECTION OF NUCLEIC ACIDS	0.31	0.45		0.36			MNA01	Aldrich: Emission factor calculated by Ecovamed via chiffre affaires Aldrich	NA32
	Consommables (Matières premières, produits chimiques/biologiques et organismes vivants)	NA32	euro	REACTIFS ET KITS POUR LE MARQUAGE ET LA DETECTION DES PROTEINES	2019	0.0	0.0	0.0	0.0	0.45	0.36	kg eCO2/euro	meso	purchases	REAGENTS AND KITS FOR THE MARKING AND DETECTION OF PROTEINS	0.31	0.45		0.36			MNA01	Aldrich: Emission factor calculated by Ecovamed via chiffre affaires Aldrich	NA32
	Consommables (Matières premières, produits chimiques/biologiques et organismes vivants)	NA41	euro	ANTICORPS PRIMAIRES NON COUPLES (HORS ANTICORPS CONTROLES ET ANTI-TAG)	2019	0.0	0.0	0.0	0.0	0.14	0.112	kg eCO2/euro	meso	purchases	NON-COUPLED PRIMARY ANTIBODIES (EXCLUDING CONTROL AND ANTI-TAG ANTIBODIES)	0.25	0.14		0.11			MNA41	ABCam	NA85
	Consommables (Matières premières, produits chimiques/biologiques et organismes vivants)	NA42	euro	ANTICORPS PRIMAIRES NON COUPLES CONTROLES	2019	0.0	0.0	0.0	0.0	0.14	0.112	kg eCO2/euro	meso	purchases	PRIMARY ANTIBODIES NOT IN CONTROL PAIRS	0.25	0.14		0.11			MNA41	ABCam	NA85
	Consommables (Matières premières, produits chimiques/biologiques et organismes vivants)	NA43	euro	ANTICORPS PRIMAIRES NON COUPLES ANTI-TAG	2019	0.0	0.0	0.0	0.0	0.14	0.112	kg eCO2/euro	meso	purchases	PRIMARY ANTIBODIES NOT IN ANTI-TAG PAIRS	0.25	0.14		0.11			MNA41	ABCam	NA85
	Consommables (Matières premières, produits chimiques/biologiques et organismes vivants)	NA44	euro	ANTICORPS PRIMAIRES COUPLES MARQUEURS DE CELLULES	2019	0.0	0.0	0.0	0.0	0.14	0.112	kg eCO2/euro	meso	purchases	PRIMARY ANTIBODIES PAIRED WITH CELL MARKERS	0.25	0.14		0.11			MNA41	ABCam	NA85
	Consommables (Matières premières, produits chimiques/biologiques et organismes vivants)	NA45	euro	AUTRES ANTICORPS PRIMAIRES COUPLES	2019	0.0	0.0	0.0	0.0	0.14	0.112	kg eCO2/euro	meso	purchases	OTHER PRIMARY ANTIBODIES PAIRS	0.25	0.14		0.11			MNA41	ABCam	NA85
	Consommables (Matières premières, produits chimiques/biologiques et organismes vivants)	NA46	euro	ANTICORPS SECONDAIRES	2019	0.0	0.0	0.0	0.0	0.14	0.112	kg eCO2/euro	meso	purchases	SECONDARY ANTIBODIES	0.25	0.14		0.11			MNA41	ABCam	NA85
	Consommables (Matières premières, produits chimiques/biologiques et organismes vivants)	NA47	euro	REACTIFS D'IMMUNOHISTOLOGIE ET D'HISTOCHIMIE	2019	0.0	0.0	0.0	0.0	0.14	0.112	kg eCO2/euro	meso	purchases	IMMUNOHISTOLOGY AND HISTOCHEMISTRY REAGENTS	0.38	0.14		0.11			MNA41	ABCam	NA85
	Consommables (Matières premières, produits chimiques/biologiques et organismes vivants)	NA51	euro	OLIGONUCLEOTIDES DE SYNTHESE ET ACIDES NUCLEIQUES	2019	0.0	0.0	0.0	0.0	0.32	0.256	kg eCO2/euro	macro	purchases	SYNTHETIC OLIGONUCLEOTIDES AND NUCLEIC ACIDS	0.32			0.2					NA56
	Consommables (Matières premières, produits chimiques/biologiques et organismes vivants)	NA52	euro	KITS ET REACTIFS POUR L'ISOLEMENT ET LA PURIFICATION DES ACIDES NUCLEIQUES	2019	0.0	0.0	0.0	0.0	0.16	0.128	kg eCO2/euro	meso	purchases	KITS AND REAGENTS FOR THE ISOLATION AND PURIFICATION OF NUCLEIC ACIDS	0.38	0.16	0.12	0.13	mNA52	DNA preparation kit (QIAGEN corrected)	MNA52	QIAGEN	NA56
	Consommables (Matières premières, produits chimiques/biologiques et organismes vivants)	NA53	euro	ENZYMES DE RESTRICTION	2019	0.0	0.0	0.0	0.0	0.25	0.2	kg eCO2/euro	macro	purchases	RESTRICTION ENZYMES	0.25			0.21					NA56
	Consommables (Matières premières, produits chimiques/biologiques et organismes vivants)	NA54	euro	ENZYMES DE MODIFICATION ET DE CLONAGE (Nucl_x001A_ases, Kinases, Phosphatases)	2019	0.0	0.0	0.0	0.0	0.25	0.2	kg eCO2/euro	macro	purchases	MODIFICATION AND CLONING ENZYMES (Nucleases, Kinases, Phosphatases)	0.25			0.21					NA56
	Consommables (Matières premières, produits chimiques/biologiques et organismes vivants)	NA55	euro	ENZYMES ET KITS DE SYNTHESE DES ACIDES NUCLEIQUES (PCR_x001A_)	2019	0.0	0.0	0.0	0.0	0.12	0.096	kg eCO2/euro	meso	purchases	ENZYMES AND KITS FOR NUCLEIC ACID SYNTHESIS (PCR...)	0.25	0.115		0.09			MNA52	QIAGEN/Illumina	NA56
	Consommables (Matières premières, produits chimiques/biologiques et organismes vivants)	NA56	euro	KITS ET REACTIFS POUR L'ISOLEMENT ET LA PURIFICATION DES PROTEINES	2019	0.0	0.0	0.0	0.0	0.16	0.128	kg eCO2/euro	meso	purchases	KITS AND REAGENTS FOR PROTEIN ISOLATION AND PURIFICATION	0.37	0.16		0.13			MNA52	QIAGEN	NA56
	Consommables (Matières premières, produits chimiques/biologiques et organismes vivants)	NA61	euro	AUTRES PRODUITS D'ORIGINE BIOLOGIQUE (SANG,_x001A_)	2019	0.0	0.0	0.0	0.0	0.25	0.2	kg eCO2/euro	macro	purchases	OTHER PRODUCTS OF BIOLOGICAL ORIGIN (BLOOD,...)	0.25			0.21					NA61
	Consommables (Matières premières, produits chimiques/biologiques et organismes vivants)	NA62	euro	BIOPUCES (MICROARRAYS)	2019	0.0	0.0	0.0	0.0	0.31	0.248	kg eCO2/euro	macro	purchases	BIOCHIPS (MICROARRAYS)	0.31			0.17					NA85
	Consommables (Matières premières, produits chimiques/biologiques et organismes vivants)	NA71	euro	SERUMS ET AUTRES MILIEUX POUR CULTURE DE CELLULES ANIMALES	2019	0.0	0.0	0.0	0.0	0.16	0.128	kg eCO2/euro	MeMi	purchases	SERUMS AND OTHER MEDIA FOR ANIMAL CELL CULTURE	0.38	0.15	0.16	0.12	mNA74	culture broth (ACV)	MNA74	BD	NA85
	Consommables (Matières premières, produits chimiques/biologiques et organismes vivants)	NA72	euro	MILIEUX POUR CULTURE DE CELLULES VEGETALES	2019	0.0	0.0	0.0	0.0	0.16	0.128	kg eCO2/euro	MeMi	purchases	MEDIA FOR PLANT CELL CULTURE	0.42	0.15	0.16	0.12	mNA74	culture broth (ACV)	MNA74	BD	NA85
	Consommables (Matières premières, produits chimiques/biologiques et organismes vivants)	NA73	euro	MILIEUX POUR CULTURE DE PETITS ORGANISMES VIVANTS	2019	0.0	0.0	0.0	0.0	0.16	0.128	kg eCO2/euro	MeMi	purchases	MEDIA FOR SMALL CELL CULTURE	0.31	0.15	0.16	0.12	mNA74	culture broth (ACV)	MNA74	BD	NA85
	Consommables (Matières premières, produits chimiques/biologiques et organismes vivants)	NA74	euro	MILIEUX DE BACTERIOLOGIE ET ADDITIFS	2019	0.0	0.0	0.0	0.0	0.16	0.128	kg eCO2/euro	MeMi	purchases	BACTERIOLOGY MEDIA AND ADDITIVES	0.29	0.15	0.16	0.12	mNA74	culture broth (ACV)	MNA74	BD	NA85
	Consommables (Matières premières, produits chimiques/biologiques et organismes vivants)	NA75	euro	AUTRES MILIEUX DE CULTURE ET ADDITIFS	2019	0.0	0.0	0.0	0.0	0.16	0.128	kg eCO2/euro	MeMi	purchases	OTHER CULTURE MEDIA AND ADDITIVES	0.38	0.15	0.16	0.12	mNA74	culture broth (ACV)	MNA74	BD	NA85
	Consommables (Matières premières, produits chimiques/biologiques et organismes vivants)	NA76	euro	ANTIBIOTIQUES POUR CULTURE CELLULAIRE	2019	0.0	0.0	0.0	0.0	0.15	0.12	kg eCO2/euro	meso	purchases	ANTIBIOTICS FOR CELL CULTURE	0.41	0.15		0.12			MNA74	BD	NA85
	Consommables (Matières premières, produits chimiques/biologiques et organismes vivants)	NA77	euro	CYTOKINES, FACTEURS DE CROISSANCE ET INHIBITEURS	2019	0.0	0.0	0.0	0.0	0.15	0.12	kg eCO2/euro	meso	purchases	CYTOKINES, GROWTH FACTORS AND INHIBITORS	0.33	0.15		0.12			MNA74	BD	NA85
	Consommables (Matières premières, produits chimiques/biologiques et organismes vivants)	NA78	euro	ENZYMES POUR CULTURE CELLULAIRE	2019	0.0	0.0	0.0	0.0	0.15	0.12	kg eCO2/euro	meso	purchases	ENZYMES FOR CELL CULTURE	0.25	0.15		0.12			MNA74	BD	NA85
	Consommables (Matières premières, produits chimiques/biologiques et organismes vivants)	NA79	euro	AUTRES PRODUITS POUR CULTURE CELLULAIRE	2019	0.0	0.0	0.0	0.0	0.15	0.12	kg eCO2/euro	meso	purchases	OTHER PRODUCTS FOR CELL CULTURE	0.37	0.15		0.12			MNA74	BD	NA85
	Consommables (Matières premières, produits chimiques/biologiques et organismes vivants)	NA81	euro	CELLULES, VIRUS ET PETITS ORGANISMES HORS ANIMAUX	2019	0.0	0.0	0.0	0.0	0.25	0.2	kg eCO2/euro	macro	purchases	CELLS, VIRUSES AND SMALL NON-ANIMAL ORGANISMS	0.25			0.21					NA85
	Consommables (Matières premières, produits chimiques/biologiques et organismes vivants)	NA82	euro	KITS D'ISOLEMENT ET DE DETECTION DES CELLULES, VIRUS ET ORGANITES	2019	0.0	0.0	0.0	0.0	0.4	0.3200000000000001	kg eCO2/euro	macro	purchases	KITS FOR THE ISOLATION AND DETECTION OF CELLS, VIRUSES AND ORGANELLES	0.4			0.24					NA85
	Consommables (Matières premières, produits chimiques/biologiques et organismes vivants)	NA83	euro	BIOLOGIE CELLULAIRE : PRODUITS ET REACTIFS BIOCHIMIQUES (DE DOSAGE_x001A_)	2019	0.0	0.0	0.0	0.0	0.4	0.3200000000000001	kg eCO2/euro	macro	purchases	CELL BIOLOGY : BIOCHEMICAL PRODUCTS AND REAGENTS (FOR ASSAY...)	0.4			0.24					NA85
	Consommables (Matières premières, produits chimiques/biologiques et organismes vivants)	NA84	euro	BIOLOGIE CELLULAIRE : KITS DE DOSAGE, D'ESSAI FONCTIONNEL - KITS BIOCHIMIQUES	2019	0.0	0.0	0.0	0.0	0.4	0.3200000000000001	kg eCO2/euro	macro	purchases	CELL BIOLOGY: ASSAY KITS, FUNCTIONAL ASSAYS - BIOCHEMICAL KITS	0.4			0.24					NA85
	Consommables (Matières premières, produits chimiques/biologiques et organismes vivants)	NA85	euro	MICROBIOLOGIE : REACTIFS ET KITS BIOCHIMIQUES	2019	0.0	0.0	0.0	0.0	0.4	0.3200000000000001	kg eCO2/euro	macro	purchases	MICROBIOLOGY : REAGENTS AND BIOCHEMICAL KITS	0.4			0.24					NA85
	Matériel et instruments de laboratoire	NB01	euro	MICROPIPETTES MONO-CANAL, MULTI-CANAUX ET ACCESSOIRES	2019	0.0	0.0	0.0	0.0	0.47	0.376	kg eCO2/euro	macro	purchases	SINGLE AND MULTICHANNEL MICROPIPETTES AND ACCESSORIES	0.47			0.29					NB01
	Consommables (Matières premières, produits chimiques/biologiques et organismes vivants)	NB02	euro	POINTES (CONES) POUR MICROPIPETTES MONO-CANAL ET MULTI-CANAUX	2019	0.0	0.0	0.0	0.0	0.17	0.136	kg eCO2/euro	micro	purchases	TIPS (CONES) FOR SINGLE AND MULTICHANNEL MICROPIPETTES	0.49		0.17	0.02	mNB02	pipet tips (ACV)			NB01
	Consommables (Matières premières, produits chimiques/biologiques et organismes vivants)	NB03	euro	SERINGUES EN PLASTIQUE ET AIGUILLES	2019	0.0	0.0	0.0	0.0	0.49	0.392	kg eCO2/euro	macro	purchases	PLASTIC SYRINGES AND NEEDLES	0.49			0.38					NB01
	Consommables (Matières premières, produits chimiques/biologiques et organismes vivants)	NB04	euro	PIPETTES A USAGE UNIQUE	2019	0.0	0.0	0.0	0.0	0.84	0.672	kg eCO2/euro	micro	purchases	SINGLE-USE PIPETTES	0.63		0.44	0.59	mNB04	plastic pipette (ACV)			NB05
	Matériel et instruments de laboratoire	NB05	euro	PIPETTES REUTILISABLES	2019	0.0	0.0	0.0	0.0	0.23	0.184	kg eCO2/euro	micro	purchases	REUSABLE PIPETTES	0.63		0.14	0.1	mNB43	laboratory glassware (ACV)			NB05
	Consommables (Matières premières, produits chimiques/biologiques et organismes vivants)	NB11	euro	MICROTUBES, CRYOTUBES, TUBES A USAGE UNIQUE	2019	0.0	0.0	0.0	0.0	0.42	0.336	kg eCO2/euro	macro	purchases	MICROTUBES, CRYOTUBES, DISPOSABLE TUBES	0.42		0.38	0.3	mNB11	plastic tube (ACV)			NB17
	Consommables (Matières premières, produits chimiques/biologiques et organismes vivants)	NB12	euro	PORTOIRS ET BOITES DE STOCKAGE POUR MICROTUBES	2019	0.0	0.0	0.0	0.0	0.42	0.336	kg eCO2/euro	macro	purchases	RACKS AND STORAGE BOXES FOR MICROTUBES	0.42			0.3					NB17
	Consommables (Matières premières, produits chimiques/biologiques et organismes vivants)	NB13	euro	CULTURE CELLULAIRE EUCARYOTE : CONSOMMABLES EN PLASTIQUE SPECIFIQUES	2019	0.0	0.0	0.0	0.0	0.32	0.256	kg eCO2/euro	micro	purchases	EUKARYOTIC CELL CULTURE : SPECIFIC PLASTIC CONSUMABLES	0.42		0.32	0.26	mNB15	Microplate (ACV)			NB17
	Consommables (Matières premières, produits chimiques/biologiques et organismes vivants)	NB14	euro	BACTERIOLOGIE : CONSOMMABLES EN PLASTIQUE SPECIFIQUES	2019	0.0	0.0	0.0	0.0	0.42	0.336	kg eCO2/euro	macro	purchases	BACTERIOLOGY : SPECIFIC PLASTIC CONSUMABLES	0.42		0.84	0.3	mNB14	Petri dish (ACV)			NB17
	Consommables (Matières premières, produits chimiques/biologiques et organismes vivants)	NB15	euro	MICROPLAQUES (PCR, HTS, ELISA_x001A_) HORS CULTURE CELLULAIRE ET FILTRATION	2019	0.0	0.0	0.0	0.0	0.32	0.256	kg eCO2/euro	micro	purchases	MICROPLATES (PCR, HTS, ELISA...) EXCLUDING CELL CULTURE AND FILTRATION	0.42		0.32	0.26	mNB15	Microplate (ACV)			NB17
	Consommables (Matières premières, produits chimiques/biologiques et organismes vivants)	NB16	euro	LAMES ET LAMELLES EN VERRE ET PLASTIQUE	2019	0.0	0.0	0.0	0.0	0.6	0.48	kg eCO2/euro	macro	purchases	GLASS AND PLASTIC SLIDES AND COVERSLIPS	0.6			0.5					NB16
	Consommables (Matières premières, produits chimiques/biologiques et organismes vivants)	NB17	euro	AUTRES CONSOMMABLES EN PLASTIQUE ET EN VERRE HORS CULTURE CELL. ET BACTERIO	2019	0.0	0.0	0.0	0.0	0.42	0.336	kg eCO2/euro	macro	purchases	OTHER PLASTIC AND GLASS CONSUMABLES EXCEPT CELL CULTURE AND FILTRATION AND BACTERIO	0.42			0.3					NB17
	Consommables (Matières premières, produits chimiques/biologiques et organismes vivants)	NB21	euro	CONSOMMABLES DE CHROMATOGRAPHIE ET D'EXTRACTION NON DEDIES AUX INSTRUMENTS	2019	0.0	0.0	0.0	0.0	0.61	0.488	kg eCO2/euro	macro	purchases	CHROMATOGRAPHY AND EXTRACTION CONSUMABLES NOT DEDICATED TO INSTRUMENTS	0.61			0.62					NB24
	Consommables (Matières premières, produits chimiques/biologiques et organismes vivants)	NB22	euro	ELECTROPHORESE SUR GEL : CONSOMMABLES NON DEDIES AUX INSTRUMENTS	2019	0.0	0.0	0.0	0.0	0.61	0.488	kg eCO2/euro	macro	purchases	GEL ELECTROPHORESIS : NON-INSTRUMENT CONSUMABLES	0.61			0.62					NB24
	Consommables (Matières premières, produits chimiques/biologiques et organismes vivants)	NB23	euro	MEMBRANES ET KITS POUR LE TRANSFERT D'ACIDES NUCLEIQUES ET DES PROTEINES (BLOT)	2019	0.0	0.0	0.0	0.0	0.61	0.488	kg eCO2/euro	macro	purchases	MEMBRANES AND KITS FOR THE TRANSFER OF NUCLEIC ACIDS AND PROTEINS (BLOT)	0.61			0.62					NB24
	Consommables (Matières premières, produits chimiques/biologiques et organismes vivants)	NB24	euro	CONSOMMABLES POUR FILTRATION ET DIALYSE	2019	0.0	0.0	0.0	0.0	0.15	0.12	kg eCO2/euro	meso	purchases	CONSUMABLES FOR FILTRATION AND DIALYSIS	0.61	0.15		0.12			MNB24	Sartorius	NB24
	Consommables (Matières premières, produits chimiques/biologiques et organismes vivants)	NB31	euro	FILMS AUTORADIOGRAPHIQUES ET PHOTOGRAPHIQUES ET REACTIFS	2019	0.0	0.0	0.0	0.0	0.65	0.52	kg eCO2/euro	macro	purchases	AUTORADIOGRAPHIC AND PHOTOGRAPHIC FILMS AND REAGENTS	0.65			0.37					NB31
	Consommables (Matières premières, produits chimiques/biologiques et organismes vivants)	NB32	euro	HUILE A IMMERSION POUR MICROSCOPIE	2019	0.0	0.0	0.0	0.0	0.97	0.776	kg eCO2/euro	macro	purchases	IMMERSION OIL FOR MICROSCOPY	0.97			0.55					NB32
	Consommables (Matières premières, produits chimiques/biologiques et organismes vivants)	NB33	euro	CONSOMMABLES LAMPES ET AMPOULES DIVERSES (HORS MICROSCOPIE ET SPECTRO)	2019	0.0	0.0	0.0	0.0	0.62	0.496	kg eCO2/euro	macro	purchases	CONSUMABLES FOR LAMPS AND BULBS (EXCEPT MICROSCOPY AND SPECTRO)	0.62			0.26					NB33
	Consommables (Matières premières, produits chimiques/biologiques et organismes vivants)	NB34	euro	PRODUITS DE LAVAGE, DESINFECTION, STERILISATION	2019	0.0	0.0	0.0	0.0	0.88	0.7040000000000001	kg eCO2/euro	macro	purchases	WASHING, DISINFECTION AND STERILISATION PRODUCTS	0.88			0.63					NB34
	Consommables (Matières premières, produits chimiques/biologiques et organismes vivants)	NB35	euro	AUTRES CONSOMMABLES DE LABO HORS PLASTIQUE ET VERRE	2019	0.0	0.0	0.0	0.0	0.58	0.464	kg eCO2/euro	macro	purchases	OTHER LAB CONSUMABLES EXCEPT PLASTIC AND GLASS	0.58			0.32					NB35
	Matériel et instruments de laboratoire	NB41	euro	ROTORS RMN, TUBES RMN ET BOUCHONS ASSOCIES	2019	0.0	0.0	0.0	0.0	1.0	0.8	kg eCO2/euro	macro	purchases	RMN ROTORS, RMN TUBES AND ASSOCIATED STOPPERS	1.0			0.8					NB45
	Matériel et instruments de laboratoire	NB42	euro	VERRERIE SOUFFLEE (A FACON)	2019	0.0	0.0	0.0	0.0	0.23	0.184	kg eCO2/euro	micro	purchases	BLOWN GLASSWARE (CUSTOM-MADE)	1.0		0.23	0.1	mNB43	laboratory glassware (ACV)			NB45
	Matériel et instruments de laboratoire	NB43	euro	VAISSELLE DE LABORATOIRE REUTILISABLE EN VERRE, PLASTIQUE, PORCELAINE	2019	0.0	0.0	0.0	0.0	0.23	0.184	kg eCO2/euro	micro	purchases	REUSABLE GLASS, PLASTIC AND PORCELAIN LABORATORY WARE	1.0		0.23	0.1	mNB43	laboratory glassware (ACV)			NB45
	Matériel et instruments de laboratoire	NB44	euro	CUVETTES EN VERRE ET QUARTZ POUR SPECTROMETRES	2019	0.0	0.0	0.0	0.0	0.23	0.184	kg eCO2/euro	micro	purchases	GLASS AND QUARTZ CUVETTES FOR SPECTROMETERS	1.0		0.23	0.1	mNB43	laboratory glassware (ACV)			NB45
	Matériel et instruments de laboratoire	NB45	euro	RECIPIENTS, CREUSETS EN MATERIAUX SPECIAUX (HORS CIBLES)	2019	0.0	0.0	0.0	0.0	1.0	0.8	kg eCO2/euro	macro	purchases	CONTAINERS, CRUCIBLES OF SPECIAL MATERIALS (EXCEPT TARGETS)	1.0			0.8					NB45
	Consommables (Matières premières, produits chimiques/biologiques et organismes vivants)	NB51	euro	PETIT MATERIEL DE PAILLASSE NON ELECTRIQUE COURANT	2019	0.0	0.0	0.0	0.0	0.26	0.208	kg eCO2/euro	macro	purchases	SMALL NON-ELECTRIC BENCH TOP EQUIPMENT	0.26			0.18					NB51
	Matériel et instruments de laboratoire	NB61	euro	ELECTROCHIMIE DE PAILLASSE : MATERIEL ET CONSOMMABLES	2019	0.0	0.0	0.0	0.0	0.28	0.224	kg eCO2/euro	macro	purchases	ELECTROCHEMISTRY : EQUIPMENT AND CONSUMABLES	0.28			0.14					NB62
	Matériel et instruments de laboratoire	NB62	euro	ELECTROCHIMIE : POTENTIOSTATS / GALVANOSTATS ET ACCESSOIRES	2019	0.0	0.0	0.0	0.0	0.28	0.224	kg eCO2/euro	macro	purchases	ELECTROCHEMISTRY : POTENTIOSTATS / GALVANOSTATS AND ACCESSORIES	0.28			0.14					NB62
	Matériel et instruments de laboratoire	NB71	euro	BALANCES, MATERIEL DE PESEE DE PAILLASSE ET ACCESSOIRES	2019	0.0	0.0	0.0	0.0	0.42	0.336	kg eCO2/euro	macro	purchases	BALANCES, BENCH SCALES AND ACCESSORIES	0.42			0.24					NB71
	Matériel et instruments de laboratoire	NB72	euro	AGITATEURS MAGNETIQUES CHAUFFANTS OU NON	2019	0.0	0.0	0.0	0.0	0.37	0.296	kg eCO2/euro	macro	purchases	MAGNETIC STIRRERS, HEATED OR NOT	0.37			0.2					NB71
	Matériel et instruments de laboratoire	NB73	euro	AGITATEURS, MELANGEURS ET ACCESSOIRES	2019	0.0	0.0	0.0	0.0	0.37	0.296	kg eCO2/euro	macro	purchases	STIRRERS, MIXERS AND ACCESSORIES	0.37			0.2					NB71
	Matériel et instruments de laboratoire	NB74	euro	BROYAGE, FRACTIONNEMENT, TAMISAGE : MATERIEL ET ACCESSOIRES	2019	0.0	0.0	0.0	0.0	0.39	0.3120000000000001	kg eCO2/euro	macro	purchases	GRINDING, FRACTIONING, SIEVING: EQUIPMENT AND ACCESSORIES	0.39			0.19					NB71
	Matériel et instruments de laboratoire	NB75	euro	POMPES (HORS VIDE VA.01) (POMPES OSMOTIQUES_x001A_)	2019	0.0	0.0	0.0	0.0	0.43	0.344	kg eCO2/euro	macro	purchases	PUMPS (EXCEPT VACUUM VA.01) (OSMOTIC PUMPS...)	0.43			0.24					NB71
	Matériel et instruments de laboratoire	NB76	euro	CHAUFFAGE : FOURS SIMPLES, BRULEURS, PLAQUES, CHAUFFE-BALLONS,_x001A_	2019	0.0	0.0	0.0	0.0	0.42	0.336	kg eCO2/euro	macro	purchases	HEATING : SIMPLE OVENS, BURNERS, PLATES, BALLOON HEATERS,...	0.42			0.24					NB71
	Matériel et instruments de laboratoire	NB77	euro	THERMOSTATISATION ET SECHAGE : ETUVES, ENCEINTES, BAINS, DESSICATEURS_x001A_	2019	0.0	0.0	0.0	0.0	0.39	0.3120000000000001	kg eCO2/euro	macro	purchases	THERMOSTATISATION AND DRYING: OVENS, CHAMBERS, BATHS, DESICCATORS, ETC.	0.39			0.19					NB71
	Matériel et instruments de laboratoire	NB78	euro	MICROCENTRIFUGATION : MICROCENTRIFUGEUSES ET CYTOCENTRIFUGEUSES	2019	0.0	0.0	0.0	0.0	0.42	0.336	kg eCO2/euro	macro	purchases	MICROCENTRIFUGATION: MICROCENTRIFUGES AND CYTOCENTRIFUGES	0.42			0.24					NB71
	Matériel et instruments de laboratoire	NB79	euro	CHIMIE ET BIOLOGIE : AUTRE MATERIEL ELECTRIQUE DE PAILLASSE COURANT	2019	0.0	0.0	0.0	0.0	0.42	0.336	kg eCO2/euro	macro	purchases	CHEMISTRY AND BIOLOGY: OTHER COMMON BENCH-TOP ELECTRICAL EQUIPMENT	0.42			0.24					NB71
	Matériel et instruments de laboratoire	NB81	euro	CENTRIFUGATION : CENTRIFUGEUSES ET ULTRACENTRIFUGEUSES	2019	0.0	0.0	0.0	0.0	0.41	0.328	kg eCO2/euro	macro	purchases	CENTRIFUGATION: CENTRIFUGES AND ULTRACENTRIFUGES	0.41			0.28					NB81
	Matériel et instruments de laboratoire	NB82	euro	CENTRIFUGATION : ACCESSOIRES (ROTORS, GODETS_x001A_)	2019	0.0	0.0	0.0	0.0	0.37	0.296	kg eCO2/euro	macro	purchases	CENTRIFUGATION : ACCESSORIES (ROTORS, BUCKETS...)	0.37			0.22					NB81
	Matériel et instruments de laboratoire	NB83	euro	INCUBATION : INCUBATEURS, INCUBATEURS A CO2 ET ACCESSOIRES	2019	0.0	0.0	0.0	0.0	0.41	0.328	kg eCO2/euro	macro	purchases	INCUBATION : INCUBATORS, CO2 INCUBATORS AND ACCESSORIES	0.41			0.28					NB81
	Matériel et instruments de laboratoire	NB84	euro	FROID : BANQUES DE SANG, CONGELATEURS, REFRIGERATEURS,_x001A_	2019	0.0	0.0	0.0	0.0	0.41	0.328	kg eCO2/euro	macro	purchases	COLD : BLOOD BANKS, FREEZERS, REFRIGERATORS,...	0.41			0.28					NB81
	Matériel et instruments de laboratoire	NB85	euro	PURIFICATION DES SOLVANTS, ACIDES ET BASES : MATERIEL ET ACCESSOIRES	2019	0.0	0.0	0.0	0.0	0.34	0.272	kg eCO2/euro	macro	purchases	PURIFICATION OF SOLVENTS, ACIDS AND BASES: EQUIPMENT AND ACCESSORIES	0.34			0.18					NB81
	Matériel et instruments de laboratoire	NB86	euro	LAVAGE : MATERIEL ET ACCESSOIRES	2019	0.0	0.0	0.0	0.0	0.34	0.272	kg eCO2/euro	macro	purchases	WASHING : EQUIPMENT AND ACCESSORIES	0.34			0.18					NB81
	Matériel et instruments de laboratoire	NB87	euro	STERILISATION ET DESINFECTION : STERILISATEURS ET ACCESSOIRES	2019	0.0	0.0	0.0	0.0	0.34	0.272	kg eCO2/euro	macro	purchases	STERILISATION AND DISINFECTION : STERILISERS AND ACCESSORIES	0.34			0.18					NB81
	Matériel et instruments de laboratoire	NC01	euro	ELECTROPHORESE SUR GEL ET TRANSFERT : PETIT MATERIEL ET ACCESSOIRES DEDIES	2019	0.0	0.0	0.0	0.0	0.3	0.24	kg eCO2/euro	macro	purchases	GEL ELECTROPHORESIS AND TRANSFER: SMALL EQUIPMENT AND ACCESSORIES	0.3			0.21					NB62
	Matériel et instruments de laboratoire	NC02	euro	PURIFICATION DES BIOMOLECULES : AUTOMATES ET ACCESSOIRES DEDIES	2019	0.0	0.0	0.0	0.0	0.27	0.216	kg eCO2/euro	macro	purchases	BIOMOLECULE PURIFICATION : AUTOMATS AND DEDICATED ACCESSORIES	0.27			0.17					NB62
	Consommables (Matières premières, produits chimiques/biologiques et organismes vivants)	NC03	euro	PURIFICATION DES BIOMOLECULES : CONSOMMABLES DEDIES AUX AUTOMATES	2019	0.0	0.0	0.0	0.0	0.26	0.208	kg eCO2/euro	macro	purchases	BIOMOLECULE PURIFICATION: CONSUMABLES FOR AUTOMATS	0.26			0.15					NB62
	Matériel et instruments de laboratoire	NC04	euro	EXTRACTION ET SEPARATION DES MOLECULES : EQUIPEMENT DE FLASH CHROMATOGRAPHIE	2019	0.0	0.0	0.0	0.0	0.27	0.216	kg eCO2/euro	macro	purchases	MOLECULE EXTRACTION AND SEPARATION : FLASH CHROMATOGRAPHY EQUIPMENT	0.27			0.17					NB62
	Consommables (Matières premières, produits chimiques/biologiques et organismes vivants)	NC05	euro	EXTRACTION ET SEPARATION DES MOLECULES : CONSOMMABLES POUR FLASH CHROMATOGRAPHIE	2019	0.0	0.0	0.0	0.0	0.26	0.208	kg eCO2/euro	macro	purchases	MOLECULE EXTRACTION AND SEPARATION : CONSUMABLES FOR FLASH CHROMATOGRAPHY	0.26			0.15					NB62
	Matériel et instruments de laboratoire	NC06	euro	SEPARATION DES MOLECULES : AUTRES EQUIPEMENTS (SFC, CPC, EXTRACTEURS_x001A_)	2019	0.0	0.0	0.0	0.0	0.27	0.216	kg eCO2/euro	macro	purchases	MOLECULE SEPARATION : OTHER EQUIPMENT (SFC, CPC, EXTRACTORS...)	0.27			0.17					NB62
	Consommables (Matières premières, produits chimiques/biologiques et organismes vivants)	NC07	euro	SEPARATION DES MOLECULES : CONSOMMABLES DEDIES AUX AUTRES EQUIPEMENTS	2019	0.0	0.0	0.0	0.0	0.26	0.208	kg eCO2/euro	macro	purchases	MOLECULE SEPARATION : CONSUMABLES FOR OTHER EQUIPMENT	0.26			0.15					NB62
	Matériel et instruments de laboratoire	NC11	euro	BIOMOL : IMAGEURS POUR GELS ET MEMBRANES ET ACCESSOIRES	2019	0.0	0.0	0.0	0.0	0.27	0.216	kg eCO2/euro	macro	purchases	BIOMOL: GEL AND MEMBRANE IMAGERS AND ACCESSORIES	0.27			0.17					NB62
	Matériel et instruments de laboratoire	NC12	euro	BIOMOL : COMPTEURS DE RADIOACTIVITE (SIMPLE OU MULTI DETECTION)	2019	0.0	0.0	0.0	0.0	0.27	0.216	kg eCO2/euro	macro	purchases	BIOMOL: RADIOACTIVITY COUNTERS (SINGLE OR MULTI DETECTION)	0.27			0.17					NB62
	Matériel et instruments de laboratoire	NC13	euro	BIOMOL : SCANNERS (LECTEURS OPTIQUES) DE BIOPUCES	2019	0.0	0.0	0.0	0.0	0.27	0.216	kg eCO2/euro	macro	purchases	BIOMOL: SCANNERS (OPTICAL READERS) FOR BIOCHIPS	0.27			0.17					NB62
	Matériel et instruments de laboratoire	NC14	euro	BIOMOL : SCANNERS / IMAGEURS MULTIFONCTIONS (IN VITRO, IN VIVO, GELS,_x001A_)	2019	0.0	0.0	0.0	0.0	0.27	0.216	kg eCO2/euro	macro	purchases	BIOMOL: MULTIFUNCTION SCANNERS / IMAGERS (IN VITRO, IN VIVO, GELS,...)	0.27			0.17					NB62
	Matériel et instruments de laboratoire	NC15	euro	BIOMOL : AUTOMATES D'HYBRIDATION IN SITU ET ACCESSOIRES	2019	0.0	0.0	0.0	0.0	0.27	0.216	kg eCO2/euro	macro	purchases	BIOMOL: AUTOMATIC IN SITU HYBRIDISATION MACHINES AND ACCESSORIES	0.27			0.17					NB62
	Matériel et instruments de laboratoire	NC16	euro	BIOMOL : SEQUENCEURS, ANALYSEURS GENETIQUES ET ACCESSOIRES	2019	0.0	0.0	0.0	0.0	0.27	0.216	kg eCO2/euro	macro	purchases	BIOMOL: SEQUENCERS, GENE ANALYSERS AND ACCESSORIES	0.27			0.17					NB62
	Matériel et instruments de laboratoire	NC17	euro	BIOMOL : SEQUENCEURS HAUT DEBIT	2019	0.0	0.0	0.0	0.0	0.27	0.216	kg eCO2/euro	macro	purchases	BIOMOL : HIGH SPEED SEQUENCERS	0.27			0.17					NB62
	Matériel et instruments de laboratoire	NC21	euro	BIOLOGIE MOLECULAIRE : THERMOCYCLEURS POUR PCR CONVENTIONELLE ET ACCESSOIRES	2019	0.0	0.0	0.0	0.0	0.27	0.216	kg eCO2/euro	macro	purchases	MOLECULAR BIOLOGY: THERMOCYCLERS FOR CONVENTIONAL PCR AND ACCESSORIES	0.27			0.17					NB62
	Matériel et instruments de laboratoire	NC22	euro	BIOLOGIE MOLECULAIRE : THERMOCYCLEURS POUR PCR QUANTITATIVE ET ACCESSOIRES	2019	0.0	0.0	0.0	0.0	0.27	0.216	kg eCO2/euro	macro	purchases	MOLECULAR BIOLOGY : THERMOCYCLERS FOR QUANTITATIVE PCR AND ACCESSORIES	0.27			0.17					NB62
	Matériel et instruments de laboratoire	NC23	euro	BIOLOGIE : AUTOMATES POUR LA SYNTHESE DES OLIGONUCLEOTIDES ET ACCESSOIRES	2019	0.0	0.0	0.0	0.0	0.27	0.216	kg eCO2/euro	macro	purchases	BIOLOGY: AUTOMATIC OLIGONUCLEOTIDE SYNTHESIS MACHINES AND ACCESSORIES	0.27			0.17					NB62
	Matériel et instruments de laboratoire	NC24	euro	BIOLOGIE : AUTOMATES POUR LA SYNTHESE DES PEPTIDES ET ACCESSOIRES	2019	0.0	0.0	0.0	0.0	0.27	0.216	kg eCO2/euro	macro	purchases	BIOLOGY: AUTOMATED PEPTIDE SYNTHESIS SYSTEMS AND ACCESSORIES	0.27			0.17					NB62
	Matériel et instruments de laboratoire	NC25	euro	CHIMIE : APPAREILS ET REACTEURS POUR LA CHIMIE ORGANIQUE	2019	0.0	0.0	0.0	0.0	0.27	0.216	kg eCO2/euro	macro	purchases	CHEMISTRY : APPARATUS AND REACTORS FOR ORGANIC CHEMISTRY	0.27			0.17					NB62
	Matériel et instruments de laboratoire	NC31	euro	BIOLOGIE : STATION D'HYBRIDATION DE BIOPUCES (MICROARRAYS)	2019	0.0	0.0	0.0	0.0	0.27	0.216	kg eCO2/euro	macro	purchases	BIOLOGY: MICROARRAY HYBRIDIZATION STATIONS	0.27			0.17					NB62
	Matériel et instruments de laboratoire	NC32	euro	CHIMIE ET BIOLOGIE : STATIONS DE PIPETAGE AUTOMATISEES	2019	0.0	0.0	0.0	0.0	0.27	0.216	kg eCO2/euro	macro	purchases	CHEMISTRY AND BIOLOGY: AUTOMATED PIPETTING STATIONS	0.27			0.17					NB62
	Consommables (Matières premières, produits chimiques/biologiques et organismes vivants)	NC33	euro	CHIMIE ET BIOLOGIE : POINTES (CONES) POUR ROBOTS DE PIPETAGE	2019	0.0	0.0	0.0	0.0	0.3	0.24	kg eCO2/euro	macro	purchases	CHEMISTRY AND BIOLOGY : TIPS (CONES) FOR PIPETTING ROBOTS	0.3			0.21					NB62
	Matériel et instruments de laboratoire	NC34	euro	CHIMIE ET BIOLOGIE : AUTOMATES DE SCREENING HAUT DEBIT	2019	0.0	0.0	0.0	0.0	0.27	0.216	kg eCO2/euro	macro	purchases	CHEMISTRY AND BIOLOGY: HIGH-SPEED SCREENING MACHINES	0.27			0.17					NB62
	Matériel et instruments de laboratoire	NC35	euro	CHIMIE ET BIOLOGIE : AUTOMATES D'ELECTROPHYSIOLOGIE	2019	0.0	0.0	0.0	0.0	0.27	0.216	kg eCO2/euro	macro	purchases	CHEMISTRY AND BIOLOGY : ELECTROPHYSIOLOGY AUTOMATS	0.27			0.17					NB62
	Matériel et instruments de laboratoire	NC41	euro	CULTURE CELLULAIRE : FERMENTEURS ET BIOREACTEURS	2019	0.0	0.0	0.0	0.0	0.27	0.216	kg eCO2/euro	macro	purchases	CELL CULTURE: FERMENTERS AND BIOREACTORS	0.27			0.17					NB62
	Matériel et instruments de laboratoire	NC51	euro	MATERIEL DE MICROMANIPULATION DES CELLULES, ACCESSOIRES ET CONSOMMABLES DEDIES	2019	0.0	0.0	0.0	0.0	0.3	0.24	kg eCO2/euro	macro	purchases	CELL MICROMANIPULATION EQUIPMENT, ACCESSORIES AND CONSUMABLES	0.3			0.21					NB62
	Matériel et instruments de laboratoire	NC52	euro	BIOLOGIE CELLULAIRE : MATERIEL DE DETECTION INTRACELLULAIRE	2019	0.0	0.0	0.0	0.0	0.27	0.216	kg eCO2/euro	macro	purchases	CELL BIOLOGY: INTRACELLULAR DETECTION EQUIPMENT	0.27			0.17					NB62
	Consommables (Matières premières, produits chimiques/biologiques et organismes vivants)	NC53	euro	DETECTION INTRACELLULAIRE : CONSOMMABLES DEDIES AUX INSTRUMENTS	2019	0.0	0.0	0.0	0.0	0.3	0.24	kg eCO2/euro	macro	purchases	INTRACELLULAR DETECTION : CONSUMABLES FOR INSTRUMENTS	0.3			0.21					NB62
	Matériel et instruments de laboratoire	NC54	euro	CYTOMETRIE EN FLUX ET TRI CELLULAIRE : MATERIEL ET ACCESSOIRES	2019	0.0	0.0	0.0	0.0	0.27	0.216	kg eCO2/euro	macro	purchases	FLOW CYTOMETRY AND CELL SORTING: EQUIPMENT AND ACCESSORIES	0.27			0.17					NB62
	Consommables (Matières premières, produits chimiques/biologiques et organismes vivants)	NC55	euro	CYTOMETRIE EN FLUX ET TRI CELLULAIRE : CONSOMMABLES DEDIES AUX INSTRUMENTS	2019	0.0	0.0	0.0	0.0	0.26	0.208	kg eCO2/euro	macro	purchases	FLOW CYTOMETRY AND CELL SORTING : CONSUMABLES FOR INSTRUMENTS	0.26			0.15					NB62
	Matériel et instruments de laboratoire	NC56	euro	COMPTAGE CELLULAIRE : MATERIEL ET ACCESSOIRES	2019	0.0	0.0	0.0	0.0	0.27	0.216	kg eCO2/euro	macro	purchases	CELL COUNTING: EQUIPMENT AND ACCESSORIES	0.27			0.17					NB62
	Consommables (Matières premières, produits chimiques/biologiques et organismes vivants)	NC57	euro	COMPTAGE CELLULAIRE : CONSOMMABLES DEDIES AUX INSTRUMENTS	2019	0.0	0.0	0.0	0.0	0.26	0.208	kg eCO2/euro	macro	purchases	CELL COUNTING : CONSUMABLES FOR INSTRUMENTS	0.26			0.15					NB62
	Matériel et instruments de laboratoire	NC58	euro	ELECTROPHYSIOLOGIE CONVENTIONNELLE (PATCH CLAMP) : MATERIEL ET ACCESSOIRES	2019	0.0	0.0	0.0	0.0	0.27	0.216	kg eCO2/euro	macro	purchases	CONVENTIONAL ELECTROPHYSIOLOGY (PATCH CLAMP): EQUIPMENT AND ACCESSORIES	0.27			0.17					NB62
	Consommables (Matières premières, produits chimiques/biologiques et organismes vivants)	NC59	euro	ELECTROPHYSIOLOGIE CONVENTIONNELLE : CONSOMMABLES DEDIES AUX INSTRUMENTS	2019	0.0	0.0	0.0	0.0	0.26	0.208	kg eCO2/euro	macro	purchases	CONVENTIONAL ELECTROPHYSIOLOGY : CONSUMABLES FOR INSTRUMENTS	0.26			0.15					NB62
	Matériel et instruments de laboratoire	NC61	euro	GENIE CHIMIQUE : REACTEURS	2019	0.0	0.0	0.0	0.0	0.34	0.272	kg eCO2/euro	macro	purchases	CHEMICAL ENGINEERING: REACTORS	0.34			0.32					UC24
	Matériel et instruments de laboratoire	NC62	euro	GENIE CHIMIQUE : EQUIPEMENTS DE PURIFICATION	2019	0.0	0.0	0.0	0.0	0.34	0.272	kg eCO2/euro	macro	purchases	CHEMICAL ENGINEERING: PURIFICATION EQUIPMENT	0.34			0.32					UC24
	Matériel et instruments de laboratoire	NC63	euro	GENIE CHIMIQUE : AUTRES EQUIPEMENTS	2019	0.0	0.0	0.0	0.0	0.34	0.272	kg eCO2/euro	macro	purchases	CHEMICAL ENGINEERING: OTHER EQUIPMENT	0.34			0.32					UC24
	Matériel et instruments de laboratoire	NC64	euro	GENIE CHIMIQUE : ACCESSOIRES ET CONSOMMABLES	2019	0.0	0.0	0.0	0.0	0.28	0.224	kg eCO2/euro	macro	purchases	CHEMICAL ENGINEERING: ACCESSORIES AND CONSUMABLES	0.28			0.21					NB62
	Matériel et instruments de laboratoire	NC71	euro	CHIMIE : APPAREILS D'ANALYSE ELEMENTAIRE (CHNS-O, AOX, TN, TS,... )	2019	0.0	0.0	0.0	0.0	0.2	0.16	kg eCO2/euro	meso	purchases	CHEMISTRY: BASIC ANALYSIS EQUIPMENT (CHNS-O, AOX, TN, TS,...)	0.24	0.2		0.16			MSB21	Shimadzu	UG22
	Matériel et instruments de laboratoire	NC72	euro	CHIMIE : ANALYSEURS DE MERCURE	2019	0.0	0.0	0.0	0.0	0.24	0.192	kg eCO2/euro	macro	purchases	CHEMISTRY: MERCURY ANALYSERS	0.24			0.16					UG22
	Matériel et instruments de laboratoire	NC73	euro	CHIMIE : APPAREILS DE SPECIATION (DU MERCURE,_x001A_)	2019	0.0	0.0	0.0	0.0	0.24	0.192	kg eCO2/euro	macro	purchases	CHEMISTRY: SPECIATION DEVICES (MERCURY,...)	0.24			0.16					UG22
	Matériel et instruments de laboratoire	NC74	euro	CHIMIE : ANALYSEURS DES SELS NUTRITIFS (SILICATE, PHOSPHATE, NITRATE,...)	2019	0.0	0.0	0.0	0.0	0.24	0.192	kg eCO2/euro	macro	purchases	CHEMISTRY: NUTRIENT SALT ANALYSERS (SILICATE, PHOSPHATE, NITRATE,...)	0.24			0.16					UG22
	Matériel et instruments de laboratoire	NC75	euro	CHIMIE : AUTRES INSTRUMENTS D'ANALYSE DE L'EAU	2019	0.0	0.0	0.0	0.0	0.24	0.192	kg eCO2/euro	macro	purchases	CHEMISTRY: OTHER WATER ANALYSIS INSTRUMENTS	0.24			0.16					UG22
	Matériel et instruments de laboratoire	NC76	euro	CHIMIE : AUTRES INSTRUMENTS D'ANALYSE DE L'ENVIRONNEMENT	2019	0.0	0.0	0.0	0.0	0.24	0.192	kg eCO2/euro	macro	purchases	CHEMISTRY : OTHER ENVIRONMENTAL ANALYSIS INSTRUMENTS	0.24			0.16					UG22
	Matériel et instruments de laboratoire	NC81	euro	CHIMIE ET PHYSICO-CHIMIE : EQUIPEMENTS DE TESTS PHARMACEUTIQUES	2019	0.0	0.0	0.0	0.0	0.27	0.216	kg eCO2/euro	macro	purchases	CHEMISTRY AND PHYSICAL CHEMISTRY: PHARMACEUTICAL TEST EQUIPMENT	0.27			0.17					NB62
	Réparations et maintenance	ND01	euro	MICROPIPETTES MONO ET MULTICANALES : MAINTECE - VERIFICATION - REPARATION	2019	0.0	0.0	0.0	0.0	0.22	0.176	kg eCO2/euro	macro	purchases	SINGLE AND MULTICHANNEL MICROPIPETTES : MAINTENANCE - CHECKING - REPAIR	0.22			0.15					WB11
	Réparations et maintenance	ND02	euro	VERRERIE SOUFFLEE : REPARATION	2019	0.0	0.0	0.0	0.0	0.64	0.512	kg eCO2/euro	macro	purchases	BLOWN GLASSWARE : REPAIR	0.64			0.25					ND02
	Réparations et maintenance	ND03	euro	BALANCES POUR LA CHIMIE ET BIOLOGIE : MAINTECE - REPARATION - VERIFICATION	2019	0.0	0.0	0.0	0.0	0.22	0.176	kg eCO2/euro	macro	purchases	BALANCES FOR CHEMISTRY AND BIOLOGY: MAINTENANCE - REPAIR - CHECKING	0.22			0.15					WB11
	Réparations et maintenance	ND04	euro	CENTRIFUGEUSES : MAINTECE - REPARATION - VERIFICATION	2019	0.0	0.0	0.0	0.0	0.22	0.176	kg eCO2/euro	macro	purchases	CENTRIFUGES: MAINTENANCE - REPAIR - CHECKING	0.22			0.15					WB11
	Réparations et maintenance	ND05	euro	AUTRE MATERIEL DE PAILLASSE COURANT : MAINTECE - VERIFICATION - REPARATION	2019	0.0	0.0	0.0	0.0	0.22	0.176	kg eCO2/euro	macro	purchases	OTHER COMMON BENCH-TOP EQUIPMENT: MAINTENANCE - CHECKING - REPAIR	0.22			0.15					WB11
	Réparations et maintenance	ND11	euro	CHAMBRES ET AUTRES MACHINES THERMIQUES : MAINTECE - REPARATION	2019	0.0	0.0	0.0	0.0	0.22	0.176	kg eCO2/euro	macro	purchases	CHAMBERS AND OTHER THERMAL MACHINES : MAINTENANCE - REPAIR	0.22			0.15					WB11
	Réparations et maintenance	ND12	euro	INCUBATEURS ET INCUBATEURS A CO2 : MAINTECE - REPARATION	2019	0.0	0.0	0.0	0.0	0.22	0.176	kg eCO2/euro	macro	purchases	INCUBATORS AND CO2 INCUBATORS : MAINTECE - REPAIR	0.22			0.15					WB11
	Réparations et maintenance	ND13	euro	STERILISATEURS : MAINTECE - REPARATION - CONTR_x001A_LE	2019	0.0	0.0	0.0	0.0	0.22	0.176	kg eCO2/euro	macro	purchases	STERILISERS: MAINTENANCE - REPAIR - CONTROL	0.22			0.15					WB11
	Réparations et maintenance	ND14	euro	AUTRE MATERIEL COURANT DE LABO : REPARATION _x001A_ MAINTECE - CALIBRATION	2019	0.0	0.0	0.0	0.0	0.22	0.176	kg eCO2/euro	macro	purchases	OTHER COMMON LAB EQUIPMENT : REPAIR - MAINTENANCE - CALIBRATION	0.22			0.15					WB11
	Réparations et maintenance	ND21	euro	MATERIEL DE SEPARATION/PURIFICATION DES MOLECULES : MAINTECE - REPARATION	2019	0.0	0.0	0.0	0.0	0.22	0.176	kg eCO2/euro	macro	purchases	MOLECULE SEPARATION/PURIFICATION EQUIPMENT : REPAIR - MAINTECE - REPAIR	0.22			0.15					WB11
	Réparations et maintenance	ND31	euro	MATERIEL DE DETECTION POUR LA BIO. MOL. : MAINTECE REPARATION	2019	0.0	0.0	0.0	0.0	0.22	0.176	kg eCO2/euro	macro	purchases	DETECTION EQUIPMENT FOR BIO. MOL. DETECTION EQUIPMENT : MAINTECE - REPAIR	0.22			0.15					WB11
	Réparations et maintenance	ND32	euro	SEQUENCEURS ET ANALYSEURS GENETIQUES : MAINTECE - REPARATION	2019	0.0	0.0	0.0	0.0	0.22	0.176	kg eCO2/euro	macro	purchases	GENE SEQUENCERS AND ANALYSERS : MAINTECE - REPAIR	0.22			0.15					WB11
	Réparations et maintenance	ND41	euro	THERMOCYCLEURS ET AUTOMATES DE SYNTHESE : MAINTECE - REPARATION	2019	0.0	0.0	0.0	0.0	0.22	0.176	kg eCO2/euro	macro	purchases	THERMOCYCLERS AND AUTOMATIC SYNTHESIZERS : MAINTECE - REPAIR	0.22			0.15					WB11
	Réparations et maintenance	ND51	euro	AUTRES ROBOTS ET AUTOMATES : MAINTECE - REPARATION	2019	0.0	0.0	0.0	0.0	0.22	0.176	kg eCO2/euro	macro	purchases	OTHER ROBOTS AND AUTOMATS : MAINTENANCE - REPAIR	0.22			0.15					WB11
	Réparations et maintenance	ND52	euro	CYTOMETRIE, COMPTAGE ET TRI CELLULAIRE : MAINTECE - REPARATION	2019	0.0	0.0	0.0	0.0	0.22	0.176	kg eCO2/euro	macro	purchases	CYTOMETRY, COUNTING AND CELL SORTING : MAINTECE - REPAIR	0.22			0.15					WB11
	Réparations et maintenance	ND53	euro	AUTRES EQUIPEMENTS DE BIOLOGIE CELLULAIRE : MAINTECE - REPARATION	2019	0.0	0.0	0.0	0.0	0.22	0.176	kg eCO2/euro	macro	purchases	OTHER CELL BIOLOGY EQUIPMENT : REPAIR AND MAINTENANCE	0.22			0.15					WB11
	Réparations et maintenance	ND54	euro	EQUIPEMENTS DE GENIE CHIMIQUE : REPARATION ET MAINTECE	2019	0.0	0.0	0.0	0.0	0.22	0.176	kg eCO2/euro	macro	purchases	CHEMICAL ENGINEERING EQUIPMENT : REPAIR AND MAINTENANCE	0.22			0.15					WB11
	Réparations et maintenance	ND55	euro	AUTRE MATERIEL SPECIFIQ. DE CHIMIE ET PHYSICO-CHIMIE : MAINTECE, REPARATION	2019	0.0	0.0	0.0	0.0	0.22	0.176	kg eCO2/euro	macro	purchases	OTHER SPECIFIC CHEMISTRY AND PHYSICO-CHEMISTRY EQUIPMENT CHEMISTRY AND PHYSICAL CHEMISTRY EQUIPMENT: MAINTENANCE, REPAIR	0.22			0.15					WB11
	Services	NE01	euro	BIOLOGIE : SERVICES DE SEQUENCAGE BAS DEBIT ET SERVICES CONNEXES	2019	0.0	0.0	0.0	0.0	0.07	0.05600000000000001	kg eCO2/euro	meso	purchases	BIOLOGY: LOW-SPEED SEQUENCING AND RELATED SERVICES	0.21	0.07		0.06			MLD2	Eurofins	XC25
	Services	NE02	euro	BIOLOGIE : SERVICES DE SEQUENCAGE HAUT DEBIT ET SERVICES CONNEXES	2019	0.0	0.0	0.0	0.0	0.07	0.05600000000000001	kg eCO2/euro	meso	purchases	BIOLOGY: HIGH-SPEED SEQUENCING AND RELATED SERVICES	0.21	0.07		0.06			MLD2	Eurofins	XC25
	Services	NE03	euro	BIOLOGIE : SERVICES DE GENOTYPAGE ET SERVICES CONNEXES	2019	0.0	0.0	0.0	0.0	0.07	0.05600000000000001	kg eCO2/euro	meso	purchases	BIOLOGY: GENOTYPING AND RELATED SERVICES	0.21	0.07		0.06			MLD2	Eurofins	XC25
	Services	NE04	euro	BIOLOGIE : AUTRES SERVICES D'ANALYSE GENETIQUE	2019	0.0	0.0	0.0	0.0	0.07	0.05600000000000001	kg eCO2/euro	meso	purchases	BIOLOGY: OTHER GENETIC ANALYSIS SERVICES	0.21	0.07		0.06			MLD2	Eurofins	XC25
	Services	NE11	euro	BIOLOGIE CELLULAIRE : SERVICES DE CYTOMETRIE EN FLUX ET DE TRI CELLULAIRE	2019	0.0	0.0	0.0	0.0	0.21	0.168	kg eCO2/euro	macro	purchases	CELL BIOLOGY: FLOW CYTOMETRY AND CELL SORTING SERVICES	0.21			0.03					XC25
	Services	NE12	euro	BIOLOGIE CELLULAIRE : AUTRES SERVICES	2019	0.0	0.0	0.0	0.0	0.21	0.168	kg eCO2/euro	macro	purchases	CELL BIOLOGY: OTHER SERVICES	0.21			0.03					XC25
	Services	NE21	euro	BIOLOGIE ET CHIMIE : SERVICES D'ANALYSES PAR CHROMATOGRAPHIE (HPLC_x001A_)	2019	0.0	0.0	0.0	0.0	0.07	0.05600000000000001	kg eCO2/euro	meso	purchases	BIOLOGY AND CHEMISTRY: CHROMATOGRAPHIC ANALYSIS SERVICES (HPLC...)	0.21	0.07		0.06			MLD2	Eurofins	XC25
	Services	NE22	euro	BIOLOGIE : AUTRES SERVICES D'ANALYSES BIOLOGIQUES ET BIOCHIMIQUES	2019	0.0	0.0	0.0	0.0	0.07	0.05600000000000001	kg eCO2/euro	meso	purchases	BIOLOGY: OTHER BIOLOGICAL AND BIOCHEMICAL ANALYSIS SERVICES	0.21	0.07		0.06			MLD2	Eurofins	XC25
	Services	NE23	euro	CHIMIE : AUTRES SERVICES D'ANALYSE CHIMIQUE	2019	0.0	0.0	0.0	0.0	0.07	0.05600000000000001	kg eCO2/euro	meso	purchases	CHEMISTRY: OTHER CHEMICAL ANALYSIS SERVICES	0.21	0.07		0.06			MLD2	Eurofins	XC25
	Services	NE24	euro	GENIE CHIMIQUE : SERVICES D'ETUDES DE PROCEDES	2019	0.0	0.0	0.0	0.0	0.21	0.168	kg eCO2/euro	macro	purchases	CHEMICAL ENGINEERING: PROCESS DESIGN SERVICES	0.21			0.03					XC25
	Services	NE25	euro	CHIMIE ET BIOLOGIE : AUTRES SERVICES	2019	0.0	0.0	0.0	0.0	0.07	0.05600000000000001	kg eCO2/euro	meso	purchases	CHEMISTRY AND BIOLOGY: OTHER SERVICES	0.21	0.07		0.06			MLD2	Eurofins	XC25
	Matériel et instruments de laboratoire	OA01	euro	OPTO : LENTILLES ET SYSTEMES DE LENTILLES	2019	0.0	0.0	0.0	0.0	0.3	0.24	kg eCO2/euro	macro	purchases	OPTO : LENSES AND LENS SYSTEMS	0.3			0.09					OA51
	Matériel et instruments de laboratoire	OA02	euro	OPTO : MIROIRS	2019	0.0	0.0	0.0	0.0	0.3	0.24	kg eCO2/euro	macro	purchases	OPTO : MIRRORS	0.3			0.09					OA51
	Matériel et instruments de laboratoire	OA03	euro	OPTO : RESEAUX (DIFFRACTION, COMPRESSION,_x001A_)	2019	0.0	0.0	0.0	0.0	0.3	0.24	kg eCO2/euro	macro	purchases	OPTO : GRATINGS (DIFFRACTION, COMPRESSION,...)	0.3			0.09					OA51
	Matériel et instruments de laboratoire	OA04	euro	OPTO : LAMES, FENETRES ET CRISTAUX OPTIQUES	2019	0.0	0.0	0.0	0.0	0.3	0.24	kg eCO2/euro	macro	purchases	OPTO : OPTICAL BLADES, WINDOWS AND CRYSTALS	0.3			0.09					OA51
	Matériel et instruments de laboratoire	OA05	euro	OPTO : FILTRES OPTIQUES, POLARISATEURS, CUBES ET PRISMES	2019	0.0	0.0	0.0	0.0	0.3	0.24	kg eCO2/euro	macro	purchases	OPTO : OPTICAL FILTERS, POLARIZERS, CUBES AND PRISMS	0.3			0.09					OA51
	Matériel et instruments de laboratoire	OA06	euro	OPTO : FIBRES OPTIQUES	2019	0.0	0.0	0.0	0.0	0.3	0.24	kg eCO2/euro	macro	purchases	OPTO : OPTICAL FIBRES	0.3			0.09					OA51
	Matériel et instruments de laboratoire	OA07	euro	OPTO : AUTRES COMPOSANTS OPTIQUES PASSIFS	2019	0.0	0.0	0.0	0.0	0.3	0.24	kg eCO2/euro	macro	purchases	OPTO : OTHER PASSIVE OPTICAL COMPONENTS	0.3			0.09					OA51
	Matériel et instruments de laboratoire	OA08	euro	OPTO : MASQUES ET MATERIEL CORONOGRAPHIQUE	2019	0.0	0.0	0.0	0.0	0.3	0.24	kg eCO2/euro	macro	purchases	OPTO : MASKS AND CORONOGRAPHIC MATERIAL	0.3			0.09					OA51
	Matériel et instruments de laboratoire	OA11	euro	OPTO : CAMERAS UV-VISIBLE	2019	0.0	0.0	0.0	0.0	0.35	0.28	kg eCO2/euro	meso	purchases	OPTO : UV-VISIBLE CAMERAS	0.58	0.35		0.28			MOA11	Hamamatsu	OA14
	Matériel et instruments de laboratoire	OA12	euro	OPTO : CAMERAS INFRA-ROUGE	2019	0.0	0.0	0.0	0.0	0.35	0.28	kg eCO2/euro	meso	purchases	OPTO : INFRARED CAMERAS	0.58	0.35		0.28			MOA11	Hamamatsu	OA14
	Matériel et instruments de laboratoire	OA13	euro	OPTO : CAMERAS A RAYONS X	2019	0.0	0.0	0.0	0.0	0.35	0.28	kg eCO2/euro	meso	purchases	OPTO : X-RAY CAMERAS	0.58	0.35		0.28			MOA11	Hamamatsu	OA14
	Matériel et instruments de laboratoire	OA14	euro	OPTO : OPTIQUE POUR CAMERAS	2019	0.0	0.0	0.0	0.0	0.35	0.28	kg eCO2/euro	meso	purchases	OPTO : OPTICS FOR CAMERAS	0.58	0.35		0.28			MOA11	Hamamatsu	OA14
	Matériel et instruments de laboratoire	OA15	euro	OPTO : DETECTEURS ET AUTRE MATERIEL D'OPTOELECTRONIQUE (HORS CAMERAS)	2019	0.0	0.0	0.0	0.0	0.35	0.28	kg eCO2/euro	meso	purchases	OPTO : DETECTORS AND OTHER OPTOELECTRONIC EQUIPMENT (EXCEPT CAMERAS)	0.32	0.35		0.28			MOA11	Hamamatsu	OA15
	Matériel et instruments de laboratoire	OA21	euro	OPTO : MICROPOSITIONNEMENT ET OPTOMECANIQUE	2019	0.0	0.0	0.0	0.0	0.39	0.3120000000000001	kg eCO2/euro	macro	purchases	OPTO : MICROPOSITIONING AND OPTOMECHANICS	0.39			0.15					OA15
	Matériel et instruments de laboratoire	OA22	euro	OPTO : BANCS, TABLES OPTIQUES, ET ACCESSOIRES	2019	0.0	0.0	0.0	0.0	0.39	0.3120000000000001	kg eCO2/euro	macro	purchases	OPTO : BENCHES, OPTICAL TABLES, AND ACCESSORIES	0.39			0.15					OA15
	Matériel et instruments de laboratoire	OA31	euro	OPTO : LASERS A GAZ	2019	0.0	0.0	0.0	0.0	0.3	0.24	kg eCO2/euro	macro	purchases	OPTO : GAS LASERS	0.3			0.09					OA51
	Matériel et instruments de laboratoire	OA32	euro	OPTO : LASERS A SOLIDE	2019	0.0	0.0	0.0	0.0	0.3	0.24	kg eCO2/euro	macro	purchases	OPTO : SOLID STATE LASERS	0.3			0.09					OA51
	Matériel et instruments de laboratoire	OA33	euro	OPTO : LASERS A SEMI-CONDUCTEURS (DIODES LASERS)	2019	0.0	0.0	0.0	0.0	0.3	0.24	kg eCO2/euro	macro	purchases	OPTO : SEMICONDUCTOR LASERS (DIODE LASERS)	0.3			0.09					OA51
	Matériel et instruments de laboratoire	OA34	euro	OPTO : LASERS A VAPEUR METALLIQUE	2019	0.0	0.0	0.0	0.0	0.3	0.24	kg eCO2/euro	macro	purchases	OPTO : METAL VAPOR LASERS	0.3			0.09					OA51
	Matériel et instruments de laboratoire	OA35	euro	OPTO : LASERS A FIBRE	2019	0.0	0.0	0.0	0.0	0.3	0.24	kg eCO2/euro	macro	purchases	OPTO : FIBER LASERS	0.3			0.09					OA51
	Matériel et instruments de laboratoire	OA36	euro	OPTO : LASERS A COLORANTS ORGANIQUES (DYE LASERS)	2019	0.0	0.0	0.0	0.0	0.3	0.24	kg eCO2/euro	macro	purchases	OPTO : DYE LASERS	0.3			0.09					OA51
	Matériel et instruments de laboratoire	OA37	euro	OPTO : AUTRES TYPES DE LASERS (CHIMIQUES,_x001A_)	2019	0.0	0.0	0.0	0.0	0.3	0.24	kg eCO2/euro	macro	purchases	OPTO : OTHER TYPES OF LASERS (CHEMICAL,...)	0.3			0.09					OA51
	Matériel et instruments de laboratoire	OA38	euro	OPTO : LAMPES ET AUTRES SOURCES LUMINEUSES (LAMPES FLASH OU CONTINUE...)	2019	0.0	0.0	0.0	0.0	0.3	0.24	kg eCO2/euro	macro	purchases	OPTO : LAMPS AND OTHER LIGHT SOURCES (FLASH OR CONTINUOUS LAMPS...)	0.3			0.09					OA51
	Consommables (Matières premières, produits chimiques/biologiques et organismes vivants)	OA39	euro	OPTO : ACCESSOIRES ET CONSOMMABLES (COLORANTS,_x001A_) POUR LASERS	2019	0.0	0.0	0.0	0.0	0.3	0.24	kg eCO2/euro	macro	purchases	OPTO : ACCESSORIES AND CONSUMABLES (DYES,...) FOR LASERS	0.3			0.09					OA51
	Matériel et instruments de laboratoire	OA41	euro	OPTO : OUTILLAGE POUR L'OPTIQUE	2019	0.0	0.0	0.0	0.0	0.37	0.296	kg eCO2/euro	macro	purchases	OPTO : TOOLS FOR OPTICS	0.37			0.2					OA15
	Matériel et instruments de laboratoire	OA42	euro	OPTO : INSTRUMENTS DE METROLOGIE DES FAISCEAUX LASERS	2019	0.0	0.0	0.0	0.0	0.31	0.248	kg eCO2/euro	macro	purchases	OPTO : LASER BEAM METROLOGY INSTRUMENTS	0.31			0.08					OA51
	Matériel et instruments de laboratoire	OA43	euro	OPTO : PYROMETRES OPTIQUES	2019	0.0	0.0	0.0	0.0	0.31	0.248	kg eCO2/euro	macro	purchases	OPTO : OPTICAL PYROMETERS	0.31			0.08					OA51
	Matériel et instruments de laboratoire	OA44	euro	OPTO : AUTRES INSTRUMENTS DE METROLOGIE OPTIQUE (REFLECTOMETRES,_x001A_)	2019	0.0	0.0	0.0	0.0	0.31	0.248	kg eCO2/euro	macro	purchases	OPTO : OTHER OPTICAL METROLOGY INSTRUMENTS (REFLECTOMETERS,...)	0.31			0.08					OA51
	Matériel et instruments de laboratoire	OA45	euro	OPTO : TELESCOPES, LUNETTES ASTRONOMIQUES, JUMELLES ET ACCESSOIRES	2019	0.0	0.0	0.0	0.0	0.3	0.24	kg eCO2/euro	macro	purchases	OPTO : TELESCOPES, TELESCOPES, BINOCULARS AND ACCESSORIES	0.3			0.09					OA51
	Matériel et instruments de laboratoire	OA51	euro	SYSTEMES OPTIQUES OU OPTO ELECTRONIQUES COMPLEXES	2019	0.0	0.0	0.0	0.0	0.3	0.24	kg eCO2/euro	macro	purchases	COMPLEX OPTICAL OR OPTO-ELECTRONIC SYSTEMS	0.3			0.09					OA51
	Réparations et maintenance	OB11	euro	OPTO : REPARATION VERIFICATION MAINTECE DES LASERS	2019	0.0	0.0	0.0	0.0	0.22	0.176	kg eCO2/euro	macro	purchases	OPTO : REPAIR AND MAINTENANCE OF LASERS	0.22			0.15					WB11
	Réparations et maintenance	OB12	euro	OPTO : REPARATION VERIFICATION MAINTECE DES CAMERAS	2019	0.0	0.0	0.0	0.0	0.22	0.176	kg eCO2/euro	macro	purchases	OPTO : REPAIR AND MAINTENANCE OF CAMERAS	0.22			0.15					WB11
	Réparations et maintenance	OB13	euro	OPTO : REPARATION VERIFICATION MAINTECE DES AUTRES EQUIPEMENTS D'OPTIQUE	2019	0.0	0.0	0.0	0.0	0.22	0.176	kg eCO2/euro	macro	purchases	OPTO : REPAIR AND MAINTENANCE OF OTHER OPTICAL EQUIPMENT	0.22			0.15					WB11
	Services	OC01	euro	OPTO : SERVICES D'USINAGE DES COMPOSANTS OPTIQUES (POLISSAGE,...)	2019	0.0	0.0	0.0	0.0	0.21	0.168	kg eCO2/euro	macro	purchases	OPTO : MACHINING SERVICES OF OPTICAL COMPONENTS (POLISHING,...)	0.21			0.03					XC25
	Services	OC02	euro	OPTO : SERVICES DE TRAITEMENT DE SURFACE DES COMPOSANTS OPTIQUES	2019	0.0	0.0	0.0	0.0	0.21	0.168	kg eCO2/euro	macro	purchases	OPTO : SURFACE TREATMENT SERVICES OF OPTICAL COMPONENTS	0.21			0.03					XC25
	Services	OC03	euro	OPTO : SERVICES DE CONTROLE DES COMPOSANTS OPTIQUES	2019	0.0	0.0	0.0	0.0	0.21	0.168	kg eCO2/euro	macro	purchases	OPTO : TESTING SERVICES OF OPTICAL COMPONENTS	0.21			0.03					XC25
	Services	OC04	euro	OPTO : SERVICES D'ETUDES ET CONCEPTION EN OPTIQUE	2019	0.0	0.0	0.0	0.0	0.21	0.168	kg eCO2/euro	macro	purchases	OPTO : OPTICAL DESIGN AND ENGINEERING SERVICES	0.21			0.03					XC25
	Services	OC05	euro	OPTO : SERVICES DE TESTS EN OPTIQUE	2019	0.0	0.0	0.0	0.0	0.21	0.168	kg eCO2/euro	macro	purchases	OPTO : OPTICAL TESTING SERVICES	0.21			0.03					XC25
	Matériel et instruments de laboratoire	PA01	euro	RADIOACTIVITE : SOURCES RADIOACTIVES	2019	0.0	0.0	0.0	0.0	0.27	0.216	kg eCO2/euro	macro	purchases	RADIOACTIVITY: RADIOACTIVE SOURCES	0.27			0.14					SB54
	Matériel et instruments de laboratoire	PA02	euro	RADIOACTIVITE : INSTRUMENTS DE MESURE (HORS DETECTION EN BIOLOGIE)	2019	0.0	0.0	0.0	0.0	0.27	0.216	kg eCO2/euro	macro	purchases	RADIOACTIVITY: MEASURING INSTRUMENTS (EXCLUDING BIOLOGICAL DETECTION)	0.27			0.14					SB54
	Matériel et instruments de laboratoire	PA11	euro	PRODUCTION DE PARTICULES : CANONS A ELECTRONS ET CANONS A IONS	2019	0.0	0.0	0.0	0.0	0.31	0.248	kg eCO2/euro	macro	purchases	PARTICLE PRODUCTION : ELECTRON GUNS AND ION GUNS	0.31			0.1					PA11
	Matériel et instruments de laboratoire	PA12	euro	PRODUCTION DE PARTICULES : ACCESSOIRES ET PIECES DETACHEES DE CANONS	2019	0.0	0.0	0.0	0.0	0.35	0.28	kg eCO2/euro	macro	purchases	PARTICLE PRODUCTION: ACCESSORIES AND GUN PARTS	0.35			0.15					PA11
	Matériel et instruments de laboratoire	PA21	euro	MATERIEL POUR L'ACCELERATION DES PARTICULES	2019	0.0	0.0	0.0	0.0	0.27	0.216	kg eCO2/euro	macro	purchases	PARTICLE ACCELERATION EQUIPMENT	0.27			0.14					SB54
	Matériel et instruments de laboratoire	PA22	euro	MATERIEL POUR LA CONVERGENCE DES FAISCEAUX DE PARTICULES	2019	0.0	0.0	0.0	0.0	0.27	0.216	kg eCO2/euro	macro	purchases	PARTICLE BEAM CONVERGENCE EQUIPMENT	0.27			0.14					SB54
	Matériel et instruments de laboratoire	PA23	euro	MATERIEL DE MESURES DE L'ACCELERATION DES PARTICULES	2019	0.0	0.0	0.0	0.0	0.27	0.216	kg eCO2/euro	macro	purchases	PARTICLE ACCELERATION MEASUREMENT EQUIPMENT	0.27			0.14					SB54
	Matériel et instruments de laboratoire	PB01	euro	INSTRUMENTS DE CALORIMETRIE, ANALYSE THERMIQUE ET THERMOMECANIQUE	2019	0.0	0.0	0.0	0.0	0.24	0.192	kg eCO2/euro	macro	purchases	CALORIMETRY, THERMAL ANALYSIS AND THERMOMECHANICAL INSTRUMENTS	0.24			0.16					UG22
	Matériel et instruments de laboratoire	PB02	euro	INSTRUMENTS DE METROLOGIE MECANIQUE DU SOLIDE (RHEOLOGIE,_x001A_) ET ACCESSOIRES	2019	0.0	0.0	0.0	0.0	0.24	0.192	kg eCO2/euro	macro	purchases	INSTRUMENTS FOR MECHANICAL SOLID STATE METROLOGY (RHEOLOGY,...) AND ACCESSORIES	0.24			0.16					UG22
	Matériel et instruments de laboratoire	PB03	euro	INSTRUMENTS DE CARACTERISATION MECANIQUE DES SURFACES ET ACCESSOIRES	2019	0.0	0.0	0.0	0.0	0.34	0.272	kg eCO2/euro	macro	purchases	MECHANICAL SURFACE CHARACTERISATION INSTRUMENTS AND ACCESSORIES	0.34			0.32					UC24
	Matériel et instruments de laboratoire	PB04	euro	GRANULOMETRES LASERS ET ACCESSOIRES	2019	0.0	0.0	0.0	0.0	0.24	0.192	kg eCO2/euro	macro	purchases	LASER GRANULOMETERS AND ACCESSORIES	0.24			0.16					UG22
	Matériel et instruments de laboratoire	PB05	euro	ZETAMETRES ET ACCESSOIRES	2019	0.0	0.0	0.0	0.0	0.24	0.192	kg eCO2/euro	macro	purchases	ZETAMETERS AND ACCESSORIES	0.24			0.16					UG22
	Matériel et instruments de laboratoire	PB06	euro	AUTRES APPAREILS D'ANALYSE DES PARTICULES SOLIDES ET ACCESSOIRES	2019	0.0	0.0	0.0	0.0	0.24	0.192	kg eCO2/euro	macro	purchases	OTHER SOLID PARTICLE ANALYSIS INSTRUMENTS AND ACCESSORIES	0.24			0.16					UG22
	Matériel et instruments de laboratoire	PB07	euro	AUTRES INSTRUMENTS POUR LA CARACTERISATION DES SOLIDES  ET ACCESSOIRES	2019	0.0	0.0	0.0	0.0	0.24	0.192	kg eCO2/euro	macro	purchases	OTHER INSTRUMENTS FOR THE CHARACTERISATION OF SOLIDS AND ACCESSORIES	0.24			0.16					UG22
	Matériel et instruments de laboratoire	PB11	euro	APPAREILS DE MESURE / CAPTEURS DE PRESSION	2019	0.0	0.0	0.0	0.0	0.28	0.224	kg eCO2/euro	macro	purchases	MEASURING INSTRUMENTS / PRESSURE SENSORS	0.28			0.17					PB13
	Matériel et instruments de laboratoire	PB12	euro	APPAREILS DE MESURE / CAPTEURS DE TEMPERATURE (HORS CRYOGENIE)	2019	0.0	0.0	0.0	0.0	0.28	0.224	kg eCO2/euro	macro	purchases	TEMPERATURE MEASURING INSTRUMENTS / SENSORS (EXCLUDING CRYOGENICS)	0.28			0.17					PB13
	Matériel et instruments de laboratoire	PB13	euro	APPAREILS DE MESURE / CAPTEURS DE VITESSE / DEBIT	2019	0.0	0.0	0.0	0.0	0.28	0.224	kg eCO2/euro	macro	purchases	SPEED / FLOW MEASURING DEVICES / SENSORS	0.28			0.17					PB13
	Matériel et instruments de laboratoire	PB21	euro	SYSTEMES MAGNETIQUES (AIMANTS PERMANENTS,_x001A_)	2019	0.0	0.0	0.0	0.0	0.24	0.192	kg eCO2/euro	macro	purchases	MAGNETIC SYSTEMS (PERMANENT MAGNETS,...)	0.24			0.16					UG22
	Matériel et instruments de laboratoire	PB22	euro	INSTRUMENTATION MAGNETIQUE	2019	0.0	0.0	0.0	0.0	0.24	0.192	kg eCO2/euro	macro	purchases	MAGNETIC INSTRUMENTATION	0.24			0.16					UG22
	Matériel et instruments de laboratoire	PB23	euro	SYSTEMES CRYOMAGNETIQUES (HORS RMN)	2019	0.0	0.0	0.0	0.0	0.24	0.192	kg eCO2/euro	macro	purchases	CRYOMAGNETIC SYSTEMS (EXCLUDING RMN)	0.24			0.16					UG22
	Matériel et instruments de laboratoire	PB24	euro	SYSTEMES DE MESURES CRYOGENIQUES	2019	0.0	0.0	0.0	0.0	0.24	0.192	kg eCO2/euro	macro	purchases	CRYOGENIC MEASUREMENT SYSTEMS	0.24			0.16					UG22
	Matériel et instruments de laboratoire	PB25	euro	MATERIAUX SUPRACONDUCTEURS	2019	0.0	0.0	0.0	0.0	0.24	0.192	kg eCO2/euro	macro	purchases	SUPERCONDUCTING MATERIALS	0.24			0.16					UG22
	Matériel et instruments de laboratoire	PB31	euro	SYSTEMES DE MESURE A SONDE DE LANGMUIR	2019	0.0	0.0	0.0	0.0	0.24	0.192	kg eCO2/euro	macro	purchases	LANGMUIR PROBE MEASURING SYSTEMS	0.24			0.16					UG22
	Matériel et instruments de laboratoire	PB32	euro	BALANCES SPECIFIQUES (BALANCES D'ADSORPTION,_x001A_)	2019	0.0	0.0	0.0	0.0	0.24	0.192	kg eCO2/euro	macro	purchases	SPECIFIC BALANCES (ADSORPTION BALANCES,...)	0.24			0.16					UG22
	Matériel et instruments de laboratoire	PB33	euro	APPAREILS DE MESURE DE LA CHARGE ELECTRIQUE (ELECTROMETRES,_x001A_)	2019	0.0	0.0	0.0	0.0	0.24	0.192	kg eCO2/euro	macro	purchases	ELECTRICAL LOAD MEASURING DEVICES (ELECTROMETERS,...)	0.24			0.16					UG22
	Matériel et instruments de laboratoire	PB34	euro	APPAREILS DE MESURES ACOUSTIQUES	2019	0.0	0.0	0.0	0.0	0.24	0.192	kg eCO2/euro	macro	purchases	ACOUSTIC MEASURING DEVICES	0.24			0.16					UG22
	Matériel et instruments de laboratoire	PB35	euro	APPAREILS DE MESURES PHYSIQUES MULTIPLES	2019	0.0	0.0	0.0	0.0	0.24	0.192	kg eCO2/euro	macro	purchases	DEVICES FOR MULTIPLE PHYSICAL MEASUREMENTS	0.24			0.16					UG22
	Matériel et instruments de laboratoire	PB36	euro	APPAREILS POUR AUTRES MESURES PHYSIQUES	2019	0.0	0.0	0.0	0.0	0.24	0.192	kg eCO2/euro	macro	purchases	DEVICES FOR OTHER PHYSICAL MEASUREMENTS	0.24			0.16					UG22
	Matériel et instruments de laboratoire	PB41	euro	PHYSICO-CHIMIE : FOURS SPECIAUX HORS TECHNIQUES SOUS VIDE	2019	0.0	0.0	0.0	0.0	0.41	0.328	kg eCO2/euro	macro	purchases	PHYSICO-CHEMISTRY : SPECIAL FURNACES EXCEPT VACUUM TECHNIQUES	0.41			0.31					PB43
	Matériel et instruments de laboratoire	PB42	euro	MATERIEL DE CRISTALLOGENESE	2019	0.0	0.0	0.0	0.0	0.41	0.328	kg eCO2/euro	macro	purchases	CRYSTALLOGENESIS EQUIPMENT	0.41			0.31					PB43
	Matériel et instruments de laboratoire	PB43	euro	TREMPE SUR ROUE (MELT SPINNER)	2019	0.0	0.0	0.0	0.0	0.41	0.328	kg eCO2/euro	macro	purchases	MELT SPINNER	0.41			0.31					PB43
	Matériel et instruments de laboratoire	PB44	euro	PHYSIQUE : AUTRES APPAREILS SPECIAUX	2019	0.0	0.0	0.0	0.0	0.31	0.248	kg eCO2/euro	macro	purchases	PHYSICS: OTHER SPECIAL APPARATUS	0.31			0.2					UG33
	Matériel et instruments de laboratoire	PB51	euro	GROUPES FRIGORIFIQUES	2019	0.0	0.0	0.0	0.0	0.78	0.6240000000000001	kg eCO2/euro	macro	purchases	REFRIGERATION UNITS	0.78			0.21					PB51
	Réparations et maintenance	PC01	euro	REPARATION ET MAINTECE DES EQUIPEMENTS DE MESURE DE LA RADIOACTIVITE	2019	0.0	0.0	0.0	0.0	0.22	0.176	kg eCO2/euro	macro	purchases	REPAIR AND MAINTENANCE OF RADIOACTIVITY MEASURING EQUIPMENT	0.22			0.15					WB11
	Réparations et maintenance	PC02	euro	PRODUCTION ET ACCELERATION DES PARTICULES : REPARATION ET MAINTECE	2019	0.0	0.0	0.0	0.0	0.22	0.176	kg eCO2/euro	macro	purchases	PARTICLE PRODUCTION AND ACCELERATION: REPAIR AND MAINTENANCE	0.22			0.15					WB11
	Réparations et maintenance	PC11	euro	REPARATION ET MAINTECE DES APPAREILS DE CARACTERISATION DES MATERIAUX	2019	0.0	0.0	0.0	0.0	0.22	0.176	kg eCO2/euro	macro	purchases	REPAIR AND MAINTENANCE OF MATERIALS CHARACTERISATION EQUIPMENT	0.22			0.15					WB11
	Réparations et maintenance	PC21	euro	REPARATION ET MAINTECE DES APPAREILS DE MESURES PHYSIQUES COURANTS	2019	0.0	0.0	0.0	0.0	0.22	0.176	kg eCO2/euro	macro	purchases	REPAIR AND MAINTENANCE OF COMMON PHYSICAL MEASURING DEVICES	0.22			0.15					WB11
	Réparations et maintenance	PC22	euro	REPARATION ET MAINTECE DES AUTRES APPAREILS DE MESURES PHYSIQUES	2019	0.0	0.0	0.0	0.0	0.22	0.176	kg eCO2/euro	macro	purchases	REPAIR AND MAINTENANCE OF OTHER PHYSICAL MEASURING APPARATUS	0.22			0.15					WB11
	Réparations et maintenance	PC23	euro	PHYSIQUE : REPARATION ET MAINTECE DES AUTRES APPAREILS SPECIAUX	2019	0.0	0.0	0.0	0.0	0.22	0.176	kg eCO2/euro	macro	purchases	PHYSICS: REPAIR AND MAINTENANCE OF OTHER SPECIAL APPARATUS	0.22			0.15					WB11
	Réparations et maintenance	PC31	euro	MAINTECE DES GROUPES FRIGORIFIQUES	2019	0.0	0.0	0.0	0.0	0.22	0.176	kg eCO2/euro	macro	purchases	MAINTENANCE OF REFRIGERATION UNITS	0.22			0.15					WB11
	Services	PD01	euro	MESURE DE LA RADIOACTIVITE : SERVICES DE DATATION (AU CARBONE 14_x001A_)	2019	0.0	0.0	0.0	0.0	0.23	0.184	kg eCO2/euro	macro	purchases	MEASUREMENT OF RADIOACTIVITY: DATING SERVICES (CARBON 14...)	0.23			0.02					XD41
	Services	PD02	euro	PHYSIQUE NUCLEAIRE ET CORPUSCULAIRE : AUTRES SERVICES	2019	0.0	0.0	0.0	0.0	0.23	0.184	kg eCO2/euro	macro	purchases	NUCLEAR AND CORPUSCULAR PHYSICS: OTHER SERVICES	0.23			0.02					XD41
	Services	PD11	euro	MESURES PHYSIQUES : SERVICES DE CARACTERISATION DES MATERIAUX	2019	0.0	0.0	0.0	0.0	0.2	0.16	kg eCO2/euro	macro	purchases	PHYSICAL MEASUREMENTS: MATERIALS CHARACTERISATION SERVICES	0.2			0.03					XC25
	Consommables (Matières premières, produits chimiques/biologiques et organismes vivants)	QA01	euro	EXPERIMENTATION VEGETALE : PLANTES ET PLANTS	2019	0.0	0.0	0.0	0.0	1.7	1.36	kg eCO2/euro	macro	purchases	PLANT EXPERIMENTATION: PLANTS AND SEEDLINGS	1.7			0.6					QA05
	Consommables (Matières premières, produits chimiques/biologiques et organismes vivants)	QA02	euro	EXPERIMENTATION VEGETALE : SEMENCES ET TUBERCULES	2019	0.0	0.0	0.0	0.0	1.7	1.36	kg eCO2/euro	macro	purchases	PLANT EXPERIMENTATION: SEEDS AND TUBERS	1.7			0.6					QA05
	Consommables (Matières premières, produits chimiques/biologiques et organismes vivants)	QA03	euro	EXPERIMENTATION VEGETALE : CHAMPIGNONS	2019	0.0	0.0	0.0	0.0	1.7	1.36	kg eCO2/euro	macro	purchases	PLANT EXPERIMENTATION: MUSHROOMS	1.7			0.6					QA05
	Consommables (Matières premières, produits chimiques/biologiques et organismes vivants)	QA04	euro	EXPERIMENTATION VEGETALE : VEGETAUX MARINS	2019	0.0	0.0	0.0	0.0	1.7	1.36	kg eCO2/euro	macro	purchases	PLANT EXPERIMENTATION: MARINE PLANTS	1.7			0.6					QA05
	Consommables (Matières premières, produits chimiques/biologiques et organismes vivants)	QA05	euro	EXPERIMENTATION VEGETALE : AUTRES VEGETAUX	2019	0.0	0.0	0.0	0.0	1.7	1.36	kg eCO2/euro	macro	purchases	PLANT TESTING: OTHER PLANTS	1.7			0.6					QA05
	Consommables (Matières premières, produits chimiques/biologiques et organismes vivants)	QA11	euro	SUBSTRATS DE CULTURE D'ORIGINE NATURELLE OU ARTIFICIELLE	2019	0.0	0.0	0.0	0.0	0.61	0.488	kg eCO2/euro	macro	purchases	GROWING SUBSTRATES OF NATURAL OR ARTIFICIAL ORIGIN	0.61			0.27					QA11
	Consommables (Matières premières, produits chimiques/biologiques et organismes vivants)	QA12	euro	FERTILISANTS POUR VEGETAUX TYPE ENGRAIS	2019	0.0	0.0	0.0	0.0	1.3	1.04	kg eCO2/euro	macro	purchases	FERTILISERS FOR PLANTS	1.3			0.2					QA12
	Consommables (Matières premières, produits chimiques/biologiques et organismes vivants)	QA13	euro	NUTRIMENTS ADDITIONNELS POUR VEGETAUX ET FERTILISANTS DES SOLS	2019	0.0	0.0	0.0	0.0	0.89	0.7120000000000001	kg eCO2/euro	macro	purchases	ADDITIONAL NUTRIENTS FOR PLANTS AND SOIL FERTILISERS	0.89			0.69					QA24
	Consommables (Matières premières, produits chimiques/biologiques et organismes vivants)	QA21	euro	PRODUITS PHYTOSANITAIRES CONTRE LES PATHOGENES VEGETAUX ET PLANTES CONCURRENTES	2019	0.0	0.0	0.0	0.0	0.89	0.7120000000000001	kg eCO2/euro	macro	purchases	PHYTOSANITARY PRODUCTS AGAINST PLANT PATHOGENS AND COMPETING PLANTS	0.89			0.69					QA24
	Consommables (Matières premières, produits chimiques/biologiques et organismes vivants)	QA22	euro	PRODUITS PHYTOSANITAIRES CONTRE LES PATHOGENES CRYPTOGAMIQUES	2019	0.0	0.0	0.0	0.0	0.89	0.7120000000000001	kg eCO2/euro	macro	purchases	PLANT PROTECTION PRODUCTS AGAINST CRYPTOGAMIC PATHOGENS	0.89			0.69					QA24
	Consommables (Matières premières, produits chimiques/biologiques et organismes vivants)	QA23	euro	PRODUITS PHYTOSANITAIRES INSECTICIDES ET A USAGE REPULSIF	2019	0.0	0.0	0.0	0.0	0.89	0.7120000000000001	kg eCO2/euro	macro	purchases	PLANT PROTECTION PRODUCTS FOR INSECTICIDE AND REPELLENT USE	0.89			0.69					QA24
	Consommables (Matières premières, produits chimiques/biologiques et organismes vivants)	QA24	euro	AUTRES MOYENS DE PROTECTION OU DE CONSERVATION DES VEGETAUX	2019	0.0	0.0	0.0	0.0	0.89	0.7120000000000001	kg eCO2/euro	macro	purchases	OTHER MEANS OF PROTECTION OR CONSERVATION OF PLANTS	0.89			0.69					QA24
	Consommables (Matières premières, produits chimiques/biologiques et organismes vivants)	QB01	euro	EXPERIMENTATION VEGETALE : PETITES FOURNITURES ET CONSOMMABLES COURANTS	2019	0.0	0.0	0.0	0.0	0.38	0.304	kg eCO2/euro	macro	purchases	PLANT EXPERIMENTATION : SMALL SUPPLIES AND CONSUMABLES	0.38			0.18					QB04
	Consommables (Matières premières, produits chimiques/biologiques et organismes vivants)	QB02	euro	EXPERIMENTATION VEGETALE : PETITES FOURNITURES ET CONSOMMABLES POUR SERRES	2019	0.0	0.0	0.0	0.0	0.38	0.304	kg eCO2/euro	macro	purchases	PLANT EXPERIMENTATION : SMALL SUPPLIES AND CONSUMABLES FOR GREENHOUSES	0.38			0.18					QB04
	Consommables (Matières premières, produits chimiques/biologiques et organismes vivants)	QB03	euro	PETITES FOURNITURES HORS SERRES POUR LA PROTECTION DES ESPACES CULTIVES	2019	0.0	0.0	0.0	0.0	0.38	0.304	kg eCO2/euro	macro	purchases	SMALL SUPPLIES OUTSIDE GREENHOUSES FOR THE PROTECTION OF CULTIVATED AREAS	0.38			0.18					QB04
	Consommables (Matières premières, produits chimiques/biologiques et organismes vivants)	QB04	euro	EXPERIMENTATION VEGETALE : AUTRES PETITES FOURNITURES ET CONSOMMABLES	2019	0.0	0.0	0.0	0.0	0.38	0.304	kg eCO2/euro	macro	purchases	PLANT EXPERIMENTATION : OTHER SMALL SUPPLIES AND CONSUMABLES	0.38			0.18					QB04
	Matériel et instruments de laboratoire	QB11	euro	EXPERIMENTATION VEGETALE : SERRES	2019	0.0	0.0	0.0	0.0	0.52	0.416	kg eCO2/euro	macro	purchases	PLANT EXPERIMENTATION : GREENHOUSES	0.52			0.24					QB11
	Matériel et instruments de laboratoire	QB12	euro	MATERIEL ET ACCESSOIRES DESTINES A L'EXPERIMENTATION VEGETALE SOUS SERRE	2019	0.0	0.0	0.0	0.0	0.49	0.392	kg eCO2/euro	macro	purchases	EQUIPMENT AND ACCESSORIES FOR PLANT EXPERIMENTATION IN GREENHOUSES	0.49			0.18					QB51
	Matériel et instruments de laboratoire	QB21	euro	ENGINS DE TRACTION AGRICOLE	2019	0.0	0.0	0.0	0.0	0.49	0.392	kg eCO2/euro	macro	purchases	AGRICULTURAL TRACTION MACHINERY	0.49			0.18					QB51
	Matériel et instruments de laboratoire	QB22	euro	ENGINS TRACTES ET EQUIPEMENTS DE MANUTENTION AGRICOLE	2019	0.0	0.0	0.0	0.0	0.49	0.392	kg eCO2/euro	macro	purchases	TRACTORS AND AGRICULTURAL HANDLING EQUIPMENT	0.49			0.18					QB51
	Matériel et instruments de laboratoire	QB23	euro	EQUIPEMENTS TRACTES ET MACHINES AUTOMOTRICES POUR TRAVAIL DES SOLS	2019	0.0	0.0	0.0	0.0	0.49	0.392	kg eCO2/euro	macro	purchases	TRACTABLE EQUIPMENT AND SELF-PROPELLED MACHINES FOR SOIL WORKING	0.49			0.18					QB51
	Matériel et instruments de laboratoire	QB31	euro	EQUIPEMENTS TRACTES ET MACHINES POUR LES SEMIS ET PLANTATIONS	2019	0.0	0.0	0.0	0.0	0.49	0.392	kg eCO2/euro	macro	purchases	TRACTOR AND MACHINE EQUIPMENT FOR SOWING AND PLANTING	0.49			0.18					QB51
	Matériel et instruments de laboratoire	QB32	euro	EQUIPEMENTS D'IRRIGATION DES CULTURES	2019	0.0	0.0	0.0	0.0	0.49	0.392	kg eCO2/euro	macro	purchases	CROP IRRIGATION EQUIPMENT	0.49			0.18					QB51
	Matériel et instruments de laboratoire	QB33	euro	EQUIPEMENTS DE MESURES HYDROMETRIQUES ET D'OPTIMISATION DE L'IRRIGATION	2019	0.0	0.0	0.0	0.0	0.49	0.392	kg eCO2/euro	macro	purchases	EQUIPMENT FOR HYDROMETRIC MEASUREMENTS AND IRRIGATION OPTIMISATION	0.49			0.18					QB51
	Matériel et instruments de laboratoire	QB34	euro	MATERIEL POUR LA FERTILIS., LA PROTECT. ET L'ENTRET. DES CULTURES	2019	0.0	0.0	0.0	0.0	0.49	0.392	kg eCO2/euro	macro	purchases	EQUIPMENT FOR FERTILISATION, PROTECTION AND MAINTENANCE AND MAINTENANCE AND MAINTENANCE OF CROPS	0.49			0.18					QB51
	Matériel et instruments de laboratoire	QB35	euro	MACHINES POUR LA RECOLTE DES FOURRAGES CONSERVES SECS	2019	0.0	0.0	0.0	0.0	0.49	0.392	kg eCO2/euro	macro	purchases	MACHINES FOR HARVESTING DRY CANNED FODDER	0.49			0.18					QB51
	Matériel et instruments de laboratoire	QB36	euro	MACHINES POUR LA RECOLTE DES FOURRAGES VERTS DESTINES A L'ENSILAGE	2019	0.0	0.0	0.0	0.0	0.49	0.392	kg eCO2/euro	macro	purchases	MACHINES FOR HARVESTING GREEN FODDER FOR SILAGE	0.49			0.18					QB51
	Matériel et instruments de laboratoire	QB37	euro	MACHINES POUR LA RECOLTE DES CEREALES, DU COLZA ET DES PROTEAGINEUX	2019	0.0	0.0	0.0	0.0	0.49	0.392	kg eCO2/euro	macro	purchases	MACHINES FOR HARVESTING CEREALS, RAPE AND PROTEIN CROPS	0.49			0.18					QB51
	Matériel et instruments de laboratoire	QB38	euro	MACHINES POUR LA RECOLTE DES TUBERCULES	2019	0.0	0.0	0.0	0.0	0.49	0.392	kg eCO2/euro	macro	purchases	MACHINES FOR HARVESTING TUBERS	0.49			0.18					QB51
	Matériel et instruments de laboratoire	QB39	euro	EQUIPEMENTS DE STOCKAGE ET DE CONSERVATION DES ALIMENTS CULTIVES	2019	0.0	0.0	0.0	0.0	0.49	0.392	kg eCO2/euro	macro	purchases	EQUIPMENT FOR STORAGE AND PRESERVATION OF CULTIVATED FOODSTUFFS	0.49			0.18					QB51
	Matériel et instruments de laboratoire	QB41	euro	EQUIPEMENTS ET MATERIEL SPECIFIQUES POUR LA VITICULTURE EXPERIMENTALE	2019	0.0	0.0	0.0	0.0	0.45	0.36	kg eCO2/euro	macro	purchases	SPECIFIC EQUIPMENT AND MATERIAL FOR EXPERIMENTAL VITICULTURE	0.45			0.15					QB51
	Matériel et instruments de laboratoire	QB42	euro	EQUIPEMENTS ET MATERIEL SPECIFIQUES POUR LA SYLVICULTURE ET L'ARBORICULTURE	2019	0.0	0.0	0.0	0.0	0.45	0.36	kg eCO2/euro	macro	purchases	SPECIFIC EQUIPMENT AND MATERIALS FOR FORESTRY AND ARBORICULTURE	0.45			0.15					QB51
	Matériel et instruments de laboratoire	QB43	euro	MATERIEL DE COUPE COMMUN A LA VITICULTURE, LA SYLVICULTURE ET L'ARBORICULTURE	2019	0.0	0.0	0.0	0.0	0.45	0.36	kg eCO2/euro	macro	purchases	CUTTING EQUIPMENT COMMON TO VITICULTURE, FORESTRY AND ARBORICULTURE	0.45			0.15					QB51
	Matériel et instruments de laboratoire	QB51	euro	MATERIEL DESTINE A L'EXPERIMENTATION AGRONOMIQUE	2019	0.0	0.0	0.0	0.0	0.49	0.392	kg eCO2/euro	macro	purchases	EQUIPMENT INTENDED FOR AGRONOMIC EXPERIMENTATION	0.49			0.18					QB51
	Réparations et maintenance	QC01	euro	REPARATION ET MAINTECE DU MATERIEL D'EXPERIMENTATION VEGETALE	2019	0.0	0.0	0.0	0.0	0.24	0.192	kg eCO2/euro	macro	purchases	REPAIR AND MAINTENANCE OF PLANT EXPERIMENTATION EQUIPMENT	0.24			0.13					UF43
	Services	QD01	euro	EXPERIMENTATION VEGETALE : SERVICES D'EXPERTISE DES SOLS	2019	0.0	0.0	0.0	0.0	0.16	0.128	kg eCO2/euro	macro	purchases	PLANT EXPERIMENTATION: SOIL SURVEY SERVICES	0.16			0.08					QD02
	Services	QD02	euro	SERVICES D'EXPERTISE BOTANIQUE	2019	0.0	0.0	0.0	0.0	0.16	0.128	kg eCO2/euro	macro	purchases	BOTANICAL SURVEY SERVICES	0.16			0.08					QD02
	Services	QD03	euro	SERVICES D'ENTRETIEN DES SOLS ET DES CULTURES EXPERIMENTALES	2019	0.0	0.0	0.0	0.0	0.53	0.424	kg eCO2/euro	macro	purchases	SOIL MAINTENANCE AND EXPERIMENTAL CROP SERVICES	0.53			0.37					QD05
	Services	QD04	euro	SERVICES DE RECOLTE ET DE CONDITIONNEMENT DES PRODUITS VEGETAUX	2019	0.0	0.0	0.0	0.0	0.53	0.424	kg eCO2/euro	macro	purchases	HARVESTING AND PACKAGING SERVICES FOR PLANT PRODUCTS	0.53			0.37					QD05
	Services	QD05	euro	AUTRES SERVICES CONNEXES AUX CULTURES EXPERIMENTALES	2019	0.0	0.0	0.0	0.0	0.53	0.424	kg eCO2/euro	macro	purchases	OTHER SERVICES RELATED TO EXPERIMENTAL CROPS	0.53			0.37					QD05
	Consommables (Matières premières, produits chimiques/biologiques et organismes vivants)	RA01	euro	METAUX (MATERIAUX A USINER ET PIECES SUR CATALOGUE)	2019	0.0	0.0	0.0	0.0	1.3	1.04	kg eCO2/euro	macro	purchases	METALS (MATERIALS TO BE MACHINED AND CATALOGUE PARTS)	1.3			0.6					WA03
	Consommables (Matières premières, produits chimiques/biologiques et organismes vivants)	RA02	euro	METAUX NOBLES (MATERIAUX A USINER ET PIECES SUR CATALOGUE)	2019	0.0	0.0	0.0	0.0	1.4	1.12	kg eCO2/euro	macro	purchases	NOBLE METALS (MACHINING MATERIALS AND CATALOGUE PARTS)	1.4			0.5					RA02
	Consommables (Matières premières, produits chimiques/biologiques et organismes vivants)	RA03	euro	PLASTIQUES (MATERIAUX A USINER ET PIECES SUR CATALOGUE)	2019	0.0	0.0	0.0	0.0	1.3	1.04	kg eCO2/euro	macro	purchases	PLASTICS (MACHINING MATERIALS AND CATALOGUE PARTS)	1.3			0.5					WA04
	Consommables (Matières premières, produits chimiques/biologiques et organismes vivants)	RA04	euro	CERAMIQUES  (MATERIAUX A USINER ET PIECES SUR CATALOGUE)	2019	0.0	0.0	0.0	0.0	1.1	0.8800000000000001	kg eCO2/euro	macro	purchases	CERAMICS (MACHINING MATERIALS AND CATALOGUE PARTS)	1.1			0.6					RA04
	Consommables (Matières premières, produits chimiques/biologiques et organismes vivants)	RA05	euro	COMPOSITES  (MATERIAUX ET PIECES SUR CATALOGUE)	2019	0.0	0.0	0.0	0.0	1.4	1.12	kg eCO2/euro	macro	purchases	COMPOSITES (MACHINING MATERIALS AND PARTS FROM CATALOGUE)	1.4			0.5					RA05
	Consommables (Matières premières, produits chimiques/biologiques et organismes vivants)	RA06	euro	MATERIAUX ORGANIQUES AUTRES QUE PLASTIQUES  (MATERIAUX ET PIECES SUR CATALOGUE)	2019	0.0	0.0	0.0	0.0	1.0	0.8	kg eCO2/euro	macro	purchases	ORGANIC MATERIALS OTHER THAN PLASTICS (MATERIALS AND PARTS FROM CATALOGUE)	1.0			0.2					RA06
	Matériel et instruments de laboratoire	RA11	euro	MACHINES-OUTILS A COMMANDE NUMERIQUE	2019	0.0	0.0	0.0	0.0	0.5	0.4	kg eCO2/euro	macro	purchases	NUMERICALLY CONTROLLED MACHINE TOOLS	0.5			0.18					RA14
	Matériel et instruments de laboratoire	RA12	euro	ACCESSOIRES POUR MACHINES-OUTILS A COMMANDE NUMERIQUE	2019	0.0	0.0	0.0	0.0	0.5	0.4	kg eCO2/euro	macro	purchases	ACCESSORIES FOR NUMERICALLY CONTROLLED MACHINE TOOLS	0.5			0.18					RA14
	Matériel et instruments de laboratoire	RA13	euro	MACHINES-OUTILS CONVENTIONNELLES	2019	0.0	0.0	0.0	0.0	0.5	0.4	kg eCO2/euro	macro	purchases	CONVENTIONAL MACHINE TOOLS	0.5			0.18					RA14
	Matériel et instruments de laboratoire	RA14	euro	ACCESSOIRES POUR MACHINES-OUTILS CONVENTIONNELLES	2019	0.0	0.0	0.0	0.0	0.5	0.4	kg eCO2/euro	macro	purchases	ACCESSORIES FOR CONVENTIONAL MACHINE TOOLS	0.5			0.18					RA14
	Consommables (Matières premières, produits chimiques/biologiques et organismes vivants)	RA15	euro	CONSOMMABLES POUR MACHINES-OUTILS (CN ET CONVENTIONNELLES)	2019	0.0	0.0	0.0	0.0	0.47	0.376	kg eCO2/euro	macro	purchases	CONSUMABLES FOR MACHINE TOOLS (CN AND CONVENTIONAL)	0.47			0.13					RA15
	Matériel et instruments de laboratoire	RA16	euro	OUTILLAGE D'ATELIER NON PORTATIF	2019	0.0	0.0	0.0	0.0	0.49	0.392	kg eCO2/euro	macro	purchases	NON-PORTABLE WORKSHOP TOOLS	0.49			0.17					RA16
	Consommables (Matières premières, produits chimiques/biologiques et organismes vivants)	RA17	euro	CONSOMMABLES POUR OUTILLAGE D'ATELIER NON PORTATIF	2019	0.0	0.0	0.0	0.0	0.45	0.36	kg eCO2/euro	macro	purchases	CONSUMABLES FOR NON-PORTABLE WORKSHOP TOOLS	0.45			0.17					RA17
	Matériel et instruments de laboratoire	RA18	euro	MACHINES 3D (IMPRIMANTES et SCANERS 3D,_x001A_) ET ACCESSOIRES	2019	0.0	0.0	0.0	0.0	0.34	0.272	kg eCO2/euro	macro	purchases	3D MACHINES (3D PRINTERS and SCANNERS,...) AND ACCESSORIES	0.34			0.12					RA18
	Consommables (Matières premières, produits chimiques/biologiques et organismes vivants)	RA19	euro	CONSOMMABLES POUR MACHINES 3D	2019	0.0	0.0	0.0	0.0	1.0	0.8	kg eCO2/euro	macro	purchases	CONSUMABLES FOR 3D MACHINES	1.0			0.2					RA19
	Matériel et instruments de laboratoire	RA21	euro	OUTILS ELECTROPORTATIFS ET ACCESSOIRES	2019	0.0	0.0	0.0	0.0	0.58	0.464	kg eCO2/euro	macro	purchases	POWER TOOLS AND ACCESSORIES	0.58			0.03					RA21
	Matériel et instruments de laboratoire	RA22	euro	OUTILS A MAIN NON ELECTROPORTATIFS	2019	0.0	0.0	0.0	0.0	0.52	0.416	kg eCO2/euro	macro	purchases	NON-ELECTRIC HAND TOOLS	0.52			0.15					RA22
	Consommables (Matières premières, produits chimiques/biologiques et organismes vivants)	RA23	euro	QUINCAILLERIE - AUTRES FOURNITURES D'ATELIER DIVERSES	2019	0.0	0.0	0.0	0.0	0.44	0.352	kg eCO2/euro	macro	purchases	HARDWARE - OTHER MISCELLANEOUS WORKSHOP SUPPLIES	0.44			0.15					RA23
	Matériel et instruments de laboratoire	RA31	euro	MOBILIER D'ATELIER	2019	0.0	0.0	0.0	0.0	0.58	0.464	kg eCO2/euro	macro	purchases	WORKSHOP FURNITURE	0.58			0.31					RA33
	Matériel et instruments de laboratoire	RA32	euro	RANGEMENTS D'ATELIER	2019	0.0	0.0	0.0	0.0	0.58	0.464	kg eCO2/euro	macro	purchases	WORKSHOP STORAGE	0.58			0.31					RA33
	Matériel et instruments de laboratoire	RA33	euro	AMENAGEMENTS D'ATELIER	2019	0.0	0.0	0.0	0.0	0.58	0.464	kg eCO2/euro	macro	purchases	WORKSHOP FITTINGS	0.58			0.31					RA33
	Matériel et instruments de laboratoire	RA41	euro	PONT ROULANTS ET CHARIOTS ELEVATEURS (HORS BATIMENTS)	2019	0.0	0.0	0.0	0.0	0.44	0.352	kg eCO2/euro	macro	purchases	OVERHEAD CRANES AND FORKLIFTS (EXCLUDING BUILDINGS)	0.44			0.25					RA42
	Matériel et instruments de laboratoire	RA42	euro	AUTRES EQUIPEMENTS MECANIQUES SPECIAUX	2019	0.0	0.0	0.0	0.0	0.44	0.352	kg eCO2/euro	macro	purchases	OTHER SPECIAL MECHANICAL EQUIPMENT	0.44			0.25					RA42
	Matériel et instruments de laboratoire	RB01	euro	AUTOMATIQUE : MAQUETTES DE MISE EN SITUATION OU DE PROTOTYPAGE	2019	0.0	0.0	0.0	0.0	0.44	0.352	kg eCO2/euro	macro	purchases	AUTOMATIC : MOCK-UPS FOR SETTING UP OR PROTOTYPING	0.44			0.25					RB03
	Matériel et instruments de laboratoire	RB02	euro	AUTOMATIQUE : ELEMENTS DE SYSTEME ELECTRO-MECANIQUE	2019	0.0	0.0	0.0	0.0	0.44	0.352	kg eCO2/euro	macro	purchases	AUTOMATIC: ELECTRO-MECHANICAL SYSTEM COMPONENTS	0.44			0.25					RB03
	Matériel et instruments de laboratoire	RB03	euro	AUTOMATIQUE : ELEMENTS DE CONTR_x001A_LE COMMANDE	2019	0.0	0.0	0.0	0.0	0.44	0.352	kg eCO2/euro	macro	purchases	AUTOMATIC : CONTROL ELEMENTS	0.44			0.25					RB03
	Réparations et maintenance	RC01	euro	REPARATION ET MAINTECE DES MACHINES ET OUTILS D'ATELIERS	2019	0.0	0.0	0.0	0.0	0.22	0.176	kg eCO2/euro	macro	purchases	REPAIR AND MAINTENANCE OF WORKSHOP MACHINES AND TOOLS	0.22			0.15					WB11
	Réparations et maintenance	RC02	euro	REPARATION ET MAINTECE DES PONTS ROULANTS ET CHARIOTS ELEVATEURS	2019	0.0	0.0	0.0	0.0	0.22	0.176	kg eCO2/euro	macro	purchases	REPAIR AND MAINTENANCE OF OVERHEAD CRANES AND FORKLIFTS	0.22			0.15					WB11
	Réparations et maintenance	RC03	euro	REPARATION ET MAINTECE DES AUTRES GROS MATERIELS D'ATELIER	2019	0.0	0.0	0.0	0.0	0.22	0.176	kg eCO2/euro	macro	purchases	REPAIR AND MAINTENANCE OF OTHER LARGE WORKSHOP EQUIPMENT	0.22			0.15					WB11
	Réparations et maintenance	RC11	euro	AUTOMATIQUE : REPARATION ET MAINTECE DES SYSTEMES ELECTRO-MECANIQUES	2019	0.0	0.0	0.0	0.0	0.22	0.176	kg eCO2/euro	macro	purchases	AUTOMATIC : REPAIR AND MAINTENANCE OF ELECTRO-MECHANICAL SYSTEMS	0.22			0.15					WB11
	Réparations et maintenance	RC12	euro	AUTOMATIQUE : REPARATION ET MAINTECE DES ELEMENTS DE CONTR_x001A_LE COMMANDE	2019	0.0	0.0	0.0	0.0	0.22	0.176	kg eCO2/euro	macro	purchases	AUTOMATIC : REPAIR AND MAINTENANCE OF CONTROL ELEMENTS	0.22			0.15					WB11
	Réparations et maintenance	RC13	euro	AUTOMATIQUE : REPARATION ET MAINTECE DE L'INSTRUMENTATION SPECIFIQUE	2019	0.0	0.0	0.0	0.0	0.22	0.176	kg eCO2/euro	macro	purchases	AUTOMATIC : REPAIR AND MAINTENANCE OF SPECIFIC INSTRUMENTATION	0.22			0.15					WB11
	Services	RD01	euro	SERVICES D'ETUDES ET DE CONCEPTION DE PIECES MECANIQUES	2019	0.0	0.0	0.0	0.0	0.16	0.128	kg eCO2/euro	macro	purchases	DESIGN AND ENGINEERING SERVICES FOR MECHANICAL PARTS	0.16			0.07					RD11
	Services	RD02	euro	PIECES MECANIQUES USINEES A FACON	2019	0.0	0.0	0.0	0.0	0.33	0.264	kg eCO2/euro	macro	purchases	CUSTOM-MADE MECHANICAL PARTS	0.33			0.31					RD02
	Services	RD03	euro	SERVICES DE TRAITEMENT DE SURFACE ET TRAITEMENT THERMIQUE DE PIECES MECANIQUES	2019	0.0	0.0	0.0	0.0	0.11	0.08800000000000001	kg eCO2/euro	macro	purchases	SURFACE TREATMENT AND HEAT TREATMENT SERVICES FOR MECHANICAL PARTS	0.11			0.05					RD07
	Services	RD04	euro	SERVICES DE BLINDAGE (ELECTROMAGNETIQUE_x001A_)	2019	0.0	0.0	0.0	0.0	0.11	0.08800000000000001	kg eCO2/euro	macro	purchases	SHIELDING SERVICES (ELECTROMAGNETIC...)	0.11			0.05					RD07
	Services	RD05	euro	SERVICES DE METROLOGIE ET DE CONTR_x001A_LES EN MECANIQUE	2019	0.0	0.0	0.0	0.0	0.11	0.08800000000000001	kg eCO2/euro	macro	purchases	METROLOGY AND MECHANICAL TESTING SERVICES	0.11			0.05					RD07
	Services	RD06	euro	SERVICES D'ESSAIS MECANIQUES	2019	0.0	0.0	0.0	0.0	0.11	0.08800000000000001	kg eCO2/euro	macro	purchases	MECHANICAL TESTING SERVICES	0.11			0.05					RD07
	Services	RD07	euro	SERVICES DE TRAITEMENT DE SURFACE DE PIECES DESTINEES AUX EXPERIMENT. SPATIALES	2019	0.0	0.0	0.0	0.0	0.11	0.08800000000000001	kg eCO2/euro	macro	purchases	SURFACE TREATMENT SERVICES FOR PARTS INTENDED FOR EXPERIMENTAL USE SPATIAL	0.11			0.05					RD07
	Services	RD11	euro	AUTOMATIQUE : SERVICES D'ETUDE, CONCEPTION, INTEGRATION	2019	0.0	0.0	0.0	0.0	0.16	0.128	kg eCO2/euro	macro	purchases	AUTOMATION: STUDY, DESIGN AND INTEGRATION SERVICES	0.16			0.07					RD11
	Services	RD21	euro	DROITS D'UTIL. DE LOGICIELS DE CAO EN MECANIQUE	2019	0.0	0.0	0.0	0.0	0.12	0.096	kg eCO2/euro	macro	purchases	RIGHTS TO USE OF SOFTWARE FOR MECHANICAL ENGINEERING	0.12			0.05					WA15
	Services	RD22	euro	DROITS D'UTIL. DE LOGICIELS DE PROGRAM. DES MACHINES A COMDE NUM.	2019	0.0	0.0	0.0	0.0	0.12	0.096	kg eCO2/euro	macro	purchases	USER RIGHTS OF SOFTWARE FOR PROGRAMMING. SOFTWARE FOR NUMERICAL CONTROL MACHINES	0.12			0.05					RD32
	Services	RD23	euro	DROITS D'UTIL. DE LOGICIELS DE SIMULATION NUMERIQUE	2019	0.0	0.0	0.0	0.0	0.12	0.096	kg eCO2/euro	macro	purchases	RIGHTS TO USE OF NUMERICAL SIMULATION SOFTWARE	0.12			0.05					RD32
	Services	RD24	euro	DROITS D'UTIL. DES AUTRES LOGICIELS POUR LA MECANIQUE	2019	0.0	0.0	0.0	0.0	0.12	0.096	kg eCO2/euro	macro	purchases	RIGHTS OF USE OF OTHER SOFTWARE FOR MECHANICS	0.12			0.05					RD32
	Services	RD25	euro	MAINTECE DES LOGICIELS POUR LA MECANIQUE	2019	0.0	0.0	0.0	0.0	0.12	0.096	kg eCO2/euro	macro	purchases	MAINTENANCE OF SOFTWARE FOR MECHANICS	0.12			0.05					RD32
	Services	RD31	euro	DROITS D'UTIL. DES LOGICIELS POUR L'AUTOMATIQUE	2019	0.0	0.0	0.0	0.0	0.12	0.096	kg eCO2/euro	macro	purchases	USER RIGHTS OF SOFTWARE FOR AUTOMATION	0.12			0.05					WA15
	Services	RD32	euro	MAINTECE DES LOGICIELS POUR L'AUTOMATIQUE	2019	0.0	0.0	0.0	0.0	0.12	0.096	kg eCO2/euro	macro	purchases	SOFTWARE FOR AUTOMATIC CONTROL: MAINTENANCE	0.12			0.05					RD32
	Matériel et instruments de laboratoire	SA01	euro	SPECTROMETRIE RMN : SPECTROMETRES COMPLETS	2019	0.0	0.0	0.0	0.0	0.24	0.192	kg eCO2/euro	macro	purchases	MRN SPECTROMETRY : COMPLETE SPECTROMETERS	0.24			0.16					UG22
	Matériel et instruments de laboratoire	SA02	euro	SPECTROMETRIE RMN : CRYOSONDES / TETES DE MESURES	2019	0.0	0.0	0.0	0.0	0.24	0.192	kg eCO2/euro	macro	purchases	RMN SPECTROMETRY : CRYOPROBES / MEASURING HEADS	0.24			0.16					UG22
	Matériel et instruments de laboratoire	SA03	euro	SPECTROMETRIE RMN : AIMANTS SUPRACONDUCTEURS	2019	0.0	0.0	0.0	0.0	0.24	0.192	kg eCO2/euro	macro	purchases	RMN SPECTROMETRY : SUPERCONDUCTING MAGNETS	0.24			0.16					UG22
	Matériel et instruments de laboratoire	SA04	euro	SPECTROMETRIE RMN : CONSOLES ELECTRONIQUES	2019	0.0	0.0	0.0	0.0	0.24	0.192	kg eCO2/euro	macro	purchases	RMN SPECTROMETRY : ELECTRONIC CONSOLES	0.24			0.16					UG22
	Matériel et instruments de laboratoire	SA05	euro	SPECTROMETRIE RMN : AUTRE MATERIEL, ACCESSOIRES, PIECES DETACHEES	2019	0.0	0.0	0.0	0.0	0.31	0.248	kg eCO2/euro	macro	purchases	NMR SPECTROMETRY : OTHER EQUIPMENT, ACCESSORIES, SPARE PARTS	0.31			0.2					UG33
	Matériel et instruments de laboratoire	SA11	euro	SPECTROMETRIE RPE : SPECTROMETRES COMPLETS	2019	0.0	0.0	0.0	0.0	0.24	0.192	kg eCO2/euro	macro	purchases	RPE SPECTROMETRY : COMPLETE SPECTROMETERS	0.24			0.16					UG22
	Matériel et instruments de laboratoire	SA12	euro	SPECTROMETRIE RPE : AUTRE MATERIEL, ACCESSOIRES, PIECES DETACHEES	2019	0.0	0.0	0.0	0.0	0.24	0.192	kg eCO2/euro	macro	purchases	RPE SPECTROMETRY: OTHER EQUIPMENT, ACCESSORIES, SPARE PARTS	0.24			0.16					UG22
	Matériel et instruments de laboratoire	SB01	euro	SPECTROMETRIE DE MASSE DES IONS SECONDAIRES : SONDES IONIQUES IMS	2019	0.0	0.0	0.0	0.0	0.24	0.192	kg eCO2/euro	macro	purchases	SECONDARY ION MASS SPECTROMETRY: IMS ION PROBES	0.24			0.16					UG22
	Matériel et instruments de laboratoire	SB02	euro	SPECTROMETRIE DE MASSE DES IONS SECONDAIRES : AUTRE MATERIEL ET PIECES DET.	2019	0.0	0.0	0.0	0.0	0.31	0.248	kg eCO2/euro	macro	purchases	SECONDARY ION MASS SPECTROMETRY: OTHER EQUIPMENT AND PARTS	0.31			0.2					UG33
	Matériel et instruments de laboratoire	SB11	euro	SPECTROSCOPIE MASSIQUE DE DECHARGE LUMINESCENTE (GDMS) : SPECTROMETRES COMPLETS	2019	0.0	0.0	0.0	0.0	0.24	0.192	kg eCO2/euro	macro	purchases	GLOW DISCHARGE MASS SPECTROSCOPY (GDMS): COMPLETE SPECTROMETERS	0.24			0.16					UG22
	Matériel et instruments de laboratoire	SB12	euro	SPECTROSCOPIE GDMS : AUTRE MATERIEL ET PIECES DETACHEES	2019	0.0	0.0	0.0	0.0	0.31	0.248	kg eCO2/euro	macro	purchases	GDMS SPECTROSCOPY: OTHER EQUIPMENT AND PARTS	0.31			0.2					UG33
	Matériel et instruments de laboratoire	SB21	euro	SPECTROMETRES DE MASSE A RESOCE CYCLOTRONIQUE D'IONS (FT-ICR)	2019	0.0	0.0	0.0	0.0	0.2	0.16	kg eCO2/euro	meso	purchases	ION CYCLOTRON RESONANCE MASS SPECTROMETERS (FT-ICR)	0.24	0.2		0.16			MSB21	Shimadzu	UG22
	Matériel et instruments de laboratoire	SB22	euro	SPECTROMETRIE FT-ICR : AUTRE MATERIEL ET CONSOMMABLES DEDIES	2019	0.0	0.0	0.0	0.0	0.2	0.16	kg eCO2/euro	meso	purchases	FT-ICR SPECTROMETRY: OTHER DEDICATED EQUIPMENT AND CONSUMABLES	0.31	0.2		0.16			MSB21	Shimadzu	UG33
	Matériel et instruments de laboratoire	SB23	euro	SPECTROMETRES DE MASSE POUR LA BIOLOGIE	2019	0.0	0.0	0.0	0.0	0.2	0.16	kg eCO2/euro	meso	purchases	MASS SPECTROMETERS FOR BIOLOGY	0.24	0.2		0.16			MSB21	Shimadzu	UG22
	Matériel et instruments de laboratoire	SB24	euro	SPECTRO DE MASSE POUR LA BIOLOGIE : AUTRE MATERIEL ET CONSOMMABLES DEDIES	2019	0.0	0.0	0.0	0.0	0.2	0.16	kg eCO2/euro	meso	purchases	MASS SPECTROMETRY FOR BIOLOGY: OTHER DEDICATED EQUIPMENT AND CONSUMABLES	0.31	0.2		0.16			MSB21	Shimadzu	UG33
	Matériel et instruments de laboratoire	SB31	euro	SPECTROMETRES DE MASSE POUR LA CHIMIE	2019	0.0	0.0	0.0	0.0	0.2	0.16	kg eCO2/euro	meso	purchases	MASS SPECTROMETERS FOR CHEMISTRY	0.24	0.2		0.16			MSB21	Shimadzu	UG22
	Matériel et instruments de laboratoire	SB32	euro	SPECTRO DE MASSE POUR LA CHIMIE : AUTRE MATERIEL ET CONSOMMABLES DEDIES	2019	0.0	0.0	0.0	0.0	0.2	0.16	kg eCO2/euro	meso	purchases	MASS SPECTROMETRY FOR CHEMISTRY: OTHER DEDICATED EQUIPMENT AND CONSUMABLES	0.31	0.2		0.16			MSB21	Shimadzu	UG33
	Matériel et instruments de laboratoire	SB51	euro	CHROMATOGRAPHIE LIQUIDE ANALYTIQUE : CHAINES, DETECTEURS, POMPES_x001A_	2019	0.0	0.0	0.0	0.0	0.2	0.16	kg eCO2/euro	meso	purchases	ANALYTICAL LIQUID CHROMATOGRAPHY : CHAINS, DETECTORS, PUMPS...	0.24	0.2		0.16			MSB21	Shimadzu	UG22
	Matériel et instruments de laboratoire	SB52	euro	CHROMATOGRAPHIE LIQUIDE ANALYTIQUE : COLONNES ET AUTRES CONSOMMABLES DEDIES	2019	0.0	0.0	0.0	0.0	0.2	0.16	kg eCO2/euro	meso	purchases	ANALYTICAL LIQUID CHROMATOGRAPHY : COLUMNS AND OTHER DEDICATED CONSUMABLES	0.32	0.2		0.16			MSB21	Shimadzu	SB54
	Matériel et instruments de laboratoire	SB53	euro	CHROMATOGRAPHIE GAZEUSE ANALYTIQUE : CHAINES, FOURS, DETECTEURS,_x001A_	2019	0.0	0.0	0.0	0.0	0.2	0.16	kg eCO2/euro	meso	purchases	ANALYTICAL GAS CHROMATOGRAPHY: LINES, FURNACES, DETECTORS,...	0.24	0.2		0.16			MSB21	Shimadzu	UG22
	Matériel et instruments de laboratoire	SB54	euro	CHROMATOGRAPHIE GAZEUSE ANALYTIQUE : COLONNES ET AUTRES CONSOMMABLES DEDIES	2019	0.0	0.0	0.0	0.0	0.2	0.16	kg eCO2/euro	meso	purchases	ANALYTICAL GAS CHROMATOGRAPHY : COLUMNS AND OTHER DEDICATED CONSUMABLES	0.32	0.2		0.16			MSB21	Shimadzu	SB54
	Matériel et instruments de laboratoire	SB55	euro	MATERIEL D'ELECTROPHORESE CAPILLAIRE : INSTRUMENTS	2019	0.0	0.0	0.0	0.0	0.2	0.16	kg eCO2/euro	meso	purchases	CAPILLARY ELECTROPHORESIS EQUIPMENT: INSTRUMENTS	0.24	0.2		0.16			MSB21	Shimadzu	UG22
	Consommables (Matières premières, produits chimiques/biologiques et organismes vivants)	SB56	euro	MATERIEL D'ELECTROPHORESE CAPILLAIRE : CONSOMMABLES DEDIES AUX INSTRUMENTS	2019	0.0	0.0	0.0	0.0	0.2	0.16	kg eCO2/euro	meso	purchases	CAPILLARY ELECTROPHORESIS EQUIPMENT: CONSUMABLES FOR INSTRUMENTS	0.31	0.2		0.16			MSB21	Shimadzu	UG33
	Matériel et instruments de laboratoire	SC01	euro	DIFFRACTION X : DIFFRACTOMETRES A RAYONS X COMPLETS	2019	0.0	0.0	0.0	0.0	0.27	0.216	kg eCO2/euro	macro	purchases	X-RAY DIFFRACTION : COMPLETE X-RAY DIFFRACTOMETERS	0.27			0.14					SB54
	Matériel et instruments de laboratoire	SC02	euro	DIFFRACTION X : GENERATEURS DE RAYONS X	2019	0.0	0.0	0.0	0.0	0.27	0.216	kg eCO2/euro	macro	purchases	X-RAY DIFFRACTION : X-RAY GENERATORS	0.27			0.14					SB54
	Matériel et instruments de laboratoire	SC03	euro	DIFFRACTION X : AUTRE MATERIEL ET CONSOMMABLES DEDIES	2019	0.0	0.0	0.0	0.0	0.3	0.24	kg eCO2/euro	macro	purchases	X-RAY DIFFRACTION : OTHER DEDICATED EQUIPMENT AND CONSUMABLES	0.3			0.17					SB54
	Matériel et instruments de laboratoire	SC04	euro	DIFFUSION DES RAYONS X : SYSTEMES COMPLETS	2019	0.0	0.0	0.0	0.0	0.27	0.216	kg eCO2/euro	macro	purchases	X-RAY SCATTERING : COMPLETE SYSTEMS	0.27			0.14					SB54
	Matériel et instruments de laboratoire	SC05	euro	DIFFUSION DES RAYONS X : AUTRE MATERIEL ET CONSOMMABLES DEDIES	2019	0.0	0.0	0.0	0.0	0.3	0.24	kg eCO2/euro	macro	purchases	X-RAY SCATTERING : OTHER DEDICATED EQUIPMENT AND CONSUMABLES	0.3			0.17					SB54
	Matériel et instruments de laboratoire	SC11	euro	SPECTROMETRIE DE FLUORESCENCE X (XRF) : SPECTROMETRES COMPLETS	2019	0.0	0.0	0.0	0.0	0.2	0.16	kg eCO2/euro	meso	purchases	X-RAY FLUORESCENCE SPECTROMETRY (XRF) : COMPLETE SPECTROMETERS	0.27	0.2		0.16			MSB21	Shimadzu	SB54
	Matériel et instruments de laboratoire	SC12	euro	SPECTROMETRIE DE FLUORESCENCE X : AUTRE MATERIEL ET CONSOMMABLES DEDIES	2019	0.0	0.0	0.0	0.0	0.2	0.16	kg eCO2/euro	meso	purchases	X-RAY FLUORESCENCE SPECTROMETRY: OTHER DEDICATED EQUIPMENT AND CONSUMABLES	0.3	0.2		0.16			MSB21	Shimadzu	SB54
	Matériel et instruments de laboratoire	SC21	euro	RAYONS X : TOMOGRAPHES A RAYONS X	2019	0.0	0.0	0.0	0.0	0.27	0.216	kg eCO2/euro	macro	purchases	X-RAY : X-RAY TOMOGRAPHS	0.27			0.14					SB54
	Matériel et instruments de laboratoire	SC22	euro	RAYONS X : AUTRE MATERIEL ET CONSOMMABLES DEDIES AUX INSTRUMENTS	2019	0.0	0.0	0.0	0.0	0.3	0.24	kg eCO2/euro	macro	purchases	X-RAY : OTHER EQUIPMENT AND CONSUMABLES FOR INSTRUMENTS	0.3			0.17					SB54
	Matériel et instruments de laboratoire	SD01	euro	SPECTROMETRES ELECTRONIQUES (AUGER, XPS, ESCA, LEED, RHEED,..)	2019	0.0	0.0	0.0	0.0	0.24	0.192	kg eCO2/euro	macro	purchases	ELECTRONIC SPECTROMETERS (AUGER, XPS, ESCA, LEED, RHEED,..)	0.24			0.16					UG22
	Matériel et instruments de laboratoire	SD02	euro	SPECTROMETRIE ELECTRONIQUE : AUTRE MATERIEL ET CONSOMMABLES DEDIES	2019	0.0	0.0	0.0	0.0	0.31	0.248	kg eCO2/euro	macro	purchases	ELECTRONIC SPECTROMETRY: OTHER DEDICATED EQUIPMENT AND CONSUMABLES	0.31			0.2					UG33
	Matériel et instruments de laboratoire	SD03	euro	APPAREILS DE SPECTROMETRIE IONIQUE (HEIS ou RBS, MEIS,_x001A_)	2019	0.0	0.0	0.0	0.0	0.24	0.192	kg eCO2/euro	macro	purchases	IONIC SPECTROMETRY EQUIPMENT (HEIS or RBS, MEIS,...)	0.24			0.16					UG22
	Matériel et instruments de laboratoire	SD04	euro	SPECTROMETRIE IONIQUE : AUTRE MATERIEL ET CONSOMMABLES DEDIES	2019	0.0	0.0	0.0	0.0	0.31	0.248	kg eCO2/euro	macro	purchases	IONIC SPECTROMETRY: OTHER DEDICATED EQUIPMENT AND CONSUMABLES	0.31			0.2					UG33
	Matériel et instruments de laboratoire	SE01	euro	SPECTROMETRIE RAMAN : SPECTROMETRES COMPLETS	2019	0.0	0.0	0.0	0.0	0.27	0.216	kg eCO2/euro	macro	purchases	RAMAN SPECTROMETRY : COMPLETE SPECTROMETERS	0.27			0.14					SB54
	Matériel et instruments de laboratoire	SE02	euro	SPECTROMETRIE RAMAN : AUTRE MATERIEL ET PIECES DETACHEES DEDIES	2019	0.0	0.0	0.0	0.0	0.31	0.248	kg eCO2/euro	macro	purchases	RAMAN SPECTROMETRY : OTHER EQUIPMENT AND SPARE PARTS	0.31			0.16					SB54
	Matériel et instruments de laboratoire	SE11	euro	SPECTROPHOTOMETRIE UV-VISIBLE : LECTEURS DE MICROPLAQUES (SANS RADIOACTIVITE)	2019	0.0	0.0	0.0	0.0	0.2	0.16	kg eCO2/euro	meso	purchases	UV-VISIBLE SPECTROPHOTOMETRY : MICROPLATE READERS (WITHOUT RADIOACTIVITY)	0.27	0.2		0.16			MSB21	Shimadzu	SB54
	Matériel et instruments de laboratoire	SE12	euro	SPECTROMETRES UV-VISIBLE ET INFRA ROUGE (HORS LECTEURS DE MICROPLAQUES)	2019	0.0	0.0	0.0	0.0	0.2	0.16	kg eCO2/euro	meso	purchases	UV-VISIBLE AND INFRARED SPECTROMETERS (EXCLUDING MICROPLATE READERS)	0.27	0.2		0.16			MSB21	Shimadzu	SB54
	Matériel et instruments de laboratoire	SE13	euro	SPECTROPHOTOMETRIE UV-VISIBLE : AUTRE MATERIEL ET CONSOMMABLES DEDIES	2019	0.0	0.0	0.0	0.0	0.2	0.16	kg eCO2/euro	meso	purchases	UV-VISIBLE SPECTROPHOTOMETRY: OTHER DEDICATED EQUIPMENT AND CONSUMABLES	0.31	0.2		0.16			MSB21	Shimadzu	SB54
	Matériel et instruments de laboratoire	SE14	euro	SPECTROFLUORIMETRES ET FLUORIMETRES (HORS LECTEURS DE MICROPLAQUES)	2019	0.0	0.0	0.0	0.0	0.2	0.16	kg eCO2/euro	meso	purchases	SPECTROFLUOROMETERS AND FLUOROMETERS (EXCLUDING MICROPLATE READERS)	0.27	0.2		0.16			MSB21	Shimadzu	SB54
	Matériel et instruments de laboratoire	SE15	euro	SPECTROFLUORIMETRIE ET FLUORIMETRIE : AUTRE MATERIEL ET CONSOMMABLES DEDIES	2019	0.0	0.0	0.0	0.0	0.2	0.16	kg eCO2/euro	meso	purchases	SPECTROFLUOROMETRY AND FLUORIMETRY: OTHER DEDICATED EQUIPMENT AND CONSUMABLES	0.31	0.2		0.16			MSB21	Shimadzu	SB54
	Matériel et instruments de laboratoire	SE21	euro	SPECTROPOLARIMETRIE - POLARIMETRIE : SPECTROMETRES COMPLETS	2019	0.0	0.0	0.0	0.0	0.27	0.216	kg eCO2/euro	macro	purchases	SPECTROPOLARIMETRY - POLARIMETRY: COMPLETE SPECTROMETERS	0.27			0.14					SB54
	Matériel et instruments de laboratoire	SE22	euro	SPECTROPOLARIMETRIE - POLARIMETRIE : AUTRE MATERIEL ET CONSOMMABLES DEDIES	2019	0.0	0.0	0.0	0.0	0.31	0.248	kg eCO2/euro	macro	purchases	SPECTROPOLARIMETRY - POLARIMETRY: OTHER DEDICATED EQUIPMENT AND CONSUMABLES	0.31			0.16					SB54
	Matériel et instruments de laboratoire	SE23	euro	DICHROISME CIRCULAIRE : SPECTROMETRES COMPLETS	2019	0.0	0.0	0.0	0.0	0.27	0.216	kg eCO2/euro	macro	purchases	CIRCULAR DICHROISM : COMPLETE SPECTROMETERS	0.27			0.14					SB54
	Matériel et instruments de laboratoire	SE24	euro	DICHROISME CIRCULAIRE : AUTRE MATERIEL ET CONSOMMABLES DEDIES AUX INSTRUMENTS	2019	0.0	0.0	0.0	0.0	0.31	0.248	kg eCO2/euro	macro	purchases	CIRCULAR DICHROISM: OTHER EQUIPMENT AND CONSUMABLES FOR INSTRUMENTS	0.31			0.16					SB54
	Matériel et instruments de laboratoire	SE31	euro	ELLIPSOMETRIE SPECTROSCOPIQUE : SPECTROMETRES COMPLETS	2019	0.0	0.0	0.0	0.0	0.27	0.216	kg eCO2/euro	macro	purchases	SPECTROSCOPIC ELLIPSOMETRY : COMPLETE SPECTROMETERS	0.27			0.14					SB54
	Matériel et instruments de laboratoire	SE32	euro	ELLIPSOMETRIE SPECTROSCOPIQUE : AUTRE MATERIEL ET CONSOMMABLES DEDIES	2019	0.0	0.0	0.0	0.0	0.31	0.248	kg eCO2/euro	macro	purchases	SPECTROSCOPIC ELLIPSOMETRY : OTHER DEDICATED EQUIPMENT AND CONSUMABLES	0.31			0.16					SB54
	Matériel et instruments de laboratoire	SE41	euro	INTERFEROMETRIE SPECTROSCOPIQUE : SPECTROMETRES COMPLETS	2019	0.0	0.0	0.0	0.0	0.27	0.216	kg eCO2/euro	macro	purchases	SPECTROSCOPIC INTERFEROMETRY : COMPLETE SPECTROMETERS	0.27			0.14					SB54
	Matériel et instruments de laboratoire	SE42	euro	INTERFEROMETRIE SPECTROSCOPIQUE : AUTRE MATERIEL ET CONSOMMABLES DEDIES	2019	0.0	0.0	0.0	0.0	0.31	0.248	kg eCO2/euro	macro	purchases	SPECTROSCOPIC INTERFEROMETRY: OTHER DEDICATED EQUIPMENT AND CONSUMABLES	0.31			0.16					SB54
	Matériel et instruments de laboratoire	SE51	euro	SPECTROMETRES D'ABSORPTION ET D'EMISSION ATOMIQUE	2019	0.0	0.0	0.0	0.0	0.2	0.16	kg eCO2/euro	meso	purchases	ATOMIC ABSORPTION AND EMISSION SPECTROMETERS	0.27	0.2		0.16			MSB21	Shimadzu	SB54
	Matériel et instruments de laboratoire	SE52	euro	SPECTROM. D'ABSORPT. ET D'EMISS. ATOMIQUE : AUTRE MATERIEL ET CONSOMM. DEDIES	2019	0.0	0.0	0.0	0.0	0.2	0.16	kg eCO2/euro	meso	purchases	SPECTROM. ABSORPT. AND EMISS. ATOMIC EMISSION SPECTROMETERS: OTHER EQUIPMENT AND CONSUMABLES DEDICATED	0.31	0.2		0.16			MSB21	Shimadzu	SB54
	Matériel et instruments de laboratoire	SE61	euro	SPECTROMETRIE OPTIQUE : LAMPES POUR SPECTROMETRES / SPECTROPHOTOMETRES	2019	0.0	0.0	0.0	0.0	0.27	0.216	kg eCO2/euro	macro	purchases	OPTICAL SPECTROMETRY : LAMPS FOR SPECTROMETERS / SPECTROPHOTOMETERS	0.27			0.14					SB54
	Matériel et instruments de laboratoire	SF01	euro	SPECTROSCOPIE DIELECTRIQUE : EQUIPEMENTS ET ACCESSOIRES	2019	0.0	0.0	0.0	0.0	0.31	0.248	kg eCO2/euro	macro	purchases	DIELECTRIC SPECTROSCOPY: EQUIPMENT AND ACCESSORIES	0.31			0.2					UG33
	Matériel et instruments de laboratoire	SF02	euro	REFRACTOMETRIE DE RESOCE DE PLASMON DE SURFACE : EQUIPEMENTS ET ACCESSOIRES	2019	0.0	0.0	0.0	0.0	0.31	0.248	kg eCO2/euro	macro	purchases	SURFACE PLASMON RESISTIVITY REFRACTOMETRY: EQUIPMENT AND ACCESSORIES	0.31			0.2					UG33
	Matériel et instruments de laboratoire	SF03	euro	AUTRES TECHNIQUES SPECTROSCOPIQUES : EQUIPEMENTS ET ACCESSOIRES	2019	0.0	0.0	0.0	0.0	0.31	0.248	kg eCO2/euro	macro	purchases	OTHER SPECTROSCOPIC TECHNIQUES: EQUIPMENT AND ACCESSORIES	0.31			0.2					UG33
	Réparations et maintenance	SG01	euro	SPECTROMETRIE RMN ET RPE : MAINTECE, REPARATION DU MATERIEL	2019	0.0	0.0	0.0	0.0	0.22	0.176	kg eCO2/euro	macro	purchases	RMN AND RPE SPECTROMETRY: MAINTENANCE, REPAIR OF EQUIPMENT	0.22			0.15					WB11
	Réparations et maintenance	SG11	euro	SPECTROSCOPIE MASSIQUE DE DECHARGE LUMINESCENTE : MAINTECE ET REPARATION	2019	0.0	0.0	0.0	0.0	0.22	0.176	kg eCO2/euro	macro	purchases	GLOW DISCHARGE MASS SPECTROSCOPY: MAINTENANCE AND REPAIR	0.22			0.15					WB11
	Réparations et maintenance	SG12	euro	SPECTROMETRIE DE MASSE DES IONS SECONDAIRES : MAINTECE ET REPARATION	2019	0.0	0.0	0.0	0.0	0.22	0.176	kg eCO2/euro	macro	purchases	SECONDARY ION MASS SPECTROMETRY: MAINTENANCE AND REPAIR	0.22			0.15					WB11
	Réparations et maintenance	SG13	euro	SPECTROMETRIE DE MASSE : MAINTECE ET REPARATION	2019	0.0	0.0	0.0	0.0	0.22	0.176	kg eCO2/euro	macro	purchases	MASS SPECTROMETRY: MAINTENANCE AND REPAIR	0.22			0.15					WB11
	Réparations et maintenance	SG14	euro	TECHNIQUES SEPARATIVES ANALYTIQUES : MAINTECE ET REPARATION	2019	0.0	0.0	0.0	0.0	0.22	0.176	kg eCO2/euro	macro	purchases	ANALYTICAL SEPARATION TECHNIQUES: MAINTENANCE AND REPAIR	0.22			0.15					WB11
	Réparations et maintenance	SG21	euro	DIFFRACTION X : MAINTECE ET REPARATION DES INSTRUMENTS	2019	0.0	0.0	0.0	0.0	0.22	0.176	kg eCO2/euro	macro	purchases	X-RAY DIFFRACTION : MAINTENANCE AND REPAIR OF INSTRUMENTS	0.22			0.15					WB11
	Réparations et maintenance	SG22	euro	FLUORESCENCE X : MAINTECE ET REPARATION DES INSTRUMENTS	2019	0.0	0.0	0.0	0.0	0.22	0.176	kg eCO2/euro	macro	purchases	X-RAY FLUORESCENCE : HAND AND INSTRUMENT REPAIR	0.22			0.15					WB11
	Réparations et maintenance	SG23	euro	RAYONS X : MAINTECE ET REPARATION DES AUTRES INSTRUMENTS	2019	0.0	0.0	0.0	0.0	0.22	0.176	kg eCO2/euro	macro	purchases	X-RAY : MAINTENANCE AND REPAIR OF OTHER INSTRUMENTS	0.22			0.15					WB11
	Réparations et maintenance	SG31	euro	SPECTROMETRIE ELECTRONIQUE ET IONIQUE : MAINTECE ET REPARATION	2019	0.0	0.0	0.0	0.0	0.22	0.176	kg eCO2/euro	macro	purchases	ELECTRONIC AND IONIC SPECTROMETRY : MAINTENANCE AND REPAIR	0.22			0.15					WB11
	Réparations et maintenance	SG41	euro	SPECTROMETRIE RAMAN : MAINTECE ET REPARATION	2019	0.0	0.0	0.0	0.0	0.22	0.176	kg eCO2/euro	macro	purchases	RAMAN SPECTROMETRY: MAINTENANCE AND REPAIR	0.22			0.15					WB11
	Réparations et maintenance	SG42	euro	SPECTROMETRIE UV-VIS-IR : MAINTECE ET REPARATION	2019	0.0	0.0	0.0	0.0	0.22	0.176	kg eCO2/euro	macro	purchases	UV-VIS-IR SPECTROMETRY: MAINTENANCE AND REPAIR	0.22			0.15					WB11
	Réparations et maintenance	SG43	euro	SPECTROFLUORIMETRIE ET FLUORIMETRIE : MAINTECE ET REPARATION	2019	0.0	0.0	0.0	0.0	0.22	0.176	kg eCO2/euro	macro	purchases	SPECTROFLUOROMETRY AND FLUORIMETRY: MAINTENANCE AND REPAIR	0.22			0.15					WB11
	Réparations et maintenance	SG44	euro	SPECTROPOLARIMETRIE ET DICHROISME CIRCULAIRE : MAINTECE ET REPARATION	2019	0.0	0.0	0.0	0.0	0.22	0.176	kg eCO2/euro	macro	purchases	SPECTROPOLARIMETRY AND CIRCULAR DICHROISM: MAINTENANCE AND REPAIR	0.22			0.15					WB11
	Réparations et maintenance	SG45	euro	ELLIPSOMETRIE SPECTROSCOPIQUE : MAINTECE ET REPARATION	2019	0.0	0.0	0.0	0.0	0.22	0.176	kg eCO2/euro	macro	purchases	SPECTROSCOPIC ELLIPSOMETRY: HAND AND REPAIR	0.22			0.15					WB11
	Réparations et maintenance	SG46	euro	INTERFEROMETRIE : MAINTECE ET REPARATION	2019	0.0	0.0	0.0	0.0	0.22	0.176	kg eCO2/euro	macro	purchases	INTERFEROMETRY: HAND AND REPAIR	0.22			0.15					WB11
	Réparations et maintenance	SG47	euro	SPECTROMETRIE D'ABSORPTION ET D'EMISSION ATOMIQUE : MAINTECE ET REPARATION	2019	0.0	0.0	0.0	0.0	0.22	0.176	kg eCO2/euro	macro	purchases	ATOMIC ABSORPTION AND EMISSION SPECTROMETRY : HANDIWORK AND REPAIR	0.22			0.15					WB11
	Réparations et maintenance	SG48	euro	AUTRES TYPES DE SPECTROMETRIE OPTIQUE : MAINTECE ET REPARATION	2019	0.0	0.0	0.0	0.0	0.22	0.176	kg eCO2/euro	macro	purchases	OTHER TYPES OF OPTICAL SPECTROMETRY : MAINTENANCE AND REPAIR	0.22			0.15					WB11
	Réparations et maintenance	SG51	euro	SPECTROSCOPIE DIELECTRIQUE : MAINTECE ET REPARATION	2019	0.0	0.0	0.0	0.0	0.22	0.176	kg eCO2/euro	macro	purchases	DIELECTRIC SPECTROSCOPY: MAINTENANCE AND REPAIR	0.22			0.15					WB11
	Réparations et maintenance	SG52	euro	REFRACTOMETRIE DE RESOCE DE PLASMON DE SURFACE : MAINTECE ET REPARATION	2019	0.0	0.0	0.0	0.0	0.22	0.176	kg eCO2/euro	macro	purchases	SURFACE PLASMON RESISTIVITY REFRACTOMETRY: REPAIR AND MAINTENANCE	0.22			0.15					WB11
	Services	SH01	euro	SPECTROMETRIE RMN ET RPE : SERVICES D'ANALYSES	2019	0.0	0.0	0.0	0.0	0.2	0.16	kg eCO2/euro	macro	purchases	RMN AND RPE SPECTROMETRY: ANALYSIS SERVICES	0.2			0.03					XC25
	Services	SH11	euro	SPECTROMETRIE DE MASSE : SERVICES D'ANALYSES	2019	0.0	0.0	0.0	0.0	0.2	0.16	kg eCO2/euro	macro	purchases	MASS SPECTROMETRY: ANALYTICAL SERVICES	0.2			0.03					XC25
	Services	SH12	euro	SPECTROMETRIE DE MASSE DES IONS SECONDAIRES : SERVICES D'ANALYSES	2019	0.0	0.0	0.0	0.0	0.2	0.16	kg eCO2/euro	macro	purchases	SECONDARY ION MASS SPECTROMETRY: ANALYTICAL SERVICES	0.2			0.03					XC25
	Services	SH13	euro	SPECTROSCOPIE MASSIQUE DE DECHARGE LUMINESCENTE (GDMS) : SERVICES D'ANALYSES	2019	0.0	0.0	0.0	0.0	0.2	0.16	kg eCO2/euro	macro	purchases	GLOW DISCHARGE MASS SPECTROSCOPY (GDMS): ANALYTICAL SERVICES	0.2			0.03					XC25
	Services	SH21	euro	DIFFRACTION X : SERVICES D'ANALYSES	2019	0.0	0.0	0.0	0.0	0.2	0.16	kg eCO2/euro	macro	purchases	X-RAY DIFFRACTION: ANALYTICAL SERVICES	0.2			0.03					XC25
	Services	SH22	euro	DIFFUSION X : SERVICES D'ANALYSES	2019	0.0	0.0	0.0	0.0	0.2	0.16	kg eCO2/euro	macro	purchases	X-RAY SCATTERING: ANALYTICAL SERVICES	0.2			0.03					XC25
	Services	SH23	euro	FLUORESCENCE X : SERVICES D'ANALYSES	2019	0.0	0.0	0.0	0.0	0.2	0.16	kg eCO2/euro	macro	purchases	FLUORESCENCE X : ANALYTICAL SERVICES	0.2			0.03					XC25
	Services	SH24	euro	TOMOGRAPHIE X : SERVICES D'ANALYSES	2019	0.0	0.0	0.0	0.0	0.2	0.16	kg eCO2/euro	macro	purchases	TOMOGRAPHY X : ANALYTICAL SERVICES	0.2			0.03					XC25
	Services	SH31	euro	SPECTROMETRIE ELECTRONIQUE ET IONIQUE : SERVICES D'ANALYSES	2019	0.0	0.0	0.0	0.0	0.2	0.16	kg eCO2/euro	macro	purchases	ELECTRONIC AND IONIC SPECTROMETRY: ANALYTICAL SERVICES	0.2			0.03					XC25
	Services	SH41	euro	SPECTROMETRIE RAMAN : SERVICES D'ANALYSES	2019	0.0	0.0	0.0	0.0	0.2	0.16	kg eCO2/euro	macro	purchases	RAMAN SPECTROMETRY: ANALYSIS SERVICES	0.2			0.03					XC25
	Services	SH42	euro	SPECTROMETRIE UV-VIS-IR : SERVICES D'ANALYSES	2019	0.0	0.0	0.0	0.0	0.2	0.16	kg eCO2/euro	macro	purchases	UV-VIS-IR SPECTROMETRY: ANALYTICAL SERVICES	0.2			0.03					XC25
	Services	SH43	euro	SPECTROFLUORIMETRIE ET FLUORIMETRIE : SERVICES D'ANALYSES	2019	0.0	0.0	0.0	0.0	0.2	0.16	kg eCO2/euro	macro	purchases	SPECTROFLUOROMETRY AND FLUORIMETRY: ANALYTICAL SERVICES	0.2			0.03					XC25
	Services	SH44	euro	SPECTROMETRIE D'ABSORPTION ET D'EMISSION ATOMIQUE : SERVICES D'ANALYSES	2019	0.0	0.0	0.0	0.0	0.2	0.16	kg eCO2/euro	macro	purchases	ATOMIC ABSORPTION AND EMISSION SPECTROMETRY: ANALYTICAL SERVICES	0.2			0.03					XC25
	Services	SH45	euro	AUTRES TYPES DE SPECTROMETRIE OPTIQUE : SERVICES D'ANALYSE	2019	0.0	0.0	0.0	0.0	0.2	0.16	kg eCO2/euro	macro	purchases	OTHER TYPES OF OPTICAL SPECTROMETRY: ANALYTICAL SERVICES	0.2			0.03					XC25
	Services	SH51	euro	AUTRES TECHNIQUES SPECTROSCOPIQUES : SERVICES D'ANALYSE	2019	0.0	0.0	0.0	0.0	0.2	0.16	kg eCO2/euro	macro	purchases	OTHER SPECTROSCOPIC TECHNIQUES: ANALYTICAL SERVICES	0.2			0.03					XC25
	Matériel et instruments de laboratoire	TA01	euro	COMPOSANTS ELECTRONIQUES ACTIFS ET PASSIFS	2019	0.0	0.0	0.0	0.0	0.3	0.24	kg eCO2/euro	macro	purchases	ACTIVE AND PASSIVE ELECTRONIC COMPONENTS	0.3			0.15					TA01
	Matériel et instruments de laboratoire	TA02	euro	COMPOSANTS ELECTROMECANIQUES ET ACCESSOIRES DE CABLAGE	2019	0.0	0.0	0.0	0.0	0.3	0.24	kg eCO2/euro	macro	purchases	ELECTROMECHANICAL COMPONENTS AND WIRING ACCESSORIES	0.3			0.16					TA01
	Matériel et instruments de laboratoire	TA03	euro	SOUS-ENSEMBLES MECANIQUES POUR L'ELECTRONIQUE (CHASSIS, BAIES, COFFRETS,_x001A_)	2019	0.0	0.0	0.0	0.0	0.5	0.4	kg eCO2/euro	macro	purchases	MECHANICAL SUB-ASSEMBLIES FOR ELECTRONICS (CHASSIS, RACKS, CABINETS,...)	0.5			0.34					TA03
	Matériel et instruments de laboratoire	TA04	euro	CIRCUITS IMPRIMES MULTICOUCHES (PCB) STANDARDS OU A FACON	2019	0.0	0.0	0.0	0.0	0.32	0.256	kg eCO2/euro	macro	purchases	STANDARD OR CUSTOM MULTILAYER PRINTED CIRCUITS (PCB)	0.32			0.16					TA01
	Matériel et instruments de laboratoire	TA05	euro	CARTES ELECTRONIQUES (REALISATION ET CABLAGE DE)	2019	0.0	0.0	0.0	0.0	0.32	0.256	kg eCO2/euro	macro	purchases	ELECTRONIC BOARDS (PRODUCTION AND WIRING OF)	0.32			0.16					TA01
	Matériel et instruments de laboratoire	TA06	euro	COMPOSANTS ELECTRONIQUES SPECIFIQUES (ASIC) (FABRIQUES A FACON)	2019	0.0	0.0	0.0	0.0	0.29	0.232	kg eCO2/euro	macro	purchases	SPECIFIC ELECTRONIC COMPONENTS (ASIC) (CUSTOM-MADE)	0.29			0.15					TA01
	Matériel et instruments de laboratoire	TA11	euro	COMPOSANTS ELECTRONIQUES ACTIFS ET PASSIFS (APPLI. SPATIALE)	2019	0.0	0.0	0.0	0.0	0.3	0.24	kg eCO2/euro	macro	purchases	ACTIVE AND PASSIVE ELECTRONIC COMPONENTS (SPACE APPLICATIONS)	0.3			0.18					TA01
	Matériel et instruments de laboratoire	TA12	euro	COMPOSANTS ELECTROMECANIQUES ET ACCESSOIRES DE CABLAGE  (APPLI. SPATIALE)	2019	0.0	0.0	0.0	0.0	0.4	0.3200000000000001	kg eCO2/euro	macro	purchases	ELECTROMECHANICAL COMPONENTS AND WIRING ACCESSORIES (SPACE APPLICATIONS)	0.4			0.31					TA12
	Matériel et instruments de laboratoire	TA13	euro	SOUS-ENSEMBLES MECANIQUES (CHASSIS, BAIES, COFFRETS,_x001A_) (APPLI. SPATIALE)	2019	0.0	0.0	0.0	0.0	0.36	0.288	kg eCO2/euro	macro	purchases	MECHANICAL SUB-ASSEMBLIES (CHASSIS, RACKS, CABINETS, ETC.) (SPACE APPLICATIONS)	0.36			0.26					TA13
	Matériel et instruments de laboratoire	TA14	euro	CIRCUITS IMPRIMES MULTICOUCHES (PCB) STANDARDS OU A FACON  (APPLI. SPATIALE)	2019	0.0	0.0	0.0	0.0	0.3	0.24	kg eCO2/euro	macro	purchases	STANDARD OR CUSTOM MULTILAYER PRINTED CIRCUITS (PCB) (SPACE APPLICATION)	0.3			0.18					TA01
	Matériel et instruments de laboratoire	TA15	euro	CARTES ELECTRONIQUES (REALISATION ET CABLAGE DE)  (APPLI. SPATIALE)	2019	0.0	0.0	0.0	0.0	0.3	0.24	kg eCO2/euro	macro	purchases	ELECTRONIC BOARDS (PRODUCTION AND WIRING OF) (SPACE APPLICATIONS)	0.3			0.18					TA01
	Matériel et instruments de laboratoire	TA16	euro	COMPOSANTS ELECTRONIQUES SPECIFIQUES (ASIC) (A FACON)  (APPLI. SPATIALE)	2019	0.0	0.0	0.0	0.0	0.3	0.24	kg eCO2/euro	macro	purchases	SPECIFIC ELECTRONIC COMPONENTS (ASIC) (CUSTOM) (SPACE APPLICATION)	0.3			0.18					TA01
	Matériel et instruments de laboratoire	TA21	euro	MACHINES DEDIEES A L'ELECTRONIQUE (SOUDURE, PLACEMENT,_x001A_)	2019	0.0	0.0	0.0	0.0	0.62	0.496	kg eCO2/euro	macro	purchases	MACHINES DEDICATED TO ELECTRONICS (SOLDERING, PLACEMENT,...)	0.62			0.08					TA21
	Matériel et instruments de laboratoire	TA22	euro	PETITS EQUIPEMENTS ET CONSOMMABLES POUR L'ELECTRONIQUE	2019	0.0	0.0	0.0	0.0	0.27	0.216	kg eCO2/euro	macro	purchases	SMALL EQUIPMENT AND CONSUMABLES FOR ELECTRONICS	0.27			0.14					TA01
	Matériel et instruments de laboratoire	TA31	euro	SYSTEMES ELECTRONIQUES OU ELECTROMECANIQUES SPECIAUX	2019	0.0	0.0	0.0	0.0	0.33	0.264	kg eCO2/euro	macro	purchases	SPECIAL ELECTRONIC OR ELECTROMECHANICAL SYSTEMS	0.33			0.16					TA01
	Matériel et instruments de laboratoire	TB01	euro	INSTRUMENTS DE GENERATION ET TRAITEMENT DES SIGNAUX (GENERATEURS, AMPLI_x001A_)	2019	0.0	0.0	0.0	0.0	0.25	0.2	kg eCO2/euro	macro	purchases	SIGNAL GENERATION AND PROCESSING INSTRUMENTS (GENERATORS, AMPLIFIERS...)	0.25			0.15					TB05
	Matériel et instruments de laboratoire	TB02	euro	OSCILLOSCOPES, ANALYSEURS ET ACCESSOIRES (SONDES,_x001A_)	2019	0.0	0.0	0.0	0.0	0.25	0.2	kg eCO2/euro	macro	purchases	OSCILLOSCOPES, ANALYSERS AND ACCESSORIES (PROBES,...)	0.25			0.15					TB05
	Matériel et instruments de laboratoire	TB03	euro	ACQUISITION DE DONNEES (CARTES,_x001A_)	2019	0.0	0.0	0.0	0.0	0.25	0.2	kg eCO2/euro	macro	purchases	DATA ACQUISITION (CARDS,...)	0.25			0.15					TB05
	Matériel et instruments de laboratoire	TB04	euro	PETITE INSTRUMENTATION COURANTE DE TESTS ET MESURES (VOLTMETRES,_x001A_)	2019	0.0	0.0	0.0	0.0	0.25	0.2	kg eCO2/euro	macro	purchases	SMALL CURRENT INSTRUMENTATION FOR TESTS AND MEASUREMENTS (VOLTMETERS,...)	0.25			0.15					TB05
	Matériel et instruments de laboratoire	TB05	euro	INSTRUMENTATION RADIOFREQUENCES ET HYPERFREQUENCES	2019	0.0	0.0	0.0	0.0	0.25	0.2	kg eCO2/euro	macro	purchases	RADIO FREQUENCY AND MICROWAVE INSTRUMENTATION	0.25			0.15					TB05
	Matériel et instruments de laboratoire	TB11	euro	ENERGIE : MATERIEL D'ALIMENTATION (ALIM., AMPLI., ONDULEURS,_x001A_)	2019	0.0	0.0	0.0	0.0	0.46	0.368	kg eCO2/euro	macro	purchases	ENERGY : POWER SUPPLY EQUIPMENT (POWER SUPPLIES, AMPLIFIERS, INVERTERS,...)	0.46			0.14					TB11
	Matériel et instruments de laboratoire	TB12	euro	ENERGIE : PILES A L'UNITE ET ASSEMBLAGE DE PILES CLASSIQUES ET SPECIALES	2019	0.0	0.0	0.0	0.0	0.64	0.512	kg eCO2/euro	macro	purchases	ENERGY : SINGLE CELLS AND ASSEMBLIES OF CONVENTIONAL AND SPECIAL CELLS	0.64			0.27					TB13
	Matériel et instruments de laboratoire	TB13	euro	ENERGIE : PILES ET ASSEMBLAGE DE PILES RECHARGEABLES (CLASSIQUES ET SPECIALES)	2019	0.0	0.0	0.0	0.0	0.64	0.512	kg eCO2/euro	macro	purchases	ENERGY : BATTERIES AND RECHARGEABLE BATTERY ASSEMBLIES (CONVENTIONAL AND SPECIAL)	0.64			0.27					TB13
	Réparations et maintenance	TC01	euro	ELECTRONIQUE : REPARATION ET MAINTECE DES EQUIP. DE TESTS ENERGIE MESURES	2019	0.0	0.0	0.0	0.0	0.22	0.176	kg eCO2/euro	macro	purchases	ELECTRONICS : REPAIR AND MAINTENANCE OF EQUIPMENT TEST, ENERGY AND MEASUREMENT EQUIPMENT	0.22			0.15					WB11
	Réparations et maintenance	TC02	euro	MAINTECE DES SYSTEMES ELECTRONIQUES ET ELECTROMECANIQUES SPECIAUX	2019	0.0	0.0	0.0	0.0	0.22	0.176	kg eCO2/euro	macro	purchases	MAINTENANCE OF SPECIAL ELECTRONIC AND ELECTROMECHANICAL SYSTEMS	0.22			0.15					WB11
	Réparations et maintenance	TC11	euro	TEST ENERGIE MESURE : REPARATION ET MAINTECE DES EQUIPEMENTS	2019	0.0	0.0	0.0	0.0	0.22	0.176	kg eCO2/euro	macro	purchases	TEST ENERGIE MESURE : REPAIR AND MAINTENANCE OF EQUIPMENTS	0.22			0.15					WB11
	Services	TD01	euro	ELECTRONIQUE : SERVICES DE MESURES, TESTS, CARACTERISATION, CERTIFICATIONS	2019	0.0	0.0	0.0	0.0	0.2	0.16	kg eCO2/euro	macro	purchases	ELECTRONICS : MEASUREMENT, TESTING, CHARACTERISATION AND CERTIFICATION SERVICES	0.2			0.03					XC25
	Services	TD02	euro	ELECTRONIQUE : SERVICES D'ETUDES EN R&D ELECTRONIQUE	2019	0.0	0.0	0.0	0.0	0.2	0.16	kg eCO2/euro	macro	purchases	ELECTRONICS: ELECTRONIC R&D DESIGN SERVICES	0.2			0.03					XC25
	Services	TD03	euro	ELECTRONIQUE : AUTRES SERVICES SANS FOURNITURE	2019	0.0	0.0	0.0	0.0	0.2	0.16	kg eCO2/euro	macro	purchases	ELECTRONICS: OTHER SERVICES WITHOUT SUPPLY	0.2			0.03					XC25
	Services	TD11	euro	DROITS D'UTILISATION DES LOGICIELS DE CAO EN ELECTRONIQUE	2019	0.0	0.0	0.0	0.0	0.12	0.096	kg eCO2/euro	macro	purchases	RIGHTS OF USE FOR ELECTRONIC DESIGN SOFTWARE	0.12			0.05					WA15
	Services	TD12	euro	DROITS D'UTIL. DE LOGICIELS POUR LA PROGRAM. MICROCONTROLEUR	2019	0.0	0.0	0.0	0.0	0.12	0.096	kg eCO2/euro	macro	purchases	RIGHTS OF USE OF SOFTWARE FOR ELECTRONIC PROGRAMMING MICROCONTROLLER	0.12			0.05					WA15
	Services	TD13	euro	DROITS D'UTIL. DE LOGICIELS POUR LA PROGRAM. DES COMPOS. PROGRAM.	2019	0.0	0.0	0.0	0.0	0.12	0.096	kg eCO2/euro	macro	purchases	RIGHTS OF USE RIGHTS OF USE OF SOFTWARE FOR THE PROGRAMMING OF COMPONENTS COMPONENT PROGRAMMING PROGRAM.	0.12			0.05					WA15
	Services	TD14	euro	DROITS D'UTIL. DE LOGICIELS POUR LA PROGRAM. INTERFACE HOMME MACHINE	2019	0.0	0.0	0.0	0.0	0.12	0.096	kg eCO2/euro	macro	purchases	RIGHTS OF USE SOFTWARE RIGHTS FOR THE PROGRAM. HUMAN MACHINE INTERFACE	0.12			0.05					WA15
	Services	TD15	euro	DROITS D'UTIL. DES AUTRES LOGICIELS POUR L'ELECTRONIQUE	2019	0.0	0.0	0.0	0.0	0.12	0.096	kg eCO2/euro	macro	purchases	USER RIGHTS OF OTHER SOFTWARE FOR ELECTRONICS	0.12			0.05					WA15
	Réparations et maintenance	TD16	euro	MAINTECE DES LOGICIELS POUR L'ELECTRONIQUE	2019	0.0	0.0	0.0	0.0	0.12	0.096	kg eCO2/euro	macro	purchases	MAINTENANCE OF SOFTWARE FOR ELECTRONICS	0.12			0.05					WA15
	Matériel et instruments de laboratoire	UA01	euro	NAVIRES	2019	0.0	0.0	0.0	0.0	0.4	0.3200000000000001	kg eCO2/euro	macro	purchases	SHIPS	0.4			0.26					UA03
	Matériel et instruments de laboratoire	UA02	euro	EMBARCATIONS TRANSPORTABLES OU A USAGE D'ANNEXE (SEMI-RIGIDES,_x001A_)	2019	0.0	0.0	0.0	0.0	0.49	0.392	kg eCO2/euro	macro	purchases	TRANSPORTABLE BOATS OR BOATS FOR TENDER USE (SEMI-RIGID BOATS,...)	0.49			0.2					UA03
	Matériel et instruments de laboratoire	UA03	euro	PLATEFORMES, RADEAUX, BARGES A USAGE FLUVIAL	2019	0.0	0.0	0.0	0.0	0.49	0.392	kg eCO2/euro	macro	purchases	PLATFORMS, RAFTS, BARGES FOR RIVER USE	0.49			0.2					UA03
	Matériel et instruments de laboratoire	UA11	euro	MOTEURS DE BATEAU	2019	0.0	0.0	0.0	0.0	0.51	0.408	kg eCO2/euro	macro	purchases	SHIP ENGINES	0.51			0.19					UA11
	Matériel et instruments de laboratoire	UA12	euro	AUXILIAIRES DE PONT DE NAVIRE (TREUILS, GRUE, PORTIQUE_x001A_)	2019	0.0	0.0	0.0	0.0	0.4	0.3200000000000001	kg eCO2/euro	macro	purchases	SHIP DECK AUXILIARIES (WINCHES, CRANES, GANTRIES, ETC.)	0.4			0.26					UA03
	Matériel et instruments de laboratoire	UA13	euro	MATERIEL D'ACCASTILLAGE	2019	0.0	0.0	0.0	0.0	0.37	0.296	kg eCO2/euro	macro	purchases	FITTINGS EQUIPMENT	0.37			0.21					UA13
	Matériel et instruments de laboratoire	UA14	euro	EQUIPEMENTS DE SECURITE, DE SURVIE ET DE SURVEILLANCE POUR NAVIRE	2019	0.0	0.0	0.0	0.0	0.44	0.352	kg eCO2/euro	macro	purchases	SAFETY, SURVIVAL AND SURVEILLANCE EQUIPMENT FOR SHIPS	0.44			0.35					UA03
	Matériel et instruments de laboratoire	UA15	euro	MATERIEL DE NAVIGATION	2019	0.0	0.0	0.0	0.0	0.23	0.184	kg eCO2/euro	macro	purchases	NAVIGATION EQUIPMENT	0.23			0.17					UA15
	Matériel et instruments de laboratoire	UA16	euro	AUTRES EQUIPEMENTS POUR BATEAUX	2019	0.0	0.0	0.0	0.0	0.4	0.3200000000000001	kg eCO2/euro	macro	purchases	OTHER EQUIPMENT FOR SHIPS	0.4			0.26					UA03
	Consommables (Matières premières, produits chimiques/biologiques et organismes vivants)	UA21	euro	CONSOMMABLES POUR L'ENTRETIEN DES BATEAUX	2019	0.0	0.0	0.0	0.0	0.63	0.504	kg eCO2/euro	macro	purchases	CONSUMABLES FOR BOAT MAINTENANCE	0.63			0.61					UA21
	Matériel et instruments de laboratoire	UA22	euro	PIECES MECANIQUES DE RECHANGE POUR EQUIPEMENTS DE BATEAUX	2019	0.0	0.0	0.0	0.0	0.44	0.352	kg eCO2/euro	macro	purchases	SPARE MECHANICAL PARTS FOR SHIP'S EQUIPMENT	0.44			0.19					UA03
	Matériel et instruments de laboratoire	UA23	euro	PIECES HYDRAULIQUES POUR EQUIPEMENTS DE BATEAUX	2019	0.0	0.0	0.0	0.0	0.44	0.352	kg eCO2/euro	macro	purchases	HYDRAULIC PARTS FOR BOAT EQUIPMENT	0.44			0.19					UA03
	Matériel et instruments de laboratoire	UA24	euro	PIECES ELECTRIQUES / ELECTRONIQUES POUR EQUIPEMENTS DE BATEAUX	2019	0.0	0.0	0.0	0.0	0.31	0.248	kg eCO2/euro	macro	purchases	ELECTRICAL/ELECTRONIC PARTS FOR BOAT EQUIPMENT	0.31			0.08					UA24
	Réparations et maintenance	UA31	euro	TRAVAUX D'ENTRETIEN ET SERVICES POUR BATEAUX SEMI-RIGIDES	2019	0.0	0.0	0.0	0.0	0.3	0.24	kg eCO2/euro	macro	purchases	MAINTENANCE WORKS AND SERVICES FOR SEMI-RIGID BOATS	0.3			0.09					UA43
	Matériel et instruments de laboratoire	UA32	euro	TRAVAUX MECANIQUES POUR EQUIPEMENTS DE BATEAUX	2019	0.0	0.0	0.0	0.0	0.3	0.24	kg eCO2/euro	macro	purchases	MECHANICAL WORKS FOR BOAT EQUIPMENT	0.3			0.09					UA43
	Matériel et instruments de laboratoire	UA33	euro	TRAVAUX HYDRAULIQUES POUR EQUIPEMENTS DE BATEAUX	2019	0.0	0.0	0.0	0.0	0.3	0.24	kg eCO2/euro	macro	purchases	HYDRAULIC WORKS FOR BOAT EQUIPMENT	0.3			0.09					UA43
	Matériel et instruments de laboratoire	UA34	euro	TRAVAUX ELECTRIQUES POUR EQUIPEMENTS DE BATEAUX	2019	0.0	0.0	0.0	0.0	0.3	0.24	kg eCO2/euro	macro	purchases	ELECTRICAL WORKS FOR SHIP'S EQUIPMENT	0.3			0.09					UA43
	Réparations et maintenance	UA35	euro	REPARATION ET MAINTECE DU MATERIEL DE NAVIGATION ET DE COMMUNICATION	2019	0.0	0.0	0.0	0.0	0.3	0.24	kg eCO2/euro	macro	purchases	REPAIR AND MAINTENANCE OF NAVIGATION AND COMMUNICATION EQUIPMENT	0.3			0.09					UA43
	Réparations et maintenance	UA36	euro	TRAVAUX D'ENTRETIEN DES COQUES ET PONTS DE BATEAUX	2019	0.0	0.0	0.0	0.0	0.3	0.24	kg eCO2/euro	macro	purchases	MAINTENANCE WORK ON HULLS AND DECKS OF SHIPS	0.3			0.09					UA43
	Services	UA37	euro	SERVICES, TESTS ET CONTR_x001A_LES POUR CERTIFICATION	2019	0.0	0.0	0.0	0.0	0.18	0.144	kg eCO2/euro	macro	purchases	SERVICES, TESTS AND CONTROLS FOR CERTIFICATION	0.18			0.01					UA37
	Matériel et instruments de laboratoire	UA41	euro	MATERIEL DE CHAUFFAGE, VENTILATION, CLIMATISATION, SANITAIRE PR BATEAUX	2019	0.0	0.0	0.0	0.0	0.73	0.584	kg eCO2/euro	macro	purchases	HEATING, VENTILATION, AIR CONDITIONING AND SANITARY EQUIPMENT FOR SHIPS	0.73			0.1					UA41
	Matériel et instruments de laboratoire	UA42	euro	MOBILIER ET AUTRES EQUIPEMENTS D'AMENAGEMENT DES BATEAUX	2019	0.0	0.0	0.0	0.0	0.67	0.536	kg eCO2/euro	macro	purchases	FURNITURE AND OTHER EQUIPMENT FOR BOAT FITTING OUT	0.67			0.22					UA42
	Matériel et instruments de laboratoire	UA43	euro	TRAVAUX D'AMENAGEMENT DES BATEAUX	2019	0.0	0.0	0.0	0.0	0.3	0.24	kg eCO2/euro	macro	purchases	BOAT FITTING OUT WORKS	0.3			0.09					UA43
	Matériel et instruments de laboratoire	UA51	euro	MATERIELS DE PRELEVEMENT	2019	0.0	0.0	0.0	0.0	0.41	0.328	kg eCO2/euro	macro	purchases	SAMPLING EQUIPMENT	0.41			0.22					UA51
	Matériel et instruments de laboratoire	UA52	euro	MATERIELS DE PLONGEE SOUS-MARINE	2019	0.0	0.0	0.0	0.0	0.72	0.576	kg eCO2/euro	macro	purchases	SCUBA DIVING EQUIPMENT	0.72			0.08					UA52
	Réparations et maintenance	UA53	euro	MAINTECE DES MATERIELS DE PLONGEE SOUS-MARINE	2019	0.0	0.0	0.0	0.0	0.21	0.168	kg eCO2/euro	macro	purchases	MAINTENANCE OF SCUBA DIVING EQUIPMENT	0.21			0.16					UG43
	Matériel et instruments de laboratoire	UB01	euro	DRONES MARINS	2019	0.0	0.0	0.0	0.0	0.53	0.424	kg eCO2/euro	macro	purchases	MARINE DRONES	0.53			0.2					UB02
	Matériel et instruments de laboratoire	UB02	euro	FLOTTEURS MARINS	2019	0.0	0.0	0.0	0.0	0.53	0.424	kg eCO2/euro	macro	purchases	MARINE FLOATS	0.53			0.2					UB02
	Matériel et instruments de laboratoire	UB11	euro	PIECES MECANIQUES POUR VEHICULES MARINS AUTONOMES	2019	0.0	0.0	0.0	0.0	0.51	0.408	kg eCO2/euro	macro	purchases	MECHANICAL PARTS FOR AUTONOMOUS MARINE VEHICLES	0.51			0.19					UB12
	Matériel et instruments de laboratoire	UB12	euro	PIECES HYDRAULIQUES POUR VEHICULES MARINS AUTONOMES	2019	0.0	0.0	0.0	0.0	0.51	0.408	kg eCO2/euro	macro	purchases	HYDRAULIC PARTS FOR AUTONOMOUS MARINE VEHICLES	0.51			0.19					UB12
	Matériel et instruments de laboratoire	UB13	euro	PIECES ELECTRONIQUES POUR VEHICULES MARINS AUTONOMES	2019	0.0	0.0	0.0	0.0	0.27	0.216	kg eCO2/euro	macro	purchases	ELECTRONIC PARTS FOR AUTONOMOUS MARINE VEHICLES	0.27			0.14					TA01
	Matériel et instruments de laboratoire	UB21	euro	TRAVAUX SUR ELEMENTS MECANIQUES DE VEHICULES MARINS AUTONOMES (M.O)	2019	0.0	0.0	0.0	0.0	0.24	0.192	kg eCO2/euro	macro	purchases	WORK ON MECHANICAL PARTS OF AUTONOMOUS MARINE VEHICLES (M.O.)	0.24			0.13					UB22
	Matériel et instruments de laboratoire	UB22	euro	TRAVAUX SUR ELEMENTS HYDRAULIQUES DE VEHICULES MARINS AUTONOMES (M.O)	2019	0.0	0.0	0.0	0.0	0.24	0.192	kg eCO2/euro	macro	purchases	WORK ON HYDRAULIC COMPONENTS OF AUTONOMOUS MARINE VEHICLES (O.M.)	0.24			0.13					UB22
	Matériel et instruments de laboratoire	UB23	euro	TRAVAUX ELECTRIQUES SUR VEHICULES MARINS AUTONOMES (M.O)	2019	0.0	0.0	0.0	0.0	0.21	0.168	kg eCO2/euro	macro	purchases	ELECTRICAL WORK ON AUTONOMOUS MARINE VEHICLES (O.M.)	0.21			0.16					UG43
	Matériel et instruments de laboratoire	UC01	euro	EQUIPEMENTS SOURCES DE LA CHAINE D_x001A_ACQUISITION SISMIQUE	2019	0.0	0.0	0.0	0.0	0.24	0.192	kg eCO2/euro	macro	purchases	SOURCE EQUIPMENT OF THE SEISMIC ACQUISITION CHAIN	0.24			0.16					UG22
	Matériel et instruments de laboratoire	UC02	euro	EQUIPEMENTS DE RECEPTION _x001A_ET TRAITEMENT DE LA CHAINE D_x001A_ACQUISITION SISMIQUE	2019	0.0	0.0	0.0	0.0	0.24	0.192	kg eCO2/euro	macro	purchases	RECEPTION AND PROCESSING EQUIPMENT OF THE SEISMIC ACQUISITION CHAIN	0.24			0.16					UG22
	Matériel et instruments de laboratoire	UC03	euro	MATERIEL ASSOCIE A LA CHAINE D_x001A_ACQUISITION SISMIQUE	2019	0.0	0.0	0.0	0.0	0.24	0.192	kg eCO2/euro	macro	purchases	EQUIPMENT ASSOCIATED WITH THE SEISMIC ACQUISITION CHAIN	0.24			0.16					UG22
	Matériel et instruments de laboratoire	UC11	euro	THERMOSALINOGRAPHES	2019	0.0	0.0	0.0	0.0	0.24	0.192	kg eCO2/euro	macro	purchases	THERMOSALINOGRAPHS	0.24			0.16					UG22
	Matériel et instruments de laboratoire	UC12	euro	CAPTEURS CTD (CONDUCTIVTY TEMPERATURE DEPTH)	2019	0.0	0.0	0.0	0.0	0.24	0.192	kg eCO2/euro	macro	purchases	CTD SENSORS (CONDUCTIVITY TEMPERATURE DEPTH)	0.24			0.16					UG22
	Matériel et instruments de laboratoire	UC13	euro	CAPTEURS ACOUSTIQUES (ADCP, HYDROPHONE,_x001A_)	2019	0.0	0.0	0.0	0.0	0.24	0.192	kg eCO2/euro	macro	purchases	ACOUSTIC SENSORS (ADCP, HYDROPHONE,...)	0.24			0.16					UG22
	Matériel et instruments de laboratoire	UC14	euro	INSTRUMENTATION OPTIQUE (CAPTEURS, FLUORIMETRES,_x001A_)	2019	0.0	0.0	0.0	0.0	0.24	0.192	kg eCO2/euro	macro	purchases	OPTICAL INSTRUMENTATION (SENSORS, FLUOROMETERS,...)	0.24			0.16					UG22
	Matériel et instruments de laboratoire	UC15	euro	OCEANOGRAPHIE : AUTRES CAPTEURS	2019	0.0	0.0	0.0	0.0	0.24	0.192	kg eCO2/euro	macro	purchases	OCEANOGRAPHY: OTHER SENSORS	0.24			0.16					UG22
	Matériel et instruments de laboratoire	UC21	euro	OCEANOGRAPHIE : INSTRUMENTATION  THERMIQUE	2019	0.0	0.0	0.0	0.0	0.24	0.192	kg eCO2/euro	macro	purchases	OCEANOGRAPHY: THERMAL INSTRUMENTATION	0.24			0.16					UG22
	Matériel et instruments de laboratoire	UC22	euro	OCEANOGRAPHIE : EQUIPEMENTS ELECTROCHIMIQUES	2019	0.0	0.0	0.0	0.0	0.24	0.192	kg eCO2/euro	macro	purchases	OCEANOGRAPHY: ELECTROCHEMICAL EQUIPMENT	0.24			0.16					UG22
	Matériel et instruments de laboratoire	UC23	euro	OCEANOGRAPHIE : INSTRUMENTATION ELECTROMAGNETIQUE	2019	0.0	0.0	0.0	0.0	0.24	0.192	kg eCO2/euro	macro	purchases	OCEANOGRAPHY: ELECTROMAGNETIC INSTRUMENTATION	0.24			0.16					UG22
	Matériel et instruments de laboratoire	UC24	euro	OCEANOGRAPHIE : POISSONS INSTRUMENTES	2019	0.0	0.0	0.0	0.0	0.34	0.272	kg eCO2/euro	macro	purchases	OCEANOGRAPHY: INSTRUMENTED FISH	0.34			0.32					UC24
	Matériel et instruments de laboratoire	UC25	euro	OCEANOGRAPHIE : AUTRES INSTRUMENTS SCIENTIFIQUES EMBARQUES	2019	0.0	0.0	0.0	0.0	0.24	0.192	kg eCO2/euro	macro	purchases	OCEANOGRAPHY: OTHER ON-BOARD SCIENTIFIC INSTRUMENTS	0.24			0.16					UG22
	Consommables (Matières premières, produits chimiques/biologiques et organismes vivants)	UC31	euro	FLUIDES ET CONSOMMABLES POUR EQUIPEMENTS SCIENTIFIQUES EMBARQUES	2019	0.0	0.0	0.0	0.0	1.4	1.12	kg eCO2/euro	macro	purchases	FLUIDS AND CONSUMABLES FOR SCIENTIFIC EQUIPMENT ON BOARD	1.4			1.3					UC31
	Réparations et maintenance	UC32	euro	PIECES MECANIQUES DE RECHANGE POUR LA SISMIQUE	2019	0.0	0.0	0.0	0.0	0.49	0.392	kg eCO2/euro	macro	purchases	SPARE MECHANICAL PARTS FOR SEISMIC	0.49			0.14					UC33
	Réparations et maintenance	UC33	euro	PIECES MECANIQUES DE RECHANGE POUR AUTRES EQUIPEMENTS SCIENTIFIQUES EMBARQUES	2019	0.0	0.0	0.0	0.0	0.49	0.392	kg eCO2/euro	macro	purchases	SPARE MECHANICAL PARTS FOR OTHER ON-BOARD SCIENTIFIC EQUIPMENT	0.49			0.14					UC33
	Réparations et maintenance	UC34	euro	COMPOSANTS ELECTRONIQUES DE RECHANGE POUR LA SISMIQUE	2019	0.0	0.0	0.0	0.0	0.27	0.216	kg eCO2/euro	macro	purchases	SPARE ELECTRONIC COMPONENTS FOR SEISMIC	0.27			0.14					TA01
	Réparations et maintenance	UC35	euro	PIECES ELECTRONIQUES DE RECHANGE POUR AUTRES EQUIPEMENTS SCIENTIFIQUES EMBARQUES	2019	0.0	0.0	0.0	0.0	0.29	0.232	kg eCO2/euro	macro	purchases	SPARE ELECTRONIC PARTS FOR OTHER ON-BOARD SCIENTIFIC EQUIPMENT	0.29			0.15					TA01
	Réparations et maintenance	UC36	euro	PIECES INFORMATIQUES DE RECHANGE POUR EQUIPEMENTS SCIENTIFIQUES EMBARQUES	2019	0.0	0.0	0.0	0.0	0.43	0.344	kg eCO2/euro	macro	purchases	SPARE COMPUTER PARTS FOR ON-BOARD SCIENTIFIC EQUIPMENT	0.43			0.1					UC36
	Réparations et maintenance	UC41	euro	REPARATION ET MAINTECE SUR LA SISMIQUE	2019	0.0	0.0	0.0	0.0	0.22	0.176	kg eCO2/euro	macro	purchases	REPAIR AND MAINTENANCE OF SEISMIC EQUIPMENT	0.22			0.15					WB11
	Réparations et maintenance	UC42	euro	R_x001A_PARATION ET MAINTECE SUR LES AUTRES EQUIPEMENTS SCIENTIFIQUES EMBARQUES	2019	0.0	0.0	0.0	0.0	0.22	0.176	kg eCO2/euro	macro	purchases	REPAIR AND MAINTENANCE OF OTHER ON-BOARD SCIENTIFIC EQUIPMENT	0.22			0.15					WB11
	Matériel et instruments de laboratoire	UD01	euro	VEHICULES TERRESTRES SPECIFIQUES	2019	0.0	0.0	0.0	0.0	0.57	0.456	kg eCO2/euro	macro	purchases	SPECIFIC LAND VEHICLES	0.57			0.18					UD01
	Matériel et instruments de laboratoire	UD11	euro	EQUIPEMENTS POUR VEHICULES TERRESTRES SPECIFIQUES	2019	0.0	0.0	0.0	0.0	0.58	0.464	kg eCO2/euro	macro	purchases	SPECIFIC LAND VEHICLE EQUIPMENT	0.58			0.16					UD01
	Consommables (Matières premières, produits chimiques/biologiques et organismes vivants)	UD21	euro	VEHICULES TERRESTRES SPECIFIQUES : CONSOMMABLES	2019	0.0	0.0	0.0	0.0	0.56	0.4480000000000001	kg eCO2/euro	macro	purchases	SPECIAL LAND VEHICLES : CONSUMABLES	0.56			0.14					UD01
	Matériel et instruments de laboratoire	UD22	euro	VEHICULES TERRESTRES SPECIFIQUES : PIECES MECANIQUES ET ELECTRONIQUES	2019	0.0	0.0	0.0	0.0	0.58	0.464	kg eCO2/euro	macro	purchases	SPECIAL LAND VEHICLES : MECHANICAL AND ELECTRONIC PARTS	0.58			0.16					UD01
	Matériel et instruments de laboratoire	UD23	euro	VEHICULES TERRESTRES SPECIFIQUES : TRAVAUX MECANIQUES, ELECTRIQUES, HYDRAULIQUES	2019	0.0	0.0	0.0	0.0	0.26	0.208	kg eCO2/euro	macro	purchases	SPECIAL LAND VEHICLES : MECHANICAL, ELECTRICAL AND HYDRAULIC WORK	0.26			0.11					UD23
	Matériel et instruments de laboratoire	UE01	euro	CARROTAGE : CARROTIERS A MOTEURS ET ACCESSOIRES	2019	0.0	0.0	0.0	0.0	0.49	0.392	kg eCO2/euro	macro	purchases	CORE DRILLING : MOTORIZED CORE DRILLS AND ACCESSORIES	0.49			0.19					UE02
	Matériel et instruments de laboratoire	UE02	euro	FORAGE : FOREUSES ET ACCESSOIRES	2019	0.0	0.0	0.0	0.0	0.49	0.392	kg eCO2/euro	macro	purchases	DRILLING : DRILLING MACHINES AND ACCESSORIES	0.49			0.19					UE02
	Consommables (Matières premières, produits chimiques/biologiques et organismes vivants)	UE11	euro	CAROTTAGE : CONSOMMABLES ET PIECES DE RECHANGE POUR CAROTTIERS	2019	0.0	0.0	0.0	0.0	0.45	0.36	kg eCO2/euro	macro	purchases	CORE DRILLING: CONSUMABLES AND SPARE PARTS FOR CORE DRILLS	0.45			0.13					UE12
	Consommables (Matières premières, produits chimiques/biologiques et organismes vivants)	UE12	euro	FORAGE : CONSOMMABLES ET PIECES DE RECHANGE POUR FOREUSES	2019	0.0	0.0	0.0	0.0	0.45	0.36	kg eCO2/euro	macro	purchases	DRILLING: CONSUMABLES AND SPARE PARTS FOR CORE DRILLS	0.45			0.13					UE12
	Matériel et instruments de laboratoire	UE21	euro	TRAVAUX MECANIQUES, ELECTRIQUES ET ENTRETIEN DU MATERIEL DE CAROTTAGE	2019	0.0	0.0	0.0	0.0	0.24	0.192	kg eCO2/euro	macro	purchases	MECHANICAL, ELECTRICAL AND MAINTENANCE WORK ON CORE DRILLING EQUIPMENT	0.24			0.13					UF43
	Matériel et instruments de laboratoire	UE22	euro	TRAVAUX MECANIQUES, ELECTRIQUES ET HYDRAULIQUES DU MATERIEL DE FORAGE	2019	0.0	0.0	0.0	0.0	0.24	0.192	kg eCO2/euro	macro	purchases	MECHANICAL, ELECTRICAL AND HYDRAULIC WORK ON DRILLING EQUIPMENT	0.24			0.13					UF43
	Matériel et instruments de laboratoire	UF01	euro	AVIONS ET HELICOPTERES	2019	0.0	0.0	0.0	0.0	0.37	0.296	kg eCO2/euro	macro	purchases	AIRCRAFT AND HELICOPTERS	0.37			0.3					UF02
	Matériel et instruments de laboratoire	UF02	euro	EQUIPEMENTS D'AVIONS ET D'HELICOPTERES	2019	0.0	0.0	0.0	0.0	0.42	0.336	kg eCO2/euro	macro	purchases	AIRCRAFT AND HELICOPTER EQUIPMENT	0.42			0.31					UF02
	Matériel et instruments de laboratoire	UF03	euro	DRONES AERIENS ET ASSIMILES	2019	0.0	0.0	0.0	0.0	0.37	0.296	kg eCO2/euro	macro	purchases	UNMANNED AERIAL VEHICLES AND THE LIKE	0.37			0.3					UF02
	Matériel et instruments de laboratoire	UF04	euro	AERONEFS ET BALLONS SOLAIRES	2019	0.0	0.0	0.0	0.0	0.37	0.296	kg eCO2/euro	macro	purchases	AIRCRAFT AND SOLAR BALLOONS	0.37			0.3					UF02
	Matériel et instruments de laboratoire	UF11	euro	MATERIEL POUR L'AMENAGEMENT DES VEHICULES AERIENS	2019	0.0	0.0	0.0	0.0	0.4	0.3200000000000001	kg eCO2/euro	macro	purchases	EQUIPMENT FOR FITTING OUT AIR VEHICLES	0.4			0.3					UF31
	Matériel et instruments de laboratoire	UF21	euro	EQUIPEMENTS TECHNIQUES ET DE NAVIGATION POUR VEHICULES AERIENS	2019	0.0	0.0	0.0	0.0	0.23	0.184	kg eCO2/euro	macro	purchases	TECHNICAL AND NAVIGATIONAL EQUIPMENT FOR AIR VEHICLES	0.23			0.17					UF21
	Consommables (Matières premières, produits chimiques/biologiques et organismes vivants)	UF31	euro	CONSOMMABLES POUR LE FONCTIONNEMENT ET L'ENTRETIEN DES VEHICULES AERIENS	2019	0.0	0.0	0.0	0.0	0.4	0.3200000000000001	kg eCO2/euro	macro	purchases	CONSUMABLES FOR OPERATION AND MAINTENANCE OF AIR VEHICLES	0.4			0.3					UF31
	Matériel et instruments de laboratoire	UF32	euro	PIECES DE RECHANGE POUR MOTEURS ET AUTRES EQUIPEMENTS DE VEHICULES AERIENS	2019	0.0	0.0	0.0	0.0	0.33	0.264	kg eCO2/euro	macro	purchases	SPARE PARTS FOR ENGINES AND OTHER AIR VEHICLE EQUIPMENT	0.33			0.29					UF32
	Réparations et maintenance	UF41	euro	REPARATION ET MAINTECE DES MOTEURS D'AVION	2019	0.0	0.0	0.0	0.0	0.24	0.192	kg eCO2/euro	macro	purchases	REPAIR AND MAINTENANCE OF AIRCRAFT ENGINES	0.24			0.13					UF43
	Réparations et maintenance	UF42	euro	REPARATION ET MAINTECE DES AVIONS (HORS MOTEURS)	2019	0.0	0.0	0.0	0.0	0.24	0.192	kg eCO2/euro	macro	purchases	REPAIR AND MAINTENANCE OF AIRCRAFT (EXCEPT ENGINES)	0.24			0.13					UF43
	Réparations et maintenance	UF43	euro	REPARATION ET MAINTECE DES AUTRES VEHICULES AERIENS	2019	0.0	0.0	0.0	0.0	0.24	0.192	kg eCO2/euro	macro	purchases	REPAIR AND MAINTENANCE OF OTHER AIRCRAFT	0.24			0.13					UF43
	Matériel et instruments de laboratoire	UG01	euro	METEOROLOGIE : EQUIPEMENTS DE METEOROLOGIE	2019	0.0	0.0	0.0	0.0	0.24	0.192	kg eCO2/euro	macro	purchases	METEOROLOGY: METEOROLOGICAL EQUIPMENT	0.24			0.16					UG22
	Matériel et instruments de laboratoire	UG02	euro	METEOROLOGIE : RADIOMETRES (PROFILEURS RADIOMETRIQUES MICROONDES,_x001A_)	2019	0.0	0.0	0.0	0.0	0.24	0.192	kg eCO2/euro	macro	purchases	METEOROLOGY : RADIOMETERS (MICROWAVE RADIOMETRIC PROFILERS,...)	0.24			0.16					UG22
	Matériel et instruments de laboratoire	UG03	euro	METEOROLOGIE : RADARS (RADARS PROFILEURS VHF,_x001A_)	2019	0.0	0.0	0.0	0.0	0.24	0.192	kg eCO2/euro	macro	purchases	METEOROLOGY : RADARS (VHF PROFILER RADARS,...)	0.24			0.16					UG22
	Matériel et instruments de laboratoire	UG04	euro	METEOROLOGIE : LIDARS	2019	0.0	0.0	0.0	0.0	0.24	0.192	kg eCO2/euro	macro	purchases	METEOROLOGY : LIDARS	0.24			0.16					UG22
	Matériel et instruments de laboratoire	UG11	euro	GEOPHYSIQUE : MATERIEL DE MESURE DES VIBRATIONS	2019	0.0	0.0	0.0	0.0	0.24	0.192	kg eCO2/euro	macro	purchases	GEOPHYSICS : VIBRATION MEASUREMENT EQUIPMENT	0.24			0.16					UG22
	Matériel et instruments de laboratoire	UG12	euro	GEOPHYSIQUE : MATERIEL DE MESURE DE POSITION ET MESURE GEODESIQUE	2019	0.0	0.0	0.0	0.0	0.24	0.192	kg eCO2/euro	macro	purchases	GEOPHYSICS : POSITION MEASUREMENT AND GEODETIC MEASUREMENT EQUIPMENT	0.24			0.16					UG22
	Matériel et instruments de laboratoire	UG13	euro	GEOPHYSIQUE : INSTRUMENTS DE TOPOGRAPHIE ET DE MESURE DES DISTANCES	2019	0.0	0.0	0.0	0.0	0.24	0.192	kg eCO2/euro	macro	purchases	GEOPHYSICS: SURVEYING AND DISTANCE MEASURING INSTRUMENTS	0.24			0.16					UG22
	Matériel et instruments de laboratoire	UG14	euro	GEOPHYSIQUE : MAGNETOMETRES	2019	0.0	0.0	0.0	0.0	0.24	0.192	kg eCO2/euro	macro	purchases	GEOPHYSICS : MAGNETOMETERS	0.24			0.16					UG22
	Matériel et instruments de laboratoire	UG15	euro	GEOPHYSIQUE : CAPTEURS (HORS OCEANOGRAPHIE)	2019	0.0	0.0	0.0	0.0	0.24	0.192	kg eCO2/euro	macro	purchases	GEOPHYSICS: SENSORS (EXCEPT OCEANOGRAPHY)	0.24			0.16					UG22
	Matériel et instruments de laboratoire	UG16	euro	GROUPES ELECTROGENES POUR ACTIVITES SCIENTIFIQUES	2019	0.0	0.0	0.0	0.0	0.48	0.384	kg eCO2/euro	macro	purchases	POWER GENERATORS FOR SCIENTIFIC ACTIVITIES	0.48			0.19					UG16
	Matériel et instruments de laboratoire	UG21	euro	APPAREILLAGE DE SIMULATION POUR APPLICATIONS SPATIALES	2019	0.0	0.0	0.0	0.0	0.24	0.192	kg eCO2/euro	macro	purchases	SIMULATION EQUIPMENT FOR SPACE APPLICATIONS	0.24			0.16					UG22
	Matériel et instruments de laboratoire	UG22	euro	AUTRE MATERIEL SCIENTIFIQUE D'ASTROPHYSIQUE	2019	0.0	0.0	0.0	0.0	0.24	0.192	kg eCO2/euro	macro	purchases	OTHER SCIENTIFIC ASTROPHYSICAL EQUIPMENT	0.24			0.16					UG22
	Consommables (Matières premières, produits chimiques/biologiques et organismes vivants)	UG31	euro	CONSOMMABLES ET PIECES DE RECHANGE POUR MATERIEL DE METEOROLOGIE	2019	0.0	0.0	0.0	0.0	0.31	0.248	kg eCO2/euro	macro	purchases	CONSUMABLES AND SPARE PARTS FOR METEOROLOGICAL EQUIPMENT	0.31			0.2					UG33
	Consommables (Matières premières, produits chimiques/biologiques et organismes vivants)	UG32	euro	CONSOMMABLES ET PIECES DE RECHANGE POUR AUTRE MATERIEL DE GEOPHYSIQUE	2019	0.0	0.0	0.0	0.0	0.31	0.248	kg eCO2/euro	macro	purchases	CONSUMABLES AND SPARE PARTS FOR OTHER GEOPHYSICAL EQUIPMENT	0.31			0.2					UG33
	Consommables (Matières premières, produits chimiques/biologiques et organismes vivants)	UG33	euro	CONSOMMABLES ET PIECES DE RECHANGE POUR MATERIEL D'ASTROPHYSIQUE	2019	0.0	0.0	0.0	0.0	0.31	0.248	kg eCO2/euro	macro	purchases	CONSUMABLES AND SPARE PARTS FOR ASTROPHYSICS EQUIPMENT	0.31			0.2					UG33
	Réparations et maintenance	UG41	euro	TRAVAUX MECANIQUES, ELECTRIQUES ET D'ENTRETIEN SUR MATERIEL DE METEOROLOGIE	2019	0.0	0.0	0.0	0.0	0.21	0.168	kg eCO2/euro	macro	purchases	MECHANICAL, ELECTRICAL AND MAINTENANCE WORK ON METEOROLOGICAL EQUIPMENT	0.21			0.16					UG43
	Réparations et maintenance	UG42	euro	TRAVAUX MECAN., ELECTR. ET D'ENTRETIEN SUR AUTRE MATERIEL DE GEOPHYSIQUE	2019	0.0	0.0	0.0	0.0	0.21	0.168	kg eCO2/euro	macro	purchases	MECHANICAL, ELECTRICAL AND MAINTENANCE WORK ON AND MAINTENANCE WORK ON OTHER GEOPHYSICAL EQUIPMENT	0.21			0.16					UG43
	Réparations et maintenance	UG43	euro	TRAVAUX MECANIQUES, ELECTRIQUES ET D'ENTRETIEN SUR MATERIEL D'ASTROPHYSIQUE	2019	0.0	0.0	0.0	0.0	0.21	0.168	kg eCO2/euro	macro	purchases	MECHANICAL, ELECTRICAL AND MAINTENANCE WORK ON ASTROPHYSICAL EQUIPMENT	0.21			0.16					UG43
	Services	UH01	euro	SERVICE D'ACQUISITION DE DONNEES METEOROLOGIQUES ET CLIMATOLOGIQUES	2019	0.0	0.0	0.0	0.0	0.23	0.184	kg eCO2/euro	macro	purchases	METEOROLOGICAL AND CLIMATOLOGICAL DATA ACQUISITION SERVICES	0.23			0.02					UH04
	Services	UH02	euro	SERVICES D'AQUISITION DE DONNEES DE POLLUTION	2019	0.0	0.0	0.0	0.0	0.23	0.184	kg eCO2/euro	macro	purchases	POLLUTION DATA ACQUISITION SERVICES	0.23			0.02					UH04
	Services	UH03	euro	SERVICES D'IMAGERIE SATELLITAIRES	2019	0.0	0.0	0.0	0.0	0.23	0.184	kg eCO2/euro	macro	purchases	SATELLITE IMAGING SERVICES	0.23			0.02					UH04
	Services	UH04	euro	SERVICES DE MESURES LIDAR	2019	0.0	0.0	0.0	0.0	0.23	0.184	kg eCO2/euro	macro	purchases	LIDAR MEASUREMENT SERVICES	0.23			0.02					UH04
	Services	UH11	euro	SERVICES D'ETABLISSEMENT DE CARTES ET DE PHOTOINTERPRETATION	2019	0.0	0.0	0.0	0.0	0.2	0.16	kg eCO2/euro	macro	purchases	MAPPING AND PHOTOINTERPRETATION SERVICES	0.2			0.03					XC25
	Services	UH12	euro	TRAVAUX DE FORAGE	2019	0.0	0.0	0.0	0.0	0.58	0.464	kg eCO2/euro	macro	purchases	DRILLING WORKS	0.58			0.19					UH12
	Services	UH14	euro	SERVICES DE CONSEIL ET ASSISTANCE POUR OPERATIONS EN MER	2019	0.0	0.0	0.0	0.0	0.1	0.08000000000000002	kg eCO2/euro	macro	purchases	CONSULTANCY AND ASSISTANCE SERVICES FOR OFFSHORE OPERATIONS	0.1			0.02					UH14
	Services	UH15	euro	AUTRES SERVICES SPECIALISES EN GEOPHYSIQUE	2019	0.0	0.0	0.0	0.0	0.23	0.184	kg eCO2/euro	macro	purchases	OTHER SPECIALISED GEOPHYSICAL SERVICES	0.23			0.02					XD41
	Matériel et instruments de laboratoire	UI01	euro	ARCHEOLOGIE : FOURNITURES POUR FOUILLES ARCHEOLOGIQUES	2019	0.0	0.0	0.0	0.0	0.53	0.424	kg eCO2/euro	macro	purchases	ARCHAEOLOGY: SUPPLIES FOR ARCHAEOLOGICAL EXCAVATIONS	0.53			0.12					UI01
	Services	UI11	euro	ARCHEOLOGIE : PRESTATIONS SERVICES SUR CHANTIER DE FOUILLES (TERRASSEMENT_x001A_)	2019	0.0	0.0	0.0	0.0	0.5	0.4	kg eCO2/euro	macro	purchases	ARCHAEOLOGY: SERVICES ON EXCAVATION SITES (EARTHWORKS...)	0.5			0.19					UI11
	Matériel et instruments de laboratoire	VA01	euro	VIDE PRIMAIRE : POMPES (A MEMBRANES, PALETTES, PISTONS, ROOTS,_x001A_)	2019	0.0	0.0	0.0	0.0	0.44	0.352	kg eCO2/euro	macro	purchases	PRIMARY VACUUM: PUMPS (DIAPHRAGM, VANE, PISTON, ROOTS,...)	0.44			0.23					VA02
	Matériel et instruments de laboratoire	VA02	euro	VIDE SECONDAIRE ET ULTRAVIDE : POMPES (TURBOMOLECULAIRES,_x001A_)	2019	0.0	0.0	0.0	0.0	0.44	0.352	kg eCO2/euro	macro	purchases	SECONDARY VACUUM AND ULTRA-HIGH VACUUM : PUMPS (TURBOMOLECULAR,...)	0.44			0.23					VA02
	Consommables (Matières premières, produits chimiques/biologiques et organismes vivants)	VA03	euro	VIDE ET ULTRAVIDE : CONSOMMABLES ET PIECES DETACHEES POUR POMPES	2019	0.0	0.0	0.0	0.0	0.4	0.3200000000000001	kg eCO2/euro	macro	purchases	VACUUM AND ULTRA-HIGH VACUUM : CONSUMABLES AND SPARE PARTS FOR PUMPS	0.4			0.18					VA03
	Matériel et instruments de laboratoire	VA11	euro	VIDE ET ULTRAVIDE : ENCEINTES ET BATIS POUR LE VIDE ET L'ULTRAVIDE	2019	0.0	0.0	0.0	0.0	0.52	0.416	kg eCO2/euro	macro	purchases	VACUUM AND ULTRA-HIGH VACUUM : VACUUM AND ULTRA-HIGH VACUUM CHAMBERS AND FRAMES	0.52			0.28					VA11
	Matériel et instruments de laboratoire	VA12	euro	VIDE ET ULTRAVIDE : COMPOSANTS POUR ENCEINTES (VANNES, RACCORDS, HUBLOTS_x001A_)	2019	0.0	0.0	0.0	0.0	0.48	0.384	kg eCO2/euro	macro	purchases	VACUUM AND ULTRA-HIGH VACUUM : COMPONENTS FOR ENCLOSURES (VALVES, FITTINGS, SIGHT GLASSES...)	0.48			0.24					VA15
	Matériel et instruments de laboratoire	VA13	euro	VIDE ET ULTRAVIDE : MANIPULATEURS UHV ET ACCESSOIRES	2019	0.0	0.0	0.0	0.0	0.48	0.384	kg eCO2/euro	macro	purchases	VACUUM AND ULTRA-HIGH VACUUM : VACUUM AND ULTRA-HIGH VACUUM MANIPULATORS AND ACCESSORIES	0.48			0.24					VA15
	Matériel et instruments de laboratoire	VA14	euro	VIDE ET ULTRAVIDE : ELEMENTS CHAUFFANTS POUR LE VIDE	2019	0.0	0.0	0.0	0.0	0.51	0.408	kg eCO2/euro	macro	purchases	VACUUM AND ULTRA-HIGH VACUUM : VACUUM HEATING ELEMENTS	0.51			0.27					VA14
	Matériel et instruments de laboratoire	VA15	euro	VIDE ET ULTRAVIDE : AUTRES EQUIPEMENTS D'ENCEINTES A VIDE	2019	0.0	0.0	0.0	0.0	0.48	0.384	kg eCO2/euro	macro	purchases	VACUUM AND ULTRA-HIGH VACUUM : OTHER VACUUM CHAMBER EQUIPMENT	0.48			0.24					VA15
	Matériel et instruments de laboratoire	VA21	euro	VIDE ET ULTRAVIDE : INSTRUMENTATION DE MESURE DU VIDE (JAUGES, VACUOMETRES,_x001A_)	2019	0.0	0.0	0.0	0.0	0.26	0.208	kg eCO2/euro	macro	purchases	VACUUM AND ULTRA-HIGH VACUUM : VACUUM MEASUREMENT INSTRUMENTATION (GAUGES, VACUUM GAUGES,...)	0.26			0.17					VA23
	Matériel et instruments de laboratoire	VA22	euro	VIDE ET ULTRAVIDE : DEBITMETRES - REGULATEURS DE DEBIT	2019	0.0	0.0	0.0	0.0	0.26	0.208	kg eCO2/euro	macro	purchases	VACUUM AND ULTRA-HIGH VACUUM : FLOWMETERS - FLOW REGULATORS	0.26			0.17					VA23
	Matériel et instruments de laboratoire	VA23	euro	VIDE ET ULTRAVIDE : ANALYSEURS DES GAZ RESIDUELS (RGA) ET DETECTEURS DE FUITE	2019	0.0	0.0	0.0	0.0	0.26	0.208	kg eCO2/euro	macro	purchases	VACUUM AND ULTRA-HIGH VACUUM : RESIDUAL GAS ANALYSERS (RGA) AND LEAK DETECTORS	0.26			0.17					VA23
	Matériel et instruments de laboratoire	VB01	euro	TECHNIQUES SOUS VIDE : MACHINES DE DEPOT ET DE GRAVURE	2019	0.0	0.0	0.0	0.0	0.39	0.3120000000000001	kg eCO2/euro	macro	purchases	VACUUM TECHNOLOGY : DEPOSITION AND ETCHING MACHINES	0.39			0.29					VB06
	Matériel et instruments de laboratoire	VB02	euro	TECHNIQUES SOUS VIDE : EVAPORATEURS SOUS VIDE	2019	0.0	0.0	0.0	0.0	0.39	0.3120000000000001	kg eCO2/euro	macro	purchases	VACUUM TECHNOLOGY : VACUUM EVAPORATORS	0.39			0.29					VB06
	Matériel et instruments de laboratoire	VB03	euro	TECHNIQUES SOUS VIDE : SYST_x001A_MES D'IONISATION A FAISCEAU D'IONS FOCALISES (FIB)	2019	0.0	0.0	0.0	0.0	0.29	0.232	kg eCO2/euro	macro	purchases	VACUUM TECHNOLOGY : FOCUSED ION BEAM IONISATION SYSTEMS (FIB)	0.29			0.14					VB05
	Matériel et instruments de laboratoire	VB04	euro	TECHNIQUES SOUS VIDE : MICROBALANCES	2019	0.0	0.0	0.0	0.0	0.29	0.232	kg eCO2/euro	macro	purchases	VACUUM TECHNOLOGY : MICROBALANCES	0.29			0.14					VB05
	Matériel et instruments de laboratoire	VB05	euro	TECHNIQUES SOUS VIDE : CELLULES D'EFFUSION	2019	0.0	0.0	0.0	0.0	0.29	0.232	kg eCO2/euro	macro	purchases	VACUUM TECHNOLOGY : EFFUSION CELLS	0.29			0.14					VB05
	Matériel et instruments de laboratoire	VB06	euro	TECHNIQUES SOUS VIDE : AUTRE MATERIEL (APPAREILS DE PREPARATION DE SURFACE,_x001A_)	2019	0.0	0.0	0.0	0.0	0.39	0.3120000000000001	kg eCO2/euro	macro	purchases	VACUUM TECHNOLOGY : OTHER EQUIPMENT (SURFACE PREPARATION EQUIPMENT,...)	0.39			0.29					VB06
	Réparations et maintenance	VC01	euro	REPARATION ET MAINTECE DES POMPES A VIDE ET ULTRAVIDE	2019	0.0	0.0	0.0	0.0	0.22	0.176	kg eCO2/euro	macro	purchases	REPAIR AND MAINTENANCE OF VACUUM AND ULTRA-HIGH VACUUM PUMPS	0.22			0.15					WB11
	Réparations et maintenance	VC02	euro	REPARATION ET MAINTECE DU MATERIEL DE MESURE ET CONTR_x001A_LE DU VIDE	2019	0.0	0.0	0.0	0.0	0.22	0.176	kg eCO2/euro	macro	purchases	REPAIR AND MAINTENANCE OF VACUUM MEASURING AND CONTROL EQUIPMENT	0.22			0.15					WB11
	Réparations et maintenance	VC11	euro	REPARATION ET MAINTECE DES EQUIPEMENTS DE DEPOT ET GRAVURE	2019	0.0	0.0	0.0	0.0	0.22	0.176	kg eCO2/euro	macro	purchases	REPAIR AND MAINTENANCE OF DEPOSITING AND ETCHING EQUIPMENT	0.22			0.15					WB11
	Consommables (Matières premières, produits chimiques/biologiques et organismes vivants)	WA01	euro	NANOTECHNOLOGIES - MICROELECTRONIQUE : MATERIAUX SEMI-CONDUCTEURS	2019	0.0	0.0	0.0	0.0	0.99	0.792	kg eCO2/euro	macro	purchases	NANOTECHNOLOGIES - MICROELECTRONICS: SEMICONDUCTOR MATERIALS	0.99			0.71					WA02
	Consommables (Matières premières, produits chimiques/biologiques et organismes vivants)	WA02	euro	NANOTECHNOLOGIES - MICROELECTRONIQUE : AUTRES SUBSTRATS	2019	0.0	0.0	0.0	0.0	0.99	0.792	kg eCO2/euro	macro	purchases	NANOTECHNOLOGIES - MICROELECTRONICS: OTHER SUBSTRATES	0.99			0.71					WA02
	Consommables (Matières premières, produits chimiques/biologiques et organismes vivants)	WA03	euro	NE PLUS UTILISER - UTILISER NA.23	2019	0.0	0.0	0.0	0.0	1.3	1.04	kg eCO2/euro	macro	purchases	NO LONGER IN USE - USE NA.23	1.3			0.6					WA03
	Consommables (Matières premières, produits chimiques/biologiques et organismes vivants)	WA04	euro	NANOTECHNOLOGIES - MICROELECTRONIQUE : CONSOMMABLES (RESINES,_x001A_)	2019	0.0	0.0	0.0	0.0	1.3	1.04	kg eCO2/euro	macro	purchases	NANOTECHNOLOGIES - MICROELECTRONICS: CONSUMABLES (RESINS,...)	1.3			0.5					WA04
	Matériel et instruments de laboratoire	WA11	euro	NANOTECHNOLOGIES - MICROELECTRONIQUE : MATERIEL POUR PHOTOLITHOGRAPHIE	2019	0.0	0.0	0.0	0.0	0.32	0.256	kg eCO2/euro	macro	purchases	NANOTECHNOLOGIES - MICROELECTRONICS: PHOTOLITHOGRAPHY EQUIPMENT	0.32			0.11					WA23
	Matériel et instruments de laboratoire	WA12	euro	NANOTECHNOLOGIES - MICROELEC : MATERIEL DE LITHOGRAPHIE LASER ACCESSOIRES	2019	0.0	0.0	0.0	0.0	0.32	0.256	kg eCO2/euro	macro	purchases	NANOTECHNOLOGIES - MICROELECTRONICS: LASER LITHOGRAPHY EQUIPMENT AND ACCESSORIES	0.32			0.11					WA23
	Consommables (Matières premières, produits chimiques/biologiques et organismes vivants)	WA13	euro	NANOTECHNOLOGIES - MICROELEC : CONSOMMABLES POUR EQUIPEMENT DE LITHOGRAPHIE	2019	0.0	0.0	0.0	0.0	0.49	0.392	kg eCO2/euro	macro	purchases	NANOTECHNOLOGIES - MICROELEC: CONSUMABLES FOR LITHOGRAPHY EQUIPMENT	0.49			0.38					WA13
	Matériel et instruments de laboratoire	WA14	euro	NANOTECHNOLOGIES - MICROELEC : MATERIEL DE LITHOGRAPHIE ELECTRONIQUE ET ACCES.	2019	0.0	0.0	0.0	0.0	0.32	0.256	kg eCO2/euro	macro	purchases	NANOTECHNOLOGIES - MICROELEC: ELECTRONIC LITHOGRAPHY EQUIPMENT AND ACCESSORIES	0.32			0.11					WA23
	Matériel et instruments de laboratoire	WA15	euro	NANOTECHNOLOGIES - MICROELEC : LOGICIELS DE LITHOGRAPHIE ELECTRONIQUE	2019	0.0	0.0	0.0	0.0	0.12	0.096	kg eCO2/euro	macro	purchases	NANOTECHNOLOGIES - MICROELEC: ELECTRONIC LITHOGRAPHY SOFTWARE	0.12			0.05					WA15
	Matériel et instruments de laboratoire	WA21	euro	NANOTECHNOLOGIES - MICROELEC. : MATERIEL POUR LE DEPOT (HORS VIDE)	2019	0.0	0.0	0.0	0.0	0.37	0.296	kg eCO2/euro	macro	purchases	NANOTECHNOLOGIES - MICROELEC. NANOTECHNOLOGIES - MICROELECTRONICS: DEPOSITING EQUIPMENT (EXCLUDING VACUUM)	0.37			0.13					WA23
	Matériel et instruments de laboratoire	WA22	euro	NANOTECHNOLOGIES - MICROELEC. : MATERIEL D'IMPLANTATION IONIQUE	2019	0.0	0.0	0.0	0.0	0.37	0.296	kg eCO2/euro	macro	purchases	NANOTECHNOLOGIES - MICROELEC. ION IMPLANTATION EQUIPMENT	0.37			0.13					WA23
	Matériel et instruments de laboratoire	WA23	euro	NANOTECHNOLOGIES - MICROELEC. : MATERIEL DE SERIGRAPHIE / IMPRESSION	2019	0.0	0.0	0.0	0.0	0.37	0.296	kg eCO2/euro	macro	purchases	NANOTECHNOLOGIES - MICROELEC. NANOTECHNOLOGIES - MICROELECTRONICS: SCREEN PRINTING EQUIPMENT	0.37			0.13					WA23
	Matériel et instruments de laboratoire	WA24	euro	NANOTECHNOLOGIES - MICRO-ELECTRONIQUE : FOURS SPECIAUX	2019	0.0	0.0	0.0	0.0	0.42	0.336	kg eCO2/euro	macro	purchases	NANOTECHNOLOGIES - MICROELECTRONICS: SPECIAL OVENS	0.42			0.2					WA24
	Matériel et instruments de laboratoire	WA25	euro	MICRO-ELECTRONIQUE : AUTRES MACHINES DEDIEES (MICROSOUDURE, BONDING, TEST,_x001A_)	2019	0.0	0.0	0.0	0.0	0.42	0.336	kg eCO2/euro	macro	purchases	MICROELECTRONICS: OTHER DEDICATED MACHINES (MICRO-WELDING, BONDING, TESTING,...)	0.42			0.21					WA25
	Réparations et maintenance	WB01	euro	REPARATION ET MAINTECE DES EQUIPEMENTS DE LITHOGRAPHIE	2019	0.0	0.0	0.0	0.0	0.22	0.176	kg eCO2/euro	macro	purchases	REPAIR AND MAINTENANCE OF LITHOGRAPHY EQUIPMENT	0.22			0.15					WB11
	Réparations et maintenance	WB11	euro	REPARATION ET MAINTECE DES AUTRES EQUIPEMENTS PR MICRO-ELECTRONIQUE	2019	0.0	0.0	0.0	0.0	0.22	0.176	kg eCO2/euro	macro	purchases	REPAIR AND MAINTENANCE OF OTHER EQUIPMENT FOR MICROELECTRONICS	0.22			0.15					WB11
	Services	WC01	euro	NANOTECHNOLOGIES - MICRO-ELECTRONIQUE : SERVICES SPECIALISES	2019	0.0	0.0	0.0	0.0	0.23	0.184	kg eCO2/euro	macro	purchases	NANOTECHNOLOGIES - MICROELECTRONICS: SPECIALISED SERVICES	0.23			0.02					XD41
	Transport / Hébergement	XA01	euro	REMBOURSEMENT FRAIS DE MISSIONS EN FRANCE METROPOLITAINE Personnels	2019	0.0	0.0	0.0	0.0	0.31	0.248	kg eCO2/euro	macro	purchases	REIMBURSEMENT OF MISSION EXPENSES IN METROPOLITAN FRANCE Staff	0.31			0.06					XA04
	Transport / Hébergement	XA02	euro	REMBOURSEMENT FRAIS DE MISSIONS A L'ETRANGER Personnels	2019	0.0	0.0	0.0	0.0	0.31	0.248	kg eCO2/euro	macro	purchases	REIMBURSEMENT OF MISSION EXPENSES ABROAD Staff	0.31			0.06					XA04
	Transport / Hébergement	XA03	euro	SUBVENTIONS FRAIS DE RECHERCHE SUR LE TERRAIN Personnels	2019	0.0	0.0	0.0	0.0	0.31	0.248	kg eCO2/euro	macro	purchases	SUBSIDIES FOR FIELD RESEARCH Staff	0.31			0.06					XA04
	Transport / Hébergement	XA04	euro	AUTRES REMBOURSEMENTS DE FRAIS DE MISSIONS Personnels	2019	0.0	0.0	0.0	0.0	0.31	0.248	kg eCO2/euro	macro	purchases	OTHER REIMBURSEMENT OF MISSION EXPENSES Staff	0.31			0.06					XA04
	Transport / Hébergement	XA11	euro	REMBOURSEMENT FRAIS DE MISSIONS EN FRANCE METROPOLITAINE Etudiants	2019	0.0	0.0	0.0	0.0	0.31	0.248	kg eCO2/euro	macro	purchases	REIMBURSEMENT OF MISSION EXPENSES IN METROPOLITAN FRANCE Students	0.31			0.06					XA04
	Transport / Hébergement	XA12	euro	REMBOURSEMENT FRAIS DE MISSIONS A L'ETRANGER Etudiants	2019	0.0	0.0	0.0	0.0	0.31	0.248	kg eCO2/euro	macro	purchases	REIMBURSEMENT OF MISSION EXPENSES ABROAD Students	0.31			0.06					XA04
	Transport / Hébergement	XA13	euro	AUTRES REMBOURSEMENTS DE FRAIS DE MISSIONS Etudiants	2019	0.0	0.0	0.0	0.0	0.31	0.248	kg eCO2/euro	macro	purchases	OTHER REIMBURSEMENT OF MISSION EXPENSES Students	0.31			0.06					XA04
	Transport / Hébergement	XA14	euro	FRAIS DE MISSIONS DE RECHERCHE SUR LE TERRAIN Etudiants	2019	0.0	0.0	0.0	0.0	0.31	0.248	kg eCO2/euro	macro	purchases	FIELD RESEARCH MISSION EXPENSES Students	0.31			0.06					XA04
	Transport / Hébergement	XA21	euro	REMBOURSEMENT FRAIS DE MISSIONS FRANCE METROPOLITAINE Personnalit_x001A_s ext_x001A_rieures	2019	0.0	0.0	0.0	0.0	0.31	0.248	kg eCO2/euro	macro	purchases	REIMBURSEMENT OF MISSION EXPENSES FRANCE METROPOLITAN External personalities	0.31			0.06					XA04
	Transport / Hébergement	XA22	euro	REMBOURSEMENT FRAIS DE MISSIONS A L'ETRANGER  Personnalit_x001A_s ext_x001A_rieures	2019	0.0	0.0	0.0	0.0	0.31	0.248	kg eCO2/euro	macro	purchases	REIMBURSEMENT OF MISSION EXPENSES ABROAD External personalities	0.31			0.06					XA04
	Transport / Hébergement	XA23	euro	AUTRES REMBOURSEMENTS FRAIS DE MISSIONS  Personnalit_x001A_s ext_x001A_rieures	2019	0.0	0.0	0.0	0.0	0.31	0.248	kg eCO2/euro	macro	purchases	OTHER REIMBURSEMENTS MISSION EXPENSES External personalities	0.31			0.06					XA04
	Transport / Hébergement	XA24	euro	FRAIS DE MISSIONS DE RECHERCHE SUR LE TERRAIN  Personnalit_x001A_s ext_x001A_rieures	2019	0.0	0.0	0.0	0.0	0.31	0.248	kg eCO2/euro	macro	purchases	EXPENSES OF FIELD RESEARCH MISSIONS External personalities	0.31			0.06					XA04
	Transport / Hébergement	XA31	euro	REMBOURSEMENTS DE DEPENSES REALISEES PAR CARTES AFFAIRES	2019	0.0	0.0	0.0	0.0	0.31	0.248	kg eCO2/euro	macro	purchases	REIMBURSEMENT OF EXPENSES INCURRED BY BUSINESS CARDS	0.31			0.06					XA04
	Transport / Hébergement	XA41	euro	INDEMNITES FORFAITAIRES DE CHANGEMENT DE RESIDENCE	2019	0.0	0.0	0.0	0.0	0.68	0.544	kg eCO2/euro	macro	purchases	LUMP SUM CHANGE OF RESIDENCE ALLOWANCES	0.68			0.83					XA41
	Services	XB01	euro	TAXE SUR LES SALAIRES	2019	0.0	0.0	0.0	0.0	0.0	0.0	kg eCO2/euro	macro	purchases	PAYROLL TAX	0.0			0.0					XF09
	Services	XB02	euro	TAXE D'APPRENTISSAGE	2019	0.0	0.0	0.0	0.0	0.0	0.0	kg eCO2/euro	macro	purchases	APPRENTICESHIP TAX	0.0			0.0					XF09
	Services	XB03	euro	VERSEMENTS DE TRANSPORT PERSONNEL PERMANENT	2019	0.0	0.0	0.0	0.0	0.0	0.0	kg eCO2/euro	macro	purchases	TRANSPORT PAYMENTS PERMANENT STAFF	0.0			0.0					XF09
	Services	XB04	euro	VERSEMENTS DE TRANSPORT REMUNERATIONS DIVERSES	2019	0.0	0.0	0.0	0.0	0.0	0.0	kg eCO2/euro	macro	purchases	TRANSPORT PAYMENTS MISCELLANEOUS REMUNERATIONS	0.0			0.0					XF09
	Services	XB05	euro	COTISATIONS FNAL PERSONNEL PERMANENT	2019	0.0	0.0	0.0	0.0	0.0	0.0	kg eCO2/euro	macro	purchases	FNAL CONTRIBUTIONS PERMANENT STAFF	0.0			0.0					XF09
	Services	XB06	euro	COTISATIONS FNAL REMUNERATIONS DIVERSES	2019	0.0	0.0	0.0	0.0	0.0	0.0	kg eCO2/euro	macro	purchases	FNAL CONTRIBUTIONS MISCELLANEOUS REMUNERATIONS	0.0			0.0					XF09
	Services	XB07	euro	AUTRES IMPOTS ET TAXES SUR REMUNERATIONS	2019	0.0	0.0	0.0	0.0	0.0	0.0	kg eCO2/euro	macro	purchases	OTHER TAXES ON REMUNERATION	0.0			0.0					XF09
	Services	XB08	euro	AUTRES CHARGES DE PERSONNEL REDEVANCES A L_x001A_OMI	2019	0.0	0.0	0.0	0.0	0.0	0.0	kg eCO2/euro	macro	purchases	OTHER PERSONNEL COSTS ROYALTIES TO THE IMO	0.0			0.0					XF09
	Services	XB09	euro	TAXE PERCUE PAR LES ORGANISMES PUBLICS INTERNATIONAUX	2019	0.0	0.0	0.0	0.0	0.0	0.0	kg eCO2/euro	macro	purchases	TAX COLLECTED BY INTERNATIONAL PUBLIC BODIES	0.0			0.0					XF09
	Services	XB11	euro	ACCUEILS, ECHANGES TITULAIRES ACCUEILLIS EN DELEGATIONS	2019	0.0	0.0	0.0	0.0	0.0	0.0	kg eCO2/euro	macro	purchases	HOSTING, EXCHANGES OF PERMANENT STAFF HOSTED BY DELEGATIONS	0.0			0.0					XF09
	Services	XB12	euro	ACCUEILS CHAIRES D'EXCELLENCE CNRS-UNIVERSITES	2019	0.0	0.0	0.0	0.0	0.0	0.0	kg eCO2/euro	macro	purchases	HOSTING OF CNRS-UNIVERSITIES CHAIRS OF EXCELLENCE	0.0			0.0					XF09
	Services	XB13	euro	COTISATIONS URSSAF SUR REMUNERATIONS DIVERSES	2019	0.0	0.0	0.0	0.0	0.0	0.0	kg eCO2/euro	macro	purchases	URSSAF CONTRIBUTIONS ON VARIOUS REMUNERATIONS	0.0			0.0					XF09
	Services	XB14	euro	CHARGES DENSEIGNEMENT VACATAIRES	2019	0.0	0.0	0.0	0.0	0.0	0.0	kg eCO2/euro	macro	purchases	TEACHING EXPENSES FOR TEMPORARY STAFF	0.0			0.0					XF09
	Services	XB15	euro	ALLOC.POUR PERTE D'EMPLOI -REMUNERATIONS DIVERSES	2019	0.0	0.0	0.0	0.0	0.0	0.0	kg eCO2/euro	macro	purchases	ALLOWANCES FOR LOSS OF EMPLOYMENT - VARIOUS REMUNERATIONS	0.0			0.0					XF09
	Services	XB16	euro	INDEMN DE PREAVIS ET DE LICENCIEMENT-  REMUNERATIONS DIVERSES	2019	0.0	0.0	0.0	0.0	0.0	0.0	kg eCO2/euro	macro	purchases	INDEMNITY FOR NOTICE AND DISMISSAL - VARIOUS REMUNERATIONS	0.0			0.0					XF09
	Services	XB17	euro	PERSONNEL INTERIMAIRE, DETACHE OU PRETE	2019	0.0	0.0	0.0	0.0	0.0	0.0	kg eCO2/euro	macro	purchases	INTERIM, SECONDED OR LOANED PERSONNEL	0.0			0.0					XF09
	Services	XB18	euro	AVANTAGES FAMILIAUX REMUNERATION DIVERSES  (HORS FRANCE)	2019	0.0	0.0	0.0	0.0	0.0	0.0	kg eCO2/euro	macro	purchases	FAMILY BENEFITS MISCELLANEOUS REMUNERATION (OUTSIDE FRANCE)	0.0			0.0					XF09
	Services	XB19	euro	AUTRES REMUNERATIONS DIVERSES	2019	0.0	0.0	0.0	0.0	0.0	0.0	kg eCO2/euro	macro	purchases	OTHER MISCELLANEOUS REMUNERATION	0.0			0.0					XF09
	Services	XB21	euro	NE PLUS UTILISER - UTILISER EC.41	2019	0.0	0.0	0.0	0.0	0.15	0.12	kg eCO2/euro	macro	purchases	NO LONGER IN USE - USE EC.41	0.15			0.03					XB21
	Services	XB22	euro	MEDECINE STATUTAIRE - VISITES D'EMBAUCHE	2019	0.0	0.0	0.0	0.0	0.11	0.08800000000000001	kg eCO2/euro	macro	purchases	STATUTORY MEDICINE - PRE-RECRUITMENT VISITS	0.11			0.01					XB24
	Services	XB23	euro	MEDECINE DU TRAVAIL: FRAIS MEDICAUX LIES AUX DEPARTS A L'ETRANGER	2019	0.0	0.0	0.0	0.0	0.11	0.08800000000000001	kg eCO2/euro	macro	purchases	OCCUPATIONAL MEDICINE: MEDICAL EXPENSES RELATED TO DEPARTURES ABROAD	0.11			0.01					XB24
	Services	XB24	euro	MEDECINE DU TRAVAIL: AUTRES FRAIS MEDICAUX	2019	0.0	0.0	0.0	0.0	0.11	0.08800000000000001	kg eCO2/euro	macro	purchases	OCCUPATIONAL MEDICINE: OTHER MEDICAL EXPENSES	0.11			0.01					XB24
	Services	XB31	euro	OEUVRES SOCIALES AIDES EXCEPTIONNELLES	2019	0.0	0.0	0.0	0.0	0.15	0.12	kg eCO2/euro	macro	purchases	SOCIAL WORKS - EXCEPTIONAL AID	0.15			0.08					XB31
	Services	XB32	euro	DEPENSES SOCIALES DIVERSES	2019	0.0	0.0	0.0	0.0	0.15	0.12	kg eCO2/euro	macro	purchases	MISCELLANEOUS SOCIAL EXPENDITURE	0.15			0.08					XB34
	Services	XB33	euro	SUBVENTIONS CAES	2019	0.0	0.0	0.0	0.0	0.15	0.12	kg eCO2/euro	macro	purchases	CAES GRANTS	0.15			0.08					XB34
	Services	XB34	euro	SUBVENTIONS POUR AUTRES OEUVRES SOCIALES	2019	0.0	0.0	0.0	0.0	0.15	0.12	kg eCO2/euro	macro	purchases	GRANTS FOR OTHER SOCIAL WORKS	0.15			0.08					XB34
	Services	XB35	euro	RESTAURATION SOCIALE : SUBVENTIONS ORGANISMES, ET RESTAURANTS INTER-ENTREPRISES	2019	0.0	0.0	0.0	0.0	0.12	0.096	kg eCO2/euro	macro	purchases	SOCIAL CATERING: SUBSIDIES FOR ORGANISATIONS AND INTER-COMPANY RESTAURANTS	0.12			0.12					XB35
	Services	XB36	euro	PR_x001A_T A MOBILITE	2019	0.0	0.0	0.0	0.0	0.0	0.0	kg eCO2/euro	macro	purchases	MOBILITY LOAN	0.0			0.0					XF09
	Services	XB41	euro	FACTURATION PAYE A FACON	2019	0.0	0.0	0.0	0.0	0.0	0.0	kg eCO2/euro	macro	purchases	INVOICING FOR CUSTOMARY PAYMENTS	0.0			0.0					XF09
	Services	XC01	euro	FRAIS D'INSCRIPTION A DES COLLOQUES NON ORGANISES PAR L'ETABLISSEMENT	2019	0.0	0.0	0.0	0.0	0.19	0.152	kg eCO2/euro	macro	purchases	REGISTRATION FEES FOR CONFERENCES NOT ORGANISED BY THE INSTITUTION	0.19			0.08					XC01
	Services	XC02	euro	COTISATIONS ASSOCIATIONS / CONCOURS DIVERS	2019	0.0	0.0	0.0	0.0	0.19	0.152	kg eCO2/euro	macro	purchases	MEMBERSHIP FEES FOR ASSOCIATIONS / VARIOUS COMPETITIONS	0.19			0.08					XC03
	Services	XC03	euro	NE PLUS UTILISER - UTILISER XC.02	2019	0.0	0.0	0.0	0.0	0.19	0.152	kg eCO2/euro	macro	purchases	NO LONGER USE - USE XC.02	0.19			0.08					XC03
	Services	XC11	euro	NE PLUS UTILISER	2019	0.0	0.0	0.0	0.0	0.22	0.176	kg eCO2/euro	macro	purchases	NO LONGER TO BE USED	0.22			0.05					XC17
	Services	XC12	euro	FRAIS DE PUBLICATION D'ANNONCES DE RECRUTEMENT	2019	0.0	0.0	0.0	0.0	0.18	0.144	kg eCO2/euro	macro	purchases	PUBLICATION COSTS OF RECRUITMENT ADVERTISEMENTS	0.18			0.01					XC12
	Services	XC13	euro	AUTRES FRAIS DE PUBLICATION (BOAMP,_x001A_)	2019	0.0	0.0	0.0	0.0	0.22	0.176	kg eCO2/euro	macro	purchases	OTHER PUBLICATION COSTS (BOAMP,...)	0.22			0.05					XC17
	Services	XC14	euro	FRAIS POUR PUBLICATION EN ACCES OUVERT D_x001A_UN ARTICLE SCIENTIFIQUE (ARTICLE PROCESSING CHARGE)	2019	0.0	0.0	0.0	0.0	0.02	0.016	kg eCO2/euro	meso	purchases	CHARGES FOR OPEN ACCESS PUBLICATION OF A SCIENTIFIC ARTICLE (ARTICLE PROCESSING CHARGE)	0.22	0.02		0.02			MXC14	Wiley	XC17
	Services	XC15	euro	FRAIS DE PUBLICATION MONOGRAPHIE	2019	0.0	0.0	0.0	0.0	0.22	0.176	kg eCO2/euro	macro	purchases	MONOGRAPH PUBLICATION FEE	0.22			0.05					XC17
	Services	XC16	euro	FRAIS DE LIBERATION DE PUBLICATION SCIENTIFIQUES POUR DIFFUSION EN ACCES OUVERT	2019	0.0	0.0	0.0	0.0	0.22	0.176	kg eCO2/euro	macro	purchases	SCIENTIFIC PUBLICATION RELEASE FEE FOR OPEN ACCESS	0.22			0.05					XC17
	Services	XC17	euro	FRAIS DE PUBLICATIONS SCIENTIFIQUES POUR SERVICES (SOUMISSION, AIDE A LA PUBLICATION D_x001A_OUVRAGE, FIGURES ET PAGES SUPPLEMENTAIRES	2019	0.0	0.0	0.0	0.0	0.22	0.176	kg eCO2/euro	macro	purchases	SCIENTIFIC PUBLICATION CHARGES FOR SERVICES (SUBMISSION, ASSISTANCE WITH BOOK PUBLICATION, FIGURES AND ADDITIONAL PAGES)	0.22			0.05					XC17
	Services	XC21	euro	SUBV. OU PARTICIP. VERSEES DS LE CADRE DE CONTRATS ET PROG. DE RECH. ET DE DEV.	2019	0.0	0.0	0.0	0.0	0.23	0.184	kg eCO2/euro	macro	purchases	SUBSIDIES OR PARTICIPATION PAID IN THE FRAMEWORK OF RESEARCH AND DEVELOPMENT CONTRACTS AND PROGRAMMES RESEARCH AND DEVELOPMENT CONTRACTS AND PROGRAMMES	0.23			0.02					XD41
	Services	XC22	euro	SUBVENTIONS OU PARTICIPATIONS VERSEES DANS LE CADRE DE CONVENTIONS DE MIXITE	2019	0.0	0.0	0.0	0.0	0.23	0.184	kg eCO2/euro	macro	purchases	GRANTS OR CONTRIBUTIONS PAID IN THE FRAMEWORK OF MIXED USE AGREEMENTS	0.23			0.02					XD41
	Services	XC23	euro	MANDAT DE GESTION	2019	0.0	0.0	0.0	0.0	0.19	0.152	kg eCO2/euro	macro	purchases	MANAGEMENT MANDATE	0.19			0.05					XC23
	Services	XC24	euro	DELEGATION GLOBALE DE GESTION - FONCTIONNEMENT ET INVESTISSEMENT COURANT	2019	0.0	0.0	0.0	0.0	0.2	0.16	kg eCO2/euro	macro	purchases	GLOBAL MANAGEMENT DELEGATION - CURRENT OPERATION AND INVESTMENT	0.2			0.03					XC25
	Services	XC25	euro	DELEGATION GLOBALE DE GESTION - INVESTISSEMENT NON COURANT	2019	0.0	0.0	0.0	0.0	0.2	0.16	kg eCO2/euro	macro	purchases	GLOBAL MANAGEMENT DELEGATION - NON-CURRENT INVESTMENT	0.2			0.03					XC25
	Services	XC26	euro	SOUTIEN AUX REUNIONS ET COLLOQUES	2019	0.0	0.0	0.0	0.0	0.21	0.168	kg eCO2/euro	macro	purchases	SUPPORT FOR MEETINGS AND CONFERENCES	0.21			0.01					XC25
	Services	XC27	euro	AUTRES SUBVENTIONS OU PARTICIPATIONS VERSEES A D'AUTRES ORGANISMES	2019	0.0	0.0	0.0	0.0	0.23	0.184	kg eCO2/euro	macro	purchases	OTHER GRANTS OR CONTRIBUTIONS PAID TO OTHER BODIES	0.23			0.02					XD41
	Services	XC31	euro	SERVICES DE PRETS D'OUVRAGES ENTRE ETABLISSEMENTS	2019	0.0	0.0	0.0	0.0	0.14	0.112	kg eCO2/euro	macro	purchases	LOAN OF WORKS BETWEEN INSTITUTIONS	0.14			0.06					XC31
	Services	XC32	euro	ACCES AUX EQUIPEMENTS SCIENTIFIQUES D'AUTRES ETABLISSEMENTS	2019	0.0	0.0	0.0	0.0	0.23	0.184	kg eCO2/euro	macro	purchases	ACCESS TO SCIENTIFIC EQUIPMENT OF OTHER INSTITUTIONS	0.23			0.02					XD41
	Services	XD01	euro	BAUX ET LOYERS	2019	0.0	0.0	0.0	0.0	0.22	0.176	kg eCO2/euro	macro	purchases	LEASES AND RENTS	0.22			0.23					XD03
	Services	XD02	euro	CHARGES LOCATIVES ET DE COPROPRIETE	2019	0.0	0.0	0.0	0.0	0.22	0.176	kg eCO2/euro	macro	purchases	RENTAL AND CONDOMINIUM CHARGES	0.22			0.23					XD03
	Services	XD03	euro	LOCATION DE TERRAIN NU	2019	0.0	0.0	0.0	0.0	0.22	0.176	kg eCO2/euro	macro	purchases	RENTAL OF BARE LAND	0.22			0.23					XD03
	Services	XD04	euro	PPP LOYER COMPOSANTE INVESTISSEMENT	2019	0.0	0.0	0.0	0.0	0.05	0.04000000000000001	kg eCO2/euro	macro	purchases	PPP RENT INVESTMENT COMPONENT	0.05			0.04					XD06
	Services	XD05	euro	PPP LOYER COMPOSANTE FICEMENT	2019	0.0	0.0	0.0	0.0	0.05	0.04000000000000001	kg eCO2/euro	macro	purchases	PPP RENT, FINANCIAL COMPONENT	0.05			0.04					XD06
	Services	XD06	euro	PPP LOYER COMPOSANTE FONCTIONNEMENT	2019	0.0	0.0	0.0	0.0	0.05	0.04000000000000001	kg eCO2/euro	macro	purchases	PPP RENT OPERATING COMPONENT	0.05			0.04					XD06
	Services	XD11	euro	TAXE FONCIERE	2019	0.0	0.0	0.0	0.0	0.0	0.0	kg eCO2/euro	macro	purchases	PROPERTY TAX	0.0			0.0					XF09
	Services	XD12	euro	IMPOTS DIRECTS AUTRES IMPOTS LOCAUX	2019	0.0	0.0	0.0	0.0	0.0	0.0	kg eCO2/euro	macro	purchases	DIRECT TAXES OTHER LOCAL TAXES	0.0			0.0					XF09
	Services	XD13	euro	IMPOTS DIRECTS TAXE SUR LES BUREAUX DE LA REGION IDF(ART. 231 TER DU CGI)	2019	0.0	0.0	0.0	0.0	0.0	0.0	kg eCO2/euro	macro	purchases	DIRECT TAXES TAX ON OFFICES IN THE ILE DE FRANCE REGION (ART. 231 TER OF THE CGI)	0.0			0.0					XF09
	Services	XD14	euro	IMPOTS DIRECTS TAXE SUR LE CHIFFRE D'AFFAIRE NON RECUPERABLES	2019	0.0	0.0	0.0	0.0	0.0	0.0	kg eCO2/euro	macro	purchases	DIRECT TAXES NON-RECOVERABLE TURNOVER TAX	0.0			0.0					XF09
	Services	XD15	euro	IMPOTS INDIRECTS	2019	0.0	0.0	0.0	0.0	0.0	0.0	kg eCO2/euro	macro	purchases	INDIRECT TAXES	0.0			0.0					XF09
	Services	XD16	euro	DROITS DE MUTATION	2019	0.0	0.0	0.0	0.0	0.0	0.0	kg eCO2/euro	macro	purchases	TRANSFER DUTIES	0.0			0.0					XF09
	Services	XD17	euro	TAXE DIFFERENTIELLE SUR LES VEHICULES A MOTEUR	2019	0.0	0.0	0.0	0.0	0.0	0.0	kg eCO2/euro	macro	purchases	DIFFERENTIAL TAX ON MOTOR VEHICLES	0.0			0.0					XF09
	Services	XD18	euro	AUTRES DROITS - ADMINISTRATION DES IMPOTS	2019	0.0	0.0	0.0	0.0	0.0	0.0	kg eCO2/euro	macro	purchases	OTHER DUTIES - TAX ADMINISTRATION	0.0			0.0					XF09
	Services	XD19	euro	AUTRES DROITS ET TAXES	2019	0.0	0.0	0.0	0.0	0.0	0.0	kg eCO2/euro	macro	purchases	OTHER DUTIES AND TAXES	0.0			0.0					XF09
	Services	XD21	euro	PENALITES SUR MARCHES ET DESDITS PAYES SUR ACHATS ET VENTES	2019	0.0	0.0	0.0	0.0	0.0	0.0	kg eCO2/euro	macro	purchases	PENALTIES ON CONTRACTS AND OTHER PAYMENTS ON PURCHASES AND SALES	0.0			0.0					XF09
	Services	XD22	euro	PENALITES, AMENDES FISCALES OU PENALES	2019	0.0	0.0	0.0	0.0	0.0	0.0	kg eCO2/euro	macro	purchases	PENALTIES, TAX OR CRIMINAL FINES	0.0			0.0					XF09
	Services	XD23	euro	NE PLUS UTILISER	2019	0.0	0.0	0.0	0.0	0.0	0.0	kg eCO2/euro	macro	purchases	NO LONGER IN USE	0.0			0.0					XF09
	Services	XD24	euro	DEFICITS, DEBETS ADMIS EN DECHARGE OU REMISE GRACIEUSE	2019	0.0	0.0	0.0	0.0	0.0	0.0	kg eCO2/euro	macro	purchases	DEFICITS, DEBTS DISCHARGED OR FORGIVEN	0.0			0.0					XF09
	Services	XD25	euro	AUTRES CHARGES EXCEPTIONNELLES	2019	0.0	0.0	0.0	0.0	0.0	0.0	kg eCO2/euro	macro	purchases	OTHER EXTRAORDINARY EXPENSES	0.0			0.0					XF09
	Services	XD26	euro	AVANCES DE L'ETAT ET DES COLLECTIVITES PUBLIQUES	2019	0.0	0.0	0.0	0.0	0.0	0.0	kg eCO2/euro	macro	purchases	ADVANCES FROM THE STATE AND PUBLIC AUTHORITIES	0.0			0.0					XF09
	Services	XD27	euro	COTISATION FIPHFP	2019	0.0	0.0	0.0	0.0	0.0	0.0	kg eCO2/euro	macro	purchases	FIPHFP CONTRIBUTION	0.0			0.0					XF09
	Services	XD31	euro	BOURSES ET FRAIS ANNEXES	2019	0.0	0.0	0.0	0.0	0.0	0.0	kg eCO2/euro	macro	purchases	SCHOLARSHIPS AND RELATED EXPENSES	0.0			0.0					XF09
	Services	XD32	euro	GRATIFICATIONS (STAGE)	2019	0.0	0.0	0.0	0.0	0.0	0.0	kg eCO2/euro	macro	purchases	BONUSES (INTERNSHIP)	0.0			0.0					XF09
	Services	XD33	euro	REMBOURSEMENTS DE FRAIS AVANCES PAR LES ETUDIANTS	2019	0.0	0.0	0.0	0.0	0.31	0.248	kg eCO2/euro	macro	purchases	REIMBURSEMENT OF EXPENSES ADVANCED BY STUDENTS	0.31			0.06					XA04
	Services	XD34	euro	AIDES ET SOUTIENS DIVERS ACCORDES AUX ETUDIANTS (PRISE EN CHARGE INSCRIPTION,_x001A_)	2019	0.0	0.0	0.0	0.0	0.0	0.0	kg eCO2/euro	macro	purchases	VARIOUS AIDS AND SUPPORT GRANTED TO STUDENTS (PAYMENT OF REGISTRATION FEES, ETC.)	0.0			0.0					XF09
	Services	XD35	euro	AUTRES CHARGES SPECIFIQUES DESTINEES AUX ETUDIANTS	2019	0.0	0.0	0.0	0.0	0.0	0.0	kg eCO2/euro	macro	purchases	OTHER SPECIFIC CHARGES FOR STUDENTS	0.0			0.0					XF09
	Services	XD36	euro	HONORAIRES MAITRES DE STAGE	2019	0.0	0.0	0.0	0.0	0.0	0.0	kg eCO2/euro	macro	purchases	TUTOR FEES	0.0			0.0					XF09
	Services	XD41	euro	FRAIS DE  RECHERCHE ET DE DEVELOPPEMENT	2019	0.0	0.0	0.0	0.0	0.23	0.184	kg eCO2/euro	macro	purchases	RESEARCH AND DEVELOPMENT COSTS	0.23			0.02					XD41
	Services	XD42	euro	BREVET D'INVENTION ET LICENCES ROYALTIES VERSEES AU COCONCEDANT	2019	0.0	0.0	0.0	0.0	0.0	0.0	kg eCO2/euro	macro	purchases	PATENTS AND LICENCES ROYALTIES PAID TO CO-GRANTOR	0.0			0.0					XF09
	Services	XD43	euro	SUBVENTION FILIALE DE VALO ET TRANSF TECHNO : SERVICES EN PROP. INTELLECTUELLE	2019	0.0	0.0	0.0	0.0	0.08	0.064	kg eCO2/euro	macro	purchases	SUBSIDY TO VALO AND TRANSF TECHNO SUBSIDIARY: INTELLECTUAL PROPERTY SERVICES SERVICES	0.08			0.03					XD44
	Services	XD44	euro	HONORAIRES DES FILIALES DE VALORISATION ET DE TRANSFERT DE TECHNOLOGIE (FIST,_x001A_)	2019	0.0	0.0	0.0	0.0	0.08	0.064	kg eCO2/euro	macro	purchases	FEES OF THE VALORISATION AND TECHNOLOGY TRANSFER SUBSIDIARIES (FIST,...)	0.08			0.03					XD44
	Services	XD45	euro	REDEVANCES POUR CONCESSIONS, BREVETS, MARQUES ET PROCEDES	2019	0.0	0.0	0.0	0.0	0.0	0.0	kg eCO2/euro	macro	purchases	ROYALTIES FOR CONCESSIONS, PATENTS, TRADEMARKS AND PROCESSES	0.0			0.0					XF09
	Services	XD46	euro	DROITS D'AUTEURS ET DE REPRODUCTION	2019	0.0	0.0	0.0	0.0	0.0	0.0	kg eCO2/euro	macro	purchases	COPYRIGHT AND REPRODUCTION RIGHTS	0.0			0.0					XF09
	Services	XD47	euro	AUTRES CONCES, DROITS SIMIL, BREVETS, LICENC, PROCED, DROITS VALEURS : FILIALE	2019	0.0	0.0	0.0	0.0	0.0	0.0	kg eCO2/euro	macro	purchases	OTHER CONCESSIONS, SIMILAR RIGHTS, PATENTS, LICENSES, PROCESSES, SECURITIES RIGHTS: SUBSIDIARY	0.0			0.0					XF09
	Services	XD51	euro	INDEMNISATION DES PERSONNES SE PRETANT A UNE EXPERIMENTATION (HORS LOI HURRIET)	2019	0.0	0.0	0.0	0.0	0.0	0.0	kg eCO2/euro	macro	purchases	COMPENSATION FOR PERSONS TAKING PART IN AN EXPERIMENT (EXCLUDING HURRIET LAW)	0.0			0.0					XF09
	Services	XD52	euro	INDEMNISATION DES PERSONNES SE PRETANT A UNE EXPERIMENTATION (LOI HURRIET)	2019	0.0	0.0	0.0	0.0	0.0	0.0	kg eCO2/euro	macro	purchases	COMPENSATION OF PERSONS UNDERGOING EXPERIMENTATION (HURRIET LAW)	0.0			0.0					XF09
	Services	XD53	euro	CONTR_x001A_LE FICIER ET SERVICES DU TRESOR	2019	0.0	0.0	0.0	0.0	0.08	0.064	kg eCO2/euro	macro	purchases	AUDITING AND TREASURY SERVICES	0.08			0.03					XD53
	Services	XD54	euro	NE PLUS UTILISER	2019	0.0	0.0	0.0	0.0	0.0	0.0	kg eCO2/euro	macro	purchases	NO LONGER IN USE	0.0			0.0					XF09
	Services	XD55	euro	PERTE  DE CHANGE	2019	0.0	0.0	0.0	0.0	0.0	0.0	kg eCO2/euro	macro	purchases	EXCHANGE LOSS	0.0			0.0					XF09
	Services	XD56	euro	AUTRES CHARGES DE GESTION COURANTE	2019	0.0	0.0	0.0	0.0	0.0	0.0	kg eCO2/euro	macro	purchases	OTHER CURRENT MANAGEMENT EXPENSES	0.0			0.0					XF09
	Services	XD57	euro	NE PLUS UTILISER	2019	0.0	0.0	0.0	0.0	0.0	0.0	kg eCO2/euro	macro	purchases	NO LONGER TO BE USED	0.0			0.0					XF09
	Services	XD58	euro	NE PLUS UTILISER	2019	0.0	0.0	0.0	0.0	0.0	0.0	kg eCO2/euro	macro	purchases	NO LONGER TO BE USED	0.0			0.0					XF09
	Services	XD59	euro	CHARGES SOCIALES DROITS D'AUTEUR	2019	0.0	0.0	0.0	0.0	0.0	0.0	kg eCO2/euro	macro	purchases	SOCIAL CHARGES COPYRIGHT	0.0			0.0					XF09
	Transport / Hébergement	XD61	euro	FRAIS DE PORT ET D'EMBALLAGE (HORS CARBOGLACE) OU DE GESTION	2019	0.0	0.0	0.0	0.0	0.18	0.144	kg eCO2/euro	macro	purchases	POSTAGE AND PACKING (EXCLUDING DRY ICE) OR ADMINISTRATION COSTS	0.18			0.05					XD61
	Services	XD62	euro	DROITS DE DOUANE	2019	0.0	0.0	0.0	0.0	0.0	0.0	kg eCO2/euro	macro	purchases	CUSTOMS DUTIES	0.0			0.0					XF09
	Services	XD63	euro	FRAIS DE DOSSIER SUR DEDOUANEMENT	2019	0.0	0.0	0.0	0.0	0.1	0.08000000000000002	kg eCO2/euro	macro	purchases	ADMINISTRATIVE COSTS FOR CUSTOMS CLEARANCE	0.1			0.05					XD63
	Services	XE01	euro	ACOMPTES VERSEES SUR IMMOBILISATION INCORPORELLES	2019	0.0	0.0	0.0	0.0	0.0	0.0	kg eCO2/euro	macro	purchases	ADVANCE PAYMENTS ON INTANGIBLE ASSETS	0.0			0.0					XF09
	Services	XE02	euro	ACOMPTES VERSEES SUR IMMOBILISATION CORPORELLES	2019	0.0	0.0	0.0	0.0	0.0	0.0	kg eCO2/euro	macro	purchases	ADVANCE PAYMENTS ON TANGIBLE FIXED ASSETS	0.0			0.0					XF09
	Services	XE03	euro	PPP : INTERETS INTERCALAIRES	2019	0.0	0.0	0.0	0.0	0.0	0.0	kg eCO2/euro	macro	purchases	PPP: INTERIM INTEREST	0.0			0.0					XF09
	Services	XE04	euro	ACOMPTE VERSES SUR COMMANDE IMMO CORPORELLES	2019	0.0	0.0	0.0	0.0	0.0	0.0	kg eCO2/euro	macro	purchases	ADVANCE PAYMENTS ON ORDERS FOR TANGIBLE FIXED ASSETS	0.0			0.0					XF09
	Services	XE11	euro	LOGICIELS CREES	2019	0.0	0.0	0.0	0.0	0.12	0.096	kg eCO2/euro	macro	purchases	SOFTWARE CREATED	0.12			0.05					WA15
	Services	XE12	euro	AUTRES IMMOBILISATIONS INCORPORELLES	2019	0.0	0.0	0.0	0.0	0.0	0.0	kg eCO2/euro	macro	purchases	OTHER INTANGIBLE ASSETS	0.0			0.0					XF09
	Services	XE13	euro	AUTRES IMMOBILISATIONS INCORPORELLES EN COURS	2019	0.0	0.0	0.0	0.0	0.0	0.0	kg eCO2/euro	macro	purchases	OTHER INTANGIBLE ASSETS IN PROGRESS	0.0			0.0					XF09
	Services	XE21	euro	ACHAT DE TERRAIN NUS	2019	0.0	0.0	0.0	0.0	0.0	0.0	kg eCO2/euro	macro	purchases	PURCHASE OF BARE LAND	0.0			0.0					XF09
	Services	XE22	euro	ACHAT DE TERRAIN AMENAGES	2019	0.0	0.0	0.0	0.0	0.0	0.0	kg eCO2/euro	macro	purchases	PURCHASE OF DEVELOPED LAND	0.0			0.0					XF09
	Services	XE23	euro	ACHAT DE TERRAIN BATIS	2019	0.0	0.0	0.0	0.0	0.0	0.0	kg eCO2/euro	macro	purchases	PURCHASE OF BUILT LAND	0.0			0.0					XF09
	Services	XE24	euro	IMMOBILISATIONS CORPORELLES EN COURS-TERRAINS	2019	0.0	0.0	0.0	0.0	0.0	0.0	kg eCO2/euro	macro	purchases	TANGIBLE ASSETS IN PROGRESS - LAND	0.0			0.0					XF09
	Services	XE25	euro	CONSTRUCTION : OPERATION TERMINEE	2019	0.0	0.0	0.0	0.0	0.34	0.272	kg eCO2/euro	macro	purchases	CONSTRUCTION : COMPLETED OPERATION	0.34			0.13					XE25
	Services	XE26	euro	GANIL	2019	0.0	0.0	0.0	0.0	0.0	0.0	kg eCO2/euro	macro	purchases	GANIL	0.0			0.0					XF09
	Services	XE27	euro	COLLECTIONS DE DOCUMENTATION	2019	0.0	0.0	0.0	0.0	0.21	0.168	kg eCO2/euro	macro	purchases	DOCUMENTATION COLLECTIONS	0.21			0.05					XE27
	Services	XE28	euro	COLLECTIONS LITTERRAIRES, SCIENTIFIQUES ET ARTISTIQUES	2019	0.0	0.0	0.0	0.0	0.21	0.168	kg eCO2/euro	macro	purchases	LITERARY, SCIENTIFIC AND ARTISTIC COLLECTIONS	0.21			0.05					XE28
	Vie du laboratoire (Alimentation, aménagement, loisirs, bâtiment)	XF01	euro	FACTURATION INTERNE - FONCTIONNEMENT COURANT (HORS FLUIDES)	2019	0.0	0.0	0.0	0.0	0.62	0.496	kg eCO2/euro	macro	purchases	INTERNAL BILLING - CURRENT OPERATIONS (EXCLUDING FLUIDS)	0.62			0.63					XF01
	Consommables (Matières premières, produits chimiques/biologiques et organismes vivants)	XF02	euro	FACTURATION INTERNE - FLUIDES	2019	0.0	0.0	0.0	0.0	1.1	0.8800000000000001	kg eCO2/euro	macro	purchases	INTERNAL BILLING - FLUIDS	1.1			1.5					XF02
	Matériel et instruments de laboratoire	XF03	euro	FACTURATION INTERNE - FOURNITURES & _x001A_QUIPEMENTS SCIENTIFIQUES, VALORISATION	2019	0.0	0.0	0.0	0.0	0.45	0.36	kg eCO2/euro	macro	purchases	INTERNAL BILLING - SCIENTIFIC SUPPLIES AND EQUIPMENT, DEVELOPMENT	0.45			0.51					XF03
	Transport / Hébergement	XF04	euro	FACTURATION INTERNE -  MISSIONS, D_x001A_PLACEMENTS, COLLOQUES ET COMMUNICATION	2019	0.0	0.0	0.0	0.0	0.34	0.272	kg eCO2/euro	macro	travels	INTERNAL BILLING - MISSIONS, TRAVEL, CONFERENCES AND COMMUNICATION	0.34			0.22					XF04
	Informatique-audiovisuel	XF05	euro	FACTURATION INTERNE - INFORMATIQUE	2019	0.0	0.0	0.0	0.0	0.34	0.272	kg eCO2/euro	macro	devices	INTERNAL BILLING - IT	0.34			0.33					XF05
	Vie du laboratoire (Alimentation, aménagement, loisirs, bâtiment)	XF06	euro	FACTURATION INTERNE - IMMOBILIER	2019	0.0	0.0	0.0	0.0	0.44	0.352	kg eCO2/euro	macro	purchases	INTERNAL BILLING - REAL ESTATE	0.44			0.44					XF06
	Services	XF07	euro	FACTURATION INTERNE - ACTION SOCIALE	2019	0.0	0.0	0.0	0.0	0.18	0.144	kg eCO2/euro	macro	purchases	INTERNAL BILLING - SOCIAL ACTION	0.18			0.08					XF07
	Services	XF08	euro	FACTURATION INTERNE - SUBVENTIONS	2019	0.0	0.0	0.0	0.0	0.0	0.0	kg eCO2/euro	macro	purchases	INTERNAL BILLING - GRANTS	0.0			0.0					XF09
	Services	XF09	euro	FACTURATION INTERNE - AUTRES	2019	0.0	0.0	0.0	0.0	0.0	0.0	kg eCO2/euro	macro	purchases	INTERNAL BILLING - OTHER	0.0			0.0					XF09
