ID,Consommable,Marque,Référence,Code CAS,Catégorie,Code NACRES,Masse unitaire (g),Matériau consommable,Masse unitaire deuxieme materiaux (g),Matériau deuxieme materiaux,Masse unitaire troisième materiaux (g),Matériau troisième materiaux,Masse emballage unitaire (g),Matériau emballage,Masse condionnement (g),Matériau conditionnement,Nbr par conditionnement,Prix du conditionnement,date d'ajout,Source/Signature,Lien / Note / Remarque,code_nacres_court,prix_ht_ijm,condt_ijm,nb_unites_ijm,prix_unitaire_ijm,designation_ijm,code_ijm,marque_ijm,score_match
1,Tube centrifugeuse 15 mL,Falcon,352096,,Consommable,"NB11 Microtubes, cryotubes, tubes a usage unique","6,7",Polypropylène (PP),,Polypropylène (PP),,,,,,,,,,Souchaud,,NB11,70.93,1x500,500,0.14186,"TUBE à CENTRIFUGER ""CORNING"" 15ml PP sur RACK",P097,CORNING,0.58
2,Tube centrifugeuse 50 mL,BIOLOGIX,10*9502,,Consommable,"NB11 Microtubes, cryotubes, tubes a usage unique","14,35",Polypropylène (PP),,Polypropylène (PP),,,,,,,,,,Souchaud,,NB11,72.06,1x500,500,0.14412,"TUBE à CENTRIFUGER ""CORNING"" 50ml PP sur RACK",P098,CORNING,0.58
3,Seringue 5 mL,Terumo,1SS05LE1,,Consommable,NB03 Seringues en plastique et aiguilles,"1,9",Polypropylène (PP),,Polypropylène (PP),,,,,,,,,,Souchaud,,NB03,8.62,1,1,8.62,SERINGUE STÉRILE 3ml (x100),D0492,TERUMO,0.6
4,Boite de Pétri 35 x 10 mm,Falcon,351008,,Consommable,NB13 Culture cellulaire eucaryote : consommables en plastique specifiques,"4,6",Polypropylène (PP),,Polypropylène (PP),,,,,,,,,,Souchaud,,NB13,6.37,1x5,5,1.274,"BOITE de PETRI de CULTURE ""TPP"" Diam 146x20mm (x5)",T93150,TPP,0.533
5,Serological pipette 5 mL individually wrapped,Starlab,E4860-0005,,Consommable,NB04 Pipettes a usage unique,"7,9",Verre,,Verre,,,,,,,,,,Souchaud,,NB04,0.95,1x10,10,0.095,"PIPETTE de TRANSFERT 3ml Graduée, stérile (Emb/10)",P0601,DUTSCHER,0.358
6,"T-25 Tissue Culture Flask, green plug seal cap",CytoOne,CC7682-4825,,Consommable,NB13 Culture cellulaire eucaryote : consommables en plastique specifiques,"20,9",Polystyrène (PS),,Polystyrène (PS),,,,,,,,,,Souchaud,,NB13,3.73,1x5,5,0.746,"FLACONS de CULTURE ""SPL"" CAP filtrant, 75cm2 (x5)",P0652F,SPL,0.379
7,"T-75 Tissue Culture Flask, green plug seal cap",CytoOne,CC7682-4175,,Consommable,NB13 Culture cellulaire eucaryote : consommables en plastique specifiques,"60,62",Polystyrène (PS),,Polystyrène (PS),,,,,,,,,,Souchaud,,NB13,3.73,1x5,5,0.746,"FLACONS de CULTURE ""SPL"" CAP filtrant, 75cm2 (x5)",P0652F,SPL,0.379
8,"T-225 Tissue Culture Flask, green plug seal cap",CytoOne,CC7682-4225,,Consommable,NB13 Culture cellulaire eucaryote : consommables en plastique specifiques,"149,5",Polystyrène (PS),,Polystyrène (PS),,,,,,,,,,Souchaud,,NB13,3.73,1x5,5,0.746,"FLACONS de CULTURE ""SPL"" CAP filtrant, 75cm2 (x5)",P0652F,SPL,0.375
9,"200 µl Pointe TipOne®, Naturel",Starlab,S1111-0810-C,,Consommable,NB02 Pointes (cones) pour micropipettes mono-canal et multi-canaux,"0,28",Polypropylène (PP),,Polypropylène (PP),,,,,,,,,,Souchaud,https://www.starlabgroup.com/FR-fr/product/200-ul-pointe-tipone-naturel-pf-sl-920673.html,NB02,30.43,10x96,960,0.031698,"POINTES sans filtre ""CLEARLINE"" sur recharge, jaune, graduée 200µl",P0808,CLEARLINE,0.375
10,"1 000 µl Pointe graduée TipOne®, Bleu",Starlab,S1111-6811-C,,Consommable,NB02 Pointes (cones) pour micropipettes mono-canal et multi-canaux,"0,547",Polypropylène (PP),,Polypropylène (PP),,,,,,,,,,Souchaud,https://www.starlabgroup.com/FR-fr/product/1-nbsp-000-ul-pointe-graduee-tipone-bleu-pf-sl-921051.html,NB02,41.75,10x96,960,0.04349,"POINTES à FILTRE ""ART"" Low Retention 1-100µl",P1100,ART,0.395
11,"1 000 µl Pointe non graduée TipOne® Filtre, Naturel (stérile)",Starlab,S1126-7710-C,,Consommable,"NB11 Microtubes, cryotubes, tubes a usage unique","0,83",Polypropylène (PP),,Polypropylène (PP),,,,,,,,,,Souchaud,,NB11,,,,,,,,REMOVED(0.387)
12,1.5 mL FlipTube Standard,Hamilton,235454,,Consommable,HA01 Epi : gants a usage unique,12,Latex,,Latex,,,,,,,,,,Souchaud,,HA01,,,,,,,,REMOVED(0.31)
13,Paire de gant latex powder free M (7-8),,,,Consommable,HA01 Epi : gants a usage unique,"13,7",Nitrile,,Nitrile,,,,,,,,,,Souchaud,,HA01,9.01,1 x100,100,0.0901,GANTS LATEX S Eco SHIELD,E03631,SHIELD,0.413
14,Paire de gants (taille M) ambidextres Kimtech Purple Nitrile,Kimberly-Clark,90627,,Consommable,HA01 Epi : gants a usage unique,"16,85",Nitrile,,Nitrile,,,,,,,,,,Souchaud,,HA01,9.01,1 x100,100,0.0901,GANTS LATEX S Eco SHIELD,E03631,SHIELD,0.357
15,Paire de gants (taille L) ambidextres Kimtech Purple Nitrile,Kimberly-Clark,90628,,Consommable,NB13 Culture cellulaire eucaryote : consommables en plastique specifiques,"12,888",Polypropylène (PP),,Polypropylène (PP),,,0,,15.682 ,,25,,,Knörr / Lespay Aguilera,,NB13,,,,,,,,REMOVED(0.378)
16,Falcon® Tube with conical bottom 50 ml (bulk),Falcon®,352070,,Consommable,NB13 Culture cellulaire eucaryote : consommables en plastique specifiques,"8,15",Polystyrène (PS),,Polystyrène (PS),,,0,,"5,189",,14,,,Knörr / Lespay Aguilera,,NB13,,,,,,,,REMOVED(0.442)
17,TPP Tissue Culture Dish 60,TPP,93060,,Consommable,NB03 Seringues en plastique et aiguilles,"2,151",Polypropylène (PP),,,,,"0,575",,"88,61",Carton,100,,,Knörr / Lespay Aguilera,Barillet et piston: Polypropylène / Joint: Élastomère thermoplastique / Lubrifiant: Huile de silicone,NB03,,,,,,,,REMOVED(0.34)
18,1ml Terumo Leur Slip Syringes,TERUMO,BS-01T,,Consommable,NB03 Seringues en plastique et aiguilles,,,,,,,,,,,,,,,,NB03,8.62,1,1,8.62,SERINGUE STÉRILE 1ml TUBERCULINE Sans aiguille (x100),D0491,TERUMO,0.293
19,"Polypropylene Centrifuge tube, Sterile 50 ml - CentriStar Cap - 25 bulk",Corning® ,430829,,Consommable,NB13 Culture cellulaire eucaryote : consommables en plastique specifiques,"12,2",Polyéthylène téréphtalate (PET),,Polyéthylène téréphtalate (PET),,,0,,"15,282",,25,,,Knörr / Lespay Aguilera,,NB13,,,,,,,,REMOVED(0.394)
20,Pipette for cell culture 2 ml Falcon®,Falcon®,357507,,Consommable,NB04 Pipettes a usage unique,"5,275",Polystyrène (PS),,Polystyrène (PS),,,"0,482",,"60,678",Carton,100,,,Knörr / Lespay Aguilera,,NB04,20.14,1,1,20.14,"PIPETTE STÉRILE ""FALCON"" 5ml (x200)",P058,FALCON,0.5
21,Pipette for cell culture 25 ml + 11 ml Falcon®,Falcon®,357535,,Consommable,NB04 Pipettes a usage unique,"14,661",Polystyrène (PS),,Polystyrène (PS),,,"1,91",,"14,991",,,,,,,NB04,20.14,1,1,20.14,"PIPETTE STÉRILE ""FALCON"" 5ml (x200)",P058,FALCON,0.444
22,Falcon® Tube with conical bottom 15 ml (bulk),Falcon®,352096,,Consommable,NB13 Culture cellulaire eucaryote : consommables en plastique specifiques,"6,749",Polypropylène (PP),,Polypropylène (PP),,,0,,"10,584",,50,,,Knörr / Lespay Aguilera,,NB13,,,,,,,,REMOVED(0.463)
23,TPP Tissue Culture Dish 100,TPP,93100,,Consommable,NB13 Culture cellulaire eucaryote : consommables en plastique specifiques,"24,2251",Polystyrène (PS),,Polystyrène (PS),,,0,,"8,856",,10,,,Knörr / Lespay Aguilera, ,NB13,5.03,1x4,4,1.2575,"BOITES de CULTURE ""NUNC"" 4 Puits (x4)",P0675N,NUNC,0.469
24,"Dropper Bottle, LDPE with white closure 15ml",ThermoScentific,2750-9050,,Consommable,"NB43 Vaisselle de laboratoire reutilisable en verre, plastique, porcelaine","3,74",Low-density Polyéthylène (LDPE),"1,52",Polyéthylène (PE),"0,423",Low-density Polyéthylène (LDPE),"0,992",Polyéthylène (PE),"2,788",Carton,25,"36,06",25/02/2026,Souchaud,https://www.thermofisher.com/order/catalog/product/2750-9050,NB43,2.82,1,1,2.82,PISSETTE Col large 250ml Jaune,P065A,VWR,0.378
,GANTS de PROTECTION THERMIQUE KEVLAR/COTON Jusqu'à 350°C L310mm,,,,,HA04,,,,,,,,,,,,,,,,HA04,32.72,1,1,32.72,GANTS de PROTECTION THERMIQUE KEVLAR/COTON Jusqu'à 350°C L310mm,E033,,
,GANTS de PROTECTION THERMIQUE ETANCHE Jusqu'à 150°C,MAPA,,,,HA04,,,,,,,,,,,,,,,,HA04,81.53,1,1,81.53,GANTS de PROTECTION THERMIQUE ETANCHE Jusqu'à 150°C,E033A,MAPA,
,CRYOGANT en CUIR Etanche 38 cm Taille S,CRYO-GLOVES,,,,HA04,,,,,,,,,,,,,,,,HA04,69.92,1,1,69.92,CRYOGANT en CUIR Etanche 38 cm Taille S,E034,CRYO-GLOVES,
,CRYOGANT en CUIR Etanche 38 cm Taille M,CRYO-GLOVES,,,,HA04,,,,,,,,,,,,,,,,HA04,69.92,1,1,69.92,CRYOGANT en CUIR Etanche 38 cm Taille M,E035,CRYO-GLOVES,
,CRYOGANT en CUIR Etanche 38 cm Taille L,CRYO-GLOVES,,,,HA04,,,,,,,,,,,,,,,,HA04,69.92,1,1,69.92,CRYOGANT en CUIR Etanche 38 cm Taille L,E0351,CRYO-GLOVES,
,GANTS LATEX XS Eco SHIELD,SHIELD,,,,HA01,,,,,,,,,,,,,,,,HA01,9.01,1 x100,100,0.0901,GANTS LATEX XS Eco SHIELD,E03630,SHIELD,
,GANTS LATEX M Eco SHIELD,SHIELD,,,,HA01,,,,,,,,,,,,,,,,HA01,9.01,1 x100,100,0.0901,GANTS LATEX M Eco SHIELD,E03632,SHIELD,
,GANTS LATEX L Eco SHIELD,SHIELD,,,,HA01,,,,,,,,,,,,,,,,HA01,9.01,1 x100,100,0.0901,GANTS LATEX L Eco SHIELD,E03633,SHIELD,
,GANTS NITRILE XS (x200) FISHERBRAND,FISHERBRAND,,,,HA01,,,,,,,,,,,,,,,,HA01,9.74,1 x200,200,0.0487,GANTS NITRILE XS (x200) FISHERBRAND,E0342D,FISHERBRAND,
,GANTS NITRILE S (x200) FISHERBRAND,FISHERBRAND,,,,HA01,,,,,,,,,,,,,,,,HA01,9.74,1 x200,200,0.0487,GANTS NITRILE S (x200) FISHERBRAND,E0343D,FISHERBRAND,
,GANTS NITRILE M (x200) FISHERBRAND,FISHERBRAND,,,,HA01,,,,,,,,,,,,,,,,HA01,9.74,1 x200,200,0.0487,GANTS NITRILE M (x200) FISHERBRAND,E0353D,FISHERBRAND,
,GANTS NITRILE L (x200) FISHERBRAND,FISHERBRAND,,,,HA01,,,,,,,,,,,,,,,,HA01,9.74,1 x200,200,0.0487,GANTS NITRILE L (x200) FISHERBRAND,E0363D,FISHERBRAND,
,GANTS NITRILE XL (x200) FISHERBRAND,FISHERBRAND,,,,HA01,,,,,,,,,,,,,,,,HA01,9.74,1 x200,200,0.0487,GANTS NITRILE XL (x200) FISHERBRAND,E0364D,FISHERBRAND,
,GANTS NITRILE XS (x150) EcoSHIELD VERT,SHIELD SCIENTIFIC,,,,HA01,,,,,,,,,,,,,,,,HA01,16.59,1 x150,150,0.1106,GANTS NITRILE XS (x150) EcoSHIELD VERT,E0342B,SHIELD SCIENTIFIC,
,GANTS NITRILE S (x150) EcoSHIELD VERT,SHIELD SCIENTIFIC,,,,HA01,,,,,,,,,,,,,,,,HA01,16.59,1 x150,150,0.1106,GANTS NITRILE S (x150) EcoSHIELD VERT,E0343B,SHIELD SCIENTIFIC,
,GANTS NITRILE M (x150) EcoSHIELD VERT,SHIELD SCIENTIFIC,,,,HA01,,,,,,,,,,,,,,,,HA01,16.59,1 x150,150,0.1106,GANTS NITRILE M (x150) EcoSHIELD VERT,E0353B,SHIELD SCIENTIFIC,
,GANTS NITRILE L (x150) EcoSHIELD VERT,SHIELD SCIENTIFIC,,,,HA01,,,,,,,,,,,,,,,,HA01,16.59,1 x150,150,0.1106,GANTS NITRILE L (x150) EcoSHIELD VERT,E0363B,SHIELD SCIENTIFIC,
,GANTS NITRILE XL (x150) EcoSHIELD VERT,SHIELD SCIENTIFIC,,,,HA01,,,,,,,,,,,,,,,,HA01,16.59,1 x150,150,0.1106,GANTS NITRILE XL (x150) EcoSHIELD VERT,E0364B,SHIELD SCIENTIFIC,
,GANTS NITRILE 260 SHIELDskin XS (Orange),SHIELD SCIENTIFIC,,,,HA01,,,,,,,,,,,,,,,,HA01,15.74,1x90,90,0.174889,GANTS NITRILE 260 SHIELDskin XS (Orange),E0342G,SHIELD SCIENTIFIC,
,GANTS NITRILE 260 SHIELDskin S (Orange),SHIELD SCIENTIFIC,,,,HA01,,,,,,,,,,,,,,,,HA01,15.74,1x90,90,0.174889,GANTS NITRILE 260 SHIELDskin S (Orange),E0343G,SHIELD SCIENTIFIC,
,GANTS NITRILE 260 SHIELDskin M (Orange),SHIELD SCIENTIFIC,,,,HA01,,,,,,,,,,,,,,,,HA01,15.74,1x90,90,0.174889,GANTS NITRILE 260 SHIELDskin M (Orange),E0353G,SHIELD SCIENTIFIC,
,GANTS NITRILE 260 SHIELDskin L (Orange),SHIELD SCIENTIFIC,,,,HA01,,,,,,,,,,,,,,,,HA01,15.74,1x90,90,0.174889,GANTS NITRILE 260 SHIELDskin L (Orange),E0363G,SHIELD SCIENTIFIC,
,GANTS NITRILE 260 SHIELDskin XL (Orange),SHIELD SCIENTIFIC,,,,HA01,,,,,,,,,,,,,,,,HA01,15.74,1x90,90,0.174889,GANTS NITRILE 260 SHIELDskin XL (Orange),E0364G,SHIELD SCIENTIFIC,
,GANTS NEOPRENE/NITRILE 300 SHIELDskin CHEM XS (Rouge/Red),SHIELD SCIENTIFIC,,,,HA01,,,,,,,,,,,,,,,,HA01,37.35,1x40,40,0.93375,GANTS NEOPRENE/NITRILE 300 SHIELDskin CHEM XS (Rouge/Red),E0342R,SHIELD SCIENTIFIC,
,GANTS NEOPRENE/NITRILE 300 SHIELDskin CHEM S (Rouge/Red),SHIELD SCIENTIFIC,,,,HA01,,,,,,,,,,,,,,,,HA01,37.35,1x40,40,0.93375,GANTS NEOPRENE/NITRILE 300 SHIELDskin CHEM S (Rouge/Red),E0343R,SHIELD SCIENTIFIC,
,GANTS NEOPRENE/NITRILE 300 SHIELDskin CHEM M (Rouge/Red),SHIELD SCIENTIFIC,,,,HA01,,,,,,,,,,,,,,,,HA01,37.35,1x40,40,0.93375,GANTS NEOPRENE/NITRILE 300 SHIELDskin CHEM M (Rouge/Red),E0353R,SHIELD SCIENTIFIC,
,GANTS NEOPRENE/NITRILE 300 SHIELDskin CHEM L (Rouge/Red),SHIELD SCIENTIFIC,,,,HA01,,,,,,,,,,,,,,,,HA01,37.35,1x40,40,0.93375,GANTS NEOPRENE/NITRILE 300 SHIELDskin CHEM L (Rouge/Red),E0363R,SHIELD SCIENTIFIC,
,GANTS NEOPRENE/NITRILE 300 SHIELDskin CHEM XL (Rouge/Red),SHIELD SCIENTIFIC,,,,HA01,,,,,,,,,,,,,,,,HA01,37.35,1x40,40,0.93375,GANTS NEOPRENE/NITRILE 300 SHIELDskin CHEM XL (Rouge/Red),E0364R,SHIELD SCIENTIFIC,
,GANTS de MANUTENTION croûte cuire,,,,,HA04,,,,,,,,,,,,,,,,HA04,6.78,1,1,6.78,GANTS de MANUTENTION croûte cuire,E037,,
,GANTS de MENAGE Hypoallergenique Taille 6/7,ADELYA,,,,HA04,,,,,,,,,,,,,,,,HA04,2.25,1,1,2.25,GANTS de MENAGE Hypoallergenique Taille 6/7,E038,ADELYA,
,GANTS de MENAGE Hypoallergenique Taille 7/8,ADELYA,,,,HA04,,,,,,,,,,,,,,,,HA04,2.25,1,1,2.25,GANTS de MENAGE Hypoallergenique Taille 7/8,E039,ADELYA,
,GANTS de MENAGE HypoallergeniqueTaille 8/9,ADELYA,,,,HA04,,,,,,,,,,,,,,,,HA04,2.25,1,1,2.25,GANTS de MENAGE HypoallergeniqueTaille 8/9,E040,ADELYA,
,BLOUSE JETABLE Taille L ou XL (x50) Avec bouton pression,,,,,HA03,,,,,,,,,,,,,,,,HA03,48.15,1x50,50,0.963,BLOUSE JETABLE Taille L ou XL (x50) Avec bouton pression,E053,,
,SUR-CHAUSSURE ANTI-DERAPANTES (Au carton),,,,,HA02,,,,,,,,,,,,,,,,HA02,50.94,1x400,400,0.12735,SUR-CHAUSSURE ANTI-DERAPANTES (Au carton),HS024,,
,CHARLOTTE CLIP BLANC (x100),,,,,HA02,,,,,,,,,,,,,,,,HA02,6.58,1x100,100,0.0658,CHARLOTTE CLIP BLANC (x100),E0551,,
,BLOUSE MIXTE BLANCHE Taille 0 Logo IJM,,,,,HA03,,,,,,,,,,,,,,,,HA03,25.15,1,1,25.15,BLOUSE MIXTE BLANCHE Taille 0 Logo IJM,HS007,,
,BLOUSE MIXTE BLANCHE Taille 1 Logo IJM,,,,,HA03,,,,,,,,,,,,,,,,HA03,25.15,1,1,25.15,BLOUSE MIXTE BLANCHE Taille 1 Logo IJM,HS008,,
,BLOUSE MIXTE BLANCHE Taille 2 Logo IJM,,,,,HA03,,,,,,,,,,,,,,,,HA03,25.15,1,1,25.15,BLOUSE MIXTE BLANCHE Taille 2 Logo IJM,E009,,
,BLOUSE MIXTE BLANCHE Taille 3 Logo IJM,,,,,HA03,,,,,,,,,,,,,,,,HA03,25.15,1,1,25.15,BLOUSE MIXTE BLANCHE Taille 3 Logo IJM,E010,,
,BLOUSE MIXTE BLANCHE Taille 4 Logo IJM,,,,,HA03,,,,,,,,,,,,,,,,HA03,25.15,1,1,25.15,BLOUSE MIXTE BLANCHE Taille 4 Logo IJM,E011,,
,BLOUSE MIXTE BLANCHE Taille 5 Logo IJM,,,,,HA03,,,,,,,,,,,,,,,,HA03,25.15,1,1,25.15,BLOUSE MIXTE BLANCHE Taille 5 Logo IJM,E0112,,
,BLOUSE MIXTE BLANCHE Taille 6 Logo IJM,,,,,HA03,,,,,,,,,,,,,,,,HA03,25.15,1,1,25.15,BLOUSE MIXTE BLANCHE Taille 6 Logo IJM,E0113,,
,BLOUSE CLARISSE Taille 4 (Bouton latéral),,,,,HA03,,,,,,,,,,,,,,,,HA03,25.15,1,1,25.15,BLOUSE CLARISSE Taille 4 (Bouton latéral),E012T,,
,TABLIER à BAVETTE,,,,,HA03,,,,,,,,,,,,,,,,HA03,5.96,1,1,5.96,TABLIER à BAVETTE,E068,,
,MASQUE de PROTECTION Coquille en fibre de polyester,,,,,HA02,,,,,,,,,,,,,,,,HA02,0.14,1,1,0.14,MASQUE de PROTECTION Coquille en fibre de polyester,E048A,,
,MASQUE de PROTECTION CHIRURGICAUX (Boite x50),,,,,HA02,,,,,,,,,,,,,,,,HA02,3.1,1x50,50,0.062,MASQUE de PROTECTION CHIRURGICAUX (Boite x50),E048B,,
,MASQUE de PROTECTION Respiratoire filtrant FFP2 Particules toxiques,,,,,HA02,,,,,,,,,,,,,,,,HA02,1.5,1,1,1.5,MASQUE de PROTECTION Respiratoire filtrant FFP2 Particules toxiques,E0481,,
,MASQUE de PROTECTION Respiratoire filtrant FFP3 Aérosols toxiques,,,,,HA02,,,,,,,,,,,,,,,,HA02,4.43,1,1,4.43,MASQUE de PROTECTION Respiratoire filtrant FFP3 Aérosols toxiques,E0482,,
,MASQUE REUTILISABLE 3M 4279+ (Filtres ABEK 1P3 intégrés),,,,,HA02,,,,,,,,,,,,,,,,HA02,32.92,1,1,32.92,MASQUE REUTILISABLE 3M 4279+ (Filtres ABEK 1P3 intégrés),E0483,,
,CASQUE Anti-Bruit 35dB,,,,,HA02,,,,,,,,,,,,,,,,HA02,22.29,1,1,22.29,CASQUE Anti-Bruit 35dB,D142,,
,LUNETTE de PROTECTION de BASE Mono-écran,,,,,HA05,,,,,,,,,,,,,,,,HA05,8.39,1,1,8.39,LUNETTE de PROTECTION de BASE Mono-écran,D120,,
,SUR-LUNETTE de PROTECTION,,,,,HA05,,,,,,,,,,,,,,,,HA05,8.24,1,1,8.24,SUR-LUNETTE de PROTECTION,D120A,,
,ECRAN FACIAL de PROTECTION SS VISIERE POLYCARBONATE,CLEARWAYS,,,,HA05,,,,,,,,,,,,,,,,HA05,17.57,1,1,17.57,ECRAN FACIAL de PROTECTION SS VISIERE POLYCARBONATE,D140,CLEARWAYS,
,FILM ALUMINIUM 200mx30cm 14µ,ALUPRO,,,,AA41,,,,,,,,,,,,,,,,AA41,19.54,1,1,19.54,FILM ALUMINIUM 200mx30cm 14µ,E002,ALUPRO,
,PAPIER de PROTECTION BENCHGUARD 60x49cm (100 feuilles),THERMO,,,,HA11,,,,,,,,,,,,,,,,HA11,109.7,1,1,109.7,PAPIER de PROTECTION BENCHGUARD 60x49cm (100 feuilles),D026,THERMO,
,PAPIER de PROTECTION Equivalent BENCHGUARD 46x57cm (100 feuilles),THERMO,,,,HA11,,,,,,,,,,,,,,,,HA11,37.75,1,1,37.75,PAPIER de PROTECTION Equivalent BENCHGUARD 46x57cm (100 feuilles),D027,THERMO,
,"PAPIER FILTRE blanc 42x52cm, Rame de 7 Kg",,,,,HA11,,,,,,,,,,,,,,,,HA11,28.53,1,1,28.53,"PAPIER FILTRE blanc 42x52cm, Rame de 7 Kg",D028,,
,FILTER PAPERS 1 Qualitative Circles Ø 55mm (x100),WHATMAN,,,,HA11,,,,,,,,,,,,,,,,HA11,5.31,1,1,5.31,FILTER PAPERS 1 Qualitative Circles Ø 55mm (x100),D028A,WHATMAN,
,PAPIER de CHROMATOGRAPHIE WHATMAN 3 MM CHR,WHATMAN,,,,HA11,,,,,,,,,,,,,,,,HA11,217.63,1,1,217.63,PAPIER de CHROMATOGRAPHIE WHATMAN 3 MM CHR,D032,WHATMAN,
,PAPIER de CHROMATOGRAPHIE Blotting MN 218B Type Whatman 3 MM CHR,MACHEREY-NAGEL,,,,HA11,,,,,,,,,,,,,,,,HA11,185.46,1,1,185.46,PAPIER de CHROMATOGRAPHIE Blotting MN 218B Type Whatman 3 MM CHR,D032A,MACHEREY-NAGEL,
,Papier d'essuyage KIMWIPPES 115x215mm (280 feuilles),,,,,HA11,,,,,,,,,,,,,,,,HA11,5.65,1,1,5.65,Papier d'essuyage KIMWIPPES 115x215mm (280 feuilles),E046A,,
,Papier d'essuyage OPTIQUE WHATMAN 100x150mm (25 f),WHATMAN,,,,HA11,,,,,,,,,,,,,,,,HA11,3.06,1,1,3.06,Papier d'essuyage OPTIQUE WHATMAN 100x150mm (25 f),E046,WHATMAN,
,PARAFILM 10cmx75m,FISHER,,,,NB35,,,,,,,,,,,,,,,,NB35,42.94,1,1,42.94,PARAFILM 10cmx75m,D033,FISHER,
,FILM SARAN 300mx30cm,,,,,NB35,,,,,,,,,,,,,,,,NB35,84.63,1,1,84.63,FILM SARAN 300mx30cm,D0192,,
,FILM PRESS' N SEAL 40m,,,,,NB35,,,,,,,,,,,,,,,,NB35,23.95,1,1,23.95,FILM PRESS' N SEAL 40m,D0194,,
,FILMPRO Etirable 300mx30cm ou 300mx45cm,FILMPRO,,,,NB35,,,,,,,,,,,,,,,,NB35,9.88,1,1,9.88,FILMPRO Etirable 300mx30cm ou 300mx45cm,D0195,FILMPRO,
,Papier pH Whatman - BANDELETTES Gamme pH 0-14 (6x80mm) x100,WHATMAN,,,,NB35,,,,,,,,,,,,,,,,NB35,22.68,1x100,100,0.2268,Papier pH Whatman - BANDELETTES Gamme pH 0-14 (6x80mm) x100,D029,WHATMAN,
,Papier pH Whatman - DISTRIBUTEUR Gamme pH 1.0-14.0 (7mmx5m),WHATMAN,,,,NB35,,,,,,,,,,,,,,,,NB35,15.62,1,1,15.62,Papier pH Whatman - DISTRIBUTEUR Gamme pH 1.0-14.0 (7mmx5m),D030,WHATMAN,
,BOITE à DÉCHETS 300ml (Aiguille usagée),,,,,HA11,,,,,,,,,,,,,,,,HA11,2.21,1,1,2.21,BOITE à DÉCHETS 300ml (Aiguille usagée),E0121,,
,BOITE à DÉCHETS 2L (Objets contaminés),,,,,HA11,,,,,,,,,,,,,,,,HA11,1.92,1,1,1.92,BOITE à DÉCHETS 2L (Objets contaminés),E0132,,
,"BOITE à DÉCHETS 600ml (Lames,aiguilles…)",,,,,HA11,,,,,,,,,,,,,,,,HA11,3.05,1,1,3.05,"BOITE à DÉCHETS 600ml (Lames,aiguilles…)",E01312,,
,SAC AUTOCLAVE 300x500mm 10L (x20),,,,,HA11,,,,,,,,,,,,,,,,HA11,1.68,1,1,1.68,SAC AUTOCLAVE 300x500mm 10L (x20),E058A,,
,SAC AUTOCLAVE 400x780mm 30L (x20),,,,,HA11,,,,,,,,,,,,,,,,HA11,3.15,1,1,3.15,SAC AUTOCLAVE 400x780mm 30L (x20),E059A,,
,RUBAN ADHESIF de MARQUAGE COULEUR 19mmx12m,TIME TAPE,,,,NB35,,,,,,,,,,,,,,,,NB35,4.5,1,1,4.5,RUBAN ADHESIF de MARQUAGE COULEUR 19mmx12m,B001,TIME TAPE,
,RUBAN INDICATEUR pour AUTOCLAVE 19mmx50m,,,,,NB35,,,,,,,,,,,,,,,,NB35,5.35,1,1,5.35,RUBAN INDICATEUR pour AUTOCLAVE 19mmx50m,B002,,
,RUBAN INDICATEUR pour POUPINEL (Four)19mmx55m,,,,,NB35,,,,,,,,,,,,,,,,NB35,18.01,1,1,18.01,RUBAN INDICATEUR pour POUPINEL (Four)19mmx55m,B004,,
,"ETIQUETTES CRYO-TAGS WHITE (-196°C) 33x13mm pour microtubes 1,5 et 2ml",,,,,NB35,,,,,,,,,,,,,,,,NB35,43.73,1x1000,1000,0.04373,"ETIQUETTES CRYO-TAGS WHITE (-196°C) 33x13mm pour microtubes 1,5 et 2ml",HS020,,
,"ETIQUETTES TOUCH-SPOTS (-80° / +121°C) Diam 9,5mm pour microtubes 0,5 à 2ml
(Couleurs assortis)",,,,,NB35,,,,,,,,,,,,,,,,NB35,166.55,1x5000,5000,0.03331,"ETIQUETTES TOUCH-SPOTS (-80° / +121°C) Diam 9,5mm pour microtubes 0,5 à 2ml
(Couleurs assortis)",HS021,,
,"ETIQUETTES CRYO Blanc (-196°C) 33x13mm pour microtubes 1,5 et 2ml",,,,,NB35,,,,,,,,,,,,,,,,NB35,74.74,1x1700,1700,0.043965,"ETIQUETTES CRYO Blanc (-196°C) 33x13mm pour microtubes 1,5 et 2ml",HS028,,
,"ETIQUETTES CRYO RONDE (-196°C) Diam 9,5mm pour microtubes 1,5 et 2ml",,,,,NB35,,,,,,,,,,,,,,,,NB35,63.89,1x1000,1000,0.06389,"ETIQUETTES CRYO RONDE (-196°C) Diam 9,5mm pour microtubes 1,5 et 2ml",HS029,,
,"ETIQUETTES BRADY B-499 Blanc nylon 19,1mmX5,8m (-40 / +90 °C)",,,,,NB35,,,,,,,,,,,,,,,,NB35,26.82,1x5000,5000,0.005364,"ETIQUETTES BRADY B-499 Blanc nylon 19,1mmX5,8m (-40 / +90 °C)",B117,,
,"GAZE HYDROPHILE ""CHEESECLOTH"" (64mX91,4cm)",,,,,NB11,,,,,,,,,,,,,,,,NB11,154.39,1,1,154.39,"GAZE HYDROPHILE ""CHEESECLOTH"" (64mX91,4cm)",E044,,
,COTON CARDÉ ÉCRU 500g,,,,,NB11,,,,,,,,,,,,,,,,NB11,5.89,1,1,5.89,COTON CARDÉ ÉCRU 500g,E0171,,
,COTON TIGES,,,,,BB01,,,,,,,,,,,,,,,,BB01,2.03,1,1,2.03,COTON TIGES,D016,,
,ACIDE ACÉTIQUE 1litre,PROLABO,,,,NA21,,,,,,,,,,,,,,,,NA21,4.58,1,1,4.58,ACIDE ACÉTIQUE 1litre,C003,PROLABO,
,ACIDE CHLORHYDRIQUE 37% NP 1litre,PROLABO,,,,NA21,,,,,,,,,,,,,,,,NA21,5.22,1,1,5.22,ACIDE CHLORHYDRIQUE 37% NP 1litre,C005,PROLABO,
,ACIDE CITRIQUE NP 1Kg,PROLABO,,,,NA21,,,,,,,,,,,,,,,,NA21,12.84,1,1,12.84,ACIDE CITRIQUE NP 1Kg,C006,PROLABO,
,ACIDE NITRIQUE 69% NP 1 litre,PROLABO,,,,NA21,,,,,,,,,,,,,,,,NA21,9.23,1,1,9.23,ACIDE NITRIQUE 69% NP 1 litre,C007,PROLABO,
,ACIDE BORIQUE Christallisé NP 1Kg,PROLABO,,,,NA21,,,,,,,,,,,,,,,,NA21,18.69,1,1,18.69,ACIDE BORIQUE Christallisé NP 1Kg,C008,PROLABO,
,ACIDE SULFURIQUE 95% NP 1 litre,PROLABO,,,,NA21,,,,,,,,,,,,,,,,NA21,6.09,1,1,6.09,ACIDE SULFURIQUE 95% NP 1 litre,C009,PROLABO,
,ACIDE TRICHLOROACÉTIQUE NP 1Kg,PROLABO,,,,NA21,,,,,,,,,,,,,,,,NA21,69.8,1,1,69.8,ACIDE TRICHLOROACÉTIQUE NP 1Kg,C010,PROLABO,
,ACIDE PROPIONIQUE pour la synthèse 1 litre Usage sous condition avec protection,MERCK,,,,NA21,,,,,,,,,,,,,,,,NA21,39.59,1,1,39.59,ACIDE PROPIONIQUE pour la synthèse 1 litre Usage sous condition avec protection,C069,MERCK,
,"ACRYLAMIDE (99,4%) Bis Acrylamide 19/1 40% Solution 500ml",EUROMEDEX,,,,NB22,,,,,,,,,,,,,,,,NB22,37.66,1,1,37.66,"ACRYLAMIDE (99,4%) Bis Acrylamide 19/1 40% Solution 500ml",C0024,EUROMEDEX,
,"ACRYLAMIDE (99,4%) Bis Acrylamide 29/1 40% Solution 500ml",EUROMEDEX,,,,NB22,,,,,,,,,,,,,,,,NB22,37.66,1,1,37.66,"ACRYLAMIDE (99,4%) Bis Acrylamide 29/1 40% Solution 500ml",C0025,EUROMEDEX,
,"ACRYLAMIDE (99,4%) Bis Acrylamide 37,5/1 40% Solution 500ml",EUROMEDEX,,,,NB22,,,,,,,,,,,,,,,,NB22,37.66,1,1,37.66,"ACRYLAMIDE (99,4%) Bis Acrylamide 37,5/1 40% Solution 500ml",C0022,EUROMEDEX,
,AGAROSE Standard 100g,EUROMEDEX,,,,NB22,,,,,,,,,,,,,,,,NB22,44.94,1,1,44.94,AGAROSE Standard 100g,C0023,EUROMEDEX,
,DMSO 250ml,EUROMEDEX,,,,NB22,,,,,,,,,,,,,,,,NB22,75.49,1,1,75.49,DMSO 250ml,C0027,EUROMEDEX,
,ETHIDIUM BROMIDE (BET) Solution 10ml 0.5mg/ml,EUROMEDEX,,,,NA31,,,,,,,,,,,,,,,,NA31,15.41,1,1,15.41,ETHIDIUM BROMIDE (BET) Solution 10ml 0.5mg/ml,E406,EUROMEDEX,
,"SYBR Safe DNA gel stain - 10,000X concent in DMSO (400µl)",LIFE Technologie,,,,NA31,,,,,,,,,,,,,,,,NA31,98.27,1,1,98.27,"SYBR Safe DNA gel stain - 10,000X concent in DMSO (400µl)",C075,LIFE Technologie,
,DNA Stain: ClearSight DNA Stain 1ml,EUROMEDEX,,,,NA31,,,,,,,,,,,,,,,,NA31,60.94,1,1,60.94,DNA Stain: ClearSight DNA Stain 1ml,C076,EUROMEDEX,
,"TAE 10X Solution 2,5 litres",EUROMEDEX,,,,NA25,,,,,,,,,,,,,,,,NA25,18.46,1,1,18.46,"TAE 10X Solution 2,5 litres",C0626,EUROMEDEX,
,"TBE 10X Solution 2,5 litres",EUROMEDEX,,,,NA25,,,,,,,,,,,,,,,,NA25,24.72,1,1,24.72,"TBE 10X Solution 2,5 litres",C0621A,EUROMEDEX,
,TEMED 25ml,EUROMEDEX,,,,NA31,,,,,,,,,,,,,,,,NA31,16.37,1,1,16.37,TEMED 25ml,C0623,EUROMEDEX,
,"TRIS -Glycine SDS Solution 10X 2,5 litres",EUROMEDEX,,,,NA25,,,,,,,,,,,,,,,,NA25,27.39,1,1,27.39,"TRIS -Glycine SDS Solution 10X 2,5 litres",C0647,EUROMEDEX,
,AMMONIUM ACÉTATE NP 1Kg,PROLABO,,,,NA21,,,,,,,,,,,,,,,,NA21,14.18,1,1,14.18,AMMONIUM ACÉTATE NP 1Kg,C013,PROLABO,
,AMMONIUM CHLORURE NP 1Kg,PROLABO,,,,NA21,,,,,,,,,,,,,,,,NA21,25.06,1,1,25.06,AMMONIUM CHLORURE NP 1Kg,C0131,PROLABO,
,AMMONIUM SULFATE NP 1Kg,PROLABO,,,,NA21,,,,,,,,,,,,,,,,NA21,20.44,1,1,20.44,AMMONIUM SULFATE NP 1Kg,C014,PROLABO,
,GALACTOSE Low Glucose and Lactose 1Kg,EUROMEDEX,,,,NA21,,,,,,,,,,,,,,,,NA21,278.31,1,1,278.31,GALACTOSE Low Glucose and Lactose 1Kg,C0141,EUROMEDEX,
,CALCIUM CHLORURE NP 1Kg,PROLABO,,,,NA21,,,,,,,,,,,,,,,,NA21,20.6,1,1,20.6,CALCIUM CHLORURE NP 1Kg,C022,PROLABO,
,DTT (Purity: 99%) 25g,EUROMEDEX,,,,NA25,,,,,,,,,,,,,,,,NA25,110.96,1,1,110.96,DTT (Purity: 99%) 25g,C034,EUROMEDEX,
,GLUCOSE D(+) Anhydre GPR Rectapur 1Kg,PROLABO,,,,NA21,,,,,,,,,,,,,,,,NA21,19.8,1,1,19.8,GLUCOSE D(+) Anhydre GPR Rectapur 1Kg,C030,PROLABO,
,GLUCOSE 1Kg,EUROMEDEX,,,,NA21,,,,,,,,,,,,,,,,NA21,26.38,1,1,26.38,GLUCOSE 1Kg,C030A,EUROMEDEX,
,"GLYCEROL BI-DISTILLE 99,5% NP 1 litre",PROLABO,,,,NA25,,,,,,,,,,,,,,,,NA25,16.26,1,1,16.26,"GLYCEROL BI-DISTILLE 99,5% NP 1 litre",C031,PROLABO,
,GLYCEROL High Purity 1 litre,EUROMEDEX,,,,NA25,,,,,,,,,,,,,,,,NA25,35.1,1,1,35.1,GLYCEROL High Purity 1 litre,C032,EUROMEDEX,
,GLYCINE PA 1Kg,EUROMEDEX,,,,NA26,,,,,,,,,,,,,,,,NA26,32.9,1,1,32.9,GLYCINE PA 1Kg,C0312,EUROMEDEX,
,GLYCOGEN 20mg/ml,ROCHE,,,,NA21,,,,,,,,,,,,,,,,NA21,118.13,1,1,118.13,GLYCOGEN 20mg/ml,C0311,ROCHE,
,"GLYCOGEN 20mg/ml (2x0,25ml)",EUROMEDEX,,,,NA21,,,,,,,,,,,,,,,,NA21,104.0,1,1,104.0,"GLYCOGEN 20mg/ml (2x0,25ml)",C0313,EUROMEDEX,
,IPTG Dioxane free 5g,EUROMEDEX,,,,NA55,,,,,,,,,,,,,,,,NA55,25.52,1,1,25.52,IPTG Dioxane free 5g,C0321,EUROMEDEX,
,KANAMYCIN MonoSULFATE 25g,EUROMEDEX,,,,NA76,,,,,,,,,,,,,,,,NA76,95.5,1,1,95.5,KANAMYCIN MonoSULFATE 25g,C015,EUROMEDEX,
,MAGNÉSIUM CHLORURE HEXAHYDRATE PA 250g,MERCK,,,,NA21,,,,,,,,,,,,,,,,NA21,19.26,1,1,19.26,MAGNÉSIUM CHLORURE HEXAHYDRATE PA 250g,C074,MERCK,
,MAGNÉSIUM CHLORIDE HEXAHYDRATE 250g,EUROMEDEX,,,,NA21,,,,,,,,,,,,,,,,NA21,16.26,1,1,16.26,MAGNÉSIUM CHLORIDE HEXAHYDRATE 250g,C0741,EUROMEDEX,
,MAGNÉSIUM SULFATE HEPTAHYDRATE 1Kg,EUROMEDEX,,,,NA21,,,,,,,,,,,,,,,,NA21,58.74,1,1,58.74,MAGNÉSIUM SULFATE HEPTAHYDRATE 1Kg,C078,EUROMEDEX,
,METHYL 4-HYDROXYBENZOATE 99% 1Kg,PROLABO,,,,NA28,,,,,,,,,,,,,,,,NA28,63.02,1,1,63.02,METHYL 4-HYDROXYBENZOATE 99% 1Kg,C068,PROLABO,
,METHYL 4-HYDROXYBENZOATE - SEL DE SODIUM 5Kg,MERCK,,,,NA28,,,,,,,,,,,,,,,,NA28,462.88,1,1,462.88,METHYL 4-HYDROXYBENZOATE - SEL DE SODIUM 5Kg,C068A,MERCK,
,PARAFORMALDEHYDE en poudre 1Kg,PROLABO,,,,NA21,,,,,,,,,,,,,,,,NA21,16.48,1,1,16.48,PARAFORMALDEHYDE en poudre 1Kg,C073,PROLABO,
,POTASSIUM ACÉTATE NP 1Kg,EUROMEDEX,,,,NA21,,,,,,,,,,,,,,,,NA21,38.2,1,1,38.2,POTASSIUM ACÉTATE NP 1Kg,C044,EUROMEDEX,
,POTASSIUM CHLORURE PA 1Kg,PROLABO,,,,NA21,,,,,,,,,,,,,,,,NA21,19.37,1,1,19.37,POTASSIUM CHLORURE PA 1Kg,C045,PROLABO,
,POTASSIUM DIHYDROGENOPHOSPHATE NP1Kg,PROLABO,,,,NA21,,,,,,,,,,,,,,,,NA21,32.31,1,1,32.31,POTASSIUM DIHYDROGENOPHOSPHATE NP1Kg,C046,PROLABO,
,POTASSIUM HYDROXYDE Solution 38 % NP 1 litre,PROLABO,,,,NA21,,,,,,,,,,,,,,,,NA21,38.11,1,1,38.11,POTASSIUM HYDROXYDE Solution 38 % NP 1 litre,C047,PROLABO,
,POTASSIUM HYDROXYDE en pastilles 1Kg,PROLABO,,,,NA21,,,,,,,,,,,,,,,,NA21,30.28,1,1,30.28,POTASSIUM HYDROXYDE en pastilles 1Kg,C048,PROLABO,
,DI-POTASSIUM HYDROGENOPHOSPHATE Rectapur 1Kg,PROLABO,,,,NA21,,,,,,,,,,,,,,,,NA21,29.64,1,1,29.64,DI-POTASSIUM HYDROGENOPHOSPHATE Rectapur 1Kg,C051,PROLABO,
,URÉE NP 1Kg,PROLABO,,,,NA21,,,,,,,,,,,,,,,,NA21,20.22,1,1,20.22,URÉE NP 1Kg,C065,PROLABO,
,SACCHAROSE NP 1Kg,PROLABO,,,,NA28,,,,,,,,,,,,,,,,NA28,16.59,1,1,16.59,SACCHAROSE NP 1Kg,C054,PROLABO,
,SUCROSE D (+) SACCHAROSE 1Kg,EUROMEDEX,,,,NA21,,,,,,,,,,,,,,,,NA21,13.48,1,1,13.48,SUCROSE D (+) SACCHAROSE 1Kg,C0541,EUROMEDEX,
,SDS Ultra pur 99% (Sodium Dodecyl Sulfate) 20% solution 1 litre,EUROMEDEX,,,,NA25,,,,,,,,,,,,,,,,NA25,75.49,1,1,75.49,SDS Ultra pur 99% (Sodium Dodecyl Sulfate) 20% solution 1 litre,C0544,EUROMEDEX,
,SODIUM ACÉTATE PA 1Kg,PROLABO,,,,NA21,,,,,,,,,,,,,,,,NA21,48.82,1,1,48.82,SODIUM ACÉTATE PA 1Kg,C055,PROLABO,
,SODIUM HYDROGÉNOCARBONATE NP 1Kg,PROLABO,,,,NA21,,,,,,,,,,,,,,,,NA21,16.93,1,1,16.93,SODIUM HYDROGÉNOCARBONATE NP 1Kg,C056,PROLABO,
,SODIUM CHLORURE PA 1Kg,PROLABO,,,,NA21,,,,,,,,,,,,,,,,NA21,11.88,1,1,11.88,SODIUM CHLORURE PA 1Kg,C057,PROLABO,
,SODIUM CHLORURE PA 1Kg,EUROMEDEX,,,,NA21,,,,,,,,,,,,,,,,NA21,15.41,1,1,15.41,SODIUM CHLORURE PA 1Kg,C057A,EUROMEDEX,
,TRI-SODIUM CITRATE NP1Kg,PROLABO,,,,NA21,,,,,,,,,,,,,,,,NA21,23.3,1,1,23.3,TRI-SODIUM CITRATE NP1Kg,C058,PROLABO,
,SODIUM HYDROXYDE PASTILLES PA 1Kg,PROLABO,,,,NA21,,,,,,,,,,,,,,,,NA21,18.52,1,1,18.52,SODIUM HYDROXYDE PASTILLES PA 1Kg,C059,PROLABO,
,SODIUM HYDROXYDE SOLUTION PA 1 litre,PROLABO,,,,NA21,,,,,,,,,,,,,,,,NA21,13.7,1,1,13.7,SODIUM HYDROXYDE SOLUTION PA 1 litre,C060,PROLABO,
,DI-SODIUM HYDROGENOPHOSPHATE PA 1Kg,VWR,,,,NA21,,,,,,,,,,,,,,,,NA21,33.06,1,1,33.06,DI-SODIUM HYDROGENOPHOSPHATE PA 1Kg,C061,VWR,
,SODIUM DIHYDROGÉNOPHOSPHATE 1Kg,PROLABO,,,,NA21,,,,,,,,,,,,,,,,NA21,23.56,1,1,23.56,SODIUM DIHYDROGÉNOPHOSPHATE 1Kg,C062,PROLABO,
,TRIS BASE Ultra pur 1Kg,EUROMEDEX,,,,NA21,,,,,,,,,,,,,,,,NA21,76.08,1,1,76.08,TRIS BASE Ultra pur 1Kg,C0641,EUROMEDEX,
,X-GAL 1g,EUROMEDEX,,,,NA55,,,,,,,,,,,,,,,,NA55,59.12,1,1,59.12,X-GAL 1g,C066A,EUROMEDEX,
,ACETONE TECHNIQUE 5 litres,PROLABO,,,,NA02,,,,,,,,,,,,,,,,NA02,10.04,1,1,10.04,ACETONE TECHNIQUE 5 litres,C001,PROLABO,
,ACETONE NP 1 litre,PROLABO,,,,NA02,,,,,,,,,,,,,,,,NA02,4.91,1,1,4.91,ACETONE NP 1 litre,C002,PROLABO,
,ACETONITRILE pour HPLC CHROMA 1 litre,PROLABO,,,,NA03,,,,,,,,,,,,,,,,NA03,11.24,1,1,11.24,ACETONITRILE pour HPLC CHROMA 1 litre,C0026,PROLABO,
,"ACETONITRILE pour HPLC CHROMA 2,5 litre",PROLABO,,,,NA03,,,,,,,,,,,,,,,,NA03,22.59,1,1,22.59,"ACETONITRILE pour HPLC CHROMA 2,5 litre",C0021,PROLABO,
,CHLOROFORME NP 1 litre,PROLABO,,,,NA04,,,,,,,,,,,,,,,,NA04,7.96,1,1,7.96,CHLOROFORME NP 1 litre,C023,PROLABO,
,DIETHYLE OXYDE (ETHER) NP 1 litre  après justification de l'usage,PROLABO,,,,NA07,,,,,,,,,,,,,,,,NA07,7.28,1,1,7.28,DIETHYLE OXYDE (ETHER) NP 1 litre  après justification de l'usage,C024,PROLABO,
,ETHANOL 95 % Rectapur 5 litres,PROLABO,,,,NA05,,,,,,,,,,,,,,,,NA05,12.84,1,1,12.84,ETHANOL 95 % Rectapur 5 litres,C027,PROLABO,
,ETHANOL 70% Rectapur 5 litres,PROLABO,,,,NA05,,,,,,,,,,,,,,,,NA05,15.14,1,1,15.14,ETHANOL 70% Rectapur 5 litres,C027A,PROLABO,
,ETHANOL ABSOLU MERCK 1 litre,MERCK,,,,NA05,,,,,,,,,,,,,,,,NA05,17.11,1,1,17.11,ETHANOL ABSOLU MERCK 1 litre,C028,MERCK,
,ETHANOL ABSOLU NP 1 litre,PROLABO,,,,NA05,,,,,,,,,,,,,,,,NA05,5.35,1,1,5.35,ETHANOL ABSOLU NP 1 litre,C029,PROLABO,
,HEXANE NP 1 litre,PROLABO,,,,NA05,,,,,,,,,,,,,,,,NA05,9.5,1,1,9.5,HEXANE NP 1 litre,C004,PROLABO,
,METHANOL PA MERCK 1 litre,MERCK,,,,NA05,,,,,,,,,,,,,,,,NA05,9.05,1,1,9.05,METHANOL PA MERCK 1 litre,C035,MERCK,
,METHANOL HPLC 1 litre,PROLABO,,,,NA05,,,,,,,,,,,,,,,,NA05,4.63,1,1,4.63,METHANOL HPLC 1 litre,C037,PROLABO,
,METHANOL NP 1 litre,PROLABO,,,,NA05,,,,,,,,,,,,,,,,NA05,4.23,1,1,4.23,METHANOL NP 1 litre,C038,PROLABO,
,METHANOL Rectapur 5 litres,PROLABO,,,,NA05,,,,,,,,,,,,,,,,NA05,6.31,1,1,6.31,METHANOL Rectapur 5 litres,C040,PROLABO,
,PHÉNOL 99% Tris Saturated Tamponné 100ml,VWR,,,,NA52,,,,,,,,,,,,,,,,NA52,24.61,1,1,24.61,PHÉNOL 99% Tris Saturated Tamponné 100ml,C0432,VWR,
,PHÉNOL 99% Tris Saturated Tamponné 400ml,VWR,,,,NA52,,,,,,,,,,,,,,,,NA52,69.55,1,1,69.55,PHÉNOL 99% Tris Saturated Tamponné 400ml,C0433,VWR,
,PROPANOL 2 (ISO) PA MERCK 1 litre,MERCK,,,,NA05,,,,,,,,,,,,,,,,NA05,12.47,1,1,12.47,PROPANOL 2 (ISO) PA MERCK 1 litre,C052,MERCK,
,PROPANOL 2 (ISO) NP 1 litre,PROLABO,,,,NA05,,,,,,,,,,,,,,,,NA05,6.14,1,1,6.14,PROPANOL 2 (ISO) NP 1 litre,C053,PROLABO,
,TOLUENE NP 1 litre,PROLABO,,,,NA06,,,,,,,,,,,,,,,,NA06,4.91,1,1,4.91,TOLUENE NP 1 litre,C063,PROLABO,
,XYLENE NP 1 litre,PROLABO,,,,NA06,,,,,,,,,,,,,,,,NA06,6.1,1,1,6.1,XYLENE NP 1 litre,C067,PROLABO,
,"NuPAGE Novex 4-12% Bis-Tris Gel 1.0mm, 10 well","réf LIFE Technologie
NP0321BOX",,,,NB22,,,,,,,,,,,,,,,,NB22,125.36,1X10,10,12.536,"NuPAGE Novex 4-12% Bis-Tris Gel 1.0mm, 10 well",C082,"réf LIFE Technologie
NP0321BOX",
,"NuPAGE Novex 4-12% Bis-Tris Gel 1.0mm, 12well","réf LIFE Technologie
NP0322BOX",,,,NB22,,,,,,,,,,,,,,,,NB22,125.36,1X10,10,12.536,"NuPAGE Novex 4-12% Bis-Tris Gel 1.0mm, 12well",C085,"réf LIFE Technologie
NP0322BOX",
,"NuPAGE Novex 4-12% Bis-Tris Gel 1.0mm, 15well","réf LIFE Technologie
NP0323BOX",,,,NB22,,,,,,,,,,,,,,,,NB22,160.15,1X10,10,16.015,"NuPAGE Novex 4-12% Bis-Tris Gel 1.0mm, 15well",C087,"réf LIFE Technologie
NP0323BOX",
,"NuPAGE Novex 4-12% Bis-Tris Gel 1.5mm, 10 well","réf LIFE Technologie
NP0335BOX",,,,NB22,,,,,,,,,,,,,,,,NB22,133.14,1X10,10,13.314,"NuPAGE Novex 4-12% Bis-Tris Gel 1.5mm, 10 well",C080,"réf LIFE Technologie
NP0335BOX",
,"NuPAGE Novex 4-12% Bis-Tris Gel 1.5mm, 15 well","réf LIFE Technologie
NP0336BOX",,,,NB22,,,,,,,,,,,,,,,,NB22,133.14,1X10,10,13.314,"NuPAGE Novex 4-12% Bis-Tris Gel 1.5mm, 15 well",C084,"réf LIFE Technologie
NP0336BOX",
,"NuPAGE Novex 10% Bis-Tris Gel 1.0mm, 10 well","réf LIFE Technologie
NP0301BOX",,,,NB22,,,,,,,,,,,,,,,,NB22,126.55,1X10,10,12.655,"NuPAGE Novex 10% Bis-Tris Gel 1.0mm, 10 well",C081,"réf LIFE Technologie
NP0301BOX",
,"NuPAGE Novex 10% Bis-Tris Gel 1.0mm, 15 well","réf LIFE Technologie
NP0303BOX",,,,NB22,,,,,,,,,,,,,,,,NB22,131.83,1X10,10,13.183,"NuPAGE Novex 10% Bis-Tris Gel 1.0mm, 15 well",C083,"réf LIFE Technologie
NP0303BOX",
,"NuPAGE Novex 12% Bis-Tris Gel 1.0mm, 10 well","réf LIFE Technologie
NP0341BOX",,,,NB22,,,,,,,,,,,,,,,,NB22,184.89,1X10,10,18.489,"NuPAGE Novex 12% Bis-Tris Gel 1.0mm, 10 well",C086,"réf LIFE Technologie
NP0341BOX",
,IBLOT PVDF GEL TRANSFER STACKS Regular - 10 rxn,"réf LIFE Technologie
IB24001",,,,NB22,,,,,,,,,,,,,,,,NB22,216.02,1X10,10,21.602,IBLOT PVDF GEL TRANSFER STACKS Regular - 10 rxn,C130,"réf LIFE Technologie
IB24001",
,IBLOT PVDF GEL TRANSFER STACKS Mini - 10 rxn,"réf LIFE Technologie
IB24002",,,,NB22,,,,,,,,,,,,,,,,NB22,179.3,1X10,10,17.93,IBLOT PVDF GEL TRANSFER STACKS Mini - 10 rxn,C131,"réf LIFE Technologie
IB24002",
,IBLOT NC GEL TRANSFER STACKS Regular - 10 rxn,"réf LIFE Technologie
IB23001",,,,NB22,,,,,,,,,,,,,,,,NB22,194.22,1X10,10,19.422,IBLOT NC GEL TRANSFER STACKS Regular - 10 rxn,C132,"réf LIFE Technologie
IB23001",
,IBLOT NC GEL TRANSFER STACKS Mini - 10 rxn,"réf LIFE Technologie
IB23002",,,,NB22,,,,,,,,,,,,,,,,NB22,159.21,1X10,10,15.921,IBLOT NC GEL TRANSFER STACKS Mini - 10 rxn,C133,"réf LIFE Technologie
IB23002",
,NuPAGE Antioxidant 15ml,"réf LIFE Technologie
NP0005",,,,NB22,,,,,,,,,,,,,,,,NB22,36.36,1,1,36.36,NuPAGE Antioxidant 15ml,C090,"réf LIFE Technologie
NP0005",
,NuPAGE MES SDS Running Buffer (20X) 500ml,"réf LIFE Technologie
NP0002",,,,NA25,,,,,,,,,,,,,,,,NA25,85.16,1,1,85.16,NuPAGE MES SDS Running Buffer (20X) 500ml,C091,"réf LIFE Technologie
NP0002",
,NuPAGE MOPS SDS Running Buffer (20X) 500ml,"réf LIFE Technologie
NP0001",,,,NA25,,,,,,,,,,,,,,,,NA25,85.89,1,1,85.89,NuPAGE MOPS SDS Running Buffer (20X) 500ml,C092,"réf LIFE Technologie
NP0001",
,NuPAGE Sample Reducing Agent (10X) 250µl,"réf LIFE Technologie
NP0004",,,,NB22,,,,,,,,,,,,,,,,NB22,14.18,1,1,14.18,NuPAGE Sample Reducing Agent (10X) 250µl,C093,"réf LIFE Technologie
NP0004",
,NuPAGE Sample Reducing Agent (10X) 10ml,"réf LIFE Technologie
NP0009",,,,NB22,,,,,,,,,,,,,,,,NB22,92.26,1,1,92.26,NuPAGE Sample Reducing Agent (10X) 10ml,C096,"réf LIFE Technologie
NP0009",
,NuPAGE Transfert Buffer (20X) 125ml,"réf LIFE Technologie
NP0006",,,,NB22,,,,,,,,,,,,,,,,NB22,32.98,1,1,32.98,NuPAGE Transfert Buffer (20X) 125ml,C094,"réf LIFE Technologie
NP0006",
,NuPAGE LDS Sample Buffer (4X) 10ml,"réf LIFE Technologie
NP0007",,,,NB22,,,,,,,,,,,,,,,,NB22,22.77,1,1,22.77,NuPAGE LDS Sample Buffer (4X) 10ml,C095,"réf LIFE Technologie
NP0007",
,LANE MARKER Reducing Sample Buffer 5ml,"réf LIFE Technologie
39000",,,,NA25,,,,,,,,,,,,,,,,NA25,97.94,1,1,97.94,LANE MARKER Reducing Sample Buffer 5ml,C111,"réf LIFE Technologie
39000",
,PageBlue PROTEIN STAINING Solution 1000ml,Réf PIERCE 24620,,,,NA25,,,,,,,,,,,,,,,,NA25,137.12,1,1,137.12,PageBlue PROTEIN STAINING Solution 1000ml,C113,Réf PIERCE 24620,
,"NOVEX WedgeWell 10% Tris-Glycine Mini Gels, 10 well","réf LIFE Technologie
XP00100BOX",,,,NB22,,,,,,,,,,,,,,,,NB22,94.46,1X10,10,9.446,"NOVEX WedgeWell 10% Tris-Glycine Mini Gels, 10 well",C120,"réf LIFE Technologie
XP00100BOX",
,"NOVEX WedgeWell 4-12% Tris-Glycine Mini Gels, 10 well","réf LIFE Technologie
XP04120BOX",,,,NB22,,,,,,,,,,,,,,,,NB22,94.46,1X10,10,9.446,"NOVEX WedgeWell 4-12% Tris-Glycine Mini Gels, 10 well",C121,"réf LIFE Technologie
XP04120BOX",
,"NOVEX WedgeWell 4-20% Tris-Glycine Mini Gels, 10 well","réf LIFE Technologie
XP04200BOX",,,,NB22,,,,,,,,,,,,,,,,NB22,94.46,1X10,10,9.446,"NOVEX WedgeWell 4-20% Tris-Glycine Mini Gels, 10 well",C122,"réf LIFE Technologie
XP04200BOX",
,"NOVEX WedgeWell 4-20% Tris-Glycine Mini Gels, 12 well","réf LIFE Technologie
XP04202BOX",,,,NB22,,,,,,,,,,,,,,,,NB22,94.46,1X10,10,9.446,"NOVEX WedgeWell 4-20% Tris-Glycine Mini Gels, 12 well",C123,"réf LIFE Technologie
XP04202BOX",
,"NOVEX WedgeWell 4-20% Tris-Glycine Mini Gels, 15 well","réf LIFE Technologie
XP04205BOX",,,,NB22,,,,,,,,,,,,,,,,NB22,94.46,1X10,10,9.446,"NOVEX WedgeWell 4-20% Tris-Glycine Mini Gels, 15 well",C124,"réf LIFE Technologie
XP04205BOX",
,"Mini-PROTEAN TGX 10% Stain free, 10 well 50µl",réf BIORAD 4568034,,,,NA56,,,,,,,,,,,,,,,,NA56,111.07,1X10,10,11.107,"Mini-PROTEAN TGX 10% Stain free, 10 well 50µl",C102,réf BIORAD 4568034,
,"Mini-PROTEAN TGX 12% Stain free, 10 well 50µl",réf BIORAD 4568044,,,,NA56,,,,,,,,,,,,,,,,NA56,111.07,1X10,10,11.107,"Mini-PROTEAN TGX 12% Stain free, 10 well 50µl",C103,réf BIORAD 4568044,
,"Mini-PROTEAN TGX 12% Stain free, 15 well 15µl",réf BIORAD 4568046,,,,NA56,,,,,,,,,,,,,,,,NA56,111.07,1X10,10,11.107,"Mini-PROTEAN TGX 12% Stain free, 15 well 15µl",C104,réf BIORAD 4568046,
,"Mini-PROTEAN TGX 4-15% Stain free, 10 well 50µl",réf BIORAD 4568084,,,,NA56,,,,,,,,,,,,,,,,NA56,111.07,1X10,10,11.107,"Mini-PROTEAN TGX 4-15% Stain free, 10 well 50µl",C105,réf BIORAD 4568084,
,"Mini-PROTEAN TGX 4-20% Stain free, 10 well 50µl",réf BIORAD 4568094,,,,NA56,,,,,,,,,,,,,,,,NA56,111.07,1X10,10,11.107,"Mini-PROTEAN TGX 4-20% Stain free, 10 well 50µl",C106,réf BIORAD 4568094,
,"Mini-PROTEAN TGX 4-20% Stain free, 12 well 20µl",réf BIORAD 4568095,,,,NA56,,,,,,,,,,,,,,,,NA56,111.07,1X10,10,11.107,"Mini-PROTEAN TGX 4-20% Stain free, 12 well 20µl",C107,réf BIORAD 4568095,
,"Mini-PROTEAN TGX 4-20% Stain free, 15 well 15µl",réf BIORAD 4568096,,,,NA56,,,,,,,,,,,,,,,,NA56,111.07,1X10,10,11.107,"Mini-PROTEAN TGX 4-20% Stain free, 15 well 15µl",C108,réf BIORAD 4568096,
,Laemmli Sample Buffer (4X) 10ml,réf BIORAD 1610747,,,,NA25,,,,,,,,,,,,,,,,NA25,23.47,1,1,23.47,Laemmli Sample Buffer (4X) 10ml,C109,réf BIORAD 1610747,
,Laemmli Sample Buffer (2X) 30ml,réf BIORAD 1610737,,,,NA25,,,,,,,,,,,,,,,,NA25,68.16,1,1,68.16,Laemmli Sample Buffer (2X) 30ml,C109A,réf BIORAD 1610737,
,Native Sample Buffer 30ml,réf BIORAD 1610738,,,,NA25,,,,,,,,,,,,,,,,NA25,68.16,1,1,68.16,Native Sample Buffer 30ml,C110,réf BIORAD 1610738,
,ECL Standard Western Blotting for 2000cm2 KIT 250 (125ml de A - 125ml de B),Réf CYTIVA RPN2209,,,,NB23,,,,,,,,,,,,,,,,NB23,110.09,1,1,110.09,ECL Standard Western Blotting for 2000cm2 KIT 250 (125ml de A - 125ml de B),KB002,Réf CYTIVA RPN2209,
,ECL PRIME Western Blotting for 1000cm2 KIT 100ml (50ml de A - 50ml de B),Réf CYTIVA RPN2232,,,,NB23,,,,,,,,,,,,,,,,NB23,149.7,1,1,149.7,ECL PRIME Western Blotting for 1000cm2 KIT 100ml (50ml de A - 50ml de B),KB009,Réf CYTIVA RPN2232,
,ECL SELECT Western Blotting for 1000cm2 (KIT 100ml) Equivalent FEMTO - PIERCE,Réf CYTIVA RPN2235,,,,NB23,,,,,,,,,,,,,,,,NB23,210.9,1,1,210.9,ECL SELECT Western Blotting for 1000cm2 (KIT 100ml) Equivalent FEMTO - PIERCE,KB011,Réf CYTIVA RPN2235,
,ECL WESTERN BLOTTING Substrate 500ml reagents for 4000cm2,Réf THERMO 32106,,,,NB23,,,,,,,,,,,,,,,,NB23,274.12,1,1,274.12,ECL WESTERN BLOTTING Substrate 500ml reagents for 4000cm2,KB003,Réf THERMO 32106,
,ECL PLUS WESTERN BLOTTING 100ml reagents for 1000cm2,Réf THERMO 32132,,,,NB23,,,,,,,,,,,,,,,,NB23,237.28,1,1,237.28,ECL PLUS WESTERN BLOTTING 100ml reagents for 1000cm2,KB007,Réf THERMO 32132,
,Pierce SuperSignal WEST PICO Chemiluminescent Substrate 500ml (2 x 250ml),Réf THERMO 34580,,,,NB23,,,,,,,,,,,,,,,,NB23,219.14,1,1,219.14,Pierce SuperSignal WEST PICO Chemiluminescent Substrate 500ml (2 x 250ml),KB004,Réf THERMO 34580,
,Pierce SuperSignal WEST FEMTO Chemiluminescent Substrate 20ml,Réf THERMO 34094,,,,NB23,,,,,,,,,,,,,,,,NB23,127.44,1,1,127.44,Pierce SuperSignal WEST FEMTO Chemiluminescent Substrate 20ml,KB005,Réf THERMO 34094,
,Pierce SuperSignal WEST FEMTO Max Sensitivity Substrate 100ml,Réf THERMO 34095,,,,NB23,,,,,,,,,,,,,,,,NB23,422.25,1,1,422.25,Pierce SuperSignal WEST FEMTO Max Sensitivity Substrate 100ml,KB006,Réf THERMO 34095,
,INHIBITEUR de PROTEASES Complete (1x20 tablets),"Réf ROCHE
11836145001",,,,NA28,,,,,,,,,,,,,,,,NA28,264.29,1x20,20,13.2145,INHIBITEUR de PROTEASES Complete (1x20 tablets),C097,"Réf ROCHE
11836145001",
,"INHIBITEUR de PROTEASES Complete, EDTA-free (1x20 tablets)","Réf ROCHE
05056489001",,,,NA28,,,,,,,,,,,,,,,,NA28,253.32,1x20,20,12.666,"INHIBITEUR de PROTEASES Complete, EDTA-free (1x20 tablets)",C098,"Réf ROCHE
05056489001",
,"INHIBITEUR de PROTEASES Complete, Mini, EDTA-free (1x25 tablets)","Réf ROCHE
11836170001",,,,NA28,,,,,,,,,,,,,,,,NA28,152.88,1x25,25,6.1152,"INHIBITEUR de PROTEASES Complete, Mini, EDTA-free (1x25 tablets)",C099,"Réf ROCHE
11836170001",
,PhosSTOP (20 Tablets),"Réf ROCHE
04906837001",,,,NA28,,,,,,,,,,,,,,,,NA28,260.35,1x20,20,13.0175,PhosSTOP (20 Tablets),C100,"Réf ROCHE
04906837001",
,PIERCE PROTEIN A/G MAGNETIC BEADS 1ml,Réf THERMO 88802,,,,NA56,,,,,,,,,,,,,,,,NA56,229.68,1,1,229.68,PIERCE PROTEIN A/G MAGNETIC BEADS 1ml,C111A,Réf THERMO 88802,
,PIERCE PROTEIN A/G MAGNETIC BEADS 5ml,Réf THERMO 88803,,,,NA56,,,,,,,,,,,,,,,,NA56,849.85,1,1,849.85,PIERCE PROTEIN A/G MAGNETIC BEADS 5ml,C112,Réf THERMO 88803,
,Goat ANTI-MOUSSE IgG (H+L) Preroxidase Conjugated 2ml,Réf THERMO 31430,,,,NA46,,,,,,,,,,,,,,,,NA46,353.81,1,1,353.81,Goat ANTI-MOUSSE IgG (H+L) Preroxidase Conjugated 2ml,C115,Réf THERMO 31430,
,Goat ANTI-RABBIT IgG (H+L) Preroxidase Conjugated 2ml,Réf THERMO 31460,,,,NA46,,,,,,,,,,,,,,,,NA46,302.68,1,1,302.68,Goat ANTI-RABBIT IgG (H+L) Preroxidase Conjugated 2ml,C116,Réf THERMO 31460,
,"Mix2Seq Kit ""EUROFINS"" (SmartSeq KIT - 96 individuals pre-labelled tubes)",EUROFINS,,,,NE02,,,,,,,,,,,,,,,,NE02,304.95,1x96,96,3.176562,"Mix2Seq Kit ""EUROFINS"" (SmartSeq KIT - 96 individuals pre-labelled tubes)",B1097,EUROFINS,
,"Custom DNA Sequencing ""GATC"" SUPREMERun tube / Barcode",EUROFINS,,,,NE02,,,,,,,,,,,,,,,,NE02,3.42,1,1,3.42,"Custom DNA Sequencing ""GATC"" SUPREMERun tube / Barcode",B1095,EUROFINS,
,"Custom DNA Sequencing ""GATC"" LIGHTRun Tube / Barcode",EUROFINS,,,,NE02,,,,,,,,,,,,,,,,NE02,3.32,1,1,3.32,"Custom DNA Sequencing ""GATC"" LIGHTRun Tube / Barcode",B1096,EUROFINS,
,QIAFILTER Plasmid MAXI Kit (25 preps),QIAGEN Réf 12163,,,,NA52,,,,,,,,,,,,,,,,NA52,535.18,1,1,535.18,QIAFILTER Plasmid MAXI Kit (25 preps),C0531,QIAGEN Réf 12163,
,NUCLEOBOND Xtra MAXI Plus (10 preps) Kit complet avec tampons,Réf MN 740416.10,,,,NA52,,,,,,,,,,,,,,,,NA52,152.37,1,1,152.37,NUCLEOBOND Xtra MAXI Plus (10 preps) Kit complet avec tampons,G4300,Réf MN 740416.10,
,NUCLEOBOND Xtra MAXI Plus (50 preps) Kit complet avec tampons.,Réf MN 740416.50,,,,NA52,,,,,,,,,,,,,,,,NA52,757.77,1,1,757.77,NUCLEOBOND Xtra MAXI Plus (50 preps) Kit complet avec tampons.,G4350,Réf MN 740416.50,
,NucleoBond XTRA Buffer Set I (Pour 12 Xtra Maxipreps ou 18 Midipreps),Réf MN 740417,,,,NA52,,,,,,,,,,,,,,,,NA52,52.43,1,1,52.43,NucleoBond XTRA Buffer Set I (Pour 12 Xtra Maxipreps ou 18 Midipreps),G4301,Réf MN 740417,
,Xtra Maxi Prep ENDO-FREE (10 preps) Kit complet avec tampons EF,Réf MN 740424.10,,,,NA52,,,,,,,,,,,,,,,,NA52,244.28,1,1,244.28,Xtra Maxi Prep ENDO-FREE (10 preps) Kit complet avec tampons EF,G4330,Réf MN 740424.10,
,QIAFILTER Plasmid MIDI Kit (25 preps),QIAGEN Réf 12243,,,,NA52,,,,,,,,,,,,,,,,NA52,310.19,1,1,310.19,QIAFILTER Plasmid MIDI Kit (25 preps),C0532,QIAGEN Réf 12243,
,NUCLEOBOND Xtra MIDI Plus (10 preps),Réf MN 740412.10,,,,NA52,,,,,,,,,,,,,,,,NA52,84.64,1,1,84.64,NUCLEOBOND Xtra MIDI Plus (10 preps),G4100,Réf MN 740412.10,
,NUCLEOBOND Xtra MIDI Plus (50 preps) Kit complet avec tampons,Réf MN 740412.50,,,,NA52,,,,,,,,,,,,,,,,NA52,390.34,1,1,390.34,NUCLEOBOND Xtra MIDI Plus (50 preps) Kit complet avec tampons,G4150,Réf MN 740412.50,
,NUCLEOBOND Xtra MIDI (100 preps) Kit complet avec tampons.,Réf MN 740410.100,,,,NA52,,,,,,,,,,,,,,,,NA52,598.77,1,1,598.77,NUCLEOBOND Xtra MIDI (100 preps) Kit complet avec tampons.,G4160,Réf MN 740410.100,
,QIAPREP Spin MINIPREP Kit (50 preps),QIAGEN Réf 27104,,,,NA52,,,,,,,,,,,,,,,,NA52,103.39,1,1,103.39,QIAPREP Spin MINIPREP Kit (50 preps),C0535,QIAGEN Réf 27104,
,QIAPREP Spin MINIPREP Kit (250 preps),QIAGEN Réf 27106,,,,NA52,,,,,,,,,,,,,,,,NA52,452.85,1,1,452.85,QIAPREP Spin MINIPREP Kit (250 preps),C0537,QIAGEN Réf 27106,
,NUCLEOSPIN Plasmind Kit de Tampon I,Réf MN 740953,,,,NA52,,,,,,,,,,,,,,,,NA52,43.66,1,1,43.66,NUCLEOSPIN Plasmind Kit de Tampon I,G4001,Réf MN 740953,
,NUCLEOSPIN Plasmind COLUMNS (50 colonnes),Réf MN 740588.50S,,,,NB11,,,,,,,,,,,,,,,,NB11,34.99,1,1,34.99,NUCLEOSPIN Plasmind COLUMNS (50 colonnes),G4002,Réf MN 740588.50S,
,NUCLEOSPIN Plasmind COLUMNS (250 colonnes),Réf MN 740588.250S,,,,NB11,,,,,,,,,,,,,,,,NB11,156.76,1,1,156.76,NUCLEOSPIN Plasmind COLUMNS (250 colonnes),G4003,Réf MN 740588.250S,
,QIAQUICK Gel EXTRACTION Kit (50 preps),QIAGEN Réf 28704,,,,NA52,,,,,,,,,,,,,,,,NA52,133.03,1,1,133.03,QIAQUICK Gel EXTRACTION Kit (50 preps),C0534,QIAGEN Réf 28704,
,NUCLEOSPIN GEL & PCR Clean-up (50 preps) Kit complet avec tampons,Réf MN 740609.50,,,,NA52,,,,,,,,,,,,,,,,NA52,75.81,1,1,75.81,NUCLEOSPIN GEL & PCR Clean-up (50 preps) Kit complet avec tampons,G4200,Réf MN 740609.50,
,NUCLEOSPIN GEL & PCR Clean-up (250 preps) Kit complet avec tampons,Réf MN 740609.250,,,,NA52,,,,,,,,,,,,,,,,NA52,329.03,1,1,329.03,NUCLEOSPIN GEL & PCR Clean-up (250 preps) Kit complet avec tampons,G4250,Réf MN 740609.250,
,"NUCLEOSPIN GEL & PCR Clean-Up (Extract II), COLUMNS (50 colonnes)",Réf MN 740609.50S,,,,NB11,,,,,,,,,,,,,,,,NB11,44.89,1,1,44.89,"NUCLEOSPIN GEL & PCR Clean-Up (Extract II), COLUMNS (50 colonnes)",G4202,Réf MN 740609.50S,
,NUCLEOSPIN GEL & PCR Clean-Up COLUMNS (250 colonnes),Réf MN 740609.250S,,,,NB11,,,,,,,,,,,,,,,,NB11,201.91,1,1,201.91,NUCLEOSPIN GEL & PCR Clean-Up COLUMNS (250 colonnes),G4203,Réf MN 740609.250S,
,NUCLEOSPIN RNA (250 preps),Réf MN 740955.250,,,,NA52,,,,,,,,,,,,,,,,NA52,958.16,1,1,958.16,NUCLEOSPIN RNA (250 preps),G4405,Réf MN 740955.250,
,NUCLEOSPIN RNA PLUS (50 preps),Réf MN 740984.50,,,,NA52,,,,,,,,,,,,,,,,NA52,247.17,1,1,247.17,NUCLEOSPIN RNA PLUS (50 preps),G4406,Réf MN 740984.50,
,NUCLEOSPIN RNA VIRUS (50 preps),Réf MN 740956.50,,,,NA52,,,,,,,,,,,,,,,,NA52,180.1,1,1,180.1,NUCLEOSPIN RNA VIRUS (50 preps),G4407,Réf MN 740956.50,
,NUCLEOSPIN RNA COLUMNS (50 colonnes),Réf MN 740955.50S,,,,NA52,,,,,,,,,,,,,,,,NA52,131.61,1,1,131.61,NUCLEOSPIN RNA COLUMNS (50 colonnes),G4402,Réf MN 740955.50S,
,LOOKOUT MYCOPLASMA PCR DETECTION KIT,SIGMA / MERCK,,,,NA52,,,,,,,,,,,,,,,,NA52,268.44,1,1,268.44,LOOKOUT MYCOPLASMA PCR DETECTION KIT,C10KT,SIGMA / MERCK,
,REDEXTRACT-N-AMP Tissue PCR Kit,SIGMA / MERCK,,,,NA52,,,,,,,,,,,,,,,,NA52,284.87,1,1,284.87,REDEXTRACT-N-AMP Tissue PCR Kit,C30KT,SIGMA / MERCK,
,TISSUE PREPARATION SOLUTION 30ml,SIGMA / MERCK,,,,NA52,,,,,,,,,,,,,,,,NA52,277.88,1,1,277.88,TISSUE PREPARATION SOLUTION 30ml,C40KT,SIGMA / MERCK,
,"REDEXTRACT-N-AMP PCR Ready MIX 1,2ml",SIGMA / MERCK,,,,NA52,,,,,,,,,,,,,,,,NA52,126.76,1,1,126.76,"REDEXTRACT-N-AMP PCR Ready MIX 1,2ml",C50KT,SIGMA / MERCK,
,TRI-REAGENT RNA Extraction reagent (Equivalent TRIZOL) 100ml,EUROMEDEX,,,,NA52,,,,,,,,,,,,,,,,NA52,135.52,1,1,135.52,TRI-REAGENT RNA Extraction reagent (Equivalent TRIZOL) 100ml,KBM546,EUROMEDEX,
,WIZARD SV GEL & PCR Clean-Up System (50 preps),PROMEGA,,,,NA52,,,,,,,,,,,,,,,,NA52,106.57,1,1,106.57,WIZARD SV GEL & PCR Clean-Up System (50 preps),A9281,PROMEGA,
,Rneasy Mini Kit (50 preps),QIAGEN Réf 74104,,,,NA52,,,,,,,,,,,,,,,,NA52,365.28,1,1,365.28,Rneasy Mini Kit (50 preps),C0539,QIAGEN Réf 74104,
,LightCycler SYBR Green Master 5ml,ROCHE,,,,NA31,,,,,,,,,,,,,,,,NA31,180.04,1,1,180.04,LightCycler SYBR Green Master 5ml,KBM538,ROCHE,
,POWER SYBR Green PCR Master Mix (5ml),LIFE TECHNOLOGIE,,,,NA31,,,,,,,,,,,,,,,,NA31,345.49,1,1,345.49,POWER SYBR Green PCR Master Mix (5ml),KBM5372,LIFE TECHNOLOGIE,
,T4 DNA LIGASE (100u),LIFE Technologie,,,,NA54,,,,,,,,,,,,,,,,NA54,27.37,1,1,27.37,T4 DNA LIGASE (100u),EM004,LIFE Technologie,
,T4 DNA LIGASE (20 000u),BIOLABS,,,,NA54,,,,,,,,,,,,,,,,NA54,59.39,1,1,59.39,T4 DNA LIGASE (20 000u),M0202S,BIOLABS,
,"DNase I recombinant, RNase free solution (10 000u)",ROCHE,,,,NA54,,,,,,,,,,,,,,,,NA54,192.81,1,1,192.81,"DNase I recombinant, RNase free solution (10 000u)",EM0022,ROCHE,
,DNase I (RNase-free) (1 000u),BIOLABS,,,,NA54,,,,,,,,,,,,,,,,NA54,65.81,1,1,65.81,DNase I (RNase-free) (1 000u),M0303S,BIOLABS,
,DNase I 100mg (2 X 10 000u),ROCHE,,,,NA54,,,,,,,,,,,,,,,,NA54,96.81,1,1,96.81,DNase I 100mg (2 X 10 000u),EM0012,ROCHE,
,"PHOSPHATASE, ALKALINE (AP) MB Grade 20u/µl (1000u)",ROCHE,,,,NA54,,,,,,,,,,,,,,,,NA54,81.79,1,1,81.79,"PHOSPHATASE, ALKALINE (AP) MB Grade 20u/µl (1000u)",EM0053,ROCHE,
,QUICK CIP (1000u) Remplace M0290S PHOSPHATASE ALCALINE (CALF) 10u/µl (1000u),BIOLABS,,,,NA54,,,,,,,,,,,,,,,,NA54,85.07,1,1,85.07,QUICK CIP (1000u) Remplace M0290S PHOSPHATASE ALCALINE (CALF) 10u/µl (1000u),M0525S,BIOLABS,
,CALF INTESTINAL ALKALINE PHOSPHATASE 20u/µl (1000u),LIFE Technologie,,,,NA54,,,,,,,,,,,,,,,,NA54,78.22,1,1,78.22,CALF INTESTINAL ALKALINE PHOSPHATASE 20u/µl (1000u),EM0051,LIFE Technologie,
,T4 POLYNUCLEOTIDE KINASE (500u),BIOLABS,,,,NA54,,,,,,,,,,,,,,,,NA54,53.93,1,1,53.93,T4 POLYNUCLEOTIDE KINASE (500u),M0201S,BIOLABS,
,NEBuilder Hifi DNA Assembly Master Mix (10 rxn),BIOLABS,,,,NA54,,,,,,,,,,,,,,,,NA54,162.52,1,1,162.52,NEBuilder Hifi DNA Assembly Master Mix (10 rxn),E2621S,BIOLABS,
,"PROTEINASE K, Recombinant, PCR Grade Lyophilizate 100mg",ROCHE,,,,NA54,,,,,,,,,,,,,,,,NA54,70.49,1,1,70.49,"PROTEINASE K, Recombinant, PCR Grade Lyophilizate 100mg",EM0082,ROCHE,
,PROTEINASE K 100mg,PROMEGA,,,,NA54,,,,,,,,,,,,,,,,NA54,128.39,1,1,128.39,PROTEINASE K 100mg,EM0082C,PROMEGA,
,PROTEINASE K (1 600u),BIOLABS,,,,NA54,,,,,,,,,,,,,,,,NA54,83.03,1,1,83.03,PROTEINASE K (1 600u),P8107S,BIOLABS,
,RNase A 100mg,ROCHE,,,,NA54,,,,,,,,,,,,,,,,NA54,89.56,1,1,89.56,RNase A 100mg,EM0092,ROCHE,
,QUICK LIGATION KIT 30 Réactions,BIOLABS,,,,NA54,,,,,,,,,,,,,,,,NA54,97.58,1,1,97.58,QUICK LIGATION KIT 30 Réactions,M2200S,BIOLABS,
,TAQ DNA POLYMERASE (400u) (Tampon + MgSO4),BIOLABS,,,,NA55,,,,,,,,,,,,,,,,NA55,47.99,1,1,47.99,TAQ DNA POLYMERASE (400u) (Tampon + MgSO4),M0267S,BIOLABS,
,PLATINIUM TAQ DNA POLYMERASE (100 Réactions),LIFE Technologie,,,,NA55,,,,,,,,,,,,,,,,NA55,78.57,1,1,78.57,PLATINIUM TAQ DNA POLYMERASE (100 Réactions),EM0031,LIFE Technologie,
,GoTAQ G2 POLYMERASE (500u),PROMEGA,,,,NA55,,,,,,,,,,,,,,,,NA55,91.38,1,1,91.38,GoTAQ G2 POLYMERASE (500u),EM0025,PROMEGA,
,GoTAQ qPCR Master Mix 5ml,PROMEGA,,,,NA55,,,,,,,,,,,,,,,,NA55,126.74,1,1,126.74,GoTAQ qPCR Master Mix 5ml,EM0024,PROMEGA,
,TAQ POLYMERASE (500u),LIFE Technologie,,,,NA55,,,,,,,,,,,,,,,,NA55,150.15,1,1,150.15,TAQ POLYMERASE (500u),EM003,LIFE Technologie,
,TAQ DNA POLYMERASE (400u) (Tampon + MgCL2),BIOLABS,,,,NA55,,,,,,,,,,,,,,,,NA55,47.99,1,1,47.99,TAQ DNA POLYMERASE (400u) (Tampon + MgCL2),M0273S,BIOLABS,
,VENT DNA POLYMERASE (200u),BIOLABS,,,,NA55,,,,,,,,,,,,,,,,NA55,63.67,1,1,63.67,VENT DNA POLYMERASE (200u),M0254S,BIOLABS,
,DNA POLYMERASE I (500u),BIOLABS,,,,NA55,,,,,,,,,,,,,,,,NA55,65.81,1,1,65.81,DNA POLYMERASE I (500u),M0209S,BIOLABS,
,DNA POLYMERASE I Lg Fragm KLENOW (200u),BIOLABS,,,,NA55,,,,,,,,,,,,,,,,NA55,59.39,1,1,59.39,DNA POLYMERASE I Lg Fragm KLENOW (200u),M0210S,BIOLABS,
,T4 DNA POLYMERASE (150u),BIOLABS,,,,NA55,,,,,,,,,,,,,,,,NA55,64.2,1,1,64.2,T4 DNA POLYMERASE (150u),M0203S,BIOLABS,
,T7 RNA POLYMÉRASE (5 000u),BIOLABS,,,,NA55,,,,,,,,,,,,,,,,NA55,65.06,1,1,65.06,T7 RNA POLYMÉRASE (5 000u),M0251S,BIOLABS,
,T7 Endonuclease I (250u),BIOLABS,,,,NA55,,,,,,,,,,,,,,,,NA55,75.49,1,1,75.49,T7 Endonuclease I (250u),M0302S,BIOLABS,
,PFU DNA POLYMERASE (100u),PROMEGA,,,,NA55,,,,,,,,,,,,,,,,NA55,132.57,1,1,132.57,PFU DNA POLYMERASE (100u),M7741,PROMEGA,
,PHUSION HIGH FIDELITY DNA POLYMERASE (100u),LIFE Technologie,,,,NA55,,,,,,,,,,,,,,,,NA55,72.88,1,1,72.88,PHUSION HIGH FIDELITY DNA POLYMERASE (100u),F0530S,LIFE Technologie,
,PHUSION HIGH FIDELITY DNA POLYMERASE (100u),BIOLABS,,,,NA55,,,,,,,,,,,,,,,,NA55,89.13,1,1,89.13,PHUSION HIGH FIDELITY DNA POLYMERASE (100u),M0530S,BIOLABS,
,PHUSION Hot Start Flex 2X Master Mix (100rxn),BIOLABS,,,,NA55,,,,,,,,,,,,,,,,NA55,198.29,1,1,198.29,PHUSION Hot Start Flex 2X Master Mix (100rxn),M0536S,BIOLABS,
,Q5 HIGH FIDELITY DNA POLYMERASE (100u),BIOLABS,,,,NA55,,,,,,,,,,,,,,,,NA55,85.39,1,1,85.39,Q5 HIGH FIDELITY DNA POLYMERASE (100u),M0491S,BIOLABS,
,AccuPrime PFX DNA Polymerase (200 réactions),LIFE Technologie,,,,NA55,,,,,,,,,,,,,,,,NA55,368.41,1,1,368.41,AccuPrime PFX DNA Polymerase (200 réactions),EM007,LIFE Technologie,
,ProtoSCRIPT II REVERSE TRANSCRIPTASE (10 000u),BIOLABS,,,,NA55,,,,,,,,,,,,,,,,NA55,160.93,1,1,160.93,ProtoSCRIPT II REVERSE TRANSCRIPTASE (10 000u),M0368L,BIOLABS,
,SUPERSCRIPT II REVERSE TRANSCRIPTASE (10 000u),LIFE Technologie,,,,NA55,,,,,,,,,,,,,,,,NA55,190.25,1,1,190.25,SUPERSCRIPT II REVERSE TRANSCRIPTASE (10 000u),EM009,LIFE Technologie,
,SUPERSCRIPT III REVERSE TRANSCRIPTASE (2 000u),LIFE Technologie,,,,NA55,,,,,,,,,,,,,,,,NA55,105.07,1,1,105.07,SUPERSCRIPT III REVERSE TRANSCRIPTASE (2 000u),EM0093,LIFE Technologie,
,SUPERSCRIPT III VILO (50 réactions),LIFE Technologie,,,,NA55,,,,,,,,,,,,,,,,NA55,684.97,1,1,684.97,SUPERSCRIPT III VILO (50 réactions),EM0094,LIFE Technologie,
,SUPERSCRIPT IV REVERSE TRANSCRIPTASE (10 000u),LIFE Technologie,,,,NA55,,,,,,,,,,,,,,,,NA55,357.01,1,1,357.01,SUPERSCRIPT IV REVERSE TRANSCRIPTASE (10 000u),EM0097,LIFE Technologie,
,M-MLV REVERSE TRANSCRIPTASE (40 000u),LIFE Technologie,,,,NA55,,,,,,,,,,,,,,,,NA55,188.58,1,1,188.58,M-MLV REVERSE TRANSCRIPTASE (40 000u),EM008,LIFE Technologie,
,pGEM-T Easy Vector System I (20 réact),PROMEGA,,,,NA55,,,,,,,,,,,,,,,,NA55,202.29,1,1,202.29,pGEM-T Easy Vector System I (20 réact),A1360,PROMEGA,
,AAT I (500u),BIOLABS,,,,NA53,,,,,,,,,,,,,,,,NA53,59.39,1,1,59.39,AAT I (500u),R0117S,BIOLABS,
,ACC I (1 000u),BIOLABS,,,,NA53,,,,,,,,,,,,,,,,NA53,69.82,1,1,69.82,ACC I (1 000u),R0161S,BIOLABS,
,AGE I (300u) HF Haute Fidélité,BIOLABS,,,,NA53,,,,,,,,,,,,,,,,NA53,68.21,1,1,68.21,AGE I (300u) HF Haute Fidélité,R0552S,BIOLABS,
,APA I (5 000u),BIOLABS,,,,NA53,,,,,,,,,,,,,,,,NA53,67.41,1,1,67.41,APA I (5 000u),R0114S,BIOLABS,
,AVA I (2 000u),BIOLABS,,,,NA53,,,,,,,,,,,,,,,,NA53,63.4,1,1,63.4,AVA I (2 000u),R0152S,BIOLABS,
,AVA II (2 000u),BIOLABS,,,,NA53,,,,,,,,,,,,,,,,NA53,63.4,1,1,63.4,AVA II (2 000u),R0153S,BIOLABS,
,BAM HI (10 000u) HF Haute Fidélité,BIOLABS,,,,NA53,,,,,,,,,,,,,,,,NA53,48.15,1,1,48.15,BAM HI (10 000u) HF Haute Fidélité,R0136S,BIOLABS,
,BCL I (3 000u),BIOLABS,,,,NA53,,,,,,,,,,,,,,,,NA53,57.78,1,1,57.78,BCL I (3 000u),R0160S,BIOLABS,
,BGL II (2 000u),BIOLABS,,,,NA53,,,,,,,,,,,,,,,,NA53,57.78,1,1,57.78,BGL II (2 000u),R0144S,BIOLABS,
,BSM I (500u),BIOLABS,,,,NA53,,,,,,,,,,,,,,,,NA53,65.81,1,1,65.81,BSM I (500u),R0134S,BIOLABS,
,CLA I (1 000u),BIOLABS,,,,NA53,,,,,,,,,,,,,,,,NA53,63.4,1,1,63.4,CLA I (1 000u),R0197S,BIOLABS,
,DPN I (1 000u),BIOLABS,,,,NA53,,,,,,,,,,,,,,,,NA53,61.79,1,1,61.79,DPN I (1 000u),R0176S,BIOLABS,
,ECO RI (10 000u) HF Haute Fidélité,BIOLABS,,,,NA53,,,,,,,,,,,,,,,,NA53,48.15,1,1,48.15,ECO RI (10 000u) HF Haute Fidélité,R0101S,BIOLABS,
,ECO RV (4 000u) HF Haute Fidélité,BIOLABS,,,,NA53,,,,,,,,,,,,,,,,NA53,55.37,1,1,55.37,ECO RV (4 000u) HF Haute Fidélité,R0195S,BIOLABS,
,HINC II (1 000u),BIOLABS,,,,NA53,,,,,,,,,,,,,,,,NA53,60.19,1,1,60.19,HINC II (1 000u),R0103S,BIOLABS,
,HIND III (10 000u),BIOLABS,,,,NA53,,,,,,,,,,,,,,,,NA53,48.15,1,1,48.15,HIND III (10 000u),R0104S,BIOLABS,
,HPA I (500u),BIOLABS,,,,NA53,,,,,,,,,,,,,,,,NA53,59.39,1,1,59.39,HPA I (500u),R0105S,BIOLABS,
,KPN I (4 000u) HF Haute Fidélité,BIOLABS,,,,NA53,,,,,,,,,,,,,,,,NA53,58.58,1,1,58.58,KPN I (4 000u) HF Haute Fidélité,R0142S,BIOLABS,
,MLU I (1 000u) HF Haute Fidélité,BIOLABS,,,,NA53,,,,,,,,,,,,,,,,NA53,63.4,1,1,63.4,MLU I (1 000u) HF Haute Fidélité,R0198S,BIOLABS,
,NCO I (1 000u) HF Haute Fidélité,BIOLABS,,,,NA53,,,,,,,,,,,,,,,,NA53,60.19,1,1,60.19,NCO I (1 000u) HF Haute Fidélité,R0193S,BIOLABS,
,NDE I (4 000u),BIOLABS,,,,NA53,,,,,,,,,,,,,,,,NA53,63.4,1,1,63.4,NDE I (4 000u),R0111S,BIOLABS,
,NHE I (1 000u) HF Haute Fidélité,BIOLABS,,,,NA53,,,,,,,,,,,,,,,,NA53,65.0,1,1,65.0,NHE I (1 000u) HF Haute Fidélité,R0131S,BIOLABS,
,NOT I (500u),BIOLABS,,,,NA53,,,,,,,,,,,,,,,,NA53,63.67,1,1,63.67,NOT I (500u),R0189S,BIOLABS,
,NOT I (500u) HF Haute Fidélité,BIOLABS,,,,NA53,,,,,,,,,,,,,,,,NA53,63.67,1,1,63.67,NOT I (500u) HF Haute Fidélité,R3189S,BIOLABS,
,NRU I (1 000u) HF Haute Fidélité,BIOLABS,,,,NA53,,,,,,,,,,,,,,,,NA53,57.78,1,1,57.78,NRU I (1 000u) HF Haute Fidélité,R0192S,BIOLABS,
,PAC I (250u),BIOLABS,,,,NA53,,,,,,,,,,,,,,,,NA53,66.61,1,1,66.61,PAC I (250u),R0547S,BIOLABS,
,PST I (10 000u),BIOLABS,,,,NA53,,,,,,,,,,,,,,,,NA53,61.79,1,1,61.79,PST I (10 000u),R0140S,BIOLABS,
,PST I (10 000u) HF Haute Fidélité,BIOLABS,,,,NA53,,,,,,,,,,,,,,,,NA53,61.79,1,1,61.79,PST I (10 000u) HF Haute Fidélité,R3140S,BIOLABS,
,PVU I (500u) HF Haute Fidélité,BIOLABS,,,,NA53,,,,,,,,,,,,,,,,NA53,66.61,1,1,66.61,PVU I (500u) HF Haute Fidélité,R0150S,BIOLABS,
,PVU II (5 000u),BIOLABS,,,,NA53,,,,,,,,,,,,,,,,NA53,57.78,1,1,57.78,PVU II (5 000u),R0151S,BIOLABS,
,SAC I (2 000u) HF Haute Fidélité,BIOLABS,,,,NA53,,,,,,,,,,,,,,,,NA53,57.78,1,1,57.78,SAC I (2 000u) HF Haute Fidélité,R0156S,BIOLABS,
,SAC II (2 000u),BIOLABS,,,,NA53,,,,,,,,,,,,,,,,NA53,60.19,1,1,60.19,SAC II (2 000u),R0157S,BIOLABS,
,SAL I (2 000u) HF Haute Fidélité,BIOLABS,,,,NA53,,,,,,,,,,,,,,,,NA53,56.98,1,1,56.98,SAL I (2 000u) HF Haute Fidélité,R0138S,BIOLABS,
,SCA I (1 000u) HF Haute Fidélité,BIOLABS,,,,NA53,,,,,,,,,,,,,,,,NA53,63.4,1,1,63.4,SCA I (1 000u) HF Haute Fidélité,R0122S,BIOLABS,
,SMA I (2 000u),BIOLABS,,,,NA53,,,,,,,,,,,,,,,,NA53,56.18,1,1,56.18,SMA I (2 000u),R0141S,BIOLABS,
,SPE I (500u) HF Haute Fidélité,BIOLABS,,,,NA53,,,,,,,,,,,,,,,,NA53,63.4,1,1,63.4,SPE I (500u) HF Haute Fidélité,R0133S,BIOLABS,
,SPH I (500u) HF Haute Fidélité,BIOLABS,,,,NA53,,,,,,,,,,,,,,,,NA53,61.79,1,1,61.79,SPH I (500u) HF Haute Fidélité,R0182S,BIOLABS,
,SSP I (1 000u) HF Haute Fidélité,BIOLABS,,,,NA53,,,,,,,,,,,,,,,,NA53,67.41,1,1,67.41,SSP I (1 000u) HF Haute Fidélité,R0132S,BIOLABS,
,XBA I (3 000u),BIOLABS,,,,NA53,,,,,,,,,,,,,,,,NA53,63.4,1,1,63.4,XBA I (3 000u),R0145S,BIOLABS,
,XHO I (5 000u),BIOLABS,,,,NA53,,,,,,,,,,,,,,,,NA53,63.4,1,1,63.4,XHO I (5 000u),R0146S,BIOLABS,
,XMA I (500u),BIOLABS,,,,NA53,,,,,,,,,,,,,,,,NA53,65.0,1,1,65.0,XMA I (500u),R0180S,BIOLABS,
,XMN I (1 000u),BIOLABS,,,,NA53,,,,,,,,,,,,,,,,NA53,60.19,1,1,60.19,XMN I (1 000u),R0194S,BIOLABS,
,dNTP set 100 mM/4x25 µmol,PROMEGA,,,,NA55,,,,,,,,,,,,,,,,NA55,79.2,1,1,79.2,dNTP set 100 mM/4x25 µmol,NU005,PROMEGA,
,PCR Nucléotide Mix 200 µl,ROCHE,,,,NA55,,,,,,,,,,,,,,,,NA55,34.2,1,1,34.2,PCR Nucléotide Mix 200 µl,NU008,ROCHE,
,100mM dNTP Set (4x25µmol),LIFE Technologie,,,,NA55,,,,,,,,,,,,,,,,NA55,115.37,1,1,115.37,100mM dNTP Set (4x25µmol),NU007,LIFE Technologie,
,1Kb PLUS DNA Ladder (250µg),LIFE Technologie,,,,NA31,,,,,,,,,,,,,,,,NA31,166.68,1,1,166.68,1Kb PLUS DNA Ladder (250µg),PM001,LIFE Technologie,
,1Kb DNA Ladder (100µg ),BIOLABS,,,,NA31,,,,,,,,,,,,,,,,NA31,48.15,1,1,48.15,1Kb DNA Ladder (100µg ),N3232S,BIOLABS,
,100bp DNA Ladder (50µg ),BIOLABS,,,,NA31,,,,,,,,,,,,,,,,NA31,50.18,1,1,50.18,100bp DNA Ladder (50µg ),N3231S,BIOLABS,
,"Blue Protein Standard, Broad Range (100rxns) Remplace P7706S",BIOLABS,,,,NA31,,,,,,,,,,,,,,,,NA31,151.89,1,1,151.89,"Blue Protein Standard, Broad Range (100rxns) Remplace P7706S",P7718S,BIOLABS,
,PageRuler PLUS Prestained Protein Ladder (10-250Kda) (2x250µl),réf THERMO 26619,,,,NA31,,,,,,,,,,,,,,,,NA31,151.59,1,1,151.59,PageRuler PLUS Prestained Protein Ladder (10-250Kda) (2x250µl),PM017,réf THERMO 26619,
,PageRuler Prestained Protein Ladder (10-170Kda) (2x250µl),réf THERMO 26616,,,,NA31,,,,,,,,,,,,,,,,NA31,150.7,1,1,150.7,PageRuler Prestained Protein Ladder (10-170Kda) (2x250µl),PM018,réf THERMO 26616,
,SeeBlue Plus2 Pre-Standard 500µl,LIFE Technologie,,,,NA31,,,,,,,,,,,,,,,,NA31,211.97,1,1,211.97,SeeBlue Plus2 Pre-Standard 500µl,PM008,LIFE Technologie,
,Recombinant Rnasin (2 500u),PROMEGA,,,,NA54,,,,,,,,,,,,,,,,NA54,80.79,1,1,80.79,Recombinant Rnasin (2 500u),R001,PROMEGA,
,RNaseOUT Recombinant Ribonuclease Inhibitor (5 000u),LIFE Technologie,,,,NA54,,,,,,,,,,,,,,,,NA54,98.64,1,1,98.64,RNaseOUT Recombinant Ribonuclease Inhibitor (5 000u),R002,LIFE Technologie,
,"Rnase Inhibitor, Human placenta (2 000u)",BIOLABS,,,,NA54,,,,,,,,,,,,,,,,NA54,77.84,1,1,77.84,"Rnase Inhibitor, Human placenta (2 000u)",M0307S,BIOLABS,
,"MEM (1X), liquid, avec Earles salts, avec Glutamax I, 500ml","Réf LIFE Technologie
41090028",,,,NA71,,,,,,,,,,,,,,,,NA71,9.1,1,1,9.1,"MEM (1X), liquid, avec Earles salts, avec Glutamax I, 500ml",RCC101,"Réf LIFE Technologie
41090028",
,"MEM (100X), liquid, sans L-Glutamine 100ml","Réf LIFE Technologie
11140035",,,,NA71,,,,,,,,,,,,,,,,NA71,7.63,1,1,7.63,"MEM (100X), liquid, sans L-Glutamine 100ml",RCC102,"Réf LIFE Technologie
11140035",
,"D-MEM (1X), liquid (High Glucose), avec Glutamax I, avec Sodium Pyrivate, 500ml","Réf LIFE Technologie
31966021",,,,NA71,,,,,,,,,,,,,,,,NA71,8.09,1,1,8.09,"D-MEM (1X), liquid (High Glucose), avec Glutamax I, avec Sodium Pyrivate, 500ml",RCC111,"Réf LIFE Technologie
31966021",
,"D-MEM (1X), liquid (High Glucose), avec Glutamax I, sans Sodium Pyrivate, 500ml","Réf LIFE Technologie
61965026",,,,NA71,,,,,,,,,,,,,,,,NA71,6.88,1,1,6.88,"D-MEM (1X), liquid (High Glucose), avec Glutamax I, sans Sodium Pyrivate, 500ml",RCC112,"Réf LIFE Technologie
61965026",
,"D-MEM (1X), liquid (High Glucose), avec L-Glutamine, 4,5g/L glucose avec Sodium Pyrivate,
500ml","Réf LIFE Technologie
41966029",,,,NA71,,,,,,,,,,,,,,,,NA71,6.36,1,1,6.36,"D-MEM (1X), liquid (High Glucose), avec L-Glutamine, 4,5g/L glucose avec Sodium Pyrivate,
500ml",RCC113,"Réf LIFE Technologie
41966029",
,"D-MEM (1X), liquid (High Glucose), avec L-Glutamine, 4,5g/L glucose sans Sodium Pyrivate,
500ml","Réf LIFE Technologie
41965039",,,,NA71,,,,,,,,,,,,,,,,NA71,6.47,1,1,6.47,"D-MEM (1X), liquid (High Glucose), avec L-Glutamine, 4,5g/L glucose sans Sodium Pyrivate,
500ml",RCC116,"Réf LIFE Technologie
41965039",
,"D-MEM (1X), liquid (Low Glucose), avec L-Glutamine, 1g/L glucose avec Sodium Pyrivate,
500ml","Réf LIFE Technologie
31885023",,,,NA71,,,,,,,,,,,,,,,,NA71,6.35,1,1,6.35,"D-MEM (1X), liquid (Low Glucose), avec L-Glutamine, 1g/L glucose avec Sodium Pyrivate,
500ml",RCC114,"Réf LIFE Technologie
31885023",
,"D-MEM (1X), liquid (High Glucose), avec L-Glutamine, 4500mg/L D-glucose sans Sodium
Pyrivate, sans Rouge de phénol 500ml","Réf LIFE Technologie
21063029",,,,NA71,,,,,,,,,,,,,,,,NA71,8.56,1,1,8.56,"D-MEM (1X), liquid (High Glucose), avec L-Glutamine, 4500mg/L D-glucose sans Sodium
Pyrivate, sans Rouge de phénol 500ml",RCC118,"Réf LIFE Technologie
21063029",
,"D-MEM/F-12 (1:1) (1X), liquid avec Glutamax, 500ml","Réf LIFE Technologie
31331028",,,,NA71,,,,,,,,,,,,,,,,NA71,12.71,1,1,12.71,"D-MEM/F-12 (1:1) (1X), liquid avec Glutamax, 500ml",RCC115,"Réf LIFE Technologie
31331028",
,"D-MEM/F-12 (1:1) (1X), liquid sans L-Glutamine, 500ml","Réf LIFE Technologie
21331020",,,,NA71,,,,,,,,,,,,,,,,NA71,11.3,1,1,11.3,"D-MEM/F-12 (1:1) (1X), liquid sans L-Glutamine, 500ml",RCC117,"Réf LIFE Technologie
21331020",
,"RPMI 1640 Medium (1X), liquid, avec L-Glutamine, 500ml","Réf LIFE Technologie
21875034",,,,NA71,,,,,,,,,,,,,,,,NA71,5.23,1,1,5.23,"RPMI 1640 Medium (1X), liquid, avec L-Glutamine, 500ml",RCC121,"Réf LIFE Technologie
21875034",
,"RPMI 1640 Medium (1X), liquid, sans L-Glutamine, 500ml","Réf LIFE Technologie
31870025",,,,NA71,,,,,,,,,,,,,,,,NA71,5.24,1,1,5.24,"RPMI 1640 Medium (1X), liquid, sans L-Glutamine, 500ml",RCC122,"Réf LIFE Technologie
31870025",
,"RPMI 1640 Medium (1X), liquid, avec Glutamax I, 500ml","Réf LIFE Technologie
61870010",,,,NA71,,,,,,,,,,,,,,,,NA71,6.17,1,1,6.17,"RPMI 1640 Medium (1X), liquid, avec Glutamax I, 500ml",RCC123,"Réf LIFE Technologie
61870010",
,"Opti-MEM (1X) avec Glutamax I, 2400mg/L … 500ml","Réf LIFE Technologie
51985026",,,,NA71,,,,,,,,,,,,,,,,NA71,17.18,1,1,17.18,"Opti-MEM (1X) avec Glutamax I, 2400mg/L … 500ml",RCC124,"Réf LIFE Technologie
51985026",
,"L-Glutamine 200mM (100X), liquid 100ml","Réf LIFE Technologie
25030024",,,,NA26,,,,,,,,,,,,,,,,NA26,7.27,1,1,7.27,"L-Glutamine 200mM (100X), liquid 100ml",RCC131,"Réf LIFE Technologie
25030024",
,"D-PBS (10X), liquid, sans Calcium, sans Magnésium, 500ml","Réf LIFE Technologie
14200067",,,,NA71,,,,,,,,,,,,,,,,NA71,14.31,1,1,14.31,"D-PBS (10X), liquid, sans Calcium, sans Magnésium, 500ml",RCC201,"Réf LIFE Technologie
14200067",
,"D-PBS (1X), liquid, sans Calcium, sans Magnésium, sans Phenol Red, 500ml","Réf LIFE Technologie
14190094",,,,NA71,,,,,,,,,,,,,,,,NA71,5.15,1,1,5.15,"D-PBS (1X), liquid, sans Calcium, sans Magnésium, sans Phenol Red, 500ml",RCC202,"Réf LIFE Technologie
14190094",
,UltraPure Dnase/Rnase-Free Distilled Water 500ml,"Réf LIFE Technologie
10977035",,,,NA25,,,,,,,,,,,,,,,,NA25,5.94,1,1,5.94,UltraPure Dnase/Rnase-Free Distilled Water 500ml,RCC211,"Réf LIFE Technologie
10977035",
,"Lipofectamine 2000 Transfection Reagent 1,5ml","Réf LIFE Technologie
11668019",,,,NA56,,,,,,,,,,,,,,,,NA56,819.15,1,1,819.15,"Lipofectamine 2000 Transfection Reagent 1,5ml",RCC301,"Réf LIFE Technologie
11668019",
,"Lipofectamine 2000 Transfection Reagent 0,75ml","Réf LIFE Technologie
11668027",,,,NA56,,,,,,,,,,,,,,,,NA56,525.52,1,1,525.52,"Lipofectamine 2000 Transfection Reagent 0,75ml",RCC302,"Réf LIFE Technologie
11668027",
,"Lipofectamine 3000 0,75ml","Réf LIFE Technologie
L3000008",,,,NA56,,,,,,,,,,,,,,,,NA56,614.3,1,1,614.3,"Lipofectamine 3000 0,75ml",RCC308,"Réf LIFE Technologie
L3000008",
,"Lipofectamine RNAIMAX 0,75ml","Réf LIFE Technologie
13778075",,,,NA56,,,,,,,,,,,,,,,,NA56,696.14,1,1,696.14,"Lipofectamine RNAIMAX 0,75ml",RCC312,"Réf LIFE Technologie
13778075",
,Lipofectamine LTX 1ml,"Réf LIFE Technologie
15338100",,,,NA56,,,,,,,,,,,,,,,,NA56,797.62,1,1,797.62,Lipofectamine LTX 1ml,RCC313,"Réf LIFE Technologie
15338100",
,TurboFect Transfection Reagent 1ml,Réf THERMO R0531,,,,NA56,,,,,,,,,,,,,,,,NA56,255.25,1,1,255.25,TurboFect Transfection Reagent 1ml,RCC307,Réf THERMO R0531,
,Oligofectamine Transfection Reagent 1ml,"Réf LIFE Technologie
12252011",,,,NA56,,,,,,,,,,,,,,,,NA56,680.06,1,1,680.06,Oligofectamine Transfection Reagent 1ml,RCC304,"Réf LIFE Technologie
12252011",
,"FBS Fœtal Bovine Serum, Value FBS (Origin: Brazil) 500ml",A5256701,,,,NA71,,,,,,,,,,,,,,,,NA71,213.79,1,1,213.79,"FBS Fœtal Bovine Serum, Value FBS (Origin: Brazil) 500ml",RCC401,A5256701,
,"Penicillin-Streptomycin, liquid 100ml",15140122,,,,NA76,,,,,,,,,,,,,,,,NA76,9.98,1,1,9.98,"Penicillin-Streptomycin, liquid 100ml",RCC501,15140122,
,Ampicillin Sodium salt 1g,EUROMEDEX,,,,NA76,,,,,,,,,,,,,,,,NA76,4.49,1,1,4.49,Ampicillin Sodium salt 1g,RCC502,EUROMEDEX,
,Ampicillin Sodium salt 10g,EUROMEDEX,,,,NA76,,,,,,,,,,,,,,,,NA76,20.06,1,1,20.06,Ampicillin Sodium salt 10g,RCC504,EUROMEDEX,
,"GENETICIN Selective Antibiotic (G418 Sulfate) 50mg/ml, 20ml","Réf LIFE Technologie
10131035",,,,NA76,,,,,,,,,,,,,,,,NA76,116.26,1,1,116.26,"GENETICIN Selective Antibiotic (G418 Sulfate) 50mg/ml, 20ml",RCC503,"Réf LIFE Technologie
10131035",
,ANTIBIOTIC ANTIMYCOTIC 100ml,"Réf LIFE Technologie
15240062",,,,NA76,,,,,,,,,,,,,,,,NA76,61.42,1,1,61.42,ANTIBIOTIC ANTIMYCOTIC 100ml,RCC505,"Réf LIFE Technologie
15240062",
,"Trypsin-EDTA (1X) 0,05% (Trypsin with EDTA 4Na) Phenol Red 100ml","Réf LIFE Technologie
25300054",,,,NA78,,,,,,,,,,,,,,,,NA78,6.58,1,1,6.58,"Trypsin-EDTA (1X) 0,05% (Trypsin with EDTA 4Na) Phenol Red 100ml",C0642,"Réf LIFE Technologie
25300054",
,"Trypsin-EDTA (1X) 0,25% Phenol Red 100ml","Réf LIFE Technologie
25200056",,,,NA78,,,,,,,,,,,,,,,,NA78,7.01,1,1,7.01,"Trypsin-EDTA (1X) 0,25% Phenol Red 100ml",C0643,"Réf LIFE Technologie
25200056",
,SERINGUE STÉRILE 5ml (x100),TERUMO,,,,NB03,,,,,,,,,,,,,,,,NB03,13.47,1,1,13.47,SERINGUE STÉRILE 5ml (x100),D04921,TERUMO,
,SERINGUE STÉRILE 10ml (x100),TERUMO,,,,NB03,,,,,,,,,,,,,,,,NB03,11.15,1,1,11.15,SERINGUE STÉRILE 10ml (x100),D0493,TERUMO,
,SERINGUE STÉRILE 20ml (x50),TERUMO,,,,NB03,,,,,,,,,,,,,,,,NB03,11.73,1,1,11.73,SERINGUE STÉRILE 20ml (x50),D04931,TERUMO,
,SERINGUE STÉRILE 50ml (x25),TERUMO,,,,NB03,,,,,,,,,,,,,,,,NB03,13.8,1,1,13.8,SERINGUE STÉRILE 50ml (x25),D0494,TERUMO,
,"AIGUILLE STÉRILE 18G 1,2x40mm Rose (x100)",BD,,,,NB03,,,,,,,,,,,,,,,,NB03,3.1,1,1,3.1,"AIGUILLE STÉRILE 18G 1,2x40mm Rose (x100)",D0498,BD,
,"AIGUILLE STÉRILE 20G 0,9x25mm Jaune (x100)",BD,,,,NB03,,,,,,,,,,,,,,,,NB03,3.1,1,1,3.1,"AIGUILLE STÉRILE 20G 0,9x25mm Jaune (x100)",D0495A,BD,
,"AIGUILLE STÉRILE 21G 0,8x25mm Vert (x100)",BD,,,,NB03,,,,,,,,,,,,,,,,NB03,3.1,1,1,3.1,"AIGUILLE STÉRILE 21G 0,8x25mm Vert (x100)",D0497,BD,
,"AIGUILLE STÉRILE 23G 0,6x25mm Bleu (x100)",BD,,,,NB03,,,,,,,,,,,,,,,,NB03,3.1,1,1,3.1,"AIGUILLE STÉRILE 23G 0,6x25mm Bleu (x100)",D0496,BD,
,"AIGUILLE STÉRILE 24G 0,55x25mm Bleu (x100) STERICAN",BD,,,,NB03,,,,,,,,,,,,,,,,NB03,2.28,1,1,2.28,"AIGUILLE STÉRILE 24G 0,55x25mm Bleu (x100) STERICAN",D0496A,BD,
,"AIGUILLE STÉRILE 26G 0,45x12mm Marron (x100)",BD,,,,NB03,,,,,,,,,,,,,,,,NB03,6.19,1,1,6.19,"AIGUILLE STÉRILE 26G 0,45x12mm Marron (x100)",D0495,BD,
,"AIGUILLE STÉRILE 27G ext 0,41x13 (1/2) mm Gris (x100)",BD,,,,NB03,,,,,,,,,,,,,,,,NB03,10.31,1,1,10.31,"AIGUILLE STÉRILE 27G ext 0,41x13 (1/2) mm Gris (x100)",D0495B,BD,
,"AIGUILLE STÉRILE 30G 0,3x13mm Beige (x100)",BD,,,,NB03,,,,,,,,,,,,,,,,NB03,2.03,1,1,2.03,"AIGUILLE STÉRILE 30G 0,3x13mm Beige (x100)",D0499,BD,
,MICRO-SPATULE DOUBLE 130mm,,,,,NB51,,,,,,,,,,,,,,,,NB51,6.36,1,1,6.36,MICRO-SPATULE DOUBLE 130mm,D050,,
,SPATULE DOUBLE Flexible 180mm,,,,,NB51,,,,,,,,,,,,,,,,NB51,10.94,1,1,10.94,SPATULE DOUBLE Flexible 180mm,D051,,
,SPATULE DOUBLE Flexible 500mm,,,,,NB51,,,,,,,,,,,,,,,,NB51,10.63,1,1,10.63,SPATULE DOUBLE Flexible 500mm,D051A,,
,SPATULE CUILLIÈRE 150mm,,,,,NB51,,,,,,,,,,,,,,,,NB51,15.74,1,1,15.74,SPATULE CUILLIÈRE 150mm,D052,,
,PINCE à DISSECTION DROITE 20cm Bout rond,,,,,NB51,,,,,,,,,,,,,,,,NB51,5.36,1,1,5.36,PINCE à DISSECTION DROITE 20cm Bout rond,D034,,
,"PINCE BRUCELLE DROITE 14,5cm Bout pointu",,,,,NB51,,,,,,,,,,,,,,,,NB51,3.85,1,1,3.85,"PINCE BRUCELLE DROITE 14,5cm Bout pointu",D035,,
,"PINCE BRUCELLE COURBEE 10,5cm Bout pointu",,,,,NB51,,,,,,,,,,,,,,,,NB51,12.57,1,1,12.57,"PINCE BRUCELLE COURBEE 10,5cm Bout pointu",D036,,
,"PINCE BRUCELLE DROITE 10,5cm Bout pointu",,,,,NB51,,,,,,,,,,,,,,,,NB51,11.3,1,1,11.3,"PINCE BRUCELLE DROITE 10,5cm Bout pointu",D037,,
,"PINCE FINE DROITE 11cm Bout pointu ""DUMONT N°5""",,,,,NB51,,,,,,,,,,,,,,,,NB51,8.49,1,1,8.49,"PINCE FINE DROITE 11cm Bout pointu ""DUMONT N°5""",D038,,
,"PINCE FINE COURBEE 11cm Bout pointu ""DUMONT N°7""",,,,,NB51,,,,,,,,,,,,,,,,NB51,14.22,1,1,14.22,"PINCE FINE COURBEE 11cm Bout pointu ""DUMONT N°7""",D039,,
,PINCE INOX pour FILTRES-MEMBRANES à bout plat,,,,,NB51,,,,,,,,,,,,,,,,NB51,21.89,1,1,21.89,PINCE INOX pour FILTRES-MEMBRANES à bout plat,D039A,,
,PINCE en BOIS 250mm,,,,,NB51,,,,,,,,,,,,,,,,NB51,3.54,1,1,3.54,PINCE en BOIS 250mm,D042,,
,CISEAUX à DISSECTION FIN COURBÉE 11cm Bout pointue,,,,,NB51,,,,,,,,,,,,,,,,NB51,7.93,1,1,7.93,CISEAUX à DISSECTION FIN COURBÉE 11cm Bout pointue,D009,,
,CISEAUX à DISSECTION COURBÉE 14cm Bout pointue/arrondie,,,,,NB51,,,,,,,,,,,,,,,,NB51,7.89,1,1,7.89,CISEAUX à DISSECTION COURBÉE 14cm Bout pointue/arrondie,D010,,
,CISEAUX à DISSECTION DROIT 14cm Bout pointue/pointue,,,,,NB51,,,,,,,,,,,,,,,,NB51,4.6,1,1,4.6,CISEAUX à DISSECTION DROIT 14cm Bout pointue/pointue,D011,,
,CISEAUX à DISSECTION FIN DROIT 11cm Bout pointue,,,,,NB51,,,,,,,,,,,,,,,,NB51,6.54,1,1,6.54,CISEAUX à DISSECTION FIN DROIT 11cm Bout pointue,D012,,
,CISEAUX ULTRA-FINS DROIT 12cm Bout pointue/arrondie,,,,,NB51,,,,,,,,,,,,,,,,NB51,24.89,1,1,24.89,CISEAUX ULTRA-FINS DROIT 12cm Bout pointue/arrondie,D014,,
,CISEAUX ULTRA-FINS COURBÉE 12cm Bout pointue/pointue,,,,,NB51,,,,,,,,,,,,,,,,NB51,26.56,1,1,26.56,CISEAUX ULTRA-FINS COURBÉE 12cm Bout pointue/pointue,D015,,
,MANCHE N°4 pour LAME N°23,,,,,KE12,,,,,,,,,,,,,,,,KE12,5.86,1,1,5.86,MANCHE N°4 pour LAME N°23,D048,,
,MANCHE N°3 pour LAME N°11,,,,,KE12,,,,,,,,,,,,,,,,KE12,4.96,1,1,4.96,MANCHE N°3 pour LAME N°11,D048A,,
,LAMES STÉRILES N°23 (Bte de 100),,,,,KE13,,,,,,,,,,,,,,,,KE13,8.01,1x100,100,0.0801,LAMES STÉRILES N°23 (Bte de 100),D049,,
,LAMES STÉRILES N°11 (Bte de 100),,,,,KE13,,,,,,,,,,,,,,,,KE13,8.03,1x100,100,0.0803,LAMES STÉRILES N°11 (Bte de 100),D049B,,
,SCALPELS JETABLES STÉRILES N°23,,,,,KE13,,,,,,,,,,,,,,,,KE13,4.39,1x10,10,0.439,SCALPELS JETABLES STÉRILES N°23,D046,,
,SCALPELS JETABLES STÉRILES N°11,,,,,KE13,,,,,,,,,,,,,,,,KE13,4.39,1x10,10,0.439,SCALPELS JETABLES STÉRILES N°11,D046A,,
,LAME GILETTE BLEUE EXTRA (x10),,,,,KE13,,,,,,,,,,,,,,,,KE13,4.42,1x10,10,0.442,LAME GILETTE BLEUE EXTRA (x10),D047,,
,BECHER PMP Graduée 100ml,FISHER,,,,NB43,,,,,,,,,,,,,,,,NB43,1.99,1,1,1.99,BECHER PMP Graduée 100ml,P001,FISHER,
,BECHER PMP Graduée 250ml,FISHER,,,,NB43,,,,,,,,,,,,,,,,NB43,3.02,1,1,3.02,BECHER PMP Graduée 250ml,P002,FISHER,
,BECHER PMP Graduée 600ml,FISHER,,,,NB43,,,,,,,,,,,,,,,,NB43,5.56,1,1,5.56,BECHER PMP Graduée 600ml,P003,FISHER,
,BECHER PMP Graduée 1000ml,FISHER,,,,NB43,,,,,,,,,,,,,,,,NB43,6.74,1,1,6.74,BECHER PMP Graduée 1000ml,P004,FISHER,
,BECHER PMP Graduée 2000ml,FISHER,,,,NB43,,,,,,,,,,,,,,,,NB43,19.09,1,1,19.09,BECHER PMP Graduée 2000ml,P005,FISHER,
,BECHER PMP Graduée 5000ml,FISHER,,,,NB43,,,,,,,,,,,,,,,,NB43,28.14,1,1,28.14,BECHER PMP Graduée 5000ml,P006,FISHER,
,ENTONNOIR HDPE Diam 80mm,DUTSCHER,,,,NB43,,,,,,,,,,,,,,,,NB43,0.77,1,1,0.77,ENTONNOIR HDPE Diam 80mm,P022,DUTSCHER,
,ENTONNOIR HDPE Diam 140mm,DUTSCHER,,,,NB43,,,,,,,,,,,,,,,,NB43,2.09,1,1,2.09,ENTONNOIR HDPE Diam 140mm,P023,DUTSCHER,
,ENTONNOIR HDPE Diam 180mm,DUTSCHER,,,,NB43,,,,,,,,,,,,,,,,NB43,3.32,1,1,3.32,ENTONNOIR HDPE Diam 180mm,P024,DUTSCHER,
,EPROUVETTE TPX Graduée 10ml,DUTSCHER,,,,NB43,,,,,,,,,,,,,,,,NB43,1.07,1,1,1.07,EPROUVETTE TPX Graduée 10ml,P025,DUTSCHER,
,EPROUVETTE TPX Graduée 25ml,DUTSCHER,,,,NB43,,,,,,,,,,,,,,,,NB43,1.53,1,1,1.53,EPROUVETTE TPX Graduée 25ml,P026,DUTSCHER,
,EPROUVETTE TPX Graduée 50ml,DUTSCHER,,,,NB43,,,,,,,,,,,,,,,,NB43,2.14,1,1,2.14,EPROUVETTE TPX Graduée 50ml,P027,DUTSCHER,
,EPROUVETTE TPX Graduée 100ml,DUTSCHER,,,,NB43,,,,,,,,,,,,,,,,NB43,3.22,1,1,3.22,EPROUVETTE TPX Graduée 100ml,P028,DUTSCHER,
,EPROUVETTE TPX Graduée 250ml,DUTSCHER,,,,NB43,,,,,,,,,,,,,,,,NB43,7.54,1,1,7.54,EPROUVETTE TPX Graduée 250ml,P029,DUTSCHER,
,EPROUVETTE TPX Graduée 500ml,DUTSCHER,,,,NB43,,,,,,,,,,,,,,,,NB43,9.15,1,1,9.15,EPROUVETTE TPX Graduée 500ml,P030,DUTSCHER,
,EPROUVETTE TPX Graduée 1L,DUTSCHER,,,,NB43,,,,,,,,,,,,,,,,NB43,12.84,1,1,12.84,EPROUVETTE TPX Graduée 1L,P031,DUTSCHER,
,EPROUVETTE TPX Graduée 2L,DUTSCHER,,,,NB43,,,,,,,,,,,,,,,,NB43,43.28,1,1,43.28,EPROUVETTE TPX Graduée 2L,P032,DUTSCHER,
,RESERVOIR à REACTIFS 50ml STERILE CLEARLINE (x100),CLEARLINE,,,,NB43,,,,,,,,,,,,,,,,NB43,51.84,1x100,100,0.5184,RESERVOIR à REACTIFS 50ml STERILE CLEARLINE (x100),P152,CLEARLINE,
,NACELLES de PESÉE Carrée 44x44mm (x250),FISHER,,,,NB35,,,,,,,,,,,,,,,,NB35,9.48,1x250,250,0.03792,NACELLES de PESÉE Carrée 44x44mm (x250),D024C,FISHER,
,NACELLES de PESÉE Carrée 84x84mm (x250),FISHER,,,,NB35,,,,,,,,,,,,,,,,NB35,16.91,1x250,250,0.06764,NACELLES de PESÉE Carrée 84x84mm (x250),D025C,FISHER,
,NACELLES de PESÉE Carrée 140x140mm (x250),FISHER,,,,NB35,,,,,,,,,,,,,,,,NB35,19.58,1x250,250,0.07832,NACELLES de PESÉE Carrée 140x140mm (x250),D025D,FISHER,
,BONBONNE en Polyéthylène 10 litres avec robinet,VWR,,,,NB51,,,,,,,,,,,,,,,,NB51,28.19,1,1,28.19,BONBONNE en Polyéthylène 10 litres avec robinet,P008,VWR,
,BONBONNE en Polyéthylène 30 litres avec robinet,VWR,,,,NB51,,,,,,,,,,,,,,,,NB51,59.2,1,1,59.2,BONBONNE en Polyéthylène 30 litres avec robinet,P009,VWR,
,FLACON COMPTE-GOUTTE 15ml (Pour huile à immersion),DUTSCHER,,,,NB51,,,,,,,,,,,,,,,,NB51,1.48,1,1,1.48,FLACON COMPTE-GOUTTE 15ml (Pour huile à immersion),EA134,DUTSCHER,
,FLACON VAPORISATEUR 500ml,FISHER,,,,NB51,,,,,,,,,,,,,,,,NB51,5.69,1,1,5.69,FLACON VAPORISATEUR 500ml,P067A,FISHER,
,CUVETTE PLASTIQUE CARREE 2L HDPE,,,,,BB02,,,,,,,,,,,,,,,,BB02,4.98,1,1,4.98,CUVETTE PLASTIQUE CARREE 2L HDPE,E021A,,
,"CUVETTE PLASTIQUE CARREE 4,5L",,,,,BB02,,,,,,,,,,,,,,,,BB02,7.52,1,1,7.52,"CUVETTE PLASTIQUE CARREE 4,5L",E021,,
,CUVETTE PLASTIQUE CARREE 7L,,,,,BB02,,,,,,,,,,,,,,,,BB02,12.36,1,1,12.36,CUVETTE PLASTIQUE CARREE 7L,E022,,
,CUVETTE PLASTIQUE CARREE 12L,,,,,BB02,,,,,,,,,,,,,,,,BB02,15.54,1,1,15.54,CUVETTE PLASTIQUE CARREE 12L,E023,,
,CUVETTE PLASTIQUE CARREE 30L,,,,,BB02,,,,,,,,,,,,,,,,BB02,61.67,1,1,61.67,CUVETTE PLASTIQUE CARREE 30L,E024,,
,CUVETTE PLASTIQUE CARREE 45L,,,,,BB02,,,,,,,,,,,,,,,,BB02,48.41,1,1,48.41,CUVETTE PLASTIQUE CARREE 45L,E025,,
,SEAU PLASTIQUE 14L,,,,,BB02,,,,,,,,,,,,,,,,BB02,5.4,1,1,5.4,SEAU PLASTIQUE 14L,E064,,
,PISSETTE 125ml,VWR,,,,NB43,,,,,,,,,,,,,,,,NB43,1.77,1,1,1.77,PISSETTE 125ml,P064A,VWR,
,PISSETTE Col large 500ml Rouge,VWR,,,,NB43,,,,,,,,,,,,,,,,NB43,3.06,1,1,3.06,PISSETTE Col large 500ml Rouge,P066A,VWR,
,PISSETTE Col large 1000ml Bleue,DUTSCHER,,,,NB43,,,,,,,,,,,,,,,,NB43,5.48,1,1,5.48,PISSETTE Col large 1000ml Bleue,P067,DUTSCHER,
,BOITE à STÉRILISER (Pipette en verre) 295x65x65mm,,,,,NB43,,,,,,,,,,,,,,,,NB43,72.04,1,1,72.04,BOITE à STÉRILISER (Pipette en verre) 295x65x65mm,D130,,
,"MICROPIPETTE ""EPPENDORF"" Research PLUS 0,1-2,5µl",EPPENDORF,,,,NB01,,,,,,,,,,,,,,,,NB01,276.51,1,1,276.51,"MICROPIPETTE ""EPPENDORF"" Research PLUS 0,1-2,5µl",EA051,EPPENDORF,
,"MICROPIPETTE ""EPPENDORF"" Research PLUS 0,5-10µl",EPPENDORF,,,,NB01,,,,,,,,,,,,,,,,NB01,276.51,1,1,276.51,"MICROPIPETTE ""EPPENDORF"" Research PLUS 0,5-10µl",EA052,EPPENDORF,
,"MICROPIPETTE ""EPPENDORF"" Research PLUS 2-20µl",EPPENDORF,,,,NB01,,,,,,,,,,,,,,,,NB01,276.51,1,1,276.51,"MICROPIPETTE ""EPPENDORF"" Research PLUS 2-20µl",EA053,EPPENDORF,
,"MICROPIPETTE ""EPPENDORF"" Research PLUS 10-100µl",EPPENDORF,,,,NB01,,,,,,,,,,,,,,,,NB01,276.51,1,1,276.51,"MICROPIPETTE ""EPPENDORF"" Research PLUS 10-100µl",EA054,EPPENDORF,
,"MICROPIPETTE ""EPPENDORF"" Research PLUS 20-200µl",EPPENDORF,,,,NB01,,,,,,,,,,,,,,,,NB01,276.51,1,1,276.51,"MICROPIPETTE ""EPPENDORF"" Research PLUS 20-200µl",EA055,EPPENDORF,
,"MICROPIPETTE ""EPPENDORF"" Research PLUS 100-1000µl",EPPENDORF,,,,NB01,,,,,,,,,,,,,,,,NB01,276.51,1,1,276.51,"MICROPIPETTE ""EPPENDORF"" Research PLUS 100-1000µl",EA056,EPPENDORF,
,"MICROPIPETTE ""EPPENDORF"" Research PLUS 500-5000µl",EPPENDORF,,,,NB01,,,,,,,,,,,,,,,,NB01,276.51,1,1,276.51,"MICROPIPETTE ""EPPENDORF"" Research PLUS 500-5000µl",EA057,EPPENDORF,
,"MICROPIPETTE ""GILSON"" PIPETMAN L P2",GILSON,,,,NB01,,,,,,,,,,,,,,,,NB01,243.96,1,1,243.96,"MICROPIPETTE ""GILSON"" PIPETMAN L P2",P037,GILSON,
,"MICROPIPETTE ""GILSON"" PIPETMAN L P10",GILSON,,,,NB01,,,,,,,,,,,,,,,,NB01,243.96,1,1,243.96,"MICROPIPETTE ""GILSON"" PIPETMAN L P10",P038,GILSON,
,"MICROPIPETTE ""GILSON"" PIPETMAN L P20",GILSON,,,,NB01,,,,,,,,,,,,,,,,NB01,243.96,1,1,243.96,"MICROPIPETTE ""GILSON"" PIPETMAN L P20",P039A,GILSON,
,"MICROPIPETTE ""GILSON"" PIPETMAN L P200",GILSON,,,,NB01,,,,,,,,,,,,,,,,NB01,243.96,1,1,243.96,"MICROPIPETTE ""GILSON"" PIPETMAN L P200",P040A,GILSON,
,"MICROPIPETTE ""GILSON"" PIPETMAN L P1000",GILSON,,,,NB01,,,,,,,,,,,,,,,,NB01,243.96,1,1,243.96,"MICROPIPETTE ""GILSON"" PIPETMAN L P1000",P041,GILSON,
,"MICROPIPETTE ""GILSON"" PIPETMAN L P5000",GILSON,,,,NB01,,,,,,,,,,,,,,,,NB01,270.43,1,1,270.43,"MICROPIPETTE ""GILSON"" PIPETMAN L P5000",P042,GILSON,
,Kit Maintenance Pipetman P2. Joint torique/Embout Porte-cône GILSON,GILSON,,,,NB01,,,,,,,,,,,,,,,,NB01,43.84,1,1,43.84,Kit Maintenance Pipetman P2. Joint torique/Embout Porte-cône GILSON,P0421,GILSON,
,Kit Maintenance Pipetman P10. Joint torique/Embout Porte-cône GILSON,GILSON,,,,NB01,,,,,,,,,,,,,,,,NB01,45.7,1,1,45.7,Kit Maintenance Pipetman P10. Joint torique/Embout Porte-cône GILSON,P0422,GILSON,
,Kit Maintenance Pipetman P20. Joint torique/Embout Porte-cône GILSON,GILSON,,,,NB01,,,,,,,,,,,,,,,,NB01,29.84,1,1,29.84,Kit Maintenance Pipetman P20. Joint torique/Embout Porte-cône GILSON,P043,GILSON,
,Kit Maintenance Pipetman P200. Joint torique/Embout Porte-cône GILSON,GILSON,,,,NB01,,,,,,,,,,,,,,,,NB01,29.84,1,1,29.84,Kit Maintenance Pipetman P200. Joint torique/Embout Porte-cône GILSON,P044,GILSON,
,Kit Maintenance Pipetman P1000. Joint torique/Embout Porte-cône GILSON,GILSON,,,,NB01,,,,,,,,,,,,,,,,NB01,29.84,1,1,29.84,Kit Maintenance Pipetman P1000. Joint torique/Embout Porte-cône GILSON,P045,GILSON,
,Kit Maintenance Pipetman P5000. Joint torique/Embout Porte-cône GILSON,GILSON,,,,NB01,,,,,,,,,,,,,,,,NB01,39.16,1,1,39.16,Kit Maintenance Pipetman P5000. Joint torique/Embout Porte-cône GILSON,P046,GILSON,
,"PIPETTEUR MANUEL à mollette ""PIPETTE PUMP"" 2ml",,,,,NB51,,,,,,,,,,,,,,,,NB51,14.88,1,1,14.88,"PIPETTEUR MANUEL à mollette ""PIPETTE PUMP"" 2ml",P061,,
,"PIPETTEUR MANUEL à mollette ""PIPETTE PUMP"" 10ml",,,,,NB51,,,,,,,,,,,,,,,,NB51,15.5,1,1,15.5,"PIPETTEUR MANUEL à mollette ""PIPETTE PUMP"" 10ml",P062,,
,"PIPETTEUR MANUEL à mollette ""PIPETTE PUMP"" 25ml",,,,,NB51,,,,,,,,,,,,,,,,NB51,21.14,1,1,21.14,"PIPETTEUR MANUEL à mollette ""PIPETTE PUMP"" 25ml",P063,,
,"BOITE de STOCKAGE pour microtubes 1,5 et 2ml, avec couvercle",,,,,NB12,,,,,,,,,,,,,,,,NB12,4.33,1,1,4.33,"BOITE de STOCKAGE pour microtubes 1,5 et 2ml, avec couvercle",D0071,,
,"PORTOIR DOUBLE FACE pour micro-tubes 0,5ml ou 1,5 et 2ml",,,,,NB12,,,,,,,,,,,,,,,,NB12,5.78,1,1,5.78,"PORTOIR DOUBLE FACE pour micro-tubes 0,5ml ou 1,5 et 2ml",D0072,,
,"BOITE CONGÉLATION en carton 133x133mm, H 50mm, avec séparateur 9x9",,,,,NB12,,,,,,,,,,,,,,,,NB12,5.66,1,1,5.66,"BOITE CONGÉLATION en carton 133x133mm, H 50mm, avec séparateur 9x9",D0073,,
,"CRYOBOITE SYSTEM 100 (132x132mm), pr 100 Cryotubes 1 ou 1,2ml jusqu'à -196°",THERMO,,,,NB12,,,,,,,,,,,,,,,,NB12,6.74,1,1,6.74,"CRYOBOITE SYSTEM 100 (132x132mm), pr 100 Cryotubes 1 ou 1,2ml jusqu'à -196°",D0074,THERMO,
,MINUTEUR/DECOMPTEUR (TIMER) de poche,,,,,NB51,,,,,,,,,,,,,,,,NB51,21.69,1,1,21.69,MINUTEUR/DECOMPTEUR (TIMER) de poche,EA135,,
,"THERMOMETRE MURALE en plastique, thermomural (-30° / +50°)",,,,,NB51,,,,,,,,,,,,,,,,NB51,2.17,1,1,2.17,"THERMOMETRE MURALE en plastique, thermomural (-30° / +50°)",EA136,,
,THERMOMETRE Réfrigérateur (-50° / +50°),,,,,NB51,,,,,,,,,,,,,,,,NB51,5.87,1,1,5.87,THERMOMETRE Réfrigérateur (-50° / +50°),EA136A,,
,TUYAU PVC CLAIR Diam 2x4mm,NALGENE,,,,NB51,,,,,,,,,,,,,,,,NB51,0.51,1,1,0.51,TUYAU PVC CLAIR Diam 2x4mm,D059,NALGENE,
,TUYAU PVC CLAIR Diam 4x7mm,NALGENE,,,,NB51,,,,,,,,,,,,,,,,NB51,1.41,1,1,1.41,TUYAU PVC CLAIR Diam 4x7mm,D061,NALGENE,
,TUYAU PVC CLAIR Diam 6x9mm,NALGENE,,,,NB51,,,,,,,,,,,,,,,,NB51,0.96,1,1,0.96,TUYAU PVC CLAIR Diam 6x9mm,D062,NALGENE,
,TUYAU PVC CLAIR Diam 7x10mm,NALGENE,,,,NB51,,,,,,,,,,,,,,,,NB51,2.96,1,1,2.96,TUYAU PVC CLAIR Diam 7x10mm,D063,NALGENE,
,TUYAU PVC CLAIR Diam 8x11mm,NALGENE,,,,NB51,,,,,,,,,,,,,,,,NB51,3.3,1,1,3.3,TUYAU PVC CLAIR Diam 8x11mm,D064,NALGENE,
,TUYAU PVC CLAIR Diam 10x14mm,NALGENE,,,,NB51,,,,,,,,,,,,,,,,NB51,1.82,1,1,1.82,TUYAU PVC CLAIR Diam 10x14mm,D065,NALGENE,
,TUYAU PVC CLAIR Diam 12x17mm,NALGENE,,,,NB51,,,,,,,,,,,,,,,,NB51,2.05,1,1,2.05,TUYAU PVC CLAIR Diam 12x17mm,D066,NALGENE,
,TUYAU PVC CLAIR Diam 15x20mm,NALGENE,,,,NB51,,,,,,,,,,,,,,,,NB51,5.03,1,1,5.03,TUYAU PVC CLAIR Diam 15x20mm,D067,NALGENE,
,TUYAU PVC CLAIR Diam 20x26mm,NALGENE,,,,NB51,,,,,,,,,,,,,,,,NB51,6.77,1,1,6.77,TUYAU PVC CLAIR Diam 20x26mm,D0671,NALGENE,
,"TUYAU PVC ARMÉ Diam 6,4x11,2mm",NALGENE,,,,NB51,,,,,,,,,,,,,,,,NB51,0.89,1,1,0.89,"TUYAU PVC ARMÉ Diam 6,4x11,2mm",D068,NALGENE,
,"TUYAU PVC ARMÉ Diam 7,9x12,7mm",NALGENE,,,,NB51,,,,,,,,,,,,,,,,NB51,3.21,1,1,3.21,"TUYAU PVC ARMÉ Diam 7,9x12,7mm",D069,NALGENE,
,"TUYAU PVC ARMÉ Diam 9,5x14,3mm",NALGENE,,,,NB51,,,,,,,,,,,,,,,,NB51,3.57,1,1,3.57,"TUYAU PVC ARMÉ Diam 9,5x14,3mm",D070,NALGENE,
,"TUYAU PVC ARMÉ Diam 12,7x19,1mm",NALGENE,,,,NB51,,,,,,,,,,,,,,,,NB51,4.71,1,1,4.71,"TUYAU PVC ARMÉ Diam 12,7x19,1mm",D071,NALGENE,
,"TUYAU PVC ARMÉ Diam 15,9x22,3mm",NALGENE,,,,NB51,,,,,,,,,,,,,,,,NB51,7.35,1,1,7.35,"TUYAU PVC ARMÉ Diam 15,9x22,3mm",D072,NALGENE,
,"TUYAU PVC ARMÉ Diam 19x25,4",NALGENE,,,,NB51,,,,,,,,,,,,,,,,NB51,8.28,1,1,8.28,"TUYAU PVC ARMÉ Diam 19x25,4",D0721,NALGENE,
,TUYAU SILICONE Diam 3x5mm,NALGENE,,,,NB51,,,,,,,,,,,,,,,,NB51,0.9,1,1,0.9,TUYAU SILICONE Diam 3x5mm,D087,NALGENE,
,TUYAU SILICONE Diam 4x6mm,NALGENE,,,,NB51,,,,,,,,,,,,,,,,NB51,1.09,1,1,1.09,TUYAU SILICONE Diam 4x6mm,D088,NALGENE,
,TUYAU SILICONE Diam 6x10mm,NALGENE,,,,NB51,,,,,,,,,,,,,,,,NB51,3.0,1,1,3.0,TUYAU SILICONE Diam 6x10mm,D090,NALGENE,
,TUYAU SILICONE Diam 8x14mm,NALGENE,,,,NB51,,,,,,,,,,,,,,,,NB51,2.73,1,1,2.73,TUYAU SILICONE Diam 8x14mm,D091,NALGENE,
,TUYAU SILICONE Diam10x14mm,NALGENE,,,,NB51,,,,,,,,,,,,,,,,NB51,4.07,1,1,4.07,TUYAU SILICONE Diam10x14mm,D092,NALGENE,
,"TUYAU SILICONE Diam 12x15,5mm",NALGENE,,,,NB51,,,,,,,,,,,,,,,,NB51,3.76,1,1,3.76,"TUYAU SILICONE Diam 12x15,5mm",D093,NALGENE,
,TUYAU SILICONE Diam 15x21mm,NALGENE,,,,NB51,,,,,,,,,,,,,,,,NB51,8.11,1,1,8.11,TUYAU SILICONE Diam 15x21mm,D094,NALGENE,
,TUYAU SILICONE Diam 20x27mm,NALGENE,,,,NB51,,,,,,,,,,,,,,,,NB51,11.58,1,1,11.58,TUYAU SILICONE Diam 20x27mm,D0941,NALGENE,
,BARREAUX D'AGITATION MAGNÉTIQUE 15x8mm,FISHERBRAND,,,,NB51,,,,,,,,,,,,,,,,NB51,1.02,1,1,1.02,BARREAUX D'AGITATION MAGNÉTIQUE 15x8mm,D001,FISHERBRAND,
,BARREAUX D'AGITATION MAGNÉTIQUE 25x6mm,FISHERBRAND,,,,NB51,,,,,,,,,,,,,,,,NB51,0.77,1,1,0.77,BARREAUX D'AGITATION MAGNÉTIQUE 25x6mm,D002,FISHERBRAND,
,BARREAUX D'AGITATION MAGNÉTIQUE 40x8mm,FISHERBRAND,,,,NB51,,,,,,,,,,,,,,,,NB51,1.16,1,1,1.16,BARREAUX D'AGITATION MAGNÉTIQUE 40x8mm,D003,FISHERBRAND,
,BARREAUX D'AGITATION MAGNÉTIQUE 60x10mm,FISHERBRAND,,,,NB51,,,,,,,,,,,,,,,,NB51,1.55,1,1,1.55,BARREAUX D'AGITATION MAGNÉTIQUE 60x10mm,D004,FISHERBRAND,
,BARREAUX D'AGITATION MAGNÉTIQUE 70x10mm,FISHERBRAND,,,,NB51,,,,,,,,,,,,,,,,NB51,1.98,1,1,1.98,BARREAUX D'AGITATION MAGNÉTIQUE 70x10mm,D005,FISHERBRAND,
,BRÛLEUR BUNSEN sans cartouche,,,,,NB51,,,,,,,,,,,,,,,,NB51,44.73,1,1,44.73,BRÛLEUR BUNSEN sans cartouche,D018,,
,CARTOUCHE BUTANE CV 300 PLUS,,,,,NB35,,,,,,,,,,,,,,,,NB35,6.46,1,1,6.46,CARTOUCHE BUTANE CV 300 PLUS,D008A,,
,CARTOUCHE BUTANE C206,,,,,NB35,,,,,,,,,,,,,,,,NB35,3.57,1,1,3.57,CARTOUCHE BUTANE C206,D008,,
,CARTOUCHE USBECK 1430,,,,,NB35,,,,,,,,,,,,,,,,NB35,13.35,1,1,13.35,CARTOUCHE USBECK 1430,D008B,,
,LAMPE MERCURE HBO 103W,OSRAM,,,,MA45,,,,,,,,,,,,,,,,MA45,96.3,1,1,96.3,LAMPE MERCURE HBO 103W,D127,OSRAM,
,LAMPE XENOPHOT 12V 100W (64625),OSRAM,,,,MA45,,,,,,,,,,,,,,,,MA45,4.82,1,1,4.82,LAMPE XENOPHOT 12V 100W (64625),D129,OSRAM,
,LAMPE MERCURE HXP R 120W/45C VIS,OSRAM,,,,MA45,,,,,,,,,,,,,,,,MA45,481.5,1,1,481.5,LAMPE MERCURE HXP R 120W/45C VIS,D132,OSRAM,
,"LAMPE PHOTO OPTIQUE 12V 100W GZ6,35 (64637)",OSRAM,,,,MA45,,,,,,,,,,,,,,,,MA45,16.05,1,1,16.05,"LAMPE PHOTO OPTIQUE 12V 100W GZ6,35 (64637)",D133,OSRAM,
,LAMPE 6V 35W (64275),OSRAM,,,,MA45,,,,,,,,,,,,,,,,MA45,5.35,1,1,5.35,LAMPE 6V 35W (64275),D136,OSRAM,
,LAMPE 6V 20W GZ4 USHIO JCR/M (220533),,,,,MA45,,,,,,,,,,,,,,,,MA45,26.75,1,1,26.75,LAMPE 6V 20W GZ4 USHIO JCR/M (220533),D158,,
,LAMPE 8V 20W G4 (64255),OSRAM,,,,MA45,,,,,,,,,,,,,,,,MA45,17.12,1,1,17.12,LAMPE 8V 20W G4 (64255),D137,OSRAM,
,LAMPE X-CITE 120W,LUMEN DYNAMICS,,,,MA45,,,,,,,,,,,,,,,,MA45,802.5,1,1,802.5,LAMPE X-CITE 120W,D150,LUMEN DYNAMICS,
,LAMPE 21V 150W EKE,,,,,MA45,,,,,,,,,,,,,,,,MA45,16.05,1,1,16.05,LAMPE 21V 150W EKE,D151,,
,LAMPE 24V 250W ELC (64653),OSRAM,,,,MA45,,,,,,,,,,,,,,,,MA45,13.91,1,1,13.91,LAMPE 24V 250W ELC (64653),D152,OSRAM,
,LAMPE 15V 150W (64634),OSRAM,,,,MA45,,,,,,,,,,,,,,,,MA45,8.56,1,1,8.56,LAMPE 15V 150W (64634),D157,OSRAM,
,LAMPE 6V 30W PHILIPS (5761),OSRAM,,,,MA45,,,,,,,,,,,,,,,,MA45,14.45,1,1,14.45,LAMPE 6V 30W PHILIPS (5761),D159,OSRAM,
,HUILE à IMMERSION ZEISS Immersol 518F 100ml,ZEISS,,,,NB32,,,,,,,,,,,,,,,,NB32,190.09,1,1,190.09,HUILE à IMMERSION ZEISS Immersol 518F 100ml,D100,ZEISS,
,HUILE à IMMERSION ZEISS Immersol 518F Burette 20ml,ZEISS,,,,NB32,,,,,,,,,,,,,,,,NB32,53.5,1,1,53.5,HUILE à IMMERSION ZEISS Immersol 518F Burette 20ml,D101,ZEISS,
,HUILE à IMMERSION ZEISS Immersol 518F/37° 20ml,ZEISS,,,,NB32,,,,,,,,,,,,,,,,NB32,174.41,1,1,174.41,HUILE à IMMERSION ZEISS Immersol 518F/37° 20ml,D100A,ZEISS,
,"LAMELLE RONDE Couvre objet Ø 12mm Epaisseur #1,5",KNITTEL GLASS,,,,NB16,,,,,,,,,,,,,,,,NB16,13.32,1x200,200,0.0666,"LAMELLE RONDE Couvre objet Ø 12mm Epaisseur #1,5",D102A,KNITTEL GLASS,
,"LAMELLE RONDE Couvre objet Ø 18mm Epaisseur #1,5",VWR,,,,NB16,,,,,,,,,,,,,,,,NB16,20.26,1x200,200,0.1013,"LAMELLE RONDE Couvre objet Ø 18mm Epaisseur #1,5",D103A,VWR,
,LAMELLE RONDE Couvre objet Ø 22mm Epaisseur #1,MENZEL GLÄSER,,,,NB16,,,,,,,,,,,,,,,,NB16,19.48,1x200,200,0.0974,LAMELLE RONDE Couvre objet Ø 22mm Epaisseur #1,D108,MENZEL GLÄSER,
,LAMELLE RONDE Couvre objet Ø 32mm Epaisseur #1,MENZEL GLASER,,,,NB16,,,,,,,,,,,,,,,,NB16,7.7,1x100,100,0.077,LAMELLE RONDE Couvre objet Ø 32mm Epaisseur #1,D110,MENZEL GLASER,
,"LAMELLE RONDE Couvre objet Ø 30mm, Epaisseur #1,5",EPREDIA (MENZEL),,,,NB16,,,,,,,,,,,,,,,,NB16,11.5,1x100,100,0.115,"LAMELLE RONDE Couvre objet Ø 30mm, Epaisseur #1,5",D110A,EPREDIA (MENZEL),
,"LAMELLES Couvre-objets 18x18mm, Epaisseur #1,5",VWR,,,,NB16,,,,,,,,,,,,,,,,NB16,4.32,1x200,200,0.0216,"LAMELLES Couvre-objets 18x18mm, Epaisseur #1,5",D104A,VWR,
,"LAMELLES Couvre-objets 22x22mm, Epaisseur #1,5",VWR,,,,NB16,,,,,,,,,,,,,,,,NB16,6.41,1x200,200,0.03205,"LAMELLES Couvre-objets 22x22mm, Epaisseur #1,5",D105A,VWR,
,"LAMELLES Couvre-objets 24x50mm, Epaisseur #1,5",LEICA,,,,NB16,,,,,,,,,,,,,,,,NB16,15.62,1x200,200,0.0781,"LAMELLES Couvre-objets 24x50mm, Epaisseur #1,5",D109,LEICA,
,"LAMELLES Couvre-objets 24x60mm, Epaisseur #1",VWR,,,,NB16,,,,,,,,,,,,,,,,NB16,15.62,1x200,200,0.0781,"LAMELLES Couvre-objets 24x60mm, Epaisseur #1",D107,VWR,
,"LAME SUPERFROST Bords bruts, marge dépolie blanche 76x26mm",THERMO SCIENTIFIC,,,,NB16,,,,,,,,,,,,,,,,NB16,3.36,1x50,50,0.0672,"LAME SUPERFROST Bords bruts, marge dépolie blanche 76x26mm",D112,THERMO SCIENTIFIC,
,LAME SUPERFROST PLUS 76x26mm Bords rodés 90°,THERMO SCIENTIFIC,,,,NB16,,,,,,,,,,,,,,,,NB16,14.87,1x72,72,0.206528,LAME SUPERFROST PLUS 76x26mm Bords rodés 90°,D116,THERMO SCIENTIFIC,
,PLATEAU PORTE-LAMES en CARTON pour 20 Lames standard 75x25mm,FISHER,,,,NB35,,,,,,,,,,,,,,,,NB35,3.17,1,1,3.17,PLATEAU PORTE-LAMES en CARTON pour 20 Lames standard 75x25mm,D117,FISHER,
,BOITE pour LAMES de Microscopie en Polypropylène pour 100 Lames 76x26mm,BIOSIGMA,,,,NB35,,,,,,,,,,,,,,,,NB35,5.07,1,1,5.07,BOITE pour LAMES de Microscopie en Polypropylène pour 100 Lames 76x26mm,D118,BIOSIGMA,
,BOITE pour LAMES de Microscopie en BOIS pour 100 Lames - 76x26mm,,,,,NB35,,,,,,,,,,,,,,,,NB35,26.08,1,1,26.08,BOITE pour LAMES de Microscopie en BOIS pour 100 Lames - 76x26mm,D119,,
,"BOITE de PÉTRI ""GREINER"" 35x10mm avec ergots (x740)",GREINER,,,,NB14,,,,,,,,,,,,,,,,NB14,106.82,1,1,106.82,"BOITE de PÉTRI ""GREINER"" 35x10mm avec ergots (x740)",P007,GREINER,
,"BOITE de PÉTRI ""GOSSELIN"" 55x14,2mm avec 6 ergots (x1620)",GOSSELIN,,,,NB14,,,,,,,,,,,,,,,,NB14,90.48,1,1,90.48,"BOITE de PÉTRI ""GOSSELIN"" 55x14,2mm avec 6 ergots (x1620)",P00621,GOSSELIN,
,"BOITE de PÉTRI ""GOSSELIN"" PS 90x14,2mm, 3 ergots (x825)",GOSSELIN,,,,NB14,,,,,,,,,,,,,,,,NB14,47.49,1,1,47.49,"BOITE de PÉTRI ""GOSSELIN"" PS 90x14,2mm, 3 ergots (x825)",P0071,GOSSELIN,
,"BOITE de PÉTRI ""GREINER"" 94x14mm avec ergots (x480)",GREINER,,,,NB14,,,,,,,,,,,,,,,,NB14,37.24,1,1,37.24,"BOITE de PÉTRI ""GREINER"" 94x14mm avec ergots (x480)",P007A,GREINER,
,COUNTESS Cell Counting Chamber SLIDE (x50) 10µl/Chamber - 2 Chamber/slide,LIFE Technologie,,,,NB13,,,,,,,,,,,,,,,,NB13,107.26,1x50,50,2.1452,COUNTESS Cell Counting Chamber SLIDE (x50) 10µl/Chamber - 2 Chamber/slide,P0701,LIFE Technologie,
,"BOITE de PETRI de CULTURE ""TPP"" Diam 40x11mm (x20)",TPP,,,,NB13,,,,,,,,,,,,,,,,NB13,4.96,1x20,20,0.248,"BOITE de PETRI de CULTURE ""TPP"" Diam 40x11mm (x20)",P0061,TPP,
,"BOITE de PETRI de CULTURE ""TPP"" Diam 60x15mm (x14)",TPP,,,,NB13,,,,,,,,,,,,,,,,NB13,3.64,1x14,14,0.26,"BOITE de PETRI de CULTURE ""TPP"" Diam 60x15mm (x14)",P0062,TPP,
,"BOITE de PETRI de CULTURE ""TPP"" Diam 96x20mm (x10)",TPP,,,,NB13,,,,,,,,,,,,,,,,NB13,4.42,1x10,10,0.442,"BOITE de PETRI de CULTURE ""TPP"" Diam 96x20mm (x10)",T93100,TPP,
,BOITE de PETRI IBIDI Ø 35mm FOND LAMELLE 1.5 ( 2ml volume) Traité/Stérile,IBIDI,,,,NB13,,,,,,,,,,,,,,,,NB13,44.15,1x10,10,4.415,BOITE de PETRI IBIDI Ø 35mm FOND LAMELLE 1.5 ( 2ml volume) Traité/Stérile,P0063,IBIDI,
,PLAQUES de CULTURE SPL 6 Puits,SPL,,,,NB13,,,,,,,,,,,,,,,,NB13,0.85,1,1,0.85,PLAQUES de CULTURE SPL 6 Puits,P0674N,SPL,
,PLAQUES de CULTURE SPL 12 Puits,SPL,,,,NB13,,,,,,,,,,,,,,,,NB13,0.85,1,1,0.85,PLAQUES de CULTURE SPL 12 Puits,P0676N,SPL,
,PLAQUES de CULTURE SPL 24 Puits,SPL,,,,NB13,,,,,,,,,,,,,,,,NB13,0.88,1,1,0.88,PLAQUES de CULTURE SPL 24 Puits,P0677N,SPL,
,PLAQUES de CULTURE SPL 96 Puits,SPL,,,,NB13,,,,,,,,,,,,,,,,NB13,0.87,1,1,0.87,PLAQUES de CULTURE SPL 96 Puits,P06771N,SPL,
,PLAQUES de CULTURE SPL 96 Puits FOND ROND,SPL,,,,NB13,,,,,,,,,,,,,,,,NB13,0.95,1,1,0.95,PLAQUES de CULTURE SPL 96 Puits FOND ROND,P06771R,SPL,
,"PLAQUES de CULTURE ""NUNC"" 48 Puits",NUNC,,,,NB13,,,,,,,,,,,,,,,,NB13,1.71,1,1,1.71,"PLAQUES de CULTURE ""NUNC"" 48 Puits",P0678,NUNC,
,"PLAQUES de CULTURE ""TPP"" 6 Puits",TPP,,,,NB13,,,,,,,,,,,,,,,,NB13,1.71,1,1,1.71,"PLAQUES de CULTURE ""TPP"" 6 Puits",P0675,TPP,
,"PLAQUES de CULTURE ""TPP"" 12 Puits",TPP,,,,NB13,,,,,,,,,,,,,,,,NB13,1.71,1,1,1.71,"PLAQUES de CULTURE ""TPP"" 12 Puits",P0676,TPP,
,"PLAQUES de CULTURE ""TPP"" 24 Puits",TPP,,,,NB13,,,,,,,,,,,,,,,,NB13,1.71,1,1,1.71,"PLAQUES de CULTURE ""TPP"" 24 Puits",P0677,TPP,
,"PLAQUES de CULTURE ""TPP"" 96 Puits",TPP,,,,NB13,,,,,,,,,,,,,,,,NB13,1.58,1,1,1.58,"PLAQUES de CULTURE ""TPP"" 96 Puits",P06771,TPP,
,"FLACONS de CULTURE ""SPL"" CAP filtrant, 25cm2 (x10)",SPL,,,,NB13,,,,,,,,,,,,,,,,NB13,3.85,1x10,10,0.385,"FLACONS de CULTURE ""SPL"" CAP filtrant, 25cm2 (x10)",P0651F,SPL,
,"FLACONS de CULTURE ""SPL"" CAP filtrant, 175cm2 (x5)",SPL,,,,NB13,,,,,,,,,,,,,,,,NB13,7.47,1x5,5,1.494,"FLACONS de CULTURE ""SPL"" CAP filtrant, 175cm2 (x5)",P0653F,SPL,
,"FLACONS de CULTURE ""NUNC"" TRIPLE FLASK CAP Filtrant 380ml - 500cm2 (x1)",NUNC,,,,NB13,,,,,,,,,,,,,,,,NB13,4.75,1,1,4.75,"FLACONS de CULTURE ""NUNC"" TRIPLE FLASK CAP Filtrant 380ml - 500cm2 (x1)",P0455F,NUNC,
,"FLACONS de CULTURE ""TPP"" CAP 2 positions, 25cm2 (x10)",TPP,,,,NB13,,,,,,,,,,,,,,,,NB13,6.74,1x10,10,0.674,"FLACONS de CULTURE ""TPP"" CAP 2 positions, 25cm2 (x10)",P0351,TPP,
,"FLACONS de CULTURE ""TPP"" CAP 2 positions, 75cm2 (x5)",TPP,,,,NB13,,,,,,,,,,,,,,,,NB13,6.43,1x5,5,1.286,"FLACONS de CULTURE ""TPP"" CAP 2 positions, 75cm2 (x5)",P0352,TPP,
,"FLACONS de CULTURE ""TPP"" CAP 2 positions, 150cm2 (x3)",TPP,,,,NB13,,,,,,,,,,,,,,,,NB13,8.28,1x3,3,2.76,"FLACONS de CULTURE ""TPP"" CAP 2 positions, 150cm2 (x3)",P0353,TPP,
,"FLACONS de CULTURE ""TPP"" CAP filtrant, 25cm2 (x10)",TPP,,,,NB13,,,,,,,,,,,,,,,,NB13,7.18,1x10,10,0.718,"FLACONS de CULTURE ""TPP"" CAP filtrant, 25cm2 (x10)",P0351F,TPP,
,"FLACONS de CULTURE ""TPP"" CAP filtrant, 75cm2 (x5)",TPP,,,,NB13,,,,,,,,,,,,,,,,NB13,6.77,1x5,5,1.354,"FLACONS de CULTURE ""TPP"" CAP filtrant, 75cm2 (x5)",P0352F,TPP,
,"FLACONS de CULTURE ""TPP"" CAP filtrant, 150cm2 (x3)",TPP,,,,NB13,,,,,,,,,,,,,,,,NB13,8.7,1x3,3,2.9,"FLACONS de CULTURE ""TPP"" CAP filtrant, 150cm2 (x3)",P0353F,TPP,
,"GRATTOIR de CELLULES Stérile ""TPP"" Long 24cm - Lame 12mm",TPP,,,,NB13,,,,,,,,,,,,,,,,NB13,1.36,1,1,1.36,"GRATTOIR de CELLULES Stérile ""TPP"" Long 24cm - Lame 12mm",D121,TPP,
,"GRATTOIR de CELLULES Stérile ""TPP"" Long 30cm - Lame 20mm",TPP,,,,NB13,,,,,,,,,,,,,,,,NB13,1.55,1,1,1.55,"GRATTOIR de CELLULES Stérile ""TPP"" Long 30cm - Lame 20mm",D122,TPP,
,"GRATTOIR de CELLULES Stérile ""TPP"" Long 38cm - Lame 25mm",TPP,,,,NB13,,,,,,,,,,,,,,,,NB13,2.11,1,1,2.11,"GRATTOIR de CELLULES Stérile ""TPP"" Long 38cm - Lame 25mm",D123,TPP,
,"GRATTOIR de CELLULES Standard, Stérile, Long 18cm - Lame 18mm",DUTSCHER,,,,NB13,,,,,,,,,,,,,,,,NB13,0.37,1,1,0.37,"GRATTOIR de CELLULES Standard, Stérile, Long 18cm - Lame 18mm",D121A,DUTSCHER,
,"GRATTOIR de CELLULES Standard, Stérile, Long 25cm - Lame 18mm",DUTSCHER,,,,NB13,,,,,,,,,,,,,,,,NB13,0.24,1,1,0.24,"GRATTOIR de CELLULES Standard, Stérile, Long 25cm - Lame 18mm",D122A,DUTSCHER,
,"POINTES sans filtre ""GILSON"" D10 0,1-10µl",GILSON,,,,NB02,,,,,,,,,,,,,,,,NB02,45.94,10x96,960,0.047854,"POINTES sans filtre ""GILSON"" D10 0,1-10µl",P021,GILSON,
,"POINTES sans filtre ""GILSON"" D200 2-200µl",GILSON,,,,NB02,,,,,,,,,,,,,,,,NB02,38.81,10x96,960,0.040427,"POINTES sans filtre ""GILSON"" D200 2-200µl",P0190,GILSON,
,"POINTES sans filtre ""GILSON"" D1000 200-1000µl",GILSON,,,,NB02,,,,,,,,,,,,,,,,NB02,41.17,10x96,960,0.042885,"POINTES sans filtre ""GILSON"" D1000 200-1000µl",P0171,GILSON,
,"POINTES sans filtre ""GILSON"" 5000µl sur portoir",GILSON,,,,NB02,,,,,,,,,,,,,,,,NB02,8.97,1x50,50,0.1794,"POINTES sans filtre ""GILSON"" 5000µl sur portoir",P1500,GILSON,
,POINTES LONGUES CRISTAL GEL LOADING 1-200µl (Vrac x1000),FISHERBRAND,,,,NB02,,,,,,,,,,,,,,,,NB02,47.08,1x1000,1000,0.04708,POINTES LONGUES CRISTAL GEL LOADING 1-200µl (Vrac x1000),P1200A,FISHERBRAND,
,POINTES LONGUES CRISTAL GEL LOADING 1-200µl (Rack x204),UGAP,,,,NB02,,,,,,,,,,,,,,,,NB02,13.95,1x204,204,0.068382,POINTES LONGUES CRISTAL GEL LOADING 1-200µl (Rack x204),P1200G,UGAP,
,"POINTES sans filtre ""CLEARLINE"" sur recharge, transp graduée 10µl",CLEARLINE,,,,NB02,,,,,,,,,,,,,,,,NB02,30.71,10x96,960,0.03199,"POINTES sans filtre ""CLEARLINE"" sur recharge, transp graduée 10µl",P0807,CLEARLINE,
,"POINTES sans filtre ""CLEARLINE"" sur recharge, transp, graduée 1000µl",CLEARLINE,,,,NB02,,,,,,,,,,,,,,,,NB02,31.63,8x96,768,0.041185,"POINTES sans filtre ""CLEARLINE"" sur recharge, transp, graduée 1000µl",P0809,CLEARLINE,
,"POINTES sans filtre ""CLEARLINE"" sur recharge, transp, graduée 1250µl",CLEARLINE,,,,NB02,,,,,,,,,,,,,,,,NB02,32.21,8x96,768,0.04194,"POINTES sans filtre ""CLEARLINE"" sur recharge, transp, graduée 1250µl",P0810,CLEARLINE,
,"POINTES ""STARLAB"" sur recharge, transp 0,1-10µl",STAR LAB,,,,NB02,,,,,,,,,,,,,,,,NB02,28.02,10x96,960,0.029187,"POINTES ""STARLAB"" sur recharge, transp 0,1-10µl",P0802,STAR LAB,
,"POINTES ""STARLAB"" sur recharge, jaunes biseautées 1-200µl",STAR LAB,,,,NB02,,,,,,,,,,,,,,,,NB02,25.43,10x96,960,0.02649,"POINTES ""STARLAB"" sur recharge, jaunes biseautées 1-200µl",P0804,STAR LAB,
,"POINTES ""STARLAB"" sur recharge,bleues graduées 100-1000µl",STAR LAB,,,,NB02,,,,,,,,,,,,,,,,NB02,33.07,10x96,960,0.034448,"POINTES ""STARLAB"" sur recharge,bleues graduées 100-1000µl",P0805,STAR LAB,
,"POINTES ""STARLAB"" sur recharge,bleues graduées 100-1250µl",STAR LAB,,,,NB02,,,,,,,,,,,,,,,,NB02,31.95,10x96,960,0.033281,"POINTES ""STARLAB"" sur recharge,bleues graduées 100-1250µl",P0806,STAR LAB,
,"POINTES sans filtre ""STARLAB"" sur rack, transp 0,1-10µl",STAR LAB,,,,NB02,,,,,,,,,,,,,,,,NB02,37.46,10x96,960,0.039021,"POINTES sans filtre ""STARLAB"" sur rack, transp 0,1-10µl",P0812,STAR LAB,
,"POINTES sans filtre ""STARLAB"" sur rack, jaunes biseautées 1-200µl",STAR LAB,,,,NB02,,,,,,,,,,,,,,,,NB02,33.87,10x96,960,0.035281,"POINTES sans filtre ""STARLAB"" sur rack, jaunes biseautées 1-200µl",P0814,STAR LAB,
,"POINTES sans filtre ""STARLAB"" sur rack, bleues graduées 100-1000µl",STAR LAB,,,,NB02,,,,,,,,,,,,,,,,NB02,49.86,10x96,960,0.051937,"POINTES sans filtre ""STARLAB"" sur rack, bleues graduées 100-1000µl",P0815,STAR LAB,
,"POINTES sans filtre ""STARLAB"" sur rack, transp graduées 100-1250µl",STAR LAB,,,,NB02,,,,,,,,,,,,,,,,NB02,52.53,10x96,960,0.054719,"POINTES sans filtre ""STARLAB"" sur rack, transp graduées 100-1250µl",P0816,STAR LAB,
,"COMBITIPS PLUS 0,2ml non stérile (Incrément mini 2µl, max 40µl)",EPPENDORF,,,,NB05,,,,,,,,,,,,,,,,NB05,104.77,1x100,100,1.0477,"COMBITIPS PLUS 0,2ml non stérile (Incrément mini 2µl, max 40µl)",P139,EPPENDORF,
,"COMBITIPS PLUS 0,5ml non stérile (Incrément mini 5µl, max 100µl)",EPPENDORF,,,,NB05,,,,,,,,,,,,,,,,NB05,104.77,1x100,100,1.0477,"COMBITIPS PLUS 0,5ml non stérile (Incrément mini 5µl, max 100µl)",P140,EPPENDORF,
,"COMBITIPS PLUS 1ml non stérile (Incrément mini 10µl, max 200µl)",EPPENDORF,,,,NB05,,,,,,,,,,,,,,,,NB05,104.77,1x100,100,1.0477,"COMBITIPS PLUS 1ml non stérile (Incrément mini 10µl, max 200µl)",P141,EPPENDORF,
,"COMBITIPS PLUS 2,5ml non stérile (Incrément mini 25µl, max 500µl)",EPPENDORF,,,,NB05,,,,,,,,,,,,,,,,NB05,104.77,1x100,100,1.0477,"COMBITIPS PLUS 2,5ml non stérile (Incrément mini 25µl, max 500µl)",P142,EPPENDORF,
,"COMBITIPS PLUS 5ml non stérile (Incrément mini 50µl, max 1000µl)",EPPENDORF,,,,NB05,,,,,,,,,,,,,,,,NB05,104.77,1x100,100,1.0477,"COMBITIPS PLUS 5ml non stérile (Incrément mini 50µl, max 1000µl)",P143,EPPENDORF,
,"COMBITIPS PLUS 10ml non stérile (Incrément mini 100µl, max 2000µl)",EPPENDORF,,,,NB05,,,,,,,,,,,,,,,,NB05,104.77,1x100,100,1.0477,"COMBITIPS PLUS 10ml non stérile (Incrément mini 100µl, max 2000µl)",P144,EPPENDORF,
,"POINTES à FILTRE ""ART"" Low Retention 0,1-10µl Reach",ART,,,,NB02,,,,,,,,,,,,,,,,NB02,42.47,10x96,960,0.04424,"POINTES à FILTRE ""ART"" Low Retention 0,1-10µl Reach",P110R,ART,
,"POINTES à FILTRE ""ART"" Low Retention 0,5-20µl",ART,,,,NB02,,,,,,,,,,,,,,,,NB02,44.3,10x96,960,0.046146,"POINTES à FILTRE ""ART"" Low Retention 0,5-20µl",P120,ART,
,"POINTES à FILTRE ""ART"" Low Retention 1-200µl",ART,,,,NB02,,,,,,,,,,,,,,,,NB02,41.25,10x96,960,0.042969,"POINTES à FILTRE ""ART"" Low Retention 1-200µl",P1200,ART,
,"POINTES à FILTRE ""ART"" Low Retention 100-1000µl",ART,,,,NB02,,,,,,,,,,,,,,,,NB02,51.48,8x100,800,0.06435,"POINTES à FILTRE ""ART"" Low Retention 100-1000µl",P1000,ART,
,"POINTES à FILTRE ""ART"" Low Retention 100-1000µl Reach",ART,,,,NB02,,,,,,,,,,,,,,,,NB02,47.94,8x100,800,0.059925,"POINTES à FILTRE ""ART"" Low Retention 100-1000µl Reach",P1000R,ART,
,"POINTES à FILTRE ""CLEARLINE"" Low Binding 10µl XL Reach",CLEARLINE,,,,NB02,,,,,,,,,,,,,,,,NB02,47.76,10x96,960,0.04975,"POINTES à FILTRE ""CLEARLINE"" Low Binding 10µl XL Reach",P018,CLEARLINE,
,"POINTES à FILTRE ""CLEARLINE"" Low Binding 20µl",CLEARLINE,,,,NB02,,,,,,,,,,,,,,,,NB02,47.41,10x96,960,0.049385,"POINTES à FILTRE ""CLEARLINE"" Low Binding 20µl",P019,CLEARLINE,
,"POINTES à FILTRE ""CLEARLINE"" Low Binding 100µl",CLEARLINE,,,,NB02,,,,,,,,,,,,,,,,NB02,46.95,10x96,960,0.048906,"POINTES à FILTRE ""CLEARLINE"" Low Binding 100µl",P0181,CLEARLINE,
,"POINTES à FILTRE ""CLEARLINE"" Low Binding 200µl",CLEARLINE,,,,NB02,,,,,,,,,,,,,,,,NB02,46.95,10x96,960,0.048906,"POINTES à FILTRE ""CLEARLINE"" Low Binding 200µl",P020,CLEARLINE,
,"POINTES à FILTRE ""CLEARLINE"" Low Binding 1250µl",CLEARLINE,,,,NB02,,,,,,,,,,,,,,,,NB02,48.86,8x96,768,0.06362,"POINTES à FILTRE ""CLEARLINE"" Low Binding 1250µl",P0202,CLEARLINE,
,"POINTES à FILTRE 20-100-200µl ""CLEARLINE Multiguard 3"" Low Binding",CLEARLINE,,,,NB02,,,,,,,,,,,,,,,,NB02,47.25,1x960,960,0.049219,"POINTES à FILTRE 20-100-200µl ""CLEARLINE Multiguard 3"" Low Binding",P133,CLEARLINE,
,LightCycler 480 Multiwell plate 384 (plaques) (1x10),ROCHE,,,,NB15,,,,,,,,,,,,,,,,NB15,63.45,1,1,63.45,LightCycler 480 Multiwell plate 384 (plaques) (1x10),P0705,ROCHE,
,LightCycler 480 Multiwell plate 96 (plaques) (1x10),ROCHE,,,,NB15,,,,,,,,,,,,,,,,NB15,57.27,1,1,57.27,LightCycler 480 Multiwell plate 96 (plaques) (1x10),P0707,ROCHE,
,LightCycler 480 sealing foil Feuilles adhésives (1x50),ROCHE,,,,NB15,,,,,,,,,,,,,,,,NB15,79.51,1,1,79.51,LightCycler 480 sealing foil Feuilles adhésives (1x50),P0706,ROCHE,
,EpTIPS Motion RELOAD 1-50µl à filtre - (2x96),EPPENDORF,,,,NB02,,,,,,,,,,,,,,,,NB02,37.4,2x96,192,0.194792,EpTIPS Motion RELOAD 1-50µl à filtre - (2x96),P150F,EPPENDORF,
,"EpTIPS Motion RELOAD 0,2-10µl à filtre - (2x96)",EPPENDORF,,,,NB02,,,,,,,,,,,,,,,,NB02,37.4,2x96,192,0.194792,"EpTIPS Motion RELOAD 0,2-10µl à filtre - (2x96)",P151F,EPPENDORF,
,Réservoir epMotion 30ml - Qualité PCR clean (x5),EPPENDORF,,,,NB17,,,,,,,,,,,,,,,,NB17,13.3,1,1,13.3,Réservoir epMotion 30ml - Qualité PCR clean (x5),P151,EPPENDORF,
,"PIPETTE STÉRILE ""FALCON"" 1ml (x1000)",FALCON,,,,NB04,,,,,,,,,,,,,,,,NB04,71.06,1,1,71.06,"PIPETTE STÉRILE ""FALCON"" 1ml (x1000)",P056,FALCON,
,"PIPETTE STÉRILE ""FALCON"" 2ml (x1000)",FALCON,,,,NB04,,,,,,,,,,,,,,,,NB04,77.58,1,1,77.58,"PIPETTE STÉRILE ""FALCON"" 2ml (x1000)",P057,FALCON,
,"PIPETTE STÉRILE ""FALCON"" 10ml (x200)",FALCON,,,,NB04,,,,,,,,,,,,,,,,NB04,21.33,1,1,21.33,"PIPETTE STÉRILE ""FALCON"" 10ml (x200)",P059,FALCON,
,"PIPETTE STÉRILE ""FALCON"" 25ml (x200)",FALCON,,,,NB04,,,,,,,,,,,,,,,,NB04,44.07,1,1,44.07,"PIPETTE STÉRILE ""FALCON"" 25ml (x200)",P060,FALCON,
,"PIPETTE STÉRILE ""FALCON"" 50ml (x100)",FALCON,,,,NB04,,,,,,,,,,,,,,,,NB04,67.04,1,1,67.04,"PIPETTE STÉRILE ""FALCON"" 50ml (x100)",P079,FALCON,
,"PIPETTE STÉRILE ""FALCON"" 100ml (x50)",FALCON,,,,NB04,,,,,,,,,,,,,,,,NB04,98.35,1,1,98.35,"PIPETTE STÉRILE ""FALCON"" 100ml (x50)",P060B,FALCON,
,"PIPETTE de TRANSFERT 5ml Graduée, stérile (Emb/10)",DUTSCHER,,,,NB04,,,,,,,,,,,,,,,,NB04,0.87,1x500,500,0.00174,"PIPETTE de TRANSFERT 5ml Graduée, stérile (Emb/10)",P0602,DUTSCHER,
,"PIPETTE de TRANSFERT 7ml Graduée, stérile (Emb/10)",DUTSCHER,,,,NB04,,,,,,,,,,,,,,,,NB04,0.92,1x500,500,0.00184,"PIPETTE de TRANSFERT 7ml Graduée, stérile (Emb/10)",P0603,DUTSCHER,
,"TUBE de CULTURE ""FALCON"" PP Fond rond 5ml (Embal/25) (2063)",FALCON,,,,NB11,,,,,,,,,,,,,,,,NB11,79.88,1x500,500,0.15976,"TUBE de CULTURE ""FALCON"" PP Fond rond 5ml (Embal/25) (2063)",P074,FALCON,
,"TUBE de CULTURE ""GREINER"" PP Fond rond 5ml (Embal/Unitaire)",GREINER,,,,NB11,,,,,,,,,,,,,,,,NB11,168.72,1x1000,1000,0.16872,"TUBE de CULTURE ""GREINER"" PP Fond rond 5ml (Embal/Unitaire)",P0741,GREINER,
,"TUBE ""FALCON"" PP Fond rond 14ml (Embal/25) (2059)",FALCON,,,,NB11,,,,,,,,,,,,,,,,NB11,80.06,1x500,500,0.16012,"TUBE ""FALCON"" PP Fond rond 14ml (Embal/25) (2059)",P075,FALCON,
,"TUBE ""GREINER"" PP Fond rond 14ml (Embal/25)",GREINER,,,,NB11,,,,,,,,,,,,,,,,NB11,152.58,1x1000,1000,0.15258,"TUBE ""GREINER"" PP Fond rond 14ml (Embal/25)",P0751,GREINER,
,"TUBE à CENTRIFUGER ""FALCON"" 15ml sur RACK (2097)",FALCON,,,,NB11,,,,,,,,,,,,,,,,NB11,59.9,1x500,500,0.1198,"TUBE à CENTRIFUGER ""FALCON"" 15ml sur RACK (2097)",P077,FALCON,
,"TUBE à CENTRIFUGER ""FALCON"" 15ml En VRAC (2096)",FALCON,,,,NB11,,,,,,,,,,,,,,,,NB11,52.73,1x500,500,0.10546,"TUBE à CENTRIFUGER ""FALCON"" 15ml En VRAC (2096)",P0771,FALCON,
,"TUBE à CENTRIFUGER ""FALCON"" 50ml sur RACK (2098)",FALCON,,,,NB11,,,,,,,,,,,,,,,,NB11,65.16,1x500,500,0.13032,"TUBE à CENTRIFUGER ""FALCON"" 50ml sur RACK (2098)",P078,FALCON,
,"TUBE à CENTRIFUGER ""FALCON"" 50ml En VRAC (2070)",FALCON,,,,NB11,,,,,,,,,,,,,,,,NB11,52.72,1x500,500,0.10544,"TUBE à CENTRIFUGER ""FALCON"" 50ml En VRAC (2070)",P0782,FALCON,
,"TUBE à Hémolyse PS 5ml, 13x75mm, non bouché, non stérile (x500)",,,,,NB11,,,,,,,,,,,,,,,,NB11,9.18,1x500,500,0.01836,"TUBE à Hémolyse PS 5ml, 13x75mm, non bouché, non stérile (x500)",P072,,
,CRYOTUBE SIMPORT 2ml (Cryovials) Fond rond à jupe,ALEATOIRE,,,,NB11,,,,,,,,,,,,,,,,NB11,12.49,1x100,100,0.1249,CRYOTUBE SIMPORT 2ml (Cryovials) Fond rond à jupe,P021211,ALEATOIRE,
,CAP INSERTS pour CRYOTUBE SIMPORT (Inserts de couleurs),SIMPORT,,,,NB11,,,,,,,,,,,,,,,,NB11,2.51,1x100,100,0.0251,CAP INSERTS pour CRYOTUBE SIMPORT (Inserts de couleurs),P021221,SIMPORT,
,"MICROTUBE ""EPPENDORF"" 0,5ml Safe-Lock",EPPENDORF,,,,NB11,,,,,,,,,,,,,,,,NB11,44.73,1x500,500,0.08946,"MICROTUBE ""EPPENDORF"" 0,5ml Safe-Lock",P048A,EPPENDORF,
,"MICROTUBE ""EPPENDORF"" 1,5ml Safe-Lock",EPPENDORF,,,,NB11,,,,,,,,,,,,,,,,NB11,45.26,1x1000,1000,0.04526,"MICROTUBE ""EPPENDORF"" 1,5ml Safe-Lock",P047,EPPENDORF,
,"MICROTUBE ""EPPENDORF"" 2ml Safe-Lock",EPPENDORF,,,,NB11,,,,,,,,,,,,,,,,NB11,61.74,1x1000,1000,0.06174,"MICROTUBE ""EPPENDORF"" 2ml Safe-Lock",P048B,EPPENDORF,
,"TUBES ""EPPENDORF"" 5ml Safe-Lock",EPPENDORF,,,,NB11,,,,,,,,,,,,,,,,NB11,44.46,1x200,200,0.2223,"TUBES ""EPPENDORF"" 5ml Safe-Lock",P049,EPPENDORF,
,"MICROTUBE ""EPPENDORF"" PCR CLEAN 0,5ml Safe-Lock, Rnase - DNase free",EPPENDORF,,,,NB11,,,,,,,,,,,,,,,,NB11,54.27,1x500,500,0.10854,"MICROTUBE ""EPPENDORF"" PCR CLEAN 0,5ml Safe-Lock, Rnase - DNase free",P046C,EPPENDORF,
,"MICROTUBE ""EPPENDORF"" PCR CLEAN 1,5ml Safe-Lock, Rnase - DNase free",EPPENDORF,,,,NB11,,,,,,,,,,,,,,,,NB11,54.44,1x1000,1000,0.05444,"MICROTUBE ""EPPENDORF"" PCR CLEAN 1,5ml Safe-Lock, Rnase - DNase free",P047C,EPPENDORF,
,"MICROTUBE ""EPPENDORF"" PCR CLEAN 2ml Safe-Lock, Rnase - DNase free",EPPENDORF,,,,NB11,,,,,,,,,,,,,,,,NB11,73.8,1x1000,1000,0.0738,"MICROTUBE ""EPPENDORF"" PCR CLEAN 2ml Safe-Lock, Rnase - DNase free",P048C,EPPENDORF,
,"TUBES ""EPPENDORF"" PCR CLEAN 5ml Safe-Lock, Rnase - DNase free",EPPENDORF,,,,NB11,,,,,,,,,,,,,,,,NB11,49.84,1x200,200,0.2492,"TUBES ""EPPENDORF"" PCR CLEAN 5ml Safe-Lock, Rnase - DNase free",P049C,EPPENDORF,
,"MICROTUBE ""EPPENDORF"" PROTEIN LoBIND PCR CLEAN 1,5ml Safe-Lock",EPPENDORF,,,,NB11,,,,,,,,,,,,,,,,NB11,55.0,1x500,500,0.11,"MICROTUBE ""EPPENDORF"" PROTEIN LoBIND PCR CLEAN 1,5ml Safe-Lock",P047PROT,EPPENDORF,
,"MICROTUBE ""EPPENDORF"" DNA LoBIND PCR CLEAN 1,5ml Safe-Lock",EPPENDORF,,,,NB11,,,,,,,,,,,,,,,,NB11,16.17,1x250,250,0.06468,"MICROTUBE ""EPPENDORF"" DNA LoBIND PCR CLEAN 1,5ml Safe-Lock",P047DNA,EPPENDORF,
,"MICROTUBE ""SIGMA/BRAND"" 1,5ml Safety-Lock, sans Dnase, sans Rnase",SIGMA/BRAND,,,,NB11,,,,,,,,,,,,,,,,NB11,40.48,1x1000,1000,0.04048,"MICROTUBE ""SIGMA/BRAND"" 1,5ml Safety-Lock, sans Dnase, sans Rnase",P047S,SIGMA/BRAND,
,"MICROTUBE ""FISHERBRAND"" 0,5ml Safety-Lock, Rnase/Dnase Free, 30 000g",FISHERBRAND,,,,NB11,,,,,,,,,,,,,,,,NB11,7.38,1x500,500,0.01476,"MICROTUBE ""FISHERBRAND"" 0,5ml Safety-Lock, Rnase/Dnase Free, 30 000g",P046CL,FISHERBRAND,
,"MICROTUBE ""FISHERBRAND"" 1,5ml Safety-Lock, Rnase/Dnase Free, 30 000g",FISHERBRAND,,,,NB11,,,,,,,,,,,,,,,,NB11,8.16,1x500,500,0.01632,"MICROTUBE ""FISHERBRAND"" 1,5ml Safety-Lock, Rnase/Dnase Free, 30 000g",P047CL,FISHERBRAND,
,"MICROTUBE ""FISHERBRAND"" 2ml Safety-Lock, Rnase/Dnase Free, 30 000g",FISHERBRAND,,,,NB11,,,,,,,,,,,,,,,,NB11,8.27,1x500,500,0.01654,"MICROTUBE ""FISHERBRAND"" 2ml Safety-Lock, Rnase/Dnase Free, 30 000g",P048CL,FISHERBRAND,
,"MICROTUBE ""TREFF"" 1,5ml EasyFit",TREFF,,,,NB11,,,,,,,,,,,,,,,,NB11,16.79,1x1000,1000,0.01679,"MICROTUBE ""TREFF"" 1,5ml EasyFit",P050,TREFF,
,"MICROTUBE ""AXYGEN"" Maxi clear naturel 0,6ml RNase DNase free",AXYGEN,,,,NB11,,,,,,,,,,,,,,,,NB11,12.67,1x250,250,0.05068,"MICROTUBE ""AXYGEN"" Maxi clear naturel 0,6ml RNase DNase free",P052,AXYGEN,
,"MICROTUBE ""AXYGEN"" Maxi clear naturel 1,7ml RNase DNase free",AXYGEN,,,,NB11,,,,,,,,,,,,,,,,NB11,7.1,1x250,250,0.0284,"MICROTUBE ""AXYGEN"" Maxi clear naturel 1,7ml RNase DNase free",P051,AXYGEN,
,CUVE pour SPECTROPHOTOMETRIE Micro PS 2ml,,,,,NB17,,,,,,,,,,,,,,,,NB17,5.83,1x100,100,0.0583,CUVE pour SPECTROPHOTOMETRIE Micro PS 2ml,P0361,,
,"CUVETTES d'ELECTROPORATION 2mm Emb individuel stérile, électrodes courtes",,,,,NB17,,,,,,,,,,,,,,,,NB17,10.34,1x5,5,2.068,"CUVETTES d'ELECTROPORATION 2mm Emb individuel stérile, électrodes courtes",D0191,,
,"MICROPLAQUE PCR 96 puits ""AXYGEN"" Nonpyrogenic & Rnase/Dnase Free",AXYGEN,,,,NB11,,,,,,,,,,,,,,,,NB11,24.31,1x10,10,2.431,"MICROPLAQUE PCR 96 puits ""AXYGEN"" Nonpyrogenic & Rnase/Dnase Free",P082,AXYGEN,
,"MICROTUBE en BARETTE (x8) ""AXYGEN"" PCR 0,2ml CAP dômé (x125)",AXYGEN,,,,NB11,,,,,,,,,,,,,,,,NB11,44.3,1x125,125,0.3544,"MICROTUBE en BARETTE (x8) ""AXYGEN"" PCR 0,2ml CAP dômé (x125)",P0484,AXYGEN,
,"MICROTUBE en BARETTE (x8) ""ABGENE - AB0266"" PCR 0,2ml CAP dômé (x250)",ABGENE,,,,NB11,,,,,,,,,,,,,,,,NB11,85.69,1x250,250,0.34276,"MICROTUBE en BARETTE (x8) ""ABGENE - AB0266"" PCR 0,2ml CAP dômé (x250)",P0485,ABGENE,
,"MICROTUBE ""THERMO"" Spécial PCR 0,2ml Nonpyrogenic & Rnase/Dnase Free",THERMO,,,,NB11,,,,,,,,,,,,,,,,NB11,36.17,1x1000,1000,0.03617,"MICROTUBE ""THERMO"" Spécial PCR 0,2ml Nonpyrogenic & Rnase/Dnase Free",P0483,THERMO,
,"MICROTUBE ""THERMO"" Spécial PCR 0,5ml",THERMO,,,,NB11,,,,,,,,,,,,,,,,NB11,37.54,1x1000,1000,0.03754,"MICROTUBE ""THERMO"" Spécial PCR 0,5ml",P0482,THERMO,
,TUBE DROSO 25 X 95mm PS sur PLATEAU,,,,,NB11,,,,,,,,,,,,,,,,NB11,39.41,1x500,500,0.07882,TUBE DROSO 25 X 95mm PS sur PLATEAU,P086,,
,BOULE COTON pour TUBE DROSO diam 25mm,,,,,NB11,,,,,,,,,,,,,,,,NB11,66.47,1x2000,2000,0.033235,BOULE COTON pour TUBE DROSO diam 25mm,P093,,
,BOUCHON FLUGS pour TUBE diam 25mm,,,,,NB11,,,,,,,,,,,,,,,,NB11,67.46,1x1000,1000,0.06746,BOUCHON FLUGS pour TUBE diam 25mm,P095,,
,LEVURE de BIERE SPRINGALINE BA10 25Kg (Origine France),AMCAN,,,,NA73,,,,,,,,,,,,,,,,NA73,442.98,1x25Kg,1,442.98,LEVURE de BIERE SPRINGALINE BA10 25Kg (Origine France),C070,AMCAN,
,AGAR AGAR TECHNICAL 5Kg,VWR,,,,NA73,,,,,,,,,,,,,,,,NA73,366.15,1x25Kg,1,366.15,AGAR AGAR TECHNICAL 5Kg,C071,VWR,
,FARINE DE MAÏS H1 20Kg,LIMAGRAIN,,,,NA73,,,,,,,,,,,,,,,,NA73,75.97,1x25Kg,1,75.97,FARINE DE MAÏS H1 20Kg,C072,LIMAGRAIN,
,SUCRE CRISTALISE 5Kg (Pour milieux de drosophile),,,,,AA23,,,,,,,,,,,,,,,,AA23,12.25,1x5Kg,1,12.25,SUCRE CRISTALISE 5Kg (Pour milieux de drosophile),C077,,
,"MEMBRANE BLOTTING PROTRAN BA85 300x3m NC 0,45µ",WHATMAN,,,,NB24,,,,,,,,,,,,,,,,NB24,235.08,1,1,235.08,"MEMBRANE BLOTTING PROTRAN BA85 300x3m NC 0,45µ",C0346,WHATMAN,
,LAIT ÉCRÉMÉ 300 grs (Pour saturer les membranes de transfert),RÉGILAIT,,,,AA23,,,,,,,,,,,,,,,,AA23,4.54,1,1,4.54,LAIT ÉCRÉMÉ 300 grs (Pour saturer les membranes de transfert),D0251,RÉGILAIT,
,"FILTRE SERINGUE 0,20µm PES (x50)",FISHERBRAND,,,,NB24,,,,,,,,,,,,,,,,NB24,32.49,1x50,50,0.6498,"FILTRE SERINGUE 0,20µm PES (x50)",P033,FISHERBRAND,
,"FILTRE SERINGUE 0,45µm PES (x50)",DUTSCHER,,,,NB24,,,,,,,,,,,,,,,,NB24,40.22,1x50,50,0.8044,"FILTRE SERINGUE 0,45µm PES (x50)",P034,DUTSCHER,
,"FILTRE SERINGUE Millex 0,22µm PES (x50)",MERCK MILLIPORE,,,,NB24,,,,,,,,,,,,,,,,NB24,59.73,1,1,59.73,"FILTRE SERINGUE Millex 0,22µm PES (x50)",P0331,MERCK MILLIPORE,
,"Unité de Filtration FISHER (NALGENE) 150ml MF75 PES 0,20µm (x12)",FISHERBRAND,,,,NB24,,,,,,,,,,,,,,,,NB24,56.13,1x12,12,4.6775,"Unité de Filtration FISHER (NALGENE) 150ml MF75 PES 0,20µm (x12)",F124,FISHERBRAND,
,"Unité de Filtration FISHER (NALGENE) 250ml MF75 PES 0,20µm (x12)",FISHERBRAND,,,,NB24,,,,,,,,,,,,,,,,NB24,61.72,1x12,12,5.143333,"Unité de Filtration FISHER (NALGENE) 250ml MF75 PES 0,20µm (x12)",F125,FISHERBRAND,
,"Unité de Filtration FISHER (NALGENE) 500ml MF75 PES 0,20µm (x12)",FISHERBRAND,,,,NB24,,,,,,,,,,,,,,,,NB24,76.28,1x12,12,6.356667,"Unité de Filtration FISHER (NALGENE) 500ml MF75 PES 0,20µm (x12)",F126,FISHERBRAND,
,"Unité de Filtration FISHER (NALGENE) 1000ml MF75 PES 0,20µm (x12)",FISHERBRAND,,,,NB24,,,,,,,,,,,,,,,,NB24,114.88,1x12,12,9.573333,"Unité de Filtration FISHER (NALGENE) 1000ml MF75 PES 0,20µm (x12)",F127,FISHERBRAND,
,BECHER en verre borosilicaté 5 ml,FISHER,,,,NB43,,,,,,,,,,,,,,,,NB43,1.02,1,1,1.02,BECHER en verre borosilicaté 5 ml,V001,FISHER,
,BECHER en verre borosilicaté 10ml,FISHER,,,,NB43,,,,,,,,,,,,,,,,NB43,1.02,1,1,1.02,BECHER en verre borosilicaté 10ml,V002,FISHER,
,BECHER en verre borosilicaté 25ml,FISHER,,,,NB43,,,,,,,,,,,,,,,,NB43,1.02,1,1,1.02,BECHER en verre borosilicaté 25ml,V003,FISHER,
,BECHER en verre borosilicaté 50ml,FISHER,,,,NB43,,,,,,,,,,,,,,,,NB43,1.1,1,1,1.1,BECHER en verre borosilicaté 50ml,V004,FISHER,
,BECHER en verre borosilicaté 100ml,FISHER,,,,NB43,,,,,,,,,,,,,,,,NB43,1.1,1,1,1.1,BECHER en verre borosilicaté 100ml,V005,FISHER,
,BECHER en verre borosilicaté 150ml,FISHER,,,,NB43,,,,,,,,,,,,,,,,NB43,1.19,1,1,1.19,BECHER en verre borosilicaté 150ml,V006,FISHER,
,BECHER en verre borosilicaté 250ml,FISHER,,,,NB43,,,,,,,,,,,,,,,,NB43,1.2,1,1,1.2,BECHER en verre borosilicaté 250ml,V007,FISHER,
,BECHER en verre borosilicaté 600ml,FISHER,,,,NB43,,,,,,,,,,,,,,,,NB43,1.34,1,1,1.34,BECHER en verre borosilicaté 600ml,V008,FISHER,
,BECHER en verre borosilicaté 800ml,FISHER,,,,NB43,,,,,,,,,,,,,,,,NB43,1.95,1,1,1.95,BECHER en verre borosilicaté 800ml,V009,FISHER,
,BECHER en verre borosilicaté 1L,FISHER,,,,NB43,,,,,,,,,,,,,,,,NB43,2.9,1,1,2.9,BECHER en verre borosilicaté 1L,V010,FISHER,
,BECHER en verre borosilicaté 2L,FISHER,,,,NB43,,,,,,,,,,,,,,,,NB43,4.46,1,1,4.46,BECHER en verre borosilicaté 2L,V011,FISHER,
,BECHER en verre borosilicaté 3L,FISHER,,,,NB43,,,,,,,,,,,,,,,,NB43,6.23,1,1,6.23,BECHER en verre borosilicaté 3L,V012,FISHER,
,BECHER en verre borosilicaté 5L,FISHER,,,,NB43,,,,,,,,,,,,,,,,NB43,9.63,1,1,9.63,BECHER en verre borosilicaté 5L,V013,FISHER,
,CRISTALLISOIR en verre borosilicaté avec bec 150ml diam 80mm,FISHER,,,,NB43,,,,,,,,,,,,,,,,NB43,6.66,1,1,6.66,CRISTALLISOIR en verre borosilicaté avec bec 150ml diam 80mm,V0131,FISHER,
,CRISTALLISOIR en verre borosilicaté avec bec 500ml diam 115mm,FISHER,,,,NB43,,,,,,,,,,,,,,,,NB43,11.07,1,1,11.07,CRISTALLISOIR en verre borosilicaté avec bec 500ml diam 115mm,V014,FISHER,
,CRISTALLISOIR en verre borosilicaté avec bec 900ml diam 140mm,FISHER,,,,NB43,,,,,,,,,,,,,,,,NB43,11.18,1,1,11.18,CRISTALLISOIR en verre borosilicaté avec bec 900ml diam 140mm,V015,FISHER,
,CRISTALLISOIR en verre borosilicaté avec bec 2L diam 190mm,FISHER,,,,NB43,,,,,,,,,,,,,,,,NB43,11.43,1,1,11.43,CRISTALLISOIR en verre borosilicaté avec bec 2L diam 190mm,V016,FISHER,
,"CRISTALLISOIR en verre borosilicaté avec bec 3,5L diam 230mm",FISHER,,,,NB43,,,,,,,,,,,,,,,,NB43,13.39,1,1,13.39,"CRISTALLISOIR en verre borosilicaté avec bec 3,5L diam 230mm",V017,FISHER,
,ENTONNOIR en verre borosilicaté Diam 45mm,FISHER,,,,NB43,,,,,,,,,,,,,,,,NB43,3.93,1,1,3.93,ENTONNOIR en verre borosilicaté Diam 45mm,V018,FISHER,
,ENTONNOIR en verre borosilicaté Diam 55mm,FISHER,,,,NB43,,,,,,,,,,,,,,,,NB43,4.58,1,1,4.58,ENTONNOIR en verre borosilicaté Diam 55mm,V019,FISHER,
,ENTONNOIR en verre borosilicaté Diam 70mm,FISHER,,,,NB43,,,,,,,,,,,,,,,,NB43,8.38,1,1,8.38,ENTONNOIR en verre borosilicaté Diam 70mm,V020,FISHER,
,ENTONNOIR en verre borosilicaté Diam 100mm,FISHER,,,,NB43,,,,,,,,,,,,,,,,NB43,6.94,1,1,6.94,ENTONNOIR en verre borosilicaté Diam 100mm,V021,FISHER,
,ENTONNOIR en verre borosilicaté Diam 150mm,FISHER,,,,NB43,,,,,,,,,,,,,,,,NB43,17.0,1,1,17.0,ENTONNOIR en verre borosilicaté Diam 150mm,V022,FISHER,
,EPROUVETTE en verre borosilicaté 10ml,FISHER,,,,NB43,,,,,,,,,,,,,,,,NB43,5.49,1,1,5.49,EPROUVETTE en verre borosilicaté 10ml,V023,FISHER,
,EPROUVETTE en verre borosilicaté 25ml,FISHER,,,,NB43,,,,,,,,,,,,,,,,NB43,4.69,1,1,4.69,EPROUVETTE en verre borosilicaté 25ml,V024,FISHER,
,EPROUVETTE en verre borosilicaté 50ml,FISHER,,,,NB43,,,,,,,,,,,,,,,,NB43,5.18,1,1,5.18,EPROUVETTE en verre borosilicaté 50ml,V025,FISHER,
,EPROUVETTE en verre borosilicaté 100ml,FISHER,,,,NB43,,,,,,,,,,,,,,,,NB43,5.3,1,1,5.3,EPROUVETTE en verre borosilicaté 100ml,V026,FISHER,
,EPROUVETTE en verre borosilicaté 250ml,FISHER,,,,NB43,,,,,,,,,,,,,,,,NB43,8.7,1,1,8.7,EPROUVETTE en verre borosilicaté 250ml,V027,FISHER,
,EPROUVETTE en verre borosilicaté 500ml,FISHER,,,,NB43,,,,,,,,,,,,,,,,NB43,21.4,1,1,21.4,EPROUVETTE en verre borosilicaté 500ml,V028,FISHER,
,EPROUVETTE en verre borosilicaté 1L,FISHER,,,,NB43,,,,,,,,,,,,,,,,NB43,18.78,1,1,18.78,EPROUVETTE en verre borosilicaté 1L,V029,FISHER,
,EPROUVETTE en verre borosilicaté 2L,FISHER,,,,NB43,,,,,,,,,,,,,,,,NB43,28.89,1,1,28.89,EPROUVETTE en verre borosilicaté 2L,V030,FISHER,
,"ERLEN Col étroit, en verre borosilicaté 10ml",FISHER,,,,NB43,,,,,,,,,,,,,,,,NB43,0.86,1,1,0.86,"ERLEN Col étroit, en verre borosilicaté 10ml",V031,FISHER,
,"ERLEN Col étroit, en verre borosilicaté 25ml",FISHER,,,,NB43,,,,,,,,,,,,,,,,NB43,0.86,1,1,0.86,"ERLEN Col étroit, en verre borosilicaté 25ml",V032,FISHER,
,"ERLEN Col étroit, en verre borosilicaté 50ml",FISHER,,,,NB43,,,,,,,,,,,,,,,,NB43,1.49,1,1,1.49,"ERLEN Col étroit, en verre borosilicaté 50ml",V033,FISHER,
,"ERLEN Col étroit, en verre borosilicaté 100ml",FISHER,,,,NB43,,,,,,,,,,,,,,,,NB43,1.1,1,1,1.1,"ERLEN Col étroit, en verre borosilicaté 100ml",V034,FISHER,
,"ERLEN Col étroit, en verre borosilicaté 250ml",FISHER,,,,NB43,,,,,,,,,,,,,,,,NB43,1.18,1,1,1.18,"ERLEN Col étroit, en verre borosilicaté 250ml",V035,FISHER,
,"ERLEN Col étroit, en verre borosilicaté 500ml",FISHER,,,,NB43,,,,,,,,,,,,,,,,NB43,1.49,1,1,1.49,"ERLEN Col étroit, en verre borosilicaté 500ml",V036,FISHER,
,"ERLEN Col étroit, en verre borosilicaté 1L",FISHER,,,,NB43,,,,,,,,,,,,,,,,NB43,2.84,1,1,2.84,"ERLEN Col étroit, en verre borosilicaté 1L",V037,FISHER,
,"ERLEN Col étroit, en verre borosilicaté 2L",FISHER,,,,NB43,,,,,,,,,,,,,,,,NB43,4.82,1,1,4.82,"ERLEN Col étroit, en verre borosilicaté 2L",V038,FISHER,
,"ERLEN Col étroit, en verre borosilicaté 3L",FISHER,,,,NB43,,,,,,,,,,,,,,,,NB43,11.16,1,1,11.16,"ERLEN Col étroit, en verre borosilicaté 3L",V039,FISHER,
,"ERLEN Col étroit, en verre borosilicaté 5L",FISHER,,,,NB43,,,,,,,,,,,,,,,,NB43,17.09,1,1,17.09,"ERLEN Col étroit, en verre borosilicaté 5L",V040,FISHER,
,FIOLE à VIDE en verre borosilicaté 100ml,,,,,NB43,,,,,,,,,,,,,,,,NB43,9.14,1,1,9.14,FIOLE à VIDE en verre borosilicaté 100ml,V041,,
,FIOLE à VIDE en verre borosilicaté 250ml,FISHER,,,,NB43,,,,,,,,,,,,,,,,NB43,10.08,1,1,10.08,FIOLE à VIDE en verre borosilicaté 250ml,V042,FISHER,
,FIOLE à VIDE en verre borosilicaté 500ml,FISHER,,,,NB43,,,,,,,,,,,,,,,,NB43,13.64,1,1,13.64,FIOLE à VIDE en verre borosilicaté 500ml,V043,FISHER,
,FIOLE à VIDE en verre borosilicaté 1L,DUTSCHER,,,,NB43,,,,,,,,,,,,,,,,NB43,25.49,1,1,25.49,FIOLE à VIDE en verre borosilicaté 1L,V044,DUTSCHER,
,FIOLE à VIDE en verre borosilicaté 2L,DUTSCHER,,,,NB43,,,,,,,,,,,,,,,,NB43,33.06,1,1,33.06,FIOLE à VIDE en verre borosilicaté 2L,V045,DUTSCHER,
,FIOLE à VIDE en verre borosilicaté 5L,DUTSCHER,,,,NB43,,,,,,,,,,,,,,,,NB43,187.19,1,1,187.19,FIOLE à VIDE en verre borosilicaté 5L,V046,DUTSCHER,
,FLACON en verre borosilicaté 50ml,FISHER,,,,NB43,,,,,,,,,,,,,,,,NB43,5.85,1,1,5.85,FLACON en verre borosilicaté 50ml,V047,FISHER,
,FLACON en verre borosilicaté 100ml,FISHER,,,,NB43,,,,,,,,,,,,,,,,NB43,1.46,1,1,1.46,FLACON en verre borosilicaté 100ml,V048,FISHER,
,FLACON en verre borosilicaté 250ml,FISHER,,,,NB43,,,,,,,,,,,,,,,,NB43,1.53,1,1,1.53,FLACON en verre borosilicaté 250ml,V049,FISHER,
,FLACON en verre borosilicaté 500ml,FISHER,,,,NB43,,,,,,,,,,,,,,,,NB43,2.12,1,1,2.12,FLACON en verre borosilicaté 500ml,V050,FISHER,
,FLACON en verre borosilicaté 1L,FISHER,,,,NB43,,,,,,,,,,,,,,,,NB43,3.06,1,1,3.06,FLACON en verre borosilicaté 1L,V051,FISHER,
,FLACON en verre borosilicaté 2L,FISHER,,,,NB43,,,,,,,,,,,,,,,,NB43,6.91,1,1,6.91,FLACON en verre borosilicaté 2L,V051A,FISHER,
,FLACON en verre borosilicaté 5L,FISHER,,,,NB43,,,,,,,,,,,,,,,,NB43,35.12,1,1,35.12,FLACON en verre borosilicaté 5L,V052,FISHER,
,BOUCHON PP GL45 ou GL32 Couleur Bleu ou Gris,FISHER,,,,NB51,,,,,,,,,,,,,,,,NB51,15.79,1x10,10,1.579,BOUCHON PP GL45 ou GL32 Couleur Bleu ou Gris,D144,FISHER,
,BAGUE de DEVERSEMENT PP GL45 Bleue ou transparente,FISHER,,,,NB51,,,,,,,,,,,,,,,,NB51,5.15,1x10,10,0.515,BAGUE de DEVERSEMENT PP GL45 Bleue ou transparente,D145,FISHER,
,BAGUE de DEVERSEMENT PP GL45 Rouge,FISHER,,,,NB51,,,,,,,,,,,,,,,,NB51,8.89,1x10,10,0.889,BAGUE de DEVERSEMENT PP GL45 Rouge,D145A,FISHER,
,PIPETTE PASTEUR 230mm non cotonnée/non stérile/ouverte,VWR ou FISHER,,,,NB04,,,,,,,,,,,,,,,,NB04,9.89,1x250,250,0.03956,PIPETTE PASTEUR 230mm non cotonnée/non stérile/ouverte,V0551,VWR ou FISHER,
,PIPETTE PASTEUR 230mm cotonnée/stérile/ouverte,,,,,NB04,,,,,,,,,,,,,,,,NB04,10.87,1x250,250,0.04348,PIPETTE PASTEUR 230mm cotonnée/stérile/ouverte,V0531,,
,PIPETTE PASTEUR 150mm non cotonnée/non stérile/ouverte,VWR ou FISHER,,,,NB04,,,,,,,,,,,,,,,,NB04,8.49,1x250,250,0.03396,PIPETTE PASTEUR 150mm non cotonnée/non stérile/ouverte,V0521,VWR ou FISHER,
,BOITE à STÉRILISER (Pipette en verre) 295x65x65mm,,,,,NB43,,,,,,,,,,,,,,,,NB43,72.04,1,1,72.04,BOITE à STÉRILISER (Pipette en verre) 295x65x65mm,D130,,
,ESSUIE-MAINS Feuille enchevêtrées 22x32mm 150f,ADELYA,,,,BB01,,,,,,,,,,,,,,,,BB01,1.71,1,1,1.71,ESSUIE-MAINS Feuille enchevêtrées 22x32mm 150f,E0311,ADELYA,
,BOBINE ESSUYAGE GM 450f Pour dévidoir,ADELYA,,,,BB01,,,,,,,,,,,,,,,,BB01,4.21,1,1,4.21,BOBINE ESSUYAGE GM 450f Pour dévidoir,E066,ADELYA,
,BOBINE ESSUYAGE PM 200f,ADELYA,,,,BB01,,,,,,,,,,,,,,,,BB01,1.89,1,1,1.89,BOBINE ESSUYAGE PM 200f,E0671,ADELYA,
,TORCHON COTON 60x80cm,ORAPI,,,,AA42,,,,,,,,,,,,,,,,AA42,1.19,1,1,1.19,TORCHON COTON 60x80cm,E0691,ORAPI,
,EPONGES N° 4,ADELYA,,,,BB02,,,,,,,,,,,,,,,,BB02,0.85,1,1,0.85,EPONGES N° 4,E030,ADELYA,
,TAMPONGE (Eponge double face) N° 4,ADELYA,,,,BB02,,,,,,,,,,,,,,,,BB02,0.94,1,1,0.94,TAMPONGE (Eponge double face) N° 4,E030A,ADELYA,
,SERPILLIERES 50x100cm,ADELYA,,,,BB02,,,,,,,,,,,,,,,,BB02,3.22,1,1,3.22,SERPILLIERES 50x100cm,E065,ADELYA,
,SERPILLIERES JETABLES Anti-Bactériennes (Lot de 20),ADELYA,,,,BB02,,,,,,,,,,,,,,,,BB02,7.81,1x20,20,0.3905,SERPILLIERES JETABLES Anti-Bactériennes (Lot de 20),E070,ADELYA,
,"TAMPON ABRASIF VERT ""Type Scotch brite"" 22x15cm",ADELYA,,,,BB02,,,,,,,,,,,,,,,,BB02,0.86,1,1,0.86,"TAMPON ABRASIF VERT ""Type Scotch brite"" 22x15cm",E063,ADELYA,
,MOUCHOIRS Boite blanche,ADELYA,,,,BB01,,,,,,,,,,,,,,,,BB01,0.91,1,1,0.91,MOUCHOIRS Boite blanche,E047,ADELYA,
,PAPIER HYGIÈNIQUE (de toilettes) Pure ouate 200m,ADELYA,,,,BB01,,,,,,,,,,,,,,,,BB01,2.07,1,1,2.07,PAPIER HYGIÈNIQUE (de toilettes) Pure ouate 200m,E0501,ADELYA,
,CHIFFON EPONGE BLANC (carton de 8kg),ADELYA,,,,BB02,,,,,,,,,,,,,,,,BB02,32.04,1,1,32.04,CHIFFON EPONGE BLANC (carton de 8kg),E016,ADELYA,
,BALAI-BROSSE NYLON 30cm,DUTSCHER,,,,BB02,,,,,,,,,,,,,,,,BB02,1.96,1,1,1.96,BALAI-BROSSE NYLON 30cm,E005,DUTSCHER,
,BALAI SOIE GRIS à vis 38cm,ADELYA,,,,BB02,,,,,,,,,,,,,,,,BB02,4.21,1,1,4.21,BALAI SOIE GRIS à vis 38cm,E006,ADELYA,
,BALAI COCO MINOTIER (Douille métal) 100cm,ADELYA,,,,BB02,,,,,,,,,,,,,,,,BB02,8.3,1,1,8.3,BALAI COCO MINOTIER (Douille métal) 100cm,E006A,ADELYA,
,"MANCHE à BALAI En bois 1,30m",ADELYA,,,,BB02,,,,,,,,,,,,,,,,BB02,1.56,1,1,1.56,"MANCHE à BALAI En bois 1,30m",E007,ADELYA,
,"MANCHE à BALAI En bois CANTONNIER 1,40m",ADELYA,,,,BB02,,,,,,,,,,,,,,,,BB02,1.1,1,1,1.1,"MANCHE à BALAI En bois CANTONNIER 1,40m",E007C,ADELYA,
,MANCHE et BALAI pour SERPILLIERES JETABLES,ADELYA,,,,BB02,,,,,,,,,,,,,,,,BB02,16.05,1,1,16.05,MANCHE et BALAI pour SERPILLIERES JETABLES,E007A,ADELYA,
,EMBOUT FILETÉ pour manche à balai Diam 24mm,ADELYA,,,,BB02,,,,,,,,,,,,,,,,BB02,0.18,1,1,0.18,EMBOUT FILETÉ pour manche à balai Diam 24mm,E0071,ADELYA,
,BROSSE à ONGLES Double brosse ou à poignet,ADELYA,,,,BB02,,,,,,,,,,,,,,,,BB02,1.99,1,1,1.99,BROSSE à ONGLES Double brosse ou à poignet,E014,ADELYA,
,RACLETTE MOUSSE Long 60cm,ADELYA,,,,BB02,,,,,,,,,,,,,,,,BB02,2.45,1,1,2.45,RACLETTE MOUSSE Long 60cm,E0061,ADELYA,
,PELLE + BALAYETTE,ADELYA,,,,BB02,,,,,,,,,,,,,,,,BB02,5.74,1,1,5.74,PELLE + BALAYETTE,E004,ADELYA,
,BALAYETTE (Seule),ADELYA,,,,BB02,,,,,,,,,,,,,,,,BB02,1.05,1,1,1.05,BALAYETTE (Seule),E004A,ADELYA,
,GOUPILLON BROSSE SOIE (Diam 25x110mm - long 600mm) Réf 15975,FISHER,,,,BB02,,,,,,,,,,,,,,,,BB02,1.16,1,1,1.16,GOUPILLON BROSSE SOIE (Diam 25x110mm - long 600mm) Réf 15975,D020,FISHER,
,GOUPILLON BROSSE NYLON (Diam 50x120mm - long 400mm) Réf 15990,FISHER,,,,BB02,,,,,,,,,,,,,,,,BB02,1.67,1,1,1.67,GOUPILLON BROSSE NYLON (Diam 50x120mm - long 400mm) Réf 15990,D021,FISHER,
,GOUPILLON BROSSE SOIE Manche Jonc (Diam 55x90mm - long 450mm) Réf 15978,FISHER,,,,BB02,,,,,,,,,,,,,,,,BB02,3.2,1,1,3.2,GOUPILLON BROSSE SOIE Manche Jonc (Diam 55x90mm - long 450mm) Réf 15978,D022,FISHER,
,GOUPILLON BROSSE SOIE (Diam 12x80mm - long 270mm) Réf 069137,DUTSCHER,,,,BB02,,,,,,,,,,,,,,,,BB02,2.39,1,1,2.39,GOUPILLON BROSSE SOIE (Diam 12x80mm - long 270mm) Réf 069137,D023,DUTSCHER,
,GOUPILLON BROSSE SOIE (Diam 30x110mm - long 250mm) Réf 15974,FISHER,,,,BB02,,,,,,,,,,,,,,,,BB02,0.89,1,1,0.89,GOUPILLON BROSSE SOIE (Diam 30x110mm - long 250mm) Réf 15974,D024,FISHER,
,SAVON MAINS Liquide 500ml,ADELYA,,,,BB01,,,,,,,,,,,,,,,,BB01,1.88,1,1,1.88,SAVON MAINS Liquide 500ml,E0621,ADELYA,
,SAVON MAINS Liquide bidon de 5L,ADELYA,,,,BB01,,,,,,,,,,,,,,,,BB01,9.45,1,1,9.45,SAVON MAINS Liquide bidon de 5L,E0622,ADELYA,
,Gel HYDROALCOOLIQUE Flacon 100ml,,,,,BB01,,,,,,,,,,,,,,,,BB01,1.57,1,1,1.57,Gel HYDROALCOOLIQUE Flacon 100ml,E0623,,
,Gel HYDROALCOOLIQUE Flacon 300ml,,,,,BB01,,,,,,,,,,,,,,,,BB01,3.07,1,1,3.07,Gel HYDROALCOOLIQUE Flacon 300ml,E0624,,
,Gel HYDROALCOOLIQUE Flacon 5L,,,,,BB01,,,,,,,,,,,,,,,,BB01,26.75,1,1,26.75,Gel HYDROALCOOLIQUE Flacon 5L,E0625,,
,"CREME MAINS ""MANUPHYL"" (Abimées, desséchées, gercées) Tube 100ml",MANUPHYL,,,,BB01,,,,,,,,,,,,,,,,BB01,9.33,1,1,9.33,"CREME MAINS ""MANUPHYL"" (Abimées, desséchées, gercées) Tube 100ml",E0626,MANUPHYL,
,Désinfectant des instruments OPASTERANIOS Bidon 5 litres,ANIOS,,,,NB34,,,,,,,,,,,,,,,,NB34,35.7,1,1,35.7,Désinfectant des instruments OPASTERANIOS Bidon 5 litres,E028,ANIOS,
,Désinfectant de Surface PHAGOSPRAY DM Bidon 5 litres,PHAGOSPRAY,,,,NB34,,,,,,,,,,,,,,,,NB34,29.29,1,1,29.29,Désinfectant de Surface PHAGOSPRAY DM Bidon 5 litres,E0014,PHAGOSPRAY,
,DECONTAMINANT TFD9 5L,FRANKLAB,,,,NB34,,,,,,,,,,,,,,,,NB34,34.55,1,1,34.55,DECONTAMINANT TFD9 5L,E026,FRANKLAB,
,RNase AWAY Decontamination reagent for RNase 250ml,THERMO,,,,NB34,,,,,,,,,,,,,,,,NB34,21.98,1,1,21.98,RNase AWAY Decontamination reagent for RNase 250ml,E0261,THERMO,
,NETTOYANT DESINFECTANT MULTI-SURFACES Vaporisateur 750ml,,,,,BB02,,,,,,,,,,,,,,,,BB02,6.16,1,1,6.16,NETTOYANT DESINFECTANT MULTI-SURFACES Vaporisateur 750ml,E0263,,
,DETARTRANT ANTI-CALCAIRE Vaporisateur 750ml,,,,,BB02,,,,,,,,,,,,,,,,BB02,5.33,1,1,5.33,DETARTRANT ANTI-CALCAIRE Vaporisateur 750ml,E027,,
,DETERGENT MULTI-USAGES 750ml,,,,,BB02,,,,,,,,,,,,,,,,BB02,2.51,1,1,2.51,DETERGENT MULTI-USAGES 750ml,E0011,,
,DETERGENT MULTI-USAGES 5 Litres,,,,,BB02,,,,,,,,,,,,,,,,BB02,13.64,1,1,13.64,DETERGENT MULTI-USAGES 5 Litres,E0015,,
,"EAU JAVEL 2,6% 2L",,,,,BB02,,,,,,,,,,,,,,,,BB02,1.22,1,1,1.22,"EAU JAVEL 2,6% 2L",E045,,
,"EAU JAVEL ""LACROIX"" Bidon 5L",,,,,BB02,,,,,,,,,,,,,,,,BB02,13.48,1,1,13.48,"EAU JAVEL ""LACROIX"" Bidon 5L",E045C,,
,JAVEL en PASTILLES (x150),,,,,BB02,,,,,,,,,,,,,,,,BB02,3.15,1,1,3.15,JAVEL en PASTILLES (x150),E045A,,
,LIQUIDE VAISSELLE 1 litre,,,,,BB02,,,,,,,,,,,,,,,,BB02,2.32,1,1,2.32,LIQUIDE VAISSELLE 1 litre,E054,,
,PRODUIT VITRE Vaporisateur 750ml,,,,,BB02,,,,,,,,,,,,,,,,BB02,1.97,1,1,1.97,PRODUIT VITRE Vaporisateur 750ml,E0012,,
,CREME à RECURER 1 litre,,,,,BB02,,,,,,,,,,,,,,,,BB02,1.29,1,1,1.29,CREME à RECURER 1 litre,E001,,
,"VINAIGRE D'ALCOOL 8% d'acidité 1,5L",,,,,BB02,,,,,,,,,,,,,,,,BB02,1.51,1,1,1.51,"VINAIGRE D'ALCOOL 8% d'acidité 1,5L",E017,,
,SACS POUBELLES BLANC 5 litres (x50),,,,,BB02,,,,,,,,,,,,,,,,BB02,0.52,1,1,0.52,SACS POUBELLES BLANC 5 litres (x50),E056B,,
,SACS POUBELLES NOIR 30 litres (x20),,,,,BB02,,,,,,,,,,,,,,,,BB02,1.29,1,1,1.29,SACS POUBELLES NOIR 30 litres (x20),E056A,,
,SACS POUBELLES NOIR 50 litres (x25) Sacs poubelles pour pièces de culture,,,,,BB02,,,,,,,,,,,,,,,,BB02,2.5,1,1,2.5,SACS POUBELLES NOIR 50 litres (x25) Sacs poubelles pour pièces de culture,E056C,,
,SACS POUBELLES NOIR 130 litres (x20),,,,,BB02,,,,,,,,,,,,,,,,BB02,6.16,1,1,6.16,SACS POUBELLES NOIR 130 litres (x20),E057,,
,HOUSSES CONTAINER NOIR 1100 litres (x100),,,,,BB02,,,,,,,,,,,,,,,,BB02,43.68,1,1,43.68,HOUSSES CONTAINER NOIR 1100 litres (x100),E057A,,
,HOUSSES CONTAINER NOIR 240 litres (x100),,,,,BB02,,,,,,,,,,,,,,,,BB02,29.44,1,1,29.44,HOUSSES CONTAINER NOIR 240 litres (x100),E057C,,
,SAC à DECHET PAPIER 6 litres 70g (x250),,,,,BB02,,,,,,,,,,,,,,,,BB02,30.87,1x250,250,0.12348,SAC à DECHET PAPIER 6 litres 70g (x250),E055,,
,TABLETTE LAVE VAISSELLE 3 en 1 (Sachet 20 tablettes) - Ecolabel,,,,,BB02,,,,,,,,,,,,,,,,BB02,2.65,1x160,160,0.016563,TABLETTE LAVE VAISSELLE 3 en 1 (Sachet 20 tablettes) - Ecolabel,E052,,
,LESSIVE en CAPSULES (x160) Action Verte - Ecocert,,,,,BB01,,,,,,,,,,,,,,,,BB01,34.29,1x46,46,0.745435,LESSIVE en CAPSULES (x160) Action Verte - Ecocert,E0541,,
,ASSOUPLISSANT 5L,,,,,BB01,,,,,,,,,,,,,,,,BB01,15.58,1x5L,1,15.58,ASSOUPLISSANT 5L,E0542,,
,"FICELLE ""SISAL"" Moyenne 250g",LYRECO,,,,AB01,,,,,,,,,,,,,,,,AB01,3.89,1,1,3.89,"FICELLE ""SISAL"" Moyenne 250g",E032,LYRECO,
,ALLUMETTE,DUTSCHER,,,,AA41,,,,,,,,,,,,,,,,AA41,0.81,1,1,0.81,ALLUMETTE,E003,DUTSCHER,
,PIEGES à CAFARDS (Bte de 5 pièges),,,,,BB02,,,,,,,,,,,,,,,,BB02,8.81,1,1,8.81,PIEGES à CAFARDS (Bte de 5 pièges),E051,,
,BARRAGE INSECTES VOLANT/RAMPANT Flacon 520ml,ADELYA,,,,BB02,,,,,,,,,,,,,,,,BB02,12.34,1,1,12.34,BARRAGE INSECTES VOLANT/RAMPANT Flacon 520ml,E0283,ADELYA,
,BLOC DIRECTION Quadrillée 148x120mm A5,,,,,AB01,,,,,,,,,,,,,,,,AB01,1.24,1,1,1.24,BLOC DIRECTION Quadrillée 148x120mm A5,B028A,,
,BLOC DIRECTION Quadrillée 210x297mm A4,,,,,AB01,,,,,,,,,,,,,,,,AB01,3.01,1,1,3.01,BLOC DIRECTION Quadrillée 210x297mm A4,B029A,,
,BLOC POST -IT 76x76,,,,,AB01,,,,,,,,,,,,,,,,AB01,0.3,1,1,0.3,BLOC POST -IT 76x76,B042,,
,BLOC TELEPHONE Message,,,,,AB01,,,,,,,,,,,,,,,,AB01,2.99,1,1,2.99,BLOC TELEPHONE Message,B044A,,
,"REPERTOIRE Alphabétique 96 pages, 9x14cm",,,,,AB01,,,,,,,,,,,,,,,,AB01,3.5,1,1,3.5,"REPERTOIRE Alphabétique 96 pages, 9x14cm",B190,,
,"CARNET Quadrillé 7,4x10,5cm 80 feuilles détachables",,,,,AB01,,,,,,,,,,,,,,,,AB01,0.71,1,1,0.71,"CARNET Quadrillé 7,4x10,5cm 80 feuilles détachables",B030,,
,CARNET Quadrillé à spirale 9x14cm 100 pages,,,,,AB01,,,,,,,,,,,,,,,,AB01,0.68,1,1,0.68,CARNET Quadrillé à spirale 9x14cm 100 pages,B031,,
,FEUILLES BLANCHES A4 PERFORÉES,,,,,AB01,,,,,,,,,,,,,,,,AB01,2.3,1x100,100,0.023,FEUILLES BLANCHES A4 PERFORÉES,B078,,
,BLOC ROULEAU PAPIER BLANC (x50 feuilles) Pour tableau chevaleret,,,,,AB01,,,,,,,,,,,,,,,,AB01,3.79,1x50,50,0.0758,BLOC ROULEAU PAPIER BLANC (x50 feuilles) Pour tableau chevaleret,B045,,
,PAPIER PHOTOCOPIE COULEURS A4 80g (Couleur à choisir),,,,,AC01,,,,,,,,,,,,,,,,AC01,2.14,1x500,500,0.00428,PAPIER PHOTOCOPIE COULEURS A4 80g (Couleur à choisir),B153,,
,PAPIER PHOTOCOPIE BLANC A3,,,,,AC01,,,,,,,,,,,,,,,,AC01,15.66,1x500,500,0.03132,PAPIER PHOTOCOPIE BLANC A3,B1531,,
,PAPIER PHOTOCOPIE BLANC A4 80g,,,,,AC01,,,,,,,,,,,,,,,,AC01,3.63,1x500,500,0.00726,PAPIER PHOTOCOPIE BLANC A4 80g,B1532,,
,CAHIER SPIRALE 180 pages A5,,,,,AB01,,,,,,,,,,,,,,,,AB01,2.55,1,1,2.55,CAHIER SPIRALE 180 pages A5,B057A,,
,CAHIER SPIRALE 180 pages A4,,,,,AB01,,,,,,,,,,,,,,,,AB01,2.31,1,1,2.31,CAHIER SPIRALE 180 pages A4,B059,,
,ENVELOPPE BLANCHE 110x220mm,,,,,AB01,,,,,,,,,,,,,,,,AB01,0.49,1x25,25,0.0196,ENVELOPPE BLANCHE 110x220mm,B097,,
,ENVELOPPE BLANCHE 110x220mm à fenêtre,,,,,AB01,,,,,,,,,,,,,,,,AB01,0.32,1x25,25,0.0128,ENVELOPPE BLANCHE 110x220mm à fenêtre,B099,,
,ENVELOPPE BLANCHE 1/2 Format à fenêtre 162x229mm,,,,,AB01,,,,,,,,,,,,,,,,AB01,0.42,1x25,25,0.0168,ENVELOPPE BLANCHE 1/2 Format à fenêtre 162x229mm,B0995,,
,ENVELOPPE BLANCHE 1/2 Format 162x229mm,,,,,AB01,,,,,,,,,,,,,,,,AB01,0.42,1x25,25,0.0168,ENVELOPPE BLANCHE 1/2 Format 162x229mm,B0996,,
,ENVELOPPE BLANCHE Grand format 229x324mm,,,,,AB01,,,,,,,,,,,,,,,,AB01,0.93,1x25,25,0.0372,ENVELOPPE BLANCHE Grand format 229x324mm,B0998,,
,ENVELOPPE KRAFT Armée à souflet 260x330mm,,,,,AB01,,,,,,,,,,,,,,,,AB01,0.56,1,1,0.56,ENVELOPPE KRAFT Armée à souflet 260x330mm,B0999,,
,ENVELOPPE à BULLE d'AIR 150x210mm,,,,,AB01,,,,,,,,,,,,,,,,AB01,0.13,1,1,0.13,ENVELOPPE à BULLE d'AIR 150x210mm,B0991,,
,ENVELOPPE à BULLE d'AIR 240x330 mm,,,,,AB01,,,,,,,,,,,,,,,,AB01,0.15,1,1,0.15,ENVELOPPE à BULLE d'AIR 240x330 mm,B0992,,
,ENVELOPPE à BULLE d'AIR 270x360 mm,,,,,AB01,,,,,,,,,,,,,,,,AB01,0.29,1,1,0.29,ENVELOPPE à BULLE d'AIR 270x360 mm,B0993,,
,"PAPIER à En-TÊTE ""IJM"" Bas de page IJM/CNRS/Université de Paris *Idem",,,,,AC01,,,,,,,,,,,,,,,,AC01,15.9,1x500,500,0.0318,"PAPIER à En-TÊTE ""IJM"" Bas de page IJM/CNRS/Université de Paris *Idem",B2021,,
,CARTE CORRESPONDANCE IJM *Idem,,,,,AB01,,,,,,,,,,,,,,,,AB01,4.28,1x100,100,0.0428,CARTE CORRESPONDANCE IJM *Idem,B060,,
,PAPIER d'EMBALLAGE KRAFT Feuille 65x100cm,,,,,FA01,,,,,,,,,,,,,,,,FA01,0.2,1,1,0.2,PAPIER d'EMBALLAGE KRAFT Feuille 65x100cm,B034,,
,"ETIQUETTE LASER AVERY BLANCHE 38,1x21,1mm",,,,,AB01,,,,,,,,,,,,,,,,AB01,0.52,1x65,65,0.008,"ETIQUETTE LASER AVERY BLANCHE 38,1x21,1mm",B102,,
,"ETIQUETTE LASER AVERY BLANCHE 46x11,1mm",,,,,AB01,,,,,,,,,,,,,,,,AB01,1.01,1x84,84,0.012024,"ETIQUETTE LASER AVERY BLANCHE 46x11,1mm",B103,,
,"ETIQUETTE LASER AVERY BLANCHE 63,5x33,9mm",,,,,AB01,,,,,,,,,,,,,,,,AB01,0.71,1x24,24,0.029583,"ETIQUETTE LASER AVERY BLANCHE 63,5x33,9mm",B105,,
,"ETIQUETTE LASER LYRECO PREMIUM BLANCHE 99,1x67,7mm (2000 Etiquettes)",,,,,AB01,,,,,,,,,,,,,,,,AB01,28.64,1x2000,2000,0.01432,"ETIQUETTE LASER LYRECO PREMIUM BLANCHE 99,1x67,7mm (2000 Etiquettes)",B106,,
,ETIQUETTES ADHESIVES Diam 8mm (couleurs assorties),,,,,AB01,,,,,,,,,,,,,,,,AB01,0.46,1X288,288,0.001597,ETIQUETTES ADHESIVES Diam 8mm (couleurs assorties),B1121,,
,"FICHE BRISTOL Blanche, quadrilliée 75x125mm",,,,,AB01,,,,,,,,,,,,,,,,AB01,0.39,1x100,100,0.0039,"FICHE BRISTOL Blanche, quadrilliée 75x125mm",B123,,
,"FICHE BRISTOL Blanche, unie 105x148mm",,,,,AB01,,,,,,,,,,,,,,,,AB01,0.51,1x100,100,0.0051,"FICHE BRISTOL Blanche, unie 105x148mm",B124,,
,"FICHE BRISTOL Blanche, quadrilliée105x148mm",,,,,AB01,,,,,,,,,,,,,,,,AB01,0.6,1x100,100,0.006,"FICHE BRISTOL Blanche, quadrilliée105x148mm",B125,,
,"FICHE BRISTOL Blanche, unie 125x200mm",,,,,AB01,,,,,,,,,,,,,,,,AB01,0.89,1x100,100,0.0089,"FICHE BRISTOL Blanche, unie 125x200mm",B126,,
,"FICHE BRISTOL Blanche, quadrilliée125X200mm",,,,,AB01,,,,,,,,,,,,,,,,AB01,0.89,1x100,100,0.0089,"FICHE BRISTOL Blanche, quadrilliée125X200mm",B127,,
,"FICHE BRISTOL Blanche, quadrilliée 210x297mm",,,,,AB01,,,,,,,,,,,,,,,,AB01,2.74,1x100,100,0.0274,"FICHE BRISTOL Blanche, quadrilliée 210x297mm",B128,,
,"FICHE BRISTOL Blanche, unie 210x297mm",,,,,AB01,,,,,,,,,,,,,,,,AB01,4.38,1x100,100,0.0438,"FICHE BRISTOL Blanche, unie 210x297mm",B129,,
,BOITES ARCHIVES Dos 10cm,,,,,AB01,,,,,,,,,,,,,,,,AB01,0.56,1,1,0.56,BOITES ARCHIVES Dos 10cm,B047,,
,"CHEMISE à POCHE ""Pochette carte lustrée""",,,,,AB01,,,,,,,,,,,,,,,,AB01,0.6,1,1,0.6,"CHEMISE à POCHE ""Pochette carte lustrée""",B062,,
,SOUS-CHEMISES fines 80g (Par 10),,,,,AB01,,,,,,,,,,,,,,,,AB01,0.4,1,1,0.4,SOUS-CHEMISES fines 80g (Par 10),B063,,
,CHEMISE RIGIDES 220g (Par 5),,,,,AB01,,,,,,,,,,,,,,,,AB01,0.4,1,1,0.4,CHEMISE RIGIDES 220g (Par 5),B064,,
,CHEMISE COIN Plastique incolore A4 (Par 10),,,,,AB01,,,,,,,,,,,,,,,,AB01,0.51,1x10,10,0.051,CHEMISE COIN Plastique incolore A4 (Par 10),B065,,
,CHEMISE à RABAT ELASTIQUE A4,,,,,AB01,,,,,,,,,,,,,,,,AB01,1.47,1,1,1.47,CHEMISE à RABAT ELASTIQUE A4,B066,,
,CHEMISE à RABAT ELASTIQUE A3,,,,,AB01,,,,,,,,,,,,,,,,AB01,2.25,1,1,2.25,CHEMISE à RABAT ELASTIQUE A3,B066A,,
,CLASSEUR à LEVIER 8 cm - 2 anneaux,,,,,AB01,,,,,,,,,,,,,,,,AB01,1.82,1,1,1.82,CLASSEUR à LEVIER 8 cm - 2 anneaux,B073,,
,CLASSEUR A4 - 4 anneaux,,,,,AB01,,,,,,,,,,,,,,,,AB01,1.58,1,1,1.58,CLASSEUR A4 - 4 anneaux,B074,,
,POCHETTES PERFORÉES CRISTAL POUR CLASSEUR A4 (Bte de 100),,,,,AB01,,,,,,,,,,,,,,,,AB01,4.49,1x100,100,0.0449,POCHETTES PERFORÉES CRISTAL POUR CLASSEUR A4 (Bte de 100),B122,,
,INTERCALAIRE en PP 6 Onglets A4+,,,,,AB01,,,,,,,,,,,,,,,,AB01,1.09,1,1,1.09,INTERCALAIRE en PP 6 Onglets A4+,B131A,,
,INTERCALAIRE en PP 12 Onglets A4+,,,,,AB01,,,,,,,,,,,,,,,,AB01,0.55,1,1,0.55,INTERCALAIRE en PP 12 Onglets A4+,B132A,,
,REPERTOIRE ALPHABÉTIQUE pour CLASSEUR A4,,,,,AB01,,,,,,,,,,,,,,,,AB01,3.27,1,1,3.27,REPERTOIRE ALPHABÉTIQUE pour CLASSEUR A4,B192,,
,RELIURE à Pochettes transparentes fixes (20 Pochettes/40 vues),,,,,AB01,,,,,,,,,,,,,,,,AB01,4.55,1,1,4.55,RELIURE à Pochettes transparentes fixes (20 Pochettes/40 vues),B186A,,
,RELIURE à Pochettes transparentes fixes (50 Pochettes/100 vues),,,,,AB01,,,,,,,,,,,,,,,,AB01,1.11,1,1,1.11,RELIURE à Pochettes transparentes fixes (50 Pochettes/100 vues),B188,,
,COUVERTURE de THÈSE PVC 150µ,,,,,AB01,,,,,,,,,,,,,,,,AB01,0.04,1,1,0.04,COUVERTURE de THÈSE PVC 150µ,B082,,
,COUVERTURE de THESE Photocopiable (couleurs à choisir),,,,,AC02,,,,,,,,,,,,,,,,AC02,0.02,1,1,0.02,COUVERTURE de THESE Photocopiable (couleurs à choisir),B084,,
,"BAGUETTE à RELIER/SPIRALE 4,5mm (2 à 10 feuilles)",,,,,AB01,,,,,,,,,,,,,,,,AB01,0.02,1,1,0.02,"BAGUETTE à RELIER/SPIRALE 4,5mm (2 à 10 feuilles)",B017A,,
,BAGUETTE à RELIER/SPIRALE 6mm (11 à 20 feuilles),,,,,AB01,,,,,,,,,,,,,,,,AB01,0.02,1,1,0.02,BAGUETTE à RELIER/SPIRALE 6mm (11 à 20 feuilles),B019A,,
,BAGUETTE à RELIER/SPIRALE 8mm (20 à 40 feuilles),,,,,AB01,,,,,,,,,,,,,,,,AB01,0.02,1,1,0.02,BAGUETTE à RELIER/SPIRALE 8mm (20 à 40 feuilles),B023A,,
,BAGUETTE à RELIER/SPIRALE 10mm (40 à 65 feuilles),,,,,AB01,,,,,,,,,,,,,,,,AB01,0.03,1,1,0.03,BAGUETTE à RELIER/SPIRALE 10mm (40 à 65 feuilles),B024A,,
,BAGUETTE à RELIER/SPIRALE 12mm (65 à 90 feuilles),,,,,AB01,,,,,,,,,,,,,,,,AB01,0.03,1,1,0.03,BAGUETTE à RELIER/SPIRALE 12mm (65 à 90 feuilles),B025A,,
,BAGUETTE à RELIER/SPIRALE 14mm (95 à 125 feuilles),,,,,AB01,,,,,,,,,,,,,,,,AB01,0.04,1,1,0.04,BAGUETTE à RELIER/SPIRALE 14mm (95 à 125 feuilles),B022A,,
,BAGUETTE à RELIER/SPIRALE 16mm (90 à 120 feuilles),,,,,AB01,,,,,,,,,,,,,,,,AB01,0.04,1,1,0.04,BAGUETTE à RELIER/SPIRALE 16mm (90 à 120 feuilles),B026,,
,SURLIGNEUR FLUO JAUNE,,,,,AB01,,,,,,,,,,,,,,,,AB01,1.04,1,1,1.04,SURLIGNEUR FLUO JAUNE,B133,,
,SURLIGNEUR FLUO VERT,,,,,AB01,,,,,,,,,,,,,,,,AB01,1.04,1,1,1.04,SURLIGNEUR FLUO VERT,B135,,
,SURLIGNEUR FLUO BLEU,,,,,AB01,,,,,,,,,,,,,,,,AB01,1.04,1,1,1.04,SURLIGNEUR FLUO BLEU,B1351,,
,SURLIGNEUR FLUO ROUGE,,,,,AB01,,,,,,,,,,,,,,,,AB01,1.04,1,1,1.04,SURLIGNEUR FLUO ROUGE,B1352,,
,SURLIGNEUR FLUO ORANGE,,,,,AB01,,,,,,,,,,,,,,,,AB01,1.04,1,1,1.04,SURLIGNEUR FLUO ORANGE,B1352A,,
,MARQUEUR PERMANENT (GROS) BLEU,,,,,AB01,,,,,,,,,,,,,,,,AB01,1.04,1,1,1.04,MARQUEUR PERMANENT (GROS) BLEU,B136,,
,MARQUEUR PERMANENT (GROS) NOIR,,,,,AB01,,,,,,,,,,,,,,,,AB01,1.04,1,1,1.04,MARQUEUR PERMANENT (GROS) NOIR,B137,,
,MARQUEUR PERMANENT (GROS) ROUGE,,,,,AB01,,,,,,,,,,,,,,,,AB01,1.04,1,1,1.04,MARQUEUR PERMANENT (GROS) ROUGE,B138,,
,MARQUEUR PERMANENT (GROS) VERT,,,,,AB01,,,,,,,,,,,,,,,,AB01,1.04,1,1,1.04,MARQUEUR PERMANENT (GROS) VERT,B139,,
,MARQUEUR HISTOLOGIE (Cryomarkers) Superfrost NOIR ou ROUGE,,,,,AB01,,,,,,,,,,,,,,,,AB01,4.25,1,1,4.25,MARQUEUR HISTOLOGIE (Cryomarkers) Superfrost NOIR ou ROUGE,B1411,,
,MARQUEUR FIN BLEU,,,,,AB01,,,,,,,,,,,,,,,,AB01,1.08,1,1,1.08,MARQUEUR FIN BLEU,B140,,
,MARQUEUR FIN NOIR,,,,,AB01,,,,,,,,,,,,,,,,AB01,1.08,1,1,1.08,MARQUEUR FIN NOIR,B141,,
,MARQUEUR FIN ROUGE,,,,,AB01,,,,,,,,,,,,,,,,AB01,1.08,1,1,1.08,MARQUEUR FIN ROUGE,B142,,
,MARQUEUR FIN VERT,,,,,AB01,,,,,,,,,,,,,,,,AB01,1.08,1,1,1.08,MARQUEUR FIN VERT,B143,,
,MARQUEUR BLEU pour TABLEAU BLANC,,,,,AB01,,,,,,,,,,,,,,,,AB01,0.77,1,1,0.77,MARQUEUR BLEU pour TABLEAU BLANC,B144,,
,MARQUEUR NOIR TABLEAU BLANC,,,,,AB01,,,,,,,,,,,,,,,,AB01,0.77,1,1,0.77,MARQUEUR NOIR TABLEAU BLANC,B145,,
,MARQUEUR ROUGE TABLEAU BLANC,,,,,AB01,,,,,,,,,,,,,,,,AB01,0.77,1,1,0.77,MARQUEUR ROUGE TABLEAU BLANC,B146,,
,MARQUEUR VERT TABLEAU BLANC,,,,,AB01,,,,,,,,,,,,,,,,AB01,0.77,1,1,0.77,MARQUEUR VERT TABLEAU BLANC,B147,,
,STYLO BILLE RETRACTABLE BLEU,,,,,AB01,,,,,,,,,,,,,,,,AB01,0.26,1,1,0.26,STYLO BILLE RETRACTABLE BLEU,B167,,
,STYLO BILLE RETRACTABLE NOIR,,,,,AB01,,,,,,,,,,,,,,,,AB01,0.26,1,1,0.26,STYLO BILLE RETRACTABLE NOIR,B168,,
,"STYLO ""BIC"" CRISTAL ROUGE",,,,,AB01,,,,,,,,,,,,,,,,AB01,0.29,1,1,0.29,"STYLO ""BIC"" CRISTAL ROUGE",B169,,
,"STYLO ""BIC"" CRISTAL VERT",,,,,AB01,,,,,,,,,,,,,,,,AB01,1.25,1,1,1.25,"STYLO ""BIC"" CRISTAL VERT",B170,,
,"STYLO POINTE FEUTRE ""PILOT VBALL"" BLEU",,,,,AB01,,,,,,,,,,,,,,,,AB01,1.25,1,1,1.25,"STYLO POINTE FEUTRE ""PILOT VBALL"" BLEU",B171,,
,"STYLO POINTE FEUTRE ""PILOT VBALL"" NOIR",,,,,AB01,,,,,,,,,,,,,,,,AB01,1.25,1,1,1.25,"STYLO POINTE FEUTRE ""PILOT VBALL"" NOIR",B172,,
,"STYLO POINTE FEUTRE ""PILOT VBALL"" ROUGE",,,,,AB01,,,,,,,,,,,,,,,,AB01,1.25,1,1,1.25,"STYLO POINTE FEUTRE ""PILOT VBALL"" ROUGE",B173,,
,"STYLO POINTE FEUTRE ""PILOT VBALL"" VERT",,,,,AB01,,,,,,,,,,,,,,,,AB01,1.35,1,1,1.35,"STYLO POINTE FEUTRE ""PILOT VBALL"" VERT",B177,,
,"PORTE-MINES 0,5mm",,,,,AB01,,,,,,,,,,,,,,,,AB01,1.1,1,1,1.1,"PORTE-MINES 0,5mm",B179A,,
,"ETUI de 12 MINES HB 0,5 mm",,,,,AB01,,,,,,,,,,,,,,,,AB01,0.41,1,1,0.41,"ETUI de 12 MINES HB 0,5 mm",B180,,
,CRAYON GRAPHITE HB,,,,,AB01,,,,,,,,,,,,,,,,AB01,0.3,1,1,0.3,CRAYON GRAPHITE HB,B086,,
,GOMME,,,,,AB01,,,,,,,,,,,,,,,,AB01,0.67,1,1,0.67,GOMME,B130,,
,"ROLLER de CORRECTION JETABLE 4,2mm",,,,,AB01,,,,,,,,,,,,,,,,AB01,1.34,1,1,1.34,"ROLLER de CORRECTION JETABLE 4,2mm",B094,,
,CORRECTEUR PINCEAU TIPP-EX flacon 22ml,,,,,AB01,,,,,,,,,,,,,,,,AB01,1.42,1,1,1.42,CORRECTEUR PINCEAU TIPP-EX flacon 22ml,B0941,,
,"STYLO CORRECTEUR TIPP-EX Pointe 2,3mm, 8ml",,,,,AB01,,,,,,,,,,,,,,,,AB01,2.19,1,1,2.19,"STYLO CORRECTEUR TIPP-EX Pointe 2,3mm, 8ml",B095,,
,DÉVIDOIR pour ADHÉSIF de BUREAU Grand modèle,,,,,AB01,,,,,,,,,,,,,,,,AB01,3.43,1,1,3.43,DÉVIDOIR pour ADHÉSIF de BUREAU Grand modèle,B091,,
,DÉVIDOIR pour ADHÉSIF de BUREAU Lyreco,,,,,AB01,,,,,,,,,,,,,,,,AB01,0.39,1,1,0.39,DÉVIDOIR pour ADHÉSIF de BUREAU Lyreco,B092,,
,COLLE en TUBE,,,,,AB01,,,,,,,,,,,,,,,,AB01,1.97,1,1,1.97,COLLE en TUBE,B076,,
,COLLE GLUE 3 Multi-usage 3g,,,,,AB01,,,,,,,,,,,,,,,,AB01,2.16,1,1,2.16,COLLE GLUE 3 Multi-usage 3g,B0761,,
,COLLE en STICK 8g,,,,,AB01,,,,,,,,,,,,,,,,AB01,0.58,1,1,0.58,COLLE en STICK 8g,B077,,
,RUBAN ADHESIF INVISIBLE 19mmx33m Type Scotch Magic 3M,,,,,AB01,,,,,,,,,,,,,,,,AB01,1.69,1,1,1.69,RUBAN ADHESIF INVISIBLE 19mmx33m Type Scotch Magic 3M,B003,,
,RUBAN SCOTCH CRISTAL 19mmx33m,,,,,AB01,,,,,,,,,,,,,,,,AB01,0.87,1,1,0.87,RUBAN SCOTCH CRISTAL 19mmx33m,B0921,,
,RUBAN ADHESIF CRÈPE 19mmx25m Type tesa,,,,,AB01,,,,,,,,,,,,,,,,AB01,0.74,1,1,0.74,RUBAN ADHESIF CRÈPE 19mmx25m Type tesa,B005,,
,RUBAN ADHESIF CRÈPE 30mmx50m Type tesa,,,,,AB01,,,,,,,,,,,,,,,,AB01,4.01,1,1,4.01,RUBAN ADHESIF CRÈPE 30mmx50m Type tesa,B006,,
,"RUBAN ADHESIF DOUBLE FACE 12mmx6,3m sur dévidoir Type Tesa",,,,,AB01,,,,,,,,,,,,,,,,AB01,3.07,1,1,3.07,"RUBAN ADHESIF DOUBLE FACE 12mmx6,3m sur dévidoir Type Tesa",B007,,
,RUBAN ADHESIF (Marron) 50mmx66m Type havane,,,,,FA01,,,,,,,,,,,,,,,,FA01,2.85,1,1,2.85,RUBAN ADHESIF (Marron) 50mmx66m Type havane,B008,,
,"RUBAN FIXATION 3M Double-face 1,5mx19mm",,,,,AB01,,,,,,,,,,,,,,,,AB01,3.08,1,1,3.08,"RUBAN FIXATION 3M Double-face 1,5mx19mm",B009,,
,LINGETTES PRÉ-IMPRÉGNÉES Bte de 100,LYRECO,,,,AB01,,,,,,,,,,,,,,,,AB01,0.89,1,1,0.89,LINGETTES PRÉ-IMPRÉGNÉES Bte de 100,B0081,LYRECO,
,NETTOYANT INFORMATIQUE (Mousse) Aérosol de 650ml,,,,,AB01,,,,,,,,,,,,,,,,AB01,4.22,1,1,4.22,NETTOYANT INFORMATIQUE (Mousse) Aérosol de 650ml,B0082,,
,GAZ DÉPOUSSIÈRANT INFORMATIQUE Aérosol 650ml,,,,,AB01,,,,,,,,,,,,,,,,AB01,6.89,1,1,6.89,GAZ DÉPOUSSIÈRANT INFORMATIQUE Aérosol 650ml,B0083,,
,CABLE de SÉCURITÉ à clé (Antivol) KENSINGTON (Vérifier compatibilité),OFFICEXPRESS,,,,IA24,,,,,,,,,,,,,,,,IA24,41.73,1,1,41.73,CABLE de SÉCURITÉ à clé (Antivol) KENSINGTON (Vérifier compatibilité),B21308,OFFICEXPRESS,
,BADGE PORTE CARTE D'ACCES avec pince,,,,,AB01,,,,,,,,,,,,,,,,AB01,1.06,1,1,1.06,BADGE PORTE CARTE D'ACCES avec pince,A050,,
,CISEAUX de BUREAU 17cm,,,,,AB01,,,,,,,,,,,,,,,,AB01,0.67,1,1,0.67,CISEAUX de BUREAU 17cm,B067A,,
,CUTTER Grand modèle,,,,,AB01,,,,,,,,,,,,,,,,AB01,4.11,1,1,4.11,CUTTER Grand modèle,B087,,
,CUTTER Petit modèle,,,,,AB01,,,,,,,,,,,,,,,,AB01,1.96,1,1,1.96,CUTTER Petit modèle,B088,,
,LAMES de CUTTER Grand modèle (Bte de 10),,,,,AB01,,,,,,,,,,,,,,,,AB01,1.04,1,1,1.04,LAMES de CUTTER Grand modèle (Bte de 10),B089,,
,LAMES de CUTTER Petit modèle (Bte de 10),,,,,AB01,,,,,,,,,,,,,,,,AB01,0.54,1,1,0.54,LAMES de CUTTER Petit modèle (Bte de 10),B090,,
,CORBEILLE à PAPIER Petit modèle,,,,,AB01,,,,,,,,,,,,,,,,AB01,2.56,1,1,2.56,CORBEILLE à PAPIER Petit modèle,B080,,
,BRACELET ELASTIQUE FIN Diam 120,,,,,AB01,,,,,,,,,,,,,,,,AB01,0.74,1,1,0.74,BRACELET ELASTIQUE FIN Diam 120,B051,,
,BRACELET ELASTIQUE LARGE Diam 120,,,,,AB01,,,,,,,,,,,,,,,,AB01,1.07,1,1,1.07,BRACELET ELASTIQUE LARGE Diam 120,B054,,
,PERFORATEUR 2 Trous,,,,,AB01,,,,,,,,,,,,,,,,AB01,0.98,1,1,0.98,PERFORATEUR 2 Trous,B151,,
,RALLONGE ELECTRIQUE 10m,,,,,BD21,,,,,,,,,,,,,,,,BD21,18.51,1,1,18.51,RALLONGE ELECTRIQUE 10m,B152,,
,BOITIER MULTIPRISES 3 Prises 4m,,,,,BD21,,,,,,,,,,,,,,,,BD21,7.17,1,1,7.17,BOITIER MULTIPRISES 3 Prises 4m,B154,,
,PILES LR61 9 volts,,,,,TB12,,,,,,,,,,,,,,,,TB12,3.1,1,1,3.1,PILES LR61 9 volts,B157A,,
,PILES 9V/HR22 RECHARGEABLE EXTREME 175 mAh,,,,,TB12,,,,,,,,,,,,,,,,TB12,14.63,1,1,14.63,PILES 9V/HR22 RECHARGEABLE EXTREME 175 mAh,B157R,,
,"PILES LR3/AAA 1,5 volt",,,,,TB12,,,,,,,,,,,,,,,,TB12,4.31,1x4,4,1.0775,"PILES LR3/AAA 1,5 volt",B158,,
,PILES HR3/AAA RECHARGEABLES EXTREME 800 mAh,,,,,TB12,,,,,,,,,,,,,,,,TB12,7.55,1x4,4,1.8875,PILES HR3/AAA RECHARGEABLES EXTREME 800 mAh,B158R,,
,"PILES LR6/AA 1,5 volt",,,,,TB12,,,,,,,,,,,,,,,,TB12,4.31,1x4,4,1.0775,"PILES LR6/AA 1,5 volt",B159A,,
,PILES HR6/AA RECHARGEABLES EXTREME 2300 mAh,,,,,TB12,,,,,,,,,,,,,,,,TB12,7.55,1x4,4,1.8875,PILES HR6/AA RECHARGEABLES EXTREME 2300 mAh,B159R,,
,"PILES LR14/C 1,5 volt",EVEREADY GOLD,,,,TB12,,,,,,,,,,,,,,,,TB12,1.5,1x2,2,0.75,"PILES LR14/C 1,5 volt",B161,EVEREADY GOLD,
,"PILES LR20/D 1,5 volt",EVEREADY GOLD,,,,TB12,,,,,,,,,,,,,,,,TB12,2.17,1x2,2,1.085,"PILES LR20/D 1,5 volt",B162,EVEREADY GOLD,
,"PILES LR44/A76 1,5volts (Pour Minuteur/Décompteur)",,,,,TB12,,,,,,,,,,,,,,,,TB12,1.46,1x2,2,0.73,"PILES LR44/A76 1,5volts (Pour Minuteur/Décompteur)",B163A,,
,PILES LITHIUM CR2032,,,,,TB12,,,,,,,,,,,,,,,,TB12,0.47,1,1,0.47,PILES LITHIUM CR2032,B164,,
,PINCE à DESSIN 41mm,,,,,AB01,,,,,,,,,,,,,,,,AB01,0.09,1,1,0.09,PINCE à DESSIN 41mm,B165,,
,PINCE à DESSIN 51mm,,,,,AB01,,,,,,,,,,,,,,,,AB01,0.3,1,1,0.3,PINCE à DESSIN 51mm,B166,,
,PORTE-CLEF ETIQUETTE,,,,,AB01,,,,,,,,,,,,,,,,AB01,0.05,1,1,0.05,PORTE-CLEF ETIQUETTE,B178,,
,PUNAISES (Bte de 100),,,,,AB01,,,,,,,,,,,,,,,,AB01,0.45,1,1,0.45,PUNAISES (Bte de 100),B1811,,
,PUNAISES MAGNETIQUES ø22mm (x10),,,,,AB01,,,,,,,,,,,,,,,,AB01,0.79,1x10,10,0.079,PUNAISES MAGNETIQUES ø22mm (x10),B181,,
,RÈGLE PLATE 30cm,,,,,AB01,,,,,,,,,,,,,,,,AB01,0.27,1,1,0.27,RÈGLE PLATE 30cm,B182A,,
,RÈGLE PLATE 40cm,,,,,AB01,,,,,,,,,,,,,,,,AB01,0.33,1,1,0.33,RÈGLE PLATE 40cm,B184,,
,COUPE PAPIER,,,,,AB01,,,,,,,,,,,,,,,,AB01,0.47,1,1,0.47,COUPE PAPIER,B200,,
,TAILLE CRAYON METAL,,,,,AB01,,,,,,,,,,,,,,,,AB01,0.37,1,1,0.37,TAILLE CRAYON METAL,B201,,
,TAILLE CRAYON Avec réservoir,,,,,AB01,,,,,,,,,,,,,,,,AB01,0.6,1,1,0.6,TAILLE CRAYON Avec réservoir,B202,,
,AGRAFES N° 26/6 (Bte de 1000),,,,,AB01,,,,,,,,,,,,,,,,AB01,0.1,1,1,0.1,AGRAFES N° 26/6 (Bte de 1000),B012,,
,AGRAFES N°10 (Bte de 1000),,,,,AB01,,,,,,,,,,,,,,,,AB01,0.15,1,1,0.15,AGRAFES N°10 (Bte de 1000),B013,,
,PINCE AGRAFEUSE (pour agrafes N°10),,,,,AB01,,,,,,,,,,,,,,,,AB01,5.33,1,1,5.33,PINCE AGRAFEUSE (pour agrafes N°10),B014,,
,ARRACHE-AGRAFES (Dégrafeur),,,,,AB01,,,,,,,,,,,,,,,,AB01,0.21,1,1,0.21,ARRACHE-AGRAFES (Dégrafeur),B015,,
,ATTACHE-LETTRE (Trombone) 32mm (Bte de100),,,,,AB01,,,,,,,,,,,,,,,,AB01,0.28,1,1,0.28,ATTACHE-LETTRE (Trombone) 32mm (Bte de100),B016,,
,ATTACHE-LETTRE GÉANTES 50x60mm (Bte de 50),,,,,AB01,,,,,,,,,,,,,,,,AB01,1.26,1,1,1.26,ATTACHE-LETTRE GÉANTES 50x60mm (Bte de 50),B016A,,
