type,action,index_source,consommable,marque,reference,code_nacres,ancien_prix_conditionnement,ancien_prix_ht_ijm,code_ijm,score_match
solide,manuel_conserve_prix_catalogue_separe,0,Tube centrifugeuse 15 mL,Falcon,352096,NB11,,70.93,P097,0.58
solide,manuel_conserve_prix_catalogue_separe,1,Tube centrifugeuse 50 mL,BIOLOGIX,10*9502,NB11,,72.06,P098,0.58
solide,manuel_conserve_prix_catalogue_separe,2,Seringue 5 mL,Terumo,1SS05LE1,NB03,,8.62,D0492,0.6
solide,manuel_conserve_prix_catalogue_separe,3,Boite de Pétri 35 x 10 mm,Falcon,351008,NB13,,6.37,T93150,0.533
solide,manuel_conserve_prix_catalogue_separe,4,Serological pipette 5 mL individually wrapped,Starlab,E4860-0005,NB04,,0.95,P0601,0.358
solide,manuel_conserve_prix_catalogue_separe,5,"T-25 Tissue Culture Flask, green plug seal cap",CytoOne,CC7682-4825,NB13,,3.73,P0652F,0.379
solide,manuel_conserve_prix_catalogue_separe,6,"T-75 Tissue Culture Flask, green plug seal cap",CytoOne,CC7682-4175,NB13,,3.73,P0652F,0.379
solide,manuel_conserve_prix_catalogue_separe,7,"T-225 Tissue Culture Flask, green plug seal cap",CytoOne,CC7682-4225,NB13,,3.73,P0652F,0.375
solide,manuel_conserve_prix_catalogue_separe,8,"200 µl Pointe TipOne®, Naturel",Starlab,S1111-0810-C,NB02,,30.43,P0808,0.375
solide,manuel_conserve_prix_catalogue_separe,9,"1 000 µl Pointe graduée TipOne®, Bleu",Starlab,S1111-6811-C,NB02,,41.75,P1100,0.395
solide,manuel_conserve,10,"1 000 µl Pointe non graduée TipOne® Filtre, Naturel (stérile)",Starlab,S1126-7710-C,NB11,,,,
solide,manuel_conserve,11,1.5 mL FlipTube Standard,Hamilton,235454,HA01,,,,
solide,manuel_conserve_prix_catalogue_separe,12,Paire de gant latex powder free M (7-8),,,HA01,,9.01,E03631,0.413
solide,manuel_conserve_prix_catalogue_separe,13,Paire de gants (taille M) ambidextres Kimtech Purple Nitrile,Kimberly-Clark,90627,HA01,,9.01,E03631,0.357
solide,manuel_conserve,14,Paire de gants (taille L) ambidextres Kimtech Purple Nitrile,Kimberly-Clark,90628,NB13,,,,
solide,manuel_conserve,15,Falcon® Tube with conical bottom 50 ml (bulk),Falcon®,352070,NB13,,,,
solide,manuel_conserve,16,TPP Tissue Culture Dish 60,TPP,93060,NB03,,,,
solide,manuel_conserve_prix_catalogue_separe,17,1ml Terumo Leur Slip Syringes,TERUMO,BS-01T,NB03,,8.62,D0491,0.293
solide,manuel_conserve,18,"Polypropylene Centrifuge tube, Sterile 50 ml - CentriStar Cap - 25 bulk",Corning®,430829,NB13,,,,
solide,manuel_conserve_prix_catalogue_separe,19,Pipette for cell culture 2 ml Falcon®,Falcon®,357507,NB04,,20.14,P058,0.5
solide,manuel_conserve_prix_catalogue_separe,20,Pipette for cell culture 25 ml + 11 ml Falcon®,Falcon®,357535,NB04,,20.14,P058,0.444
solide,manuel_conserve,21,Falcon® Tube with conical bottom 15 ml (bulk),Falcon®,352096,NB13,,,,
solide,manuel_conserve_prix_catalogue_separe,22,TPP Tissue Culture Dish 100,TPP,93100,NB13,,5.03,P0675N,0.469
solide,manuel_conserve_prix_catalogue_separe,23,"Dropper Bottle, LDPE with white closure 15ml",ThermoScentific,2750-9050,NB43,"36,06",2.82,P065A,0.378
solide,catalogue_ijm_ligne_separee,,GANTS de PROTECTION THERMIQUE KEVLAR/COTON Jusqu'à 350°C L310mm,,E033,HA04,,32.72,E033,
solide,catalogue_ijm_ligne_separee,,GANTS de PROTECTION THERMIQUE ETANCHE Jusqu'à 150°C,MAPA,E033A,HA04,,81.53,E033A,
solide,catalogue_ijm_ligne_separee,,CRYOGANT en CUIR Etanche 38 cm Taille S,CRYO-GLOVES,E034,HA04,,69.92,E034,
solide,catalogue_ijm_ligne_separee,,CRYOGANT en CUIR Etanche 38 cm Taille M,CRYO-GLOVES,E035,HA04,,69.92,E035,
solide,catalogue_ijm_ligne_separee,,CRYOGANT en CUIR Etanche 38 cm Taille L,CRYO-GLOVES,E0351,HA04,,69.92,E0351,
solide,catalogue_ijm_ligne_separee,,GANTS LATEX XS Eco SHIELD,SHIELD,E03630,HA01,,9.01,E03630,
solide,catalogue_ijm_ligne_separee,,GANTS LATEX S Eco SHIELD,SHIELD,E03631,HA01,,9.01,E03631,
solide,catalogue_ijm_ligne_separee,,GANTS LATEX M Eco SHIELD,SHIELD,E03632,HA01,,9.01,E03632,
solide,catalogue_ijm_ligne_separee,,GANTS LATEX L Eco SHIELD,SHIELD,E03633,HA01,,9.01,E03633,
solide,catalogue_ijm_ligne_separee,,GANTS NITRILE XS (x200) FISHERBRAND,FISHERBRAND,E0342D,HA01,,9.74,E0342D,
solide,catalogue_ijm_ligne_separee,,GANTS NITRILE S (x200) FISHERBRAND,FISHERBRAND,E0343D,HA01,,9.74,E0343D,
solide,catalogue_ijm_ligne_separee,,GANTS NITRILE M (x200) FISHERBRAND,FISHERBRAND,E0353D,HA01,,9.74,E0353D,
solide,catalogue_ijm_ligne_separee,,GANTS NITRILE L (x200) FISHERBRAND,FISHERBRAND,E0363D,HA01,,9.74,E0363D,
solide,catalogue_ijm_ligne_separee,,GANTS NITRILE XL (x200) FISHERBRAND,FISHERBRAND,E0364D,HA01,,9.74,E0364D,
solide,catalogue_ijm_ligne_separee,,GANTS NITRILE XS (x150) EcoSHIELD VERT,SHIELD SCIENTIFIC,E0342B,HA01,,16.59,E0342B,
solide,catalogue_ijm_ligne_separee,,GANTS NITRILE S (x150) EcoSHIELD VERT,SHIELD SCIENTIFIC,E0343B,HA01,,16.59,E0343B,
solide,catalogue_ijm_ligne_separee,,GANTS NITRILE M (x150) EcoSHIELD VERT,SHIELD SCIENTIFIC,E0353B,HA01,,16.59,E0353B,
solide,catalogue_ijm_ligne_separee,,GANTS NITRILE L (x150) EcoSHIELD VERT,SHIELD SCIENTIFIC,E0363B,HA01,,16.59,E0363B,
solide,catalogue_ijm_ligne_separee,,GANTS NITRILE XL (x150) EcoSHIELD VERT,SHIELD SCIENTIFIC,E0364B,HA01,,16.59,E0364B,
solide,catalogue_ijm_ligne_separee,,GANTS NITRILE 260 SHIELDskin XS (Orange),SHIELD SCIENTIFIC,E0342G,HA01,,15.74,E0342G,
solide,catalogue_ijm_ligne_separee,,GANTS NITRILE 260 SHIELDskin S (Orange),SHIELD SCIENTIFIC,E0343G,HA01,,15.74,E0343G,
solide,catalogue_ijm_ligne_separee,,GANTS NITRILE 260 SHIELDskin M (Orange),SHIELD SCIENTIFIC,E0353G,HA01,,15.74,E0353G,
solide,catalogue_ijm_ligne_separee,,GANTS NITRILE 260 SHIELDskin L (Orange),SHIELD SCIENTIFIC,E0363G,HA01,,15.74,E0363G,
solide,catalogue_ijm_ligne_separee,,GANTS NITRILE 260 SHIELDskin XL (Orange),SHIELD SCIENTIFIC,E0364G,HA01,,15.74,E0364G,
solide,catalogue_ijm_ligne_separee,,GANTS NEOPRENE/NITRILE 300 SHIELDskin CHEM XS (Rouge/Red),SHIELD SCIENTIFIC,E0342R,HA01,,37.35,E0342R,
solide,catalogue_ijm_ligne_separee,,GANTS NEOPRENE/NITRILE 300 SHIELDskin CHEM S (Rouge/Red),SHIELD SCIENTIFIC,E0343R,HA01,,37.35,E0343R,
solide,catalogue_ijm_ligne_separee,,GANTS NEOPRENE/NITRILE 300 SHIELDskin CHEM M (Rouge/Red),SHIELD SCIENTIFIC,E0353R,HA01,,37.35,E0353R,
solide,catalogue_ijm_ligne_separee,,GANTS NEOPRENE/NITRILE 300 SHIELDskin CHEM L (Rouge/Red),SHIELD SCIENTIFIC,E0363R,HA01,,37.35,E0363R,
solide,catalogue_ijm_ligne_separee,,GANTS NEOPRENE/NITRILE 300 SHIELDskin CHEM XL (Rouge/Red),SHIELD SCIENTIFIC,E0364R,HA01,,37.35,E0364R,
solide,catalogue_ijm_ligne_separee,,GANTS de MANUTENTION croûte cuire,,E037,HA04,,6.78,E037,
solide,catalogue_ijm_ligne_separee,,GANTS de MENAGE Hypoallergenique Taille 6/7,ADELYA,E038,HA04,,2.25,E038,
solide,catalogue_ijm_ligne_separee,,GANTS de MENAGE Hypoallergenique Taille 7/8,ADELYA,E039,HA04,,2.25,E039,
solide,catalogue_ijm_ligne_separee,,GANTS de MENAGE HypoallergeniqueTaille 8/9,ADELYA,E040,HA04,,2.25,E040,
solide,catalogue_ijm_ligne_separee,,BLOUSE JETABLE Taille L ou XL (x50) Avec bouton pression,,E053,HA03,,48.15,E053,
solide,catalogue_ijm_ligne_separee,,SUR-CHAUSSURE ANTI-DERAPANTES (Au carton),,HS024,HA02,,50.94,HS024,
solide,catalogue_ijm_ligne_separee,,CHARLOTTE CLIP BLANC (x100),,E0551,HA02,,6.58,E0551,
solide,catalogue_ijm_ligne_separee,,BLOUSE MIXTE BLANCHE Taille 0 Logo IJM,,HS007,HA03,,25.15,HS007,
solide,catalogue_ijm_ligne_separee,,BLOUSE MIXTE BLANCHE Taille 1 Logo IJM,,HS008,HA03,,25.15,HS008,
solide,catalogue_ijm_ligne_separee,,BLOUSE MIXTE BLANCHE Taille 2 Logo IJM,,E009,HA03,,25.15,E009,
solide,catalogue_ijm_ligne_separee,,BLOUSE MIXTE BLANCHE Taille 3 Logo IJM,,E010,HA03,,25.15,E010,
solide,catalogue_ijm_ligne_separee,,BLOUSE MIXTE BLANCHE Taille 4 Logo IJM,,E011,HA03,,25.15,E011,
solide,catalogue_ijm_ligne_separee,,BLOUSE MIXTE BLANCHE Taille 5 Logo IJM,,E0112,HA03,,25.15,E0112,
solide,catalogue_ijm_ligne_separee,,BLOUSE MIXTE BLANCHE Taille 6 Logo IJM,,E0113,HA03,,25.15,E0113,
solide,catalogue_ijm_ligne_separee,,BLOUSE CLARISSE Taille 4 (Bouton latéral),,E012T,HA03,,25.15,E012T,
solide,catalogue_ijm_ligne_separee,,TABLIER à BAVETTE,,E068,HA03,,5.96,E068,
solide,catalogue_ijm_ligne_separee,,MASQUE de PROTECTION Coquille en fibre de polyester,,E048A,HA02,,0.14,E048A,
solide,catalogue_ijm_ligne_separee,,MASQUE de PROTECTION CHIRURGICAUX (Boite x50),,E048B,HA02,,3.1,E048B,
solide,catalogue_ijm_ligne_separee,,MASQUE de PROTECTION Respiratoire filtrant FFP2 Particules toxiques,,E0481,HA02,,1.5,E0481,
solide,catalogue_ijm_ligne_separee,,MASQUE de PROTECTION Respiratoire filtrant FFP3 Aérosols toxiques,,E0482,HA02,,4.43,E0482,
solide,catalogue_ijm_ligne_separee,,MASQUE REUTILISABLE 3M 4279+ (Filtres ABEK 1P3 intégrés),,E0483,HA02,,32.92,E0483,
solide,catalogue_ijm_ligne_separee,,CASQUE Anti-Bruit 35dB,,D142,HA02,,22.29,D142,
solide,catalogue_ijm_ligne_separee,,LUNETTE de PROTECTION de BASE Mono-écran,,D120,HA05,,8.39,D120,
solide,catalogue_ijm_ligne_separee,,SUR-LUNETTE de PROTECTION,,D120A,HA05,,8.24,D120A,
solide,catalogue_ijm_ligne_separee,,ECRAN FACIAL de PROTECTION SS VISIERE POLYCARBONATE,CLEARWAYS,D140,HA05,,17.57,D140,
solide,catalogue_ijm_ligne_separee,,FILM ALUMINIUM 200mx30cm 14µ,ALUPRO,E002,AA41,,19.54,E002,
solide,catalogue_ijm_ligne_separee,,PAPIER de PROTECTION BENCHGUARD 60x49cm (100 feuilles),THERMO,D026,HA11,,109.7,D026,
solide,catalogue_ijm_ligne_separee,,PAPIER de PROTECTION Equivalent BENCHGUARD 46x57cm (100 feuilles),THERMO,D027,HA11,,37.75,D027,
solide,catalogue_ijm_ligne_separee_donnees_masse_conservees,,"PAPIER FILTRE blanc 42x52cm, Rame de 7 Kg",,D028,HA11,,28.53,D028,
solide,catalogue_ijm_ligne_separee,,FILTER PAPERS 1 Qualitative Circles Ø 55mm (x100),WHATMAN,D028A,HA11,,5.31,D028A,
solide,catalogue_ijm_ligne_separee,,PAPIER de CHROMATOGRAPHIE WHATMAN 3 MM CHR,WHATMAN,D032,HA11,,217.63,D032,
solide,catalogue_ijm_ligne_separee,,PAPIER de CHROMATOGRAPHIE Blotting MN 218B Type Whatman 3 MM CHR,MACHEREY-NAGEL,D032A,HA11,,185.46,D032A,
solide,catalogue_ijm_ligne_separee,,Papier d'essuyage KIMWIPPES 115x215mm (280 feuilles),,E046A,HA11,,5.65,E046A,
solide,catalogue_ijm_ligne_separee,,Papier d'essuyage OPTIQUE WHATMAN 100x150mm (25 f),WHATMAN,E046,HA11,,3.06,E046,
solide,catalogue_ijm_ligne_separee,,PARAFILM 10cmx75m,FISHER,D033,NB35,,42.94,D033,
solide,catalogue_ijm_ligne_separee,,FILM SARAN 300mx30cm,,D0192,NB35,,84.63,D0192,
solide,catalogue_ijm_ligne_separee,,FILM PRESS' N SEAL 40m,,D0194,NB35,,23.95,D0194,
solide,catalogue_ijm_ligne_separee,,FILMPRO Etirable 300mx30cm ou 300mx45cm,FILMPRO,D0195,NB35,,9.88,D0195,
solide,catalogue_ijm_ligne_separee,,Papier pH Whatman - BANDELETTES Gamme pH 0-14 (6x80mm) x100,WHATMAN,D029,NB35,,22.68,D029,
solide,catalogue_ijm_ligne_separee,,Papier pH Whatman - DISTRIBUTEUR Gamme pH 1.0-14.0 (7mmx5m),WHATMAN,D030,NB35,,15.62,D030,
solide,catalogue_ijm_ligne_separee,,BOITE à DÉCHETS 300ml (Aiguille usagée),,E0121,HA11,,2.21,E0121,
solide,catalogue_ijm_ligne_separee,,BOITE à DÉCHETS 2L (Objets contaminés),,E0132,HA11,,1.92,E0132,
solide,catalogue_ijm_ligne_separee,,"BOITE à DÉCHETS 600ml (Lames,aiguilles…)",,E01312,HA11,,3.05,E01312,
solide,catalogue_ijm_ligne_separee,,SAC AUTOCLAVE 300x500mm 10L (x20),,E058A,HA11,,1.68,E058A,
solide,catalogue_ijm_ligne_separee,,SAC AUTOCLAVE 400x780mm 30L (x20),,E059A,HA11,,3.15,E059A,
solide,catalogue_ijm_ligne_separee,,RUBAN ADHESIF de MARQUAGE COULEUR 19mmx12m,TIME TAPE,B001,NB35,,4.5,B001,
solide,catalogue_ijm_ligne_separee,,RUBAN INDICATEUR pour AUTOCLAVE 19mmx50m,,B002,NB35,,5.35,B002,
solide,catalogue_ijm_ligne_separee,,RUBAN INDICATEUR pour POUPINEL (Four)19mmx55m,,B004,NB35,,18.01,B004,
solide,catalogue_ijm_ligne_separee,,"ETIQUETTES CRYO-TAGS WHITE (-196°C) 33x13mm pour microtubes 1,5 et 2ml",,HS020,NB35,,43.73,HS020,
solide,catalogue_ijm_ligne_separee,,"ETIQUETTES TOUCH-SPOTS (-80° / +121°C) Diam 9,5mm pour microtubes 0,5 à 2ml
(Couleurs assortis)",,HS021,NB35,,166.55,HS021,
solide,catalogue_ijm_ligne_separee,,"ETIQUETTES CRYO Blanc (-196°C) 33x13mm pour microtubes 1,5 et 2ml",,HS028,NB35,,74.74,HS028,
solide,catalogue_ijm_ligne_separee,,"ETIQUETTES CRYO RONDE (-196°C) Diam 9,5mm pour microtubes 1,5 et 2ml",,HS029,NB35,,63.89,HS029,
solide,catalogue_ijm_ligne_separee,,"ETIQUETTES BRADY B-499 Blanc nylon 19,1mmX5,8m (-40 / +90 °C)",,B117,NB35,,26.82,B117,
solide,catalogue_ijm_ligne_separee,,"GAZE HYDROPHILE ""CHEESECLOTH"" (64mX91,4cm)",,E044,NB11,,154.39,E044,
solide,catalogue_ijm_ligne_separee_donnees_masse_conservees,,COTON CARDÉ ÉCRU 500g,,E0171,NB11,,5.89,E0171,
solide,catalogue_ijm_ligne_separee,,COTON TIGES,,D016,BB01,,2.03,D016,
solide,catalogue_ijm_ligne_separee,,ACIDE ACÉTIQUE 1litre,PROLABO,C003,NA21,,4.58,C003,
solide,catalogue_ijm_ligne_separee,,ACIDE CHLORHYDRIQUE 37% NP 1litre,PROLABO,C005,NA21,,5.22,C005,
solide,catalogue_ijm_ligne_separee_donnees_masse_conservees,,ACIDE CITRIQUE NP 1Kg,PROLABO,C006,NA21,,12.84,C006,
solide,catalogue_ijm_ligne_separee,,ACIDE NITRIQUE 69% NP 1 litre,PROLABO,C007,NA21,,9.23,C007,
solide,catalogue_ijm_ligne_separee_donnees_masse_conservees,,ACIDE BORIQUE Christallisé NP 1Kg,PROLABO,C008,NA21,,18.69,C008,
solide,catalogue_ijm_ligne_separee,,ACIDE SULFURIQUE 95% NP 1 litre,PROLABO,C009,NA21,,6.09,C009,
solide,catalogue_ijm_ligne_separee_donnees_masse_conservees,,ACIDE TRICHLOROACÉTIQUE NP 1Kg,PROLABO,C010,NA21,,69.8,C010,
solide,catalogue_ijm_ligne_separee,,ACIDE PROPIONIQUE pour la synthèse 1 litre Usage sous condition avec protection,MERCK,C069,NA21,,39.59,C069,
solide,catalogue_ijm_ligne_separee,,"ACRYLAMIDE (99,4%) Bis Acrylamide 19/1 40% Solution 500ml",EUROMEDEX,C0024,NB22,,37.66,C0024,
solide,catalogue_ijm_ligne_separee,,"ACRYLAMIDE (99,4%) Bis Acrylamide 29/1 40% Solution 500ml",EUROMEDEX,C0025,NB22,,37.66,C0025,
solide,catalogue_ijm_ligne_separee,,"ACRYLAMIDE (99,4%) Bis Acrylamide 37,5/1 40% Solution 500ml",EUROMEDEX,C0022,NB22,,37.66,C0022,
solide,catalogue_ijm_ligne_separee_donnees_masse_conservees,,AGAROSE Standard 100g,EUROMEDEX,C0023,NB22,,44.94,C0023,
solide,catalogue_ijm_ligne_separee,,DMSO 250ml,EUROMEDEX,C0027,NB22,,75.49,C0027,
solide,catalogue_ijm_ligne_separee,,ETHIDIUM BROMIDE (BET) Solution 10ml 0.5mg/ml,EUROMEDEX,E406,NA31,,15.41,E406,
solide,catalogue_ijm_ligne_separee,,"SYBR Safe DNA gel stain - 10,000X concent in DMSO (400µl)",LIFE Technologie,C075,NA31,,98.27,C075,
solide,catalogue_ijm_ligne_separee,,DNA Stain: ClearSight DNA Stain 1ml,EUROMEDEX,C076,NA31,,60.94,C076,
solide,catalogue_ijm_ligne_separee,,"TAE 10X Solution 2,5 litres",EUROMEDEX,C0626,NA25,,18.46,C0626,
solide,catalogue_ijm_ligne_separee,,"TBE 10X Solution 2,5 litres",EUROMEDEX,C0621A,NA25,,24.72,C0621A,
solide,catalogue_ijm_ligne_separee,,TEMED 25ml,EUROMEDEX,C0623,NA31,,16.37,C0623,
solide,catalogue_ijm_ligne_separee,,"TRIS -Glycine SDS Solution 10X 2,5 litres",EUROMEDEX,C0647,NA25,,27.39,C0647,
solide,catalogue_ijm_ligne_separee_donnees_masse_conservees,,AMMONIUM ACÉTATE NP 1Kg,PROLABO,C013,NA21,,14.18,C013,
solide,catalogue_ijm_ligne_separee_donnees_masse_conservees,,AMMONIUM CHLORURE NP 1Kg,PROLABO,C0131,NA21,,25.06,C0131,
solide,catalogue_ijm_ligne_separee_donnees_masse_conservees,,AMMONIUM SULFATE NP 1Kg,PROLABO,C014,NA21,,20.44,C014,
solide,catalogue_ijm_ligne_separee_donnees_masse_conservees,,GALACTOSE Low Glucose and Lactose 1Kg,EUROMEDEX,C0141,NA21,,278.31,C0141,
solide,catalogue_ijm_ligne_separee_donnees_masse_conservees,,CALCIUM CHLORURE NP 1Kg,PROLABO,C022,NA21,,20.6,C022,
solide,catalogue_ijm_ligne_separee_donnees_masse_conservees,,DTT (Purity: 99%) 25g,EUROMEDEX,C034,NA25,,110.96,C034,
solide,catalogue_ijm_ligne_separee_donnees_masse_conservees,,GLUCOSE D(+) Anhydre GPR Rectapur 1Kg,PROLABO,C030,NA21,,19.8,C030,
solide,catalogue_ijm_ligne_separee_donnees_masse_conservees,,GLUCOSE 1Kg,EUROMEDEX,C030A,NA21,,26.38,C030A,
solide,catalogue_ijm_ligne_separee,,"GLYCEROL BI-DISTILLE 99,5% NP 1 litre",PROLABO,C031,NA25,,16.26,C031,
solide,catalogue_ijm_ligne_separee,,GLYCEROL High Purity 1 litre,EUROMEDEX,C032,NA25,,35.1,C032,
solide,catalogue_ijm_ligne_separee_donnees_masse_conservees,,GLYCINE PA 1Kg,EUROMEDEX,C0312,NA26,,32.9,C0312,
solide,catalogue_ijm_ligne_separee,,GLYCOGEN 20mg/ml,ROCHE,C0311,NA21,,118.13,C0311,
solide,catalogue_ijm_ligne_separee,,"GLYCOGEN 20mg/ml (2x0,25ml)",EUROMEDEX,C0313,NA21,,104.0,C0313,
solide,catalogue_ijm_ligne_separee_donnees_masse_conservees,,IPTG Dioxane free 5g,EUROMEDEX,C0321,NA55,,25.52,C0321,
solide,catalogue_ijm_ligne_separee_donnees_masse_conservees,,KANAMYCIN MonoSULFATE 25g,EUROMEDEX,C015,NA76,,95.5,C015,
solide,catalogue_ijm_ligne_separee_donnees_masse_conservees,,MAGNÉSIUM CHLORURE HEXAHYDRATE PA 250g,MERCK,C074,NA21,,19.26,C074,
solide,catalogue_ijm_ligne_separee_donnees_masse_conservees,,MAGNÉSIUM CHLORIDE HEXAHYDRATE 250g,EUROMEDEX,C0741,NA21,,16.26,C0741,
solide,catalogue_ijm_ligne_separee_donnees_masse_conservees,,MAGNÉSIUM SULFATE HEPTAHYDRATE 1Kg,EUROMEDEX,C078,NA21,,58.74,C078,
solide,catalogue_ijm_ligne_separee_donnees_masse_conservees,,METHYL 4-HYDROXYBENZOATE 99% 1Kg,PROLABO,C068,NA28,,63.02,C068,
solide,catalogue_ijm_ligne_separee_donnees_masse_conservees,,METHYL 4-HYDROXYBENZOATE - SEL DE SODIUM 5Kg,MERCK,C068A,NA28,,462.88,C068A,
solide,catalogue_ijm_ligne_separee_donnees_masse_conservees,,PARAFORMALDEHYDE en poudre 1Kg,PROLABO,C073,NA21,,16.48,C073,
solide,catalogue_ijm_ligne_separee_donnees_masse_conservees,,POTASSIUM ACÉTATE NP 1Kg,EUROMEDEX,C044,NA21,,38.2,C044,
solide,catalogue_ijm_ligne_separee_donnees_masse_conservees,,POTASSIUM CHLORURE PA 1Kg,PROLABO,C045,NA21,,19.37,C045,
solide,catalogue_ijm_ligne_separee_donnees_masse_conservees,,POTASSIUM DIHYDROGENOPHOSPHATE NP1Kg,PROLABO,C046,NA21,,32.31,C046,
solide,catalogue_ijm_ligne_separee,,POTASSIUM HYDROXYDE Solution 38 % NP 1 litre,PROLABO,C047,NA21,,38.11,C047,
solide,catalogue_ijm_ligne_separee_donnees_masse_conservees,,POTASSIUM HYDROXYDE en pastilles 1Kg,PROLABO,C048,NA21,,30.28,C048,
solide,catalogue_ijm_ligne_separee_donnees_masse_conservees,,DI-POTASSIUM HYDROGENOPHOSPHATE Rectapur 1Kg,PROLABO,C051,NA21,,29.64,C051,
solide,catalogue_ijm_ligne_separee_donnees_masse_conservees,,URÉE NP 1Kg,PROLABO,C065,NA21,,20.22,C065,
solide,catalogue_ijm_ligne_separee_donnees_masse_conservees,,SACCHAROSE NP 1Kg,PROLABO,C054,NA28,,16.59,C054,
solide,catalogue_ijm_ligne_separee_donnees_masse_conservees,,SUCROSE D (+) SACCHAROSE 1Kg,EUROMEDEX,C0541,NA21,,13.48,C0541,
solide,catalogue_ijm_ligne_separee,,SDS Ultra pur 99% (Sodium Dodecyl Sulfate) 20% solution 1 litre,EUROMEDEX,C0544,NA25,,75.49,C0544,
solide,catalogue_ijm_ligne_separee_donnees_masse_conservees,,SODIUM ACÉTATE PA 1Kg,PROLABO,C055,NA21,,48.82,C055,
solide,catalogue_ijm_ligne_separee_donnees_masse_conservees,,SODIUM HYDROGÉNOCARBONATE NP 1Kg,PROLABO,C056,NA21,,16.93,C056,
solide,catalogue_ijm_ligne_separee_donnees_masse_conservees,,SODIUM CHLORURE PA 1Kg,PROLABO,C057,NA21,,11.88,C057,
solide,catalogue_ijm_ligne_separee_donnees_masse_conservees,,SODIUM CHLORURE PA 1Kg,EUROMEDEX,C057A,NA21,,15.41,C057A,
solide,catalogue_ijm_ligne_separee_donnees_masse_conservees,,TRI-SODIUM CITRATE NP1Kg,PROLABO,C058,NA21,,23.3,C058,
solide,catalogue_ijm_ligne_separee_donnees_masse_conservees,,SODIUM HYDROXYDE PASTILLES PA 1Kg,PROLABO,C059,NA21,,18.52,C059,
solide,catalogue_ijm_ligne_separee,,SODIUM HYDROXYDE SOLUTION PA 1 litre,PROLABO,C060,NA21,,13.7,C060,
solide,catalogue_ijm_ligne_separee_donnees_masse_conservees,,DI-SODIUM HYDROGENOPHOSPHATE PA 1Kg,VWR,C061,NA21,,33.06,C061,
solide,catalogue_ijm_ligne_separee_donnees_masse_conservees,,SODIUM DIHYDROGÉNOPHOSPHATE 1Kg,PROLABO,C062,NA21,,23.56,C062,
solide,catalogue_ijm_ligne_separee_donnees_masse_conservees,,TRIS BASE Ultra pur 1Kg,EUROMEDEX,C0641,NA21,,76.08,C0641,
solide,catalogue_ijm_ligne_separee_donnees_masse_conservees,,X-GAL 1g,EUROMEDEX,C066A,NA55,,59.12,C066A,
solide,catalogue_ijm_ligne_separee,,ACETONE TECHNIQUE 5 litres,PROLABO,C001,NA02,,10.04,C001,
solide,catalogue_ijm_ligne_separee,,ACETONE NP 1 litre,PROLABO,C002,NA02,,4.91,C002,
solide,catalogue_ijm_ligne_separee,,ACETONITRILE pour HPLC CHROMA 1 litre,PROLABO,C0026,NA03,,11.24,C0026,
solide,catalogue_ijm_ligne_separee,,"ACETONITRILE pour HPLC CHROMA 2,5 litre",PROLABO,C0021,NA03,,22.59,C0021,
solide,catalogue_ijm_ligne_separee,,CHLOROFORME NP 1 litre,PROLABO,C023,NA04,,7.96,C023,
solide,catalogue_ijm_ligne_separee,,DIETHYLE OXYDE (ETHER) NP 1 litre  après justification de l'usage,PROLABO,C024,NA07,,7.28,C024,
solide,catalogue_ijm_ligne_separee,,ETHANOL 95 % Rectapur 5 litres,PROLABO,C027,NA05,,12.84,C027,
solide,catalogue_ijm_ligne_separee,,ETHANOL 70% Rectapur 5 litres,PROLABO,C027A,NA05,,15.14,C027A,
solide,catalogue_ijm_ligne_separee,,ETHANOL ABSOLU MERCK 1 litre,MERCK,C028,NA05,,17.11,C028,
solide,catalogue_ijm_ligne_separee,,ETHANOL ABSOLU NP 1 litre,PROLABO,C029,NA05,,5.35,C029,
solide,catalogue_ijm_ligne_separee,,HEXANE NP 1 litre,PROLABO,C004,NA05,,9.5,C004,
solide,catalogue_ijm_ligne_separee,,METHANOL PA MERCK 1 litre,MERCK,C035,NA05,,9.05,C035,
solide,catalogue_ijm_ligne_separee,,METHANOL HPLC 1 litre,PROLABO,C037,NA05,,4.63,C037,
solide,catalogue_ijm_ligne_separee,,METHANOL NP 1 litre,PROLABO,C038,NA05,,4.23,C038,
solide,catalogue_ijm_ligne_separee,,METHANOL Rectapur 5 litres,PROLABO,C040,NA05,,6.31,C040,
solide,catalogue_ijm_ligne_separee,,PHÉNOL 99% Tris Saturated Tamponné 100ml,VWR,C0432,NA52,,24.61,C0432,
solide,catalogue_ijm_ligne_separee,,PHÉNOL 99% Tris Saturated Tamponné 400ml,VWR,C0433,NA52,,69.55,C0433,
solide,catalogue_ijm_ligne_separee,,PROPANOL 2 (ISO) PA MERCK 1 litre,MERCK,C052,NA05,,12.47,C052,
solide,catalogue_ijm_ligne_separee,,PROPANOL 2 (ISO) NP 1 litre,PROLABO,C053,NA05,,6.14,C053,
solide,catalogue_ijm_ligne_separee,,TOLUENE NP 1 litre,PROLABO,C063,NA06,,4.91,C063,
solide,catalogue_ijm_ligne_separee,,XYLENE NP 1 litre,PROLABO,C067,NA06,,6.1,C067,
solide,catalogue_ijm_ligne_separee,,"NuPAGE Novex 4-12% Bis-Tris Gel 1.0mm, 10 well","réf LIFE Technologie
NP0321BOX",C082,NB22,,125.36,C082,
solide,catalogue_ijm_ligne_separee,,"NuPAGE Novex 4-12% Bis-Tris Gel 1.0mm, 12well","réf LIFE Technologie
NP0322BOX",C085,NB22,,125.36,C085,
solide,catalogue_ijm_ligne_separee,,"NuPAGE Novex 4-12% Bis-Tris Gel 1.0mm, 15well","réf LIFE Technologie
NP0323BOX",C087,NB22,,160.15,C087,
solide,catalogue_ijm_ligne_separee,,"NuPAGE Novex 4-12% Bis-Tris Gel 1.5mm, 10 well","réf LIFE Technologie
NP0335BOX",C080,NB22,,133.14,C080,
solide,catalogue_ijm_ligne_separee,,"NuPAGE Novex 4-12% Bis-Tris Gel 1.5mm, 15 well","réf LIFE Technologie
NP0336BOX",C084,NB22,,133.14,C084,
solide,catalogue_ijm_ligne_separee,,"NuPAGE Novex 10% Bis-Tris Gel 1.0mm, 10 well","réf LIFE Technologie
NP0301BOX",C081,NB22,,126.55,C081,
solide,catalogue_ijm_ligne_separee,,"NuPAGE Novex 10% Bis-Tris Gel 1.0mm, 15 well","réf LIFE Technologie
NP0303BOX",C083,NB22,,131.83,C083,
solide,catalogue_ijm_ligne_separee,,"NuPAGE Novex 12% Bis-Tris Gel 1.0mm, 10 well","réf LIFE Technologie
NP0341BOX",C086,NB22,,184.89,C086,
solide,catalogue_ijm_ligne_separee,,IBLOT PVDF GEL TRANSFER STACKS Regular - 10 rxn,"réf LIFE Technologie
IB24001",C130,NB22,,216.02,C130,
solide,catalogue_ijm_ligne_separee,,IBLOT PVDF GEL TRANSFER STACKS Mini - 10 rxn,"réf LIFE Technologie
IB24002",C131,NB22,,179.3,C131,
solide,catalogue_ijm_ligne_separee,,IBLOT NC GEL TRANSFER STACKS Regular - 10 rxn,"réf LIFE Technologie
IB23001",C132,NB22,,194.22,C132,
solide,catalogue_ijm_ligne_separee,,IBLOT NC GEL TRANSFER STACKS Mini - 10 rxn,"réf LIFE Technologie
IB23002",C133,NB22,,159.21,C133,
solide,catalogue_ijm_ligne_separee,,NuPAGE Antioxidant 15ml,"réf LIFE Technologie
NP0005",C090,NB22,,36.36,C090,
solide,catalogue_ijm_ligne_separee,,NuPAGE MES SDS Running Buffer (20X) 500ml,"réf LIFE Technologie
NP0002",C091,NA25,,85.16,C091,
solide,catalogue_ijm_ligne_separee,,NuPAGE MOPS SDS Running Buffer (20X) 500ml,"réf LIFE Technologie
NP0001",C092,NA25,,85.89,C092,
solide,catalogue_ijm_ligne_separee,,NuPAGE Sample Reducing Agent (10X) 250µl,"réf LIFE Technologie
NP0004",C093,NB22,,14.18,C093,
solide,catalogue_ijm_ligne_separee,,NuPAGE Sample Reducing Agent (10X) 10ml,"réf LIFE Technologie
NP0009",C096,NB22,,92.26,C096,
solide,catalogue_ijm_ligne_separee,,NuPAGE Transfert Buffer (20X) 125ml,"réf LIFE Technologie
NP0006",C094,NB22,,32.98,C094,
solide,catalogue_ijm_ligne_separee,,NuPAGE LDS Sample Buffer (4X) 10ml,"réf LIFE Technologie
NP0007",C095,NB22,,22.77,C095,
solide,catalogue_ijm_ligne_separee,,LANE MARKER Reducing Sample Buffer 5ml,"réf LIFE Technologie
39000",C111,NA25,,97.94,C111,
solide,catalogue_ijm_ligne_separee,,PageBlue PROTEIN STAINING Solution 1000ml,Réf PIERCE 24620,C113,NA25,,137.12,C113,
solide,catalogue_ijm_ligne_separee,,"NOVEX WedgeWell 10% Tris-Glycine Mini Gels, 10 well","réf LIFE Technologie
XP00100BOX",C120,NB22,,94.46,C120,
solide,catalogue_ijm_ligne_separee,,"NOVEX WedgeWell 4-12% Tris-Glycine Mini Gels, 10 well","réf LIFE Technologie
XP04120BOX",C121,NB22,,94.46,C121,
solide,catalogue_ijm_ligne_separee,,"NOVEX WedgeWell 4-20% Tris-Glycine Mini Gels, 10 well","réf LIFE Technologie
XP04200BOX",C122,NB22,,94.46,C122,
solide,catalogue_ijm_ligne_separee,,"NOVEX WedgeWell 4-20% Tris-Glycine Mini Gels, 12 well","réf LIFE Technologie
XP04202BOX",C123,NB22,,94.46,C123,
solide,catalogue_ijm_ligne_separee,,"NOVEX WedgeWell 4-20% Tris-Glycine Mini Gels, 15 well","réf LIFE Technologie
XP04205BOX",C124,NB22,,94.46,C124,
solide,catalogue_ijm_ligne_separee,,"Mini-PROTEAN TGX 10% Stain free, 10 well 50µl",réf BIORAD 4568034,C102,NA56,,111.07,C102,
solide,catalogue_ijm_ligne_separee,,"Mini-PROTEAN TGX 12% Stain free, 10 well 50µl",réf BIORAD 4568044,C103,NA56,,111.07,C103,
solide,catalogue_ijm_ligne_separee,,"Mini-PROTEAN TGX 12% Stain free, 15 well 15µl",réf BIORAD 4568046,C104,NA56,,111.07,C104,
solide,catalogue_ijm_ligne_separee,,"Mini-PROTEAN TGX 4-15% Stain free, 10 well 50µl",réf BIORAD 4568084,C105,NA56,,111.07,C105,
solide,catalogue_ijm_ligne_separee,,"Mini-PROTEAN TGX 4-20% Stain free, 10 well 50µl",réf BIORAD 4568094,C106,NA56,,111.07,C106,
solide,catalogue_ijm_ligne_separee,,"Mini-PROTEAN TGX 4-20% Stain free, 12 well 20µl",réf BIORAD 4568095,C107,NA56,,111.07,C107,
solide,catalogue_ijm_ligne_separee,,"Mini-PROTEAN TGX 4-20% Stain free, 15 well 15µl",réf BIORAD 4568096,C108,NA56,,111.07,C108,
solide,catalogue_ijm_ligne_separee,,Laemmli Sample Buffer (4X) 10ml,réf BIORAD 1610747,C109,NA25,,23.47,C109,
solide,catalogue_ijm_ligne_separee,,Laemmli Sample Buffer (2X) 30ml,réf BIORAD 1610737,C109A,NA25,,68.16,C109A,
solide,catalogue_ijm_ligne_separee,,Native Sample Buffer 30ml,réf BIORAD 1610738,C110,NA25,,68.16,C110,
solide,catalogue_ijm_ligne_separee,,ECL Standard Western Blotting for 2000cm2 KIT 250 (125ml de A - 125ml de B),Réf CYTIVA RPN2209,KB002,NB23,,110.09,KB002,
solide,catalogue_ijm_ligne_separee,,ECL PRIME Western Blotting for 1000cm2 KIT 100ml (50ml de A - 50ml de B),Réf CYTIVA RPN2232,KB009,NB23,,149.7,KB009,
solide,catalogue_ijm_ligne_separee,,ECL SELECT Western Blotting for 1000cm2 (KIT 100ml) Equivalent FEMTO - PIERCE,Réf CYTIVA RPN2235,KB011,NB23,,210.9,KB011,
solide,catalogue_ijm_ligne_separee,,ECL WESTERN BLOTTING Substrate 500ml reagents for 4000cm2,Réf THERMO 32106,KB003,NB23,,274.12,KB003,
solide,catalogue_ijm_ligne_separee,,ECL PLUS WESTERN BLOTTING 100ml reagents for 1000cm2,Réf THERMO 32132,KB007,NB23,,237.28,KB007,
solide,catalogue_ijm_ligne_separee,,Pierce SuperSignal WEST PICO Chemiluminescent Substrate 500ml (2 x 250ml),Réf THERMO 34580,KB004,NB23,,219.14,KB004,
solide,catalogue_ijm_ligne_separee,,Pierce SuperSignal WEST FEMTO Chemiluminescent Substrate 20ml,Réf THERMO 34094,KB005,NB23,,127.44,KB005,
solide,catalogue_ijm_ligne_separee,,Pierce SuperSignal WEST FEMTO Max Sensitivity Substrate 100ml,Réf THERMO 34095,KB006,NB23,,422.25,KB006,
solide,catalogue_ijm_ligne_separee,,INHIBITEUR de PROTEASES Complete (1x20 tablets),"Réf ROCHE
11836145001",C097,NA28,,264.29,C097,
solide,catalogue_ijm_ligne_separee,,"INHIBITEUR de PROTEASES Complete, EDTA-free (1x20 tablets)","Réf ROCHE
05056489001",C098,NA28,,253.32,C098,
solide,catalogue_ijm_ligne_separee,,"INHIBITEUR de PROTEASES Complete, Mini, EDTA-free (1x25 tablets)","Réf ROCHE
11836170001",C099,NA28,,152.88,C099,
solide,catalogue_ijm_ligne_separee,,PhosSTOP (20 Tablets),"Réf ROCHE
04906837001",C100,NA28,,260.35,C100,
solide,catalogue_ijm_ligne_separee,,PIERCE PROTEIN A/G MAGNETIC BEADS 1ml,Réf THERMO 88802,C111A,NA56,,229.68,C111A,
solide,catalogue_ijm_ligne_separee,,PIERCE PROTEIN A/G MAGNETIC BEADS 5ml,Réf THERMO 88803,C112,NA56,,849.85,C112,
solide,catalogue_ijm_ligne_separee,,Goat ANTI-MOUSSE IgG (H+L) Preroxidase Conjugated 2ml,Réf THERMO 31430,C115,NA46,,353.81,C115,
solide,catalogue_ijm_ligne_separee,,Goat ANTI-RABBIT IgG (H+L) Preroxidase Conjugated 2ml,Réf THERMO 31460,C116,NA46,,302.68,C116,
solide,catalogue_ijm_ligne_separee,,"Mix2Seq Kit ""EUROFINS"" (SmartSeq KIT - 96 individuals pre-labelled tubes)",EUROFINS,B1097,NE02,,304.95,B1097,
solide,catalogue_ijm_ligne_separee,,"Custom DNA Sequencing ""GATC"" SUPREMERun tube / Barcode",EUROFINS,B1095,NE02,,3.42,B1095,
solide,catalogue_ijm_ligne_separee,,"Custom DNA Sequencing ""GATC"" LIGHTRun Tube / Barcode",EUROFINS,B1096,NE02,,3.32,B1096,
solide,catalogue_ijm_ligne_separee,,QIAFILTER Plasmid MAXI Kit (25 preps),QIAGEN Réf 12163,C0531,NA52,,535.18,C0531,
solide,catalogue_ijm_ligne_separee,,NUCLEOBOND Xtra MAXI Plus (10 preps) Kit complet avec tampons,Réf MN 740416.10,G4300,NA52,,152.37,G4300,
solide,catalogue_ijm_ligne_separee,,NUCLEOBOND Xtra MAXI Plus (50 preps) Kit complet avec tampons.,Réf MN 740416.50,G4350,NA52,,757.77,G4350,
solide,catalogue_ijm_ligne_separee,,NucleoBond XTRA Buffer Set I (Pour 12 Xtra Maxipreps ou 18 Midipreps),Réf MN 740417,G4301,NA52,,52.43,G4301,
solide,catalogue_ijm_ligne_separee,,Xtra Maxi Prep ENDO-FREE (10 preps) Kit complet avec tampons EF,Réf MN 740424.10,G4330,NA52,,244.28,G4330,
solide,catalogue_ijm_ligne_separee,,QIAFILTER Plasmid MIDI Kit (25 preps),QIAGEN Réf 12243,C0532,NA52,,310.19,C0532,
solide,catalogue_ijm_ligne_separee,,NUCLEOBOND Xtra MIDI Plus (10 preps),Réf MN 740412.10,G4100,NA52,,84.64,G4100,
solide,catalogue_ijm_ligne_separee,,NUCLEOBOND Xtra MIDI Plus (50 preps) Kit complet avec tampons,Réf MN 740412.50,G4150,NA52,,390.34,G4150,
solide,catalogue_ijm_ligne_separee,,NUCLEOBOND Xtra MIDI (100 preps) Kit complet avec tampons.,Réf MN 740410.100,G4160,NA52,,598.77,G4160,
solide,catalogue_ijm_ligne_separee,,QIAPREP Spin MINIPREP Kit (50 preps),QIAGEN Réf 27104,C0535,NA52,,103.39,C0535,
solide,catalogue_ijm_ligne_separee,,QIAPREP Spin MINIPREP Kit (250 preps),QIAGEN Réf 27106,C0537,NA52,,452.85,C0537,
solide,catalogue_ijm_ligne_separee,,NUCLEOSPIN Plasmind Kit de Tampon I,Réf MN 740953,G4001,NA52,,43.66,G4001,
solide,catalogue_ijm_ligne_separee,,NUCLEOSPIN Plasmind COLUMNS (50 colonnes),Réf MN 740588.50S,G4002,NB11,,34.99,G4002,
solide,catalogue_ijm_ligne_separee,,NUCLEOSPIN Plasmind COLUMNS (250 colonnes),Réf MN 740588.250S,G4003,NB11,,156.76,G4003,
solide,catalogue_ijm_ligne_separee,,QIAQUICK Gel EXTRACTION Kit (50 preps),QIAGEN Réf 28704,C0534,NA52,,133.03,C0534,
solide,catalogue_ijm_ligne_separee,,NUCLEOSPIN GEL & PCR Clean-up (50 preps) Kit complet avec tampons,Réf MN 740609.50,G4200,NA52,,75.81,G4200,
solide,catalogue_ijm_ligne_separee,,NUCLEOSPIN GEL & PCR Clean-up (250 preps) Kit complet avec tampons,Réf MN 740609.250,G4250,NA52,,329.03,G4250,
solide,catalogue_ijm_ligne_separee,,"NUCLEOSPIN GEL & PCR Clean-Up (Extract II), COLUMNS (50 colonnes)",Réf MN 740609.50S,G4202,NB11,,44.89,G4202,
solide,catalogue_ijm_ligne_separee,,NUCLEOSPIN GEL & PCR Clean-Up COLUMNS (250 colonnes),Réf MN 740609.250S,G4203,NB11,,201.91,G4203,
solide,catalogue_ijm_ligne_separee,,NUCLEOSPIN RNA (250 preps),Réf MN 740955.250,G4405,NA52,,958.16,G4405,
solide,catalogue_ijm_ligne_separee,,NUCLEOSPIN RNA PLUS (50 preps),Réf MN 740984.50,G4406,NA52,,247.17,G4406,
solide,catalogue_ijm_ligne_separee,,NUCLEOSPIN RNA VIRUS (50 preps),Réf MN 740956.50,G4407,NA52,,180.1,G4407,
solide,catalogue_ijm_ligne_separee,,NUCLEOSPIN RNA COLUMNS (50 colonnes),Réf MN 740955.50S,G4402,NA52,,131.61,G4402,
solide,catalogue_ijm_ligne_separee,,LOOKOUT MYCOPLASMA PCR DETECTION KIT,SIGMA / MERCK,C10KT,NA52,,268.44,C10KT,
solide,catalogue_ijm_ligne_separee,,REDEXTRACT-N-AMP Tissue PCR Kit,SIGMA / MERCK,C30KT,NA52,,284.87,C30KT,
solide,catalogue_ijm_ligne_separee,,TISSUE PREPARATION SOLUTION 30ml,SIGMA / MERCK,C40KT,NA52,,277.88,C40KT,
solide,catalogue_ijm_ligne_separee,,"REDEXTRACT-N-AMP PCR Ready MIX 1,2ml",SIGMA / MERCK,C50KT,NA52,,126.76,C50KT,
solide,catalogue_ijm_ligne_separee,,TRI-REAGENT RNA Extraction reagent (Equivalent TRIZOL) 100ml,EUROMEDEX,KBM546,NA52,,135.52,KBM546,
solide,catalogue_ijm_ligne_separee,,WIZARD SV GEL & PCR Clean-Up System (50 preps),PROMEGA,A9281,NA52,,106.57,A9281,
solide,catalogue_ijm_ligne_separee,,Rneasy Mini Kit (50 preps),QIAGEN Réf 74104,C0539,NA52,,365.28,C0539,
solide,catalogue_ijm_ligne_separee,,LightCycler SYBR Green Master 5ml,ROCHE,KBM538,NA31,,180.04,KBM538,
solide,catalogue_ijm_ligne_separee,,POWER SYBR Green PCR Master Mix (5ml),LIFE TECHNOLOGIE,KBM5372,NA31,,345.49,KBM5372,
solide,catalogue_ijm_ligne_separee,,T4 DNA LIGASE (100u),LIFE Technologie,EM004,NA54,,27.37,EM004,
solide,catalogue_ijm_ligne_separee,,T4 DNA LIGASE (20 000u),BIOLABS,M0202S,NA54,,59.39,M0202S,
solide,catalogue_ijm_ligne_separee,,"DNase I recombinant, RNase free solution (10 000u)",ROCHE,EM0022,NA54,,192.81,EM0022,
solide,catalogue_ijm_ligne_separee,,DNase I (RNase-free) (1 000u),BIOLABS,M0303S,NA54,,65.81,M0303S,
solide,catalogue_ijm_ligne_separee_donnees_masse_conservees,,DNase I 100mg (2 X 10 000u),ROCHE,EM0012,NA54,,96.81,EM0012,
solide,catalogue_ijm_ligne_separee,,"PHOSPHATASE, ALKALINE (AP) MB Grade 20u/µl (1000u)",ROCHE,EM0053,NA54,,81.79,EM0053,
solide,catalogue_ijm_ligne_separee,,QUICK CIP (1000u) Remplace M0290S PHOSPHATASE ALCALINE (CALF) 10u/µl (1000u),BIOLABS,M0525S,NA54,,85.07,M0525S,
solide,catalogue_ijm_ligne_separee,,CALF INTESTINAL ALKALINE PHOSPHATASE 20u/µl (1000u),LIFE Technologie,EM0051,NA54,,78.22,EM0051,
solide,catalogue_ijm_ligne_separee,,T4 POLYNUCLEOTIDE KINASE (500u),BIOLABS,M0201S,NA54,,53.93,M0201S,
solide,catalogue_ijm_ligne_separee,,NEBuilder Hifi DNA Assembly Master Mix (10 rxn),BIOLABS,E2621S,NA54,,162.52,E2621S,
solide,catalogue_ijm_ligne_separee_donnees_masse_conservees,,"PROTEINASE K, Recombinant, PCR Grade Lyophilizate 100mg",ROCHE,EM0082,NA54,,70.49,EM0082,
solide,catalogue_ijm_ligne_separee_donnees_masse_conservees,,PROTEINASE K 100mg,PROMEGA,EM0082C,NA54,,128.39,EM0082C,
solide,catalogue_ijm_ligne_separee,,PROTEINASE K (1 600u),BIOLABS,P8107S,NA54,,83.03,P8107S,
solide,catalogue_ijm_ligne_separee_donnees_masse_conservees,,RNase A 100mg,ROCHE,EM0092,NA54,,89.56,EM0092,
solide,catalogue_ijm_ligne_separee,,QUICK LIGATION KIT 30 Réactions,BIOLABS,M2200S,NA54,,97.58,M2200S,
solide,catalogue_ijm_ligne_separee,,TAQ DNA POLYMERASE (400u) (Tampon + MgSO4),BIOLABS,M0267S,NA55,,47.99,M0267S,
solide,catalogue_ijm_ligne_separee,,PLATINIUM TAQ DNA POLYMERASE (100 Réactions),LIFE Technologie,EM0031,NA55,,78.57,EM0031,
solide,catalogue_ijm_ligne_separee,,GoTAQ G2 POLYMERASE (500u),PROMEGA,EM0025,NA55,,91.38,EM0025,
solide,catalogue_ijm_ligne_separee,,GoTAQ qPCR Master Mix 5ml,PROMEGA,EM0024,NA55,,126.74,EM0024,
solide,catalogue_ijm_ligne_separee,,TAQ POLYMERASE (500u),LIFE Technologie,EM003,NA55,,150.15,EM003,
solide,catalogue_ijm_ligne_separee,,TAQ DNA POLYMERASE (400u) (Tampon + MgCL2),BIOLABS,M0273S,NA55,,47.99,M0273S,
solide,catalogue_ijm_ligne_separee,,VENT DNA POLYMERASE (200u),BIOLABS,M0254S,NA55,,63.67,M0254S,
solide,catalogue_ijm_ligne_separee,,DNA POLYMERASE I (500u),BIOLABS,M0209S,NA55,,65.81,M0209S,
solide,catalogue_ijm_ligne_separee,,DNA POLYMERASE I Lg Fragm KLENOW (200u),BIOLABS,M0210S,NA55,,59.39,M0210S,
solide,catalogue_ijm_ligne_separee,,T4 DNA POLYMERASE (150u),BIOLABS,M0203S,NA55,,64.2,M0203S,
solide,catalogue_ijm_ligne_separee,,T7 RNA POLYMÉRASE (5 000u),BIOLABS,M0251S,NA55,,65.06,M0251S,
solide,catalogue_ijm_ligne_separee,,T7 Endonuclease I (250u),BIOLABS,M0302S,NA55,,75.49,M0302S,
solide,catalogue_ijm_ligne_separee,,PFU DNA POLYMERASE (100u),PROMEGA,M7741,NA55,,132.57,M7741,
solide,catalogue_ijm_ligne_separee,,PHUSION HIGH FIDELITY DNA POLYMERASE (100u),LIFE Technologie,F0530S,NA55,,72.88,F0530S,
solide,catalogue_ijm_ligne_separee,,PHUSION HIGH FIDELITY DNA POLYMERASE (100u),BIOLABS,M0530S,NA55,,89.13,M0530S,
solide,catalogue_ijm_ligne_separee,,PHUSION Hot Start Flex 2X Master Mix (100rxn),BIOLABS,M0536S,NA55,,198.29,M0536S,
solide,catalogue_ijm_ligne_separee,,Q5 HIGH FIDELITY DNA POLYMERASE (100u),BIOLABS,M0491S,NA55,,85.39,M0491S,
solide,catalogue_ijm_ligne_separee,,AccuPrime PFX DNA Polymerase (200 réactions),LIFE Technologie,EM007,NA55,,368.41,EM007,
solide,catalogue_ijm_ligne_separee,,ProtoSCRIPT II REVERSE TRANSCRIPTASE (10 000u),BIOLABS,M0368L,NA55,,160.93,M0368L,
solide,catalogue_ijm_ligne_separee,,SUPERSCRIPT II REVERSE TRANSCRIPTASE (10 000u),LIFE Technologie,EM009,NA55,,190.25,EM009,
solide,catalogue_ijm_ligne_separee,,SUPERSCRIPT III REVERSE TRANSCRIPTASE (2 000u),LIFE Technologie,EM0093,NA55,,105.07,EM0093,
solide,catalogue_ijm_ligne_separee,,SUPERSCRIPT III VILO (50 réactions),LIFE Technologie,EM0094,NA55,,684.97,EM0094,
solide,catalogue_ijm_ligne_separee,,SUPERSCRIPT IV REVERSE TRANSCRIPTASE (10 000u),LIFE Technologie,EM0097,NA55,,357.01,EM0097,
solide,catalogue_ijm_ligne_separee,,M-MLV REVERSE TRANSCRIPTASE (40 000u),LIFE Technologie,EM008,NA55,,188.58,EM008,
solide,catalogue_ijm_ligne_separee,,pGEM-T Easy Vector System I (20 réact),PROMEGA,A1360,NA55,,202.29,A1360,
solide,catalogue_ijm_ligne_separee,,AAT I (500u),BIOLABS,R0117S,NA53,,59.39,R0117S,
solide,catalogue_ijm_ligne_separee,,ACC I (1 000u),BIOLABS,R0161S,NA53,,69.82,R0161S,
solide,catalogue_ijm_ligne_separee,,AGE I (300u) HF Haute Fidélité,BIOLABS,R0552S,NA53,,68.21,R0552S,
solide,catalogue_ijm_ligne_separee,,APA I (5 000u),BIOLABS,R0114S,NA53,,67.41,R0114S,
solide,catalogue_ijm_ligne_separee,,AVA I (2 000u),BIOLABS,R0152S,NA53,,63.4,R0152S,
solide,catalogue_ijm_ligne_separee,,AVA II (2 000u),BIOLABS,R0153S,NA53,,63.4,R0153S,
solide,catalogue_ijm_ligne_separee,,BAM HI (10 000u) HF Haute Fidélité,BIOLABS,R0136S,NA53,,48.15,R0136S,
solide,catalogue_ijm_ligne_separee,,BCL I (3 000u),BIOLABS,R0160S,NA53,,57.78,R0160S,
solide,catalogue_ijm_ligne_separee,,BGL II (2 000u),BIOLABS,R0144S,NA53,,57.78,R0144S,
solide,catalogue_ijm_ligne_separee,,BSM I (500u),BIOLABS,R0134S,NA53,,65.81,R0134S,
solide,catalogue_ijm_ligne_separee,,CLA I (1 000u),BIOLABS,R0197S,NA53,,63.4,R0197S,
solide,catalogue_ijm_ligne_separee,,DPN I (1 000u),BIOLABS,R0176S,NA53,,61.79,R0176S,
solide,catalogue_ijm_ligne_separee,,ECO RI (10 000u) HF Haute Fidélité,BIOLABS,R0101S,NA53,,48.15,R0101S,
solide,catalogue_ijm_ligne_separee,,ECO RV (4 000u) HF Haute Fidélité,BIOLABS,R0195S,NA53,,55.37,R0195S,
solide,catalogue_ijm_ligne_separee,,HINC II (1 000u),BIOLABS,R0103S,NA53,,60.19,R0103S,
solide,catalogue_ijm_ligne_separee,,HIND III (10 000u),BIOLABS,R0104S,NA53,,48.15,R0104S,
solide,catalogue_ijm_ligne_separee,,HPA I (500u),BIOLABS,R0105S,NA53,,59.39,R0105S,
solide,catalogue_ijm_ligne_separee,,KPN I (4 000u) HF Haute Fidélité,BIOLABS,R0142S,NA53,,58.58,R0142S,
solide,catalogue_ijm_ligne_separee,,MLU I (1 000u) HF Haute Fidélité,BIOLABS,R0198S,NA53,,63.4,R0198S,
solide,catalogue_ijm_ligne_separee,,NCO I (1 000u) HF Haute Fidélité,BIOLABS,R0193S,NA53,,60.19,R0193S,
solide,catalogue_ijm_ligne_separee,,NDE I (4 000u),BIOLABS,R0111S,NA53,,63.4,R0111S,
solide,catalogue_ijm_ligne_separee,,NHE I (1 000u) HF Haute Fidélité,BIOLABS,R0131S,NA53,,65.0,R0131S,
solide,catalogue_ijm_ligne_separee,,NOT I (500u),BIOLABS,R0189S,NA53,,63.67,R0189S,
solide,catalogue_ijm_ligne_separee,,NOT I (500u) HF Haute Fidélité,BIOLABS,R3189S,NA53,,63.67,R3189S,
solide,catalogue_ijm_ligne_separee,,NRU I (1 000u) HF Haute Fidélité,BIOLABS,R0192S,NA53,,57.78,R0192S,
solide,catalogue_ijm_ligne_separee,,PAC I (250u),BIOLABS,R0547S,NA53,,66.61,R0547S,
solide,catalogue_ijm_ligne_separee,,PST I (10 000u),BIOLABS,R0140S,NA53,,61.79,R0140S,
solide,catalogue_ijm_ligne_separee,,PST I (10 000u) HF Haute Fidélité,BIOLABS,R3140S,NA53,,61.79,R3140S,
solide,catalogue_ijm_ligne_separee,,PVU I (500u) HF Haute Fidélité,BIOLABS,R0150S,NA53,,66.61,R0150S,
solide,catalogue_ijm_ligne_separee,,PVU II (5 000u),BIOLABS,R0151S,NA53,,57.78,R0151S,
solide,catalogue_ijm_ligne_separee,,SAC I (2 000u) HF Haute Fidélité,BIOLABS,R0156S,NA53,,57.78,R0156S,
solide,catalogue_ijm_ligne_separee,,SAC II (2 000u),BIOLABS,R0157S,NA53,,60.19,R0157S,
solide,catalogue_ijm_ligne_separee,,SAL I (2 000u) HF Haute Fidélité,BIOLABS,R0138S,NA53,,56.98,R0138S,
solide,catalogue_ijm_ligne_separee,,SCA I (1 000u) HF Haute Fidélité,BIOLABS,R0122S,NA53,,63.4,R0122S,
solide,catalogue_ijm_ligne_separee,,SMA I (2 000u),BIOLABS,R0141S,NA53,,56.18,R0141S,
solide,catalogue_ijm_ligne_separee,,SPE I (500u) HF Haute Fidélité,BIOLABS,R0133S,NA53,,63.4,R0133S,
solide,catalogue_ijm_ligne_separee,,SPH I (500u) HF Haute Fidélité,BIOLABS,R0182S,NA53,,61.79,R0182S,
solide,catalogue_ijm_ligne_separee,,SSP I (1 000u) HF Haute Fidélité,BIOLABS,R0132S,NA53,,67.41,R0132S,
solide,catalogue_ijm_ligne_separee,,XBA I (3 000u),BIOLABS,R0145S,NA53,,63.4,R0145S,
solide,catalogue_ijm_ligne_separee,,XHO I (5 000u),BIOLABS,R0146S,NA53,,63.4,R0146S,
solide,catalogue_ijm_ligne_separee,,XMA I (500u),BIOLABS,R0180S,NA53,,65.0,R0180S,
solide,catalogue_ijm_ligne_separee,,XMN I (1 000u),BIOLABS,R0194S,NA53,,60.19,R0194S,
solide,catalogue_ijm_ligne_separee,,dNTP set 100 mM/4x25 µmol,PROMEGA,NU005,NA55,,79.2,NU005,
solide,catalogue_ijm_ligne_separee,,PCR Nucléotide Mix 200 µl,ROCHE,NU008,NA55,,34.2,NU008,
solide,catalogue_ijm_ligne_separee,,100mM dNTP Set (4x25µmol),LIFE Technologie,NU007,NA55,,115.37,NU007,
solide,catalogue_ijm_ligne_separee,,1Kb PLUS DNA Ladder (250µg),LIFE Technologie,PM001,NA31,,166.68,PM001,
solide,catalogue_ijm_ligne_separee,,1Kb DNA Ladder (100µg ),BIOLABS,N3232S,NA31,,48.15,N3232S,
solide,catalogue_ijm_ligne_separee,,100bp DNA Ladder (50µg ),BIOLABS,N3231S,NA31,,50.18,N3231S,
solide,catalogue_ijm_ligne_separee,,"Blue Protein Standard, Broad Range (100rxns) Remplace P7706S",BIOLABS,P7718S,NA31,,151.89,P7718S,
solide,catalogue_ijm_ligne_separee,,PageRuler PLUS Prestained Protein Ladder (10-250Kda) (2x250µl),réf THERMO 26619,PM017,NA31,,151.59,PM017,
solide,catalogue_ijm_ligne_separee,,PageRuler Prestained Protein Ladder (10-170Kda) (2x250µl),réf THERMO 26616,PM018,NA31,,150.7,PM018,
solide,catalogue_ijm_ligne_separee,,SeeBlue Plus2 Pre-Standard 500µl,LIFE Technologie,PM008,NA31,,211.97,PM008,
solide,catalogue_ijm_ligne_separee,,Recombinant Rnasin (2 500u),PROMEGA,R001,NA54,,80.79,R001,
solide,catalogue_ijm_ligne_separee,,RNaseOUT Recombinant Ribonuclease Inhibitor (5 000u),LIFE Technologie,R002,NA54,,98.64,R002,
solide,catalogue_ijm_ligne_separee,,"Rnase Inhibitor, Human placenta (2 000u)",BIOLABS,M0307S,NA54,,77.84,M0307S,
solide,catalogue_ijm_ligne_separee,,"MEM (1X), liquid, avec Earles salts, avec Glutamax I, 500ml","Réf LIFE Technologie
41090028",RCC101,NA71,,9.1,RCC101,
solide,catalogue_ijm_ligne_separee,,"MEM (100X), liquid, sans L-Glutamine 100ml","Réf LIFE Technologie
11140035",RCC102,NA71,,7.63,RCC102,
solide,catalogue_ijm_ligne_separee,,"D-MEM (1X), liquid (High Glucose), avec Glutamax I, avec Sodium Pyrivate, 500ml","Réf LIFE Technologie
31966021",RCC111,NA71,,8.09,RCC111,
solide,catalogue_ijm_ligne_separee,,"D-MEM (1X), liquid (High Glucose), avec Glutamax I, sans Sodium Pyrivate, 500ml","Réf LIFE Technologie
61965026",RCC112,NA71,,6.88,RCC112,
solide,catalogue_ijm_ligne_separee_donnees_masse_conservees,,"D-MEM (1X), liquid (High Glucose), avec L-Glutamine, 4,5g/L glucose avec Sodium Pyrivate,
500ml","Réf LIFE Technologie
41966029",RCC113,NA71,,6.36,RCC113,
solide,catalogue_ijm_ligne_separee_donnees_masse_conservees,,"D-MEM (1X), liquid (High Glucose), avec L-Glutamine, 4,5g/L glucose sans Sodium Pyrivate,
500ml","Réf LIFE Technologie
41965039",RCC116,NA71,,6.47,RCC116,
solide,catalogue_ijm_ligne_separee_donnees_masse_conservees,,"D-MEM (1X), liquid (Low Glucose), avec L-Glutamine, 1g/L glucose avec Sodium Pyrivate,
500ml","Réf LIFE Technologie
31885023",RCC114,NA71,,6.35,RCC114,
solide,catalogue_ijm_ligne_separee,,"D-MEM (1X), liquid (High Glucose), avec L-Glutamine, 4500mg/L D-glucose sans Sodium
Pyrivate, sans Rouge de phénol 500ml","Réf LIFE Technologie
21063029",RCC118,NA71,,8.56,RCC118,
solide,catalogue_ijm_ligne_separee,,"D-MEM/F-12 (1:1) (1X), liquid avec Glutamax, 500ml","Réf LIFE Technologie
31331028",RCC115,NA71,,12.71,RCC115,
solide,catalogue_ijm_ligne_separee,,"D-MEM/F-12 (1:1) (1X), liquid sans L-Glutamine, 500ml","Réf LIFE Technologie
21331020",RCC117,NA71,,11.3,RCC117,
solide,catalogue_ijm_ligne_separee,,"RPMI 1640 Medium (1X), liquid, avec L-Glutamine, 500ml","Réf LIFE Technologie
21875034",RCC121,NA71,,5.23,RCC121,
solide,catalogue_ijm_ligne_separee,,"RPMI 1640 Medium (1X), liquid, sans L-Glutamine, 500ml","Réf LIFE Technologie
31870025",RCC122,NA71,,5.24,RCC122,
solide,catalogue_ijm_ligne_separee,,"RPMI 1640 Medium (1X), liquid, avec Glutamax I, 500ml","Réf LIFE Technologie
61870010",RCC123,NA71,,6.17,RCC123,
solide,catalogue_ijm_ligne_separee,,"Opti-MEM (1X) avec Glutamax I, 2400mg/L … 500ml","Réf LIFE Technologie
51985026",RCC124,NA71,,17.18,RCC124,
solide,catalogue_ijm_ligne_separee,,"L-Glutamine 200mM (100X), liquid 100ml","Réf LIFE Technologie
25030024",RCC131,NA26,,7.27,RCC131,
solide,catalogue_ijm_ligne_separee,,"D-PBS (10X), liquid, sans Calcium, sans Magnésium, 500ml","Réf LIFE Technologie
14200067",RCC201,NA71,,14.31,RCC201,
solide,catalogue_ijm_ligne_separee,,"D-PBS (1X), liquid, sans Calcium, sans Magnésium, sans Phenol Red, 500ml","Réf LIFE Technologie
14190094",RCC202,NA71,,5.15,RCC202,
solide,catalogue_ijm_ligne_separee,,UltraPure Dnase/Rnase-Free Distilled Water 500ml,"Réf LIFE Technologie
10977035",RCC211,NA25,,5.94,RCC211,
solide,catalogue_ijm_ligne_separee,,"Lipofectamine 2000 Transfection Reagent 1,5ml","Réf LIFE Technologie
11668019",RCC301,NA56,,819.15,RCC301,
solide,catalogue_ijm_ligne_separee,,"Lipofectamine 2000 Transfection Reagent 0,75ml","Réf LIFE Technologie
11668027",RCC302,NA56,,525.52,RCC302,
solide,catalogue_ijm_ligne_separee,,"Lipofectamine 3000 0,75ml","Réf LIFE Technologie
L3000008",RCC308,NA56,,614.3,RCC308,
solide,catalogue_ijm_ligne_separee,,"Lipofectamine RNAIMAX 0,75ml","Réf LIFE Technologie
13778075",RCC312,NA56,,696.14,RCC312,
solide,catalogue_ijm_ligne_separee,,Lipofectamine LTX 1ml,"Réf LIFE Technologie
15338100",RCC313,NA56,,797.62,RCC313,
solide,catalogue_ijm_ligne_separee,,TurboFect Transfection Reagent 1ml,Réf THERMO R0531,RCC307,NA56,,255.25,RCC307,
solide,catalogue_ijm_ligne_separee,,Oligofectamine Transfection Reagent 1ml,"Réf LIFE Technologie
12252011",RCC304,NA56,,680.06,RCC304,
solide,catalogue_ijm_ligne_separee,,"FBS Fœtal Bovine Serum, Value FBS (Origin: Brazil) 500ml",A5256701,RCC401,NA71,,213.79,RCC401,
solide,catalogue_ijm_ligne_separee,,"Penicillin-Streptomycin, liquid 100ml",15140122,RCC501,NA76,,9.98,RCC501,
solide,catalogue_ijm_ligne_separee_donnees_masse_conservees,,Ampicillin Sodium salt 1g,EUROMEDEX,RCC502,NA76,,4.49,RCC502,
solide,catalogue_ijm_ligne_separee_donnees_masse_conservees,,Ampicillin Sodium salt 10g,EUROMEDEX,RCC504,NA76,,20.06,RCC504,
solide,catalogue_ijm_ligne_separee,,"GENETICIN Selective Antibiotic (G418 Sulfate) 50mg/ml, 20ml","Réf LIFE Technologie
10131035",RCC503,NA76,,116.26,RCC503,
solide,catalogue_ijm_ligne_separee,,ANTIBIOTIC ANTIMYCOTIC 100ml,"Réf LIFE Technologie
15240062",RCC505,NA76,,61.42,RCC505,
solide,catalogue_ijm_ligne_separee,,"Trypsin-EDTA (1X) 0,05% (Trypsin with EDTA 4Na) Phenol Red 100ml","Réf LIFE Technologie
25300054",C0642,NA78,,6.58,C0642,
solide,catalogue_ijm_ligne_separee,,"Trypsin-EDTA (1X) 0,25% Phenol Red 100ml","Réf LIFE Technologie
25200056",C0643,NA78,,7.01,C0643,
solide,catalogue_ijm_ligne_separee,,SERINGUE STÉRILE 1ml TUBERCULINE Sans aiguille (x100),TERUMO,D0491,NB03,,8.62,D0491,
solide,catalogue_ijm_ligne_separee,,SERINGUE STÉRILE 3ml (x100),TERUMO,D0492,NB03,,8.62,D0492,
solide,catalogue_ijm_ligne_separee,,SERINGUE STÉRILE 5ml (x100),TERUMO,D04921,NB03,,13.47,D04921,
solide,catalogue_ijm_ligne_separee,,SERINGUE STÉRILE 10ml (x100),TERUMO,D0493,NB03,,11.15,D0493,
solide,catalogue_ijm_ligne_separee,,SERINGUE STÉRILE 20ml (x50),TERUMO,D04931,NB03,,11.73,D04931,
solide,catalogue_ijm_ligne_separee,,SERINGUE STÉRILE 50ml (x25),TERUMO,D0494,NB03,,13.8,D0494,
solide,catalogue_ijm_ligne_separee_donnees_masse_conservees,,"AIGUILLE STÉRILE 18G 1,2x40mm Rose (x100)",BD,D0498,NB03,,3.1,D0498,
solide,catalogue_ijm_ligne_separee_donnees_masse_conservees,,"AIGUILLE STÉRILE 20G 0,9x25mm Jaune (x100)",BD,D0495A,NB03,,3.1,D0495A,
solide,catalogue_ijm_ligne_separee_donnees_masse_conservees,,"AIGUILLE STÉRILE 21G 0,8x25mm Vert (x100)",BD,D0497,NB03,,3.1,D0497,
solide,catalogue_ijm_ligne_separee_donnees_masse_conservees,,"AIGUILLE STÉRILE 23G 0,6x25mm Bleu (x100)",BD,D0496,NB03,,3.1,D0496,
solide,catalogue_ijm_ligne_separee_donnees_masse_conservees,,"AIGUILLE STÉRILE 24G 0,55x25mm Bleu (x100) STERICAN",BD,D0496A,NB03,,2.28,D0496A,
solide,catalogue_ijm_ligne_separee_donnees_masse_conservees,,"AIGUILLE STÉRILE 26G 0,45x12mm Marron (x100)",BD,D0495,NB03,,6.19,D0495,
solide,catalogue_ijm_ligne_separee_donnees_masse_conservees,,"AIGUILLE STÉRILE 27G ext 0,41x13 (1/2) mm Gris (x100)",BD,D0495B,NB03,,10.31,D0495B,
solide,catalogue_ijm_ligne_separee_donnees_masse_conservees,,"AIGUILLE STÉRILE 30G 0,3x13mm Beige (x100)",BD,D0499,NB03,,2.03,D0499,
solide,catalogue_ijm_ligne_separee,,MICRO-SPATULE DOUBLE 130mm,,D050,NB51,,6.36,D050,
solide,catalogue_ijm_ligne_separee,,SPATULE DOUBLE Flexible 180mm,,D051,NB51,,10.94,D051,
solide,catalogue_ijm_ligne_separee,,SPATULE DOUBLE Flexible 500mm,,D051A,NB51,,10.63,D051A,
solide,catalogue_ijm_ligne_separee,,SPATULE CUILLIÈRE 150mm,,D052,NB51,,15.74,D052,
solide,catalogue_ijm_ligne_separee,,PINCE à DISSECTION DROITE 20cm Bout rond,,D034,NB51,,5.36,D034,
solide,catalogue_ijm_ligne_separee,,"PINCE BRUCELLE DROITE 14,5cm Bout pointu",,D035,NB51,,3.85,D035,
solide,catalogue_ijm_ligne_separee,,"PINCE BRUCELLE COURBEE 10,5cm Bout pointu",,D036,NB51,,12.57,D036,
solide,catalogue_ijm_ligne_separee,,"PINCE BRUCELLE DROITE 10,5cm Bout pointu",,D037,NB51,,11.3,D037,
solide,catalogue_ijm_ligne_separee,,"PINCE FINE DROITE 11cm Bout pointu ""DUMONT N°5""",,D038,NB51,,8.49,D038,
solide,catalogue_ijm_ligne_separee,,"PINCE FINE COURBEE 11cm Bout pointu ""DUMONT N°7""",,D039,NB51,,14.22,D039,
solide,catalogue_ijm_ligne_separee,,PINCE INOX pour FILTRES-MEMBRANES à bout plat,,D039A,NB51,,21.89,D039A,
solide,catalogue_ijm_ligne_separee,,PINCE en BOIS 250mm,,D042,NB51,,3.54,D042,
solide,catalogue_ijm_ligne_separee,,CISEAUX à DISSECTION FIN COURBÉE 11cm Bout pointue,,D009,NB51,,7.93,D009,
solide,catalogue_ijm_ligne_separee,,CISEAUX à DISSECTION COURBÉE 14cm Bout pointue/arrondie,,D010,NB51,,7.89,D010,
solide,catalogue_ijm_ligne_separee,,CISEAUX à DISSECTION DROIT 14cm Bout pointue/pointue,,D011,NB51,,4.6,D011,
solide,catalogue_ijm_ligne_separee,,CISEAUX à DISSECTION FIN DROIT 11cm Bout pointue,,D012,NB51,,6.54,D012,
solide,catalogue_ijm_ligne_separee,,CISEAUX ULTRA-FINS DROIT 12cm Bout pointue/arrondie,,D014,NB51,,24.89,D014,
solide,catalogue_ijm_ligne_separee,,CISEAUX ULTRA-FINS COURBÉE 12cm Bout pointue/pointue,,D015,NB51,,26.56,D015,
solide,catalogue_ijm_ligne_separee,,MANCHE N°4 pour LAME N°23,,D048,KE12,,5.86,D048,
solide,catalogue_ijm_ligne_separee,,MANCHE N°3 pour LAME N°11,,D048A,KE12,,4.96,D048A,
solide,catalogue_ijm_ligne_separee,,LAMES STÉRILES N°23 (Bte de 100),,D049,KE13,,8.01,D049,
solide,catalogue_ijm_ligne_separee,,LAMES STÉRILES N°11 (Bte de 100),,D049B,KE13,,8.03,D049B,
solide,catalogue_ijm_ligne_separee,,SCALPELS JETABLES STÉRILES N°23,,D046,KE13,,4.39,D046,
solide,catalogue_ijm_ligne_separee,,SCALPELS JETABLES STÉRILES N°11,,D046A,KE13,,4.39,D046A,
solide,catalogue_ijm_ligne_separee,,LAME GILETTE BLEUE EXTRA (x10),,D047,KE13,,4.42,D047,
solide,catalogue_ijm_ligne_separee,,BECHER PMP Graduée 100ml,FISHER,P001,NB43,,1.99,P001,
solide,catalogue_ijm_ligne_separee,,BECHER PMP Graduée 250ml,FISHER,P002,NB43,,3.02,P002,
solide,catalogue_ijm_ligne_separee,,BECHER PMP Graduée 600ml,FISHER,P003,NB43,,5.56,P003,
solide,catalogue_ijm_ligne_separee,,BECHER PMP Graduée 1000ml,FISHER,P004,NB43,,6.74,P004,
solide,catalogue_ijm_ligne_separee,,BECHER PMP Graduée 2000ml,FISHER,P005,NB43,,19.09,P005,
solide,catalogue_ijm_ligne_separee,,BECHER PMP Graduée 5000ml,FISHER,P006,NB43,,28.14,P006,
solide,catalogue_ijm_ligne_separee,,ENTONNOIR HDPE Diam 80mm,DUTSCHER,P022,NB43,,0.77,P022,
solide,catalogue_ijm_ligne_separee,,ENTONNOIR HDPE Diam 140mm,DUTSCHER,P023,NB43,,2.09,P023,
solide,catalogue_ijm_ligne_separee,,ENTONNOIR HDPE Diam 180mm,DUTSCHER,P024,NB43,,3.32,P024,
solide,catalogue_ijm_ligne_separee,,EPROUVETTE TPX Graduée 10ml,DUTSCHER,P025,NB43,,1.07,P025,
solide,catalogue_ijm_ligne_separee,,EPROUVETTE TPX Graduée 25ml,DUTSCHER,P026,NB43,,1.53,P026,
solide,catalogue_ijm_ligne_separee,,EPROUVETTE TPX Graduée 50ml,DUTSCHER,P027,NB43,,2.14,P027,
solide,catalogue_ijm_ligne_separee,,EPROUVETTE TPX Graduée 100ml,DUTSCHER,P028,NB43,,3.22,P028,
solide,catalogue_ijm_ligne_separee,,EPROUVETTE TPX Graduée 250ml,DUTSCHER,P029,NB43,,7.54,P029,
solide,catalogue_ijm_ligne_separee,,EPROUVETTE TPX Graduée 500ml,DUTSCHER,P030,NB43,,9.15,P030,
solide,catalogue_ijm_ligne_separee,,EPROUVETTE TPX Graduée 1L,DUTSCHER,P031,NB43,,12.84,P031,
solide,catalogue_ijm_ligne_separee,,EPROUVETTE TPX Graduée 2L,DUTSCHER,P032,NB43,,43.28,P032,
solide,catalogue_ijm_ligne_separee,,RESERVOIR à REACTIFS 50ml STERILE CLEARLINE (x100),CLEARLINE,P152,NB43,,51.84,P152,
solide,catalogue_ijm_ligne_separee,,NACELLES de PESÉE Carrée 44x44mm (x250),FISHER,D024C,NB35,,9.48,D024C,
solide,catalogue_ijm_ligne_separee,,NACELLES de PESÉE Carrée 84x84mm (x250),FISHER,D025C,NB35,,16.91,D025C,
solide,catalogue_ijm_ligne_separee,,NACELLES de PESÉE Carrée 140x140mm (x250),FISHER,D025D,NB35,,19.58,D025D,
solide,catalogue_ijm_ligne_separee,,BONBONNE en Polyéthylène 10 litres avec robinet,VWR,P008,NB51,,28.19,P008,
solide,catalogue_ijm_ligne_separee,,BONBONNE en Polyéthylène 30 litres avec robinet,VWR,P009,NB51,,59.2,P009,
solide,catalogue_ijm_ligne_separee,,FLACON COMPTE-GOUTTE 15ml (Pour huile à immersion),DUTSCHER,EA134,NB51,,1.48,EA134,
solide,catalogue_ijm_ligne_separee,,FLACON VAPORISATEUR 500ml,FISHER,P067A,NB51,,5.69,P067A,
solide,catalogue_ijm_ligne_separee,,CUVETTE PLASTIQUE CARREE 2L HDPE,,E021A,BB02,,4.98,E021A,
solide,catalogue_ijm_ligne_separee,,"CUVETTE PLASTIQUE CARREE 4,5L",,E021,BB02,,7.52,E021,
solide,catalogue_ijm_ligne_separee,,CUVETTE PLASTIQUE CARREE 7L,,E022,BB02,,12.36,E022,
solide,catalogue_ijm_ligne_separee,,CUVETTE PLASTIQUE CARREE 12L,,E023,BB02,,15.54,E023,
solide,catalogue_ijm_ligne_separee,,CUVETTE PLASTIQUE CARREE 30L,,E024,BB02,,61.67,E024,
solide,catalogue_ijm_ligne_separee,,CUVETTE PLASTIQUE CARREE 45L,,E025,BB02,,48.41,E025,
solide,catalogue_ijm_ligne_separee,,SEAU PLASTIQUE 14L,,E064,BB02,,5.4,E064,
solide,catalogue_ijm_ligne_separee,,PISSETTE 125ml,VWR,P064A,NB43,,1.77,P064A,
solide,catalogue_ijm_ligne_separee,,PISSETTE Col large 250ml Jaune,VWR,P065A,NB43,,2.82,P065A,
solide,catalogue_ijm_ligne_separee,,PISSETTE Col large 500ml Rouge,VWR,P066A,NB43,,3.06,P066A,
solide,catalogue_ijm_ligne_separee,,PISSETTE Col large 1000ml Bleue,DUTSCHER,P067,NB43,,5.48,P067,
solide,catalogue_ijm_ligne_separee,,BOITE à STÉRILISER (Pipette en verre) 295x65x65mm,,D130,NB43,,72.04,D130,
solide,catalogue_ijm_ligne_separee,,"MICROPIPETTE ""EPPENDORF"" Research PLUS 0,1-2,5µl",EPPENDORF,EA051,NB01,,276.51,EA051,
solide,catalogue_ijm_ligne_separee,,"MICROPIPETTE ""EPPENDORF"" Research PLUS 0,5-10µl",EPPENDORF,EA052,NB01,,276.51,EA052,
solide,catalogue_ijm_ligne_separee,,"MICROPIPETTE ""EPPENDORF"" Research PLUS 2-20µl",EPPENDORF,EA053,NB01,,276.51,EA053,
solide,catalogue_ijm_ligne_separee,,"MICROPIPETTE ""EPPENDORF"" Research PLUS 10-100µl",EPPENDORF,EA054,NB01,,276.51,EA054,
solide,catalogue_ijm_ligne_separee,,"MICROPIPETTE ""EPPENDORF"" Research PLUS 20-200µl",EPPENDORF,EA055,NB01,,276.51,EA055,
solide,catalogue_ijm_ligne_separee,,"MICROPIPETTE ""EPPENDORF"" Research PLUS 100-1000µl",EPPENDORF,EA056,NB01,,276.51,EA056,
solide,catalogue_ijm_ligne_separee,,"MICROPIPETTE ""EPPENDORF"" Research PLUS 500-5000µl",EPPENDORF,EA057,NB01,,276.51,EA057,
solide,catalogue_ijm_ligne_separee,,"MICROPIPETTE ""GILSON"" PIPETMAN L P2",GILSON,P037,NB01,,243.96,P037,
solide,catalogue_ijm_ligne_separee,,"MICROPIPETTE ""GILSON"" PIPETMAN L P10",GILSON,P038,NB01,,243.96,P038,
solide,catalogue_ijm_ligne_separee,,"MICROPIPETTE ""GILSON"" PIPETMAN L P20",GILSON,P039A,NB01,,243.96,P039A,
solide,catalogue_ijm_ligne_separee,,"MICROPIPETTE ""GILSON"" PIPETMAN L P200",GILSON,P040A,NB01,,243.96,P040A,
solide,catalogue_ijm_ligne_separee,,"MICROPIPETTE ""GILSON"" PIPETMAN L P1000",GILSON,P041,NB01,,243.96,P041,
solide,catalogue_ijm_ligne_separee,,"MICROPIPETTE ""GILSON"" PIPETMAN L P5000",GILSON,P042,NB01,,270.43,P042,
solide,catalogue_ijm_ligne_separee,,Kit Maintenance Pipetman P2. Joint torique/Embout Porte-cône GILSON,GILSON,P0421,NB01,,43.84,P0421,
solide,catalogue_ijm_ligne_separee,,Kit Maintenance Pipetman P10. Joint torique/Embout Porte-cône GILSON,GILSON,P0422,NB01,,45.7,P0422,
solide,catalogue_ijm_ligne_separee,,Kit Maintenance Pipetman P20. Joint torique/Embout Porte-cône GILSON,GILSON,P043,NB01,,29.84,P043,
solide,catalogue_ijm_ligne_separee,,Kit Maintenance Pipetman P200. Joint torique/Embout Porte-cône GILSON,GILSON,P044,NB01,,29.84,P044,
solide,catalogue_ijm_ligne_separee,,Kit Maintenance Pipetman P1000. Joint torique/Embout Porte-cône GILSON,GILSON,P045,NB01,,29.84,P045,
solide,catalogue_ijm_ligne_separee,,Kit Maintenance Pipetman P5000. Joint torique/Embout Porte-cône GILSON,GILSON,P046,NB01,,39.16,P046,
solide,catalogue_ijm_ligne_separee,,"PIPETTEUR MANUEL à mollette ""PIPETTE PUMP"" 2ml",,P061,NB51,,14.88,P061,
solide,catalogue_ijm_ligne_separee,,"PIPETTEUR MANUEL à mollette ""PIPETTE PUMP"" 10ml",,P062,NB51,,15.5,P062,
solide,catalogue_ijm_ligne_separee,,"PIPETTEUR MANUEL à mollette ""PIPETTE PUMP"" 25ml",,P063,NB51,,21.14,P063,
solide,catalogue_ijm_ligne_separee,,"BOITE de STOCKAGE pour microtubes 1,5 et 2ml, avec couvercle",,D0071,NB12,,4.33,D0071,
solide,catalogue_ijm_ligne_separee,,"PORTOIR DOUBLE FACE pour micro-tubes 0,5ml ou 1,5 et 2ml",,D0072,NB12,,5.78,D0072,
solide,catalogue_ijm_ligne_separee,,"BOITE CONGÉLATION en carton 133x133mm, H 50mm, avec séparateur 9x9",,D0073,NB12,,5.66,D0073,
solide,catalogue_ijm_ligne_separee,,"CRYOBOITE SYSTEM 100 (132x132mm), pr 100 Cryotubes 1 ou 1,2ml jusqu'à -196°",THERMO,D0074,NB12,,6.74,D0074,
solide,catalogue_ijm_ligne_separee,,MINUTEUR/DECOMPTEUR (TIMER) de poche,,EA135,NB51,,21.69,EA135,
solide,catalogue_ijm_ligne_separee,,"THERMOMETRE MURALE en plastique, thermomural (-30° / +50°)",,EA136,NB51,,2.17,EA136,
solide,catalogue_ijm_ligne_separee,,THERMOMETRE Réfrigérateur (-50° / +50°),,EA136A,NB51,,5.87,EA136A,
solide,catalogue_ijm_ligne_separee,,TUYAU PVC CLAIR Diam 2x4mm,NALGENE,D059,NB51,,0.51,D059,
solide,catalogue_ijm_ligne_separee,,TUYAU PVC CLAIR Diam 4x7mm,NALGENE,D061,NB51,,1.41,D061,
solide,catalogue_ijm_ligne_separee,,TUYAU PVC CLAIR Diam 6x9mm,NALGENE,D062,NB51,,0.96,D062,
solide,catalogue_ijm_ligne_separee,,TUYAU PVC CLAIR Diam 7x10mm,NALGENE,D063,NB51,,2.96,D063,
solide,catalogue_ijm_ligne_separee,,TUYAU PVC CLAIR Diam 8x11mm,NALGENE,D064,NB51,,3.3,D064,
solide,catalogue_ijm_ligne_separee,,TUYAU PVC CLAIR Diam 10x14mm,NALGENE,D065,NB51,,1.82,D065,
solide,catalogue_ijm_ligne_separee,,TUYAU PVC CLAIR Diam 12x17mm,NALGENE,D066,NB51,,2.05,D066,
solide,catalogue_ijm_ligne_separee,,TUYAU PVC CLAIR Diam 15x20mm,NALGENE,D067,NB51,,5.03,D067,
solide,catalogue_ijm_ligne_separee,,TUYAU PVC CLAIR Diam 20x26mm,NALGENE,D0671,NB51,,6.77,D0671,
solide,catalogue_ijm_ligne_separee,,"TUYAU PVC ARMÉ Diam 6,4x11,2mm",NALGENE,D068,NB51,,0.89,D068,
solide,catalogue_ijm_ligne_separee,,"TUYAU PVC ARMÉ Diam 7,9x12,7mm",NALGENE,D069,NB51,,3.21,D069,
solide,catalogue_ijm_ligne_separee,,"TUYAU PVC ARMÉ Diam 9,5x14,3mm",NALGENE,D070,NB51,,3.57,D070,
solide,catalogue_ijm_ligne_separee,,"TUYAU PVC ARMÉ Diam 12,7x19,1mm",NALGENE,D071,NB51,,4.71,D071,
solide,catalogue_ijm_ligne_separee,,"TUYAU PVC ARMÉ Diam 15,9x22,3mm",NALGENE,D072,NB51,,7.35,D072,
solide,catalogue_ijm_ligne_separee,,"TUYAU PVC ARMÉ Diam 19x25,4",NALGENE,D0721,NB51,,8.28,D0721,
solide,catalogue_ijm_ligne_separee,,TUYAU SILICONE Diam 3x5mm,NALGENE,D087,NB51,,0.9,D087,
solide,catalogue_ijm_ligne_separee,,TUYAU SILICONE Diam 4x6mm,NALGENE,D088,NB51,,1.09,D088,
solide,catalogue_ijm_ligne_separee,,TUYAU SILICONE Diam 6x10mm,NALGENE,D090,NB51,,3.0,D090,
solide,catalogue_ijm_ligne_separee,,TUYAU SILICONE Diam 8x14mm,NALGENE,D091,NB51,,2.73,D091,
solide,catalogue_ijm_ligne_separee,,TUYAU SILICONE Diam10x14mm,NALGENE,D092,NB51,,4.07,D092,
solide,catalogue_ijm_ligne_separee,,"TUYAU SILICONE Diam 12x15,5mm",NALGENE,D093,NB51,,3.76,D093,
solide,catalogue_ijm_ligne_separee,,TUYAU SILICONE Diam 15x21mm,NALGENE,D094,NB51,,8.11,D094,
solide,catalogue_ijm_ligne_separee,,TUYAU SILICONE Diam 20x27mm,NALGENE,D0941,NB51,,11.58,D0941,
solide,catalogue_ijm_ligne_separee,,BARREAUX D'AGITATION MAGNÉTIQUE 15x8mm,FISHERBRAND,D001,NB51,,1.02,D001,
solide,catalogue_ijm_ligne_separee,,BARREAUX D'AGITATION MAGNÉTIQUE 25x6mm,FISHERBRAND,D002,NB51,,0.77,D002,
solide,catalogue_ijm_ligne_separee,,BARREAUX D'AGITATION MAGNÉTIQUE 40x8mm,FISHERBRAND,D003,NB51,,1.16,D003,
solide,catalogue_ijm_ligne_separee,,BARREAUX D'AGITATION MAGNÉTIQUE 60x10mm,FISHERBRAND,D004,NB51,,1.55,D004,
solide,catalogue_ijm_ligne_separee,,BARREAUX D'AGITATION MAGNÉTIQUE 70x10mm,FISHERBRAND,D005,NB51,,1.98,D005,
solide,catalogue_ijm_ligne_separee,,BRÛLEUR BUNSEN sans cartouche,,D018,NB51,,44.73,D018,
solide,catalogue_ijm_ligne_separee,,CARTOUCHE BUTANE CV 300 PLUS,,D008A,NB35,,6.46,D008A,
solide,catalogue_ijm_ligne_separee,,CARTOUCHE BUTANE C206,,D008,NB35,,3.57,D008,
solide,catalogue_ijm_ligne_separee,,CARTOUCHE USBECK 1430,,D008B,NB35,,13.35,D008B,
solide,catalogue_ijm_ligne_separee,,LAMPE MERCURE HBO 103W,OSRAM,D127,MA45,,96.3,D127,
solide,catalogue_ijm_ligne_separee,,LAMPE XENOPHOT 12V 100W (64625),OSRAM,D129,MA45,,4.82,D129,
solide,catalogue_ijm_ligne_separee,,LAMPE MERCURE HXP R 120W/45C VIS,OSRAM,D132,MA45,,481.5,D132,
solide,catalogue_ijm_ligne_separee,,"LAMPE PHOTO OPTIQUE 12V 100W GZ6,35 (64637)",OSRAM,D133,MA45,,16.05,D133,
solide,catalogue_ijm_ligne_separee,,LAMPE 6V 35W (64275),OSRAM,D136,MA45,,5.35,D136,
solide,catalogue_ijm_ligne_separee,,LAMPE 6V 20W GZ4 USHIO JCR/M (220533),,D158,MA45,,26.75,D158,
solide,catalogue_ijm_ligne_separee,,LAMPE 8V 20W G4 (64255),OSRAM,D137,MA45,,17.12,D137,
solide,catalogue_ijm_ligne_separee,,LAMPE X-CITE 120W,LUMEN DYNAMICS,D150,MA45,,802.5,D150,
solide,catalogue_ijm_ligne_separee,,LAMPE 21V 150W EKE,,D151,MA45,,16.05,D151,
solide,catalogue_ijm_ligne_separee,,LAMPE 24V 250W ELC (64653),OSRAM,D152,MA45,,13.91,D152,
solide,catalogue_ijm_ligne_separee,,LAMPE 15V 150W (64634),OSRAM,D157,MA45,,8.56,D157,
solide,catalogue_ijm_ligne_separee,,LAMPE 6V 30W PHILIPS (5761),OSRAM,D159,MA45,,14.45,D159,
solide,catalogue_ijm_ligne_separee,,HUILE à IMMERSION ZEISS Immersol 518F 100ml,ZEISS,D100,NB32,,190.09,D100,
solide,catalogue_ijm_ligne_separee,,HUILE à IMMERSION ZEISS Immersol 518F Burette 20ml,ZEISS,D101,NB32,,53.5,D101,
solide,catalogue_ijm_ligne_separee,,HUILE à IMMERSION ZEISS Immersol 518F/37° 20ml,ZEISS,D100A,NB32,,174.41,D100A,
solide,catalogue_ijm_ligne_separee,,"LAMELLE RONDE Couvre objet Ø 12mm Epaisseur #1,5",KNITTEL GLASS,D102A,NB16,,13.32,D102A,
solide,catalogue_ijm_ligne_separee,,"LAMELLE RONDE Couvre objet Ø 18mm Epaisseur #1,5",VWR,D103A,NB16,,20.26,D103A,
solide,catalogue_ijm_ligne_separee,,LAMELLE RONDE Couvre objet Ø 22mm Epaisseur #1,MENZEL GLÄSER,D108,NB16,,19.48,D108,
solide,catalogue_ijm_ligne_separee,,LAMELLE RONDE Couvre objet Ø 32mm Epaisseur #1,MENZEL GLASER,D110,NB16,,7.7,D110,
solide,catalogue_ijm_ligne_separee,,"LAMELLE RONDE Couvre objet Ø 30mm, Epaisseur #1,5",EPREDIA (MENZEL),D110A,NB16,,11.5,D110A,
solide,catalogue_ijm_ligne_separee,,"LAMELLES Couvre-objets 18x18mm, Epaisseur #1,5",VWR,D104A,NB16,,4.32,D104A,
solide,catalogue_ijm_ligne_separee,,"LAMELLES Couvre-objets 22x22mm, Epaisseur #1,5",VWR,D105A,NB16,,6.41,D105A,
solide,catalogue_ijm_ligne_separee,,"LAMELLES Couvre-objets 24x50mm, Epaisseur #1,5",LEICA,D109,NB16,,15.62,D109,
solide,catalogue_ijm_ligne_separee,,"LAMELLES Couvre-objets 24x60mm, Epaisseur #1",VWR,D107,NB16,,15.62,D107,
solide,catalogue_ijm_ligne_separee,,"LAME SUPERFROST Bords bruts, marge dépolie blanche 76x26mm",THERMO SCIENTIFIC,D112,NB16,,3.36,D112,
solide,catalogue_ijm_ligne_separee,,LAME SUPERFROST PLUS 76x26mm Bords rodés 90°,THERMO SCIENTIFIC,D116,NB16,,14.87,D116,
solide,catalogue_ijm_ligne_separee,,PLATEAU PORTE-LAMES en CARTON pour 20 Lames standard 75x25mm,FISHER,D117,NB35,,3.17,D117,
solide,catalogue_ijm_ligne_separee,,BOITE pour LAMES de Microscopie en Polypropylène pour 100 Lames 76x26mm,BIOSIGMA,D118,NB35,,5.07,D118,
solide,catalogue_ijm_ligne_separee,,BOITE pour LAMES de Microscopie en BOIS pour 100 Lames - 76x26mm,,D119,NB35,,26.08,D119,
solide,catalogue_ijm_ligne_separee,,"BOITE de PÉTRI ""GREINER"" 35x10mm avec ergots (x740)",GREINER,P007,NB14,,106.82,P007,
solide,catalogue_ijm_ligne_separee,,"BOITE de PÉTRI ""GOSSELIN"" 55x14,2mm avec 6 ergots (x1620)",GOSSELIN,P00621,NB14,,90.48,P00621,
solide,catalogue_ijm_ligne_separee,,"BOITE de PÉTRI ""GOSSELIN"" PS 90x14,2mm, 3 ergots (x825)",GOSSELIN,P0071,NB14,,47.49,P0071,
solide,catalogue_ijm_ligne_separee,,"BOITE de PÉTRI ""GREINER"" 94x14mm avec ergots (x480)",GREINER,P007A,NB14,,37.24,P007A,
solide,catalogue_ijm_ligne_separee,,COUNTESS Cell Counting Chamber SLIDE (x50) 10µl/Chamber - 2 Chamber/slide,LIFE Technologie,P0701,NB13,,107.26,P0701,
solide,catalogue_ijm_ligne_separee,,"BOITE de PETRI de CULTURE ""TPP"" Diam 40x11mm (x20)",TPP,P0061,NB13,,4.96,P0061,
solide,catalogue_ijm_ligne_separee,,"BOITE de PETRI de CULTURE ""TPP"" Diam 60x15mm (x14)",TPP,P0062,NB13,,3.64,P0062,
solide,catalogue_ijm_ligne_separee,,"BOITE de PETRI de CULTURE ""TPP"" Diam 96x20mm (x10)",TPP,T93100,NB13,,4.42,T93100,
solide,catalogue_ijm_ligne_separee,,"BOITE de PETRI de CULTURE ""TPP"" Diam 146x20mm (x5)",TPP,T93150,NB13,,6.37,T93150,
solide,catalogue_ijm_ligne_separee,,BOITE de PETRI IBIDI Ø 35mm FOND LAMELLE 1.5 ( 2ml volume) Traité/Stérile,IBIDI,P0063,NB13,,44.15,P0063,
solide,catalogue_ijm_ligne_separee,,PLAQUES de CULTURE SPL 6 Puits,SPL,P0674N,NB13,,0.85,P0674N,
solide,catalogue_ijm_ligne_separee,,PLAQUES de CULTURE SPL 12 Puits,SPL,P0676N,NB13,,0.85,P0676N,
solide,catalogue_ijm_ligne_separee,,PLAQUES de CULTURE SPL 24 Puits,SPL,P0677N,NB13,,0.88,P0677N,
solide,catalogue_ijm_ligne_separee,,PLAQUES de CULTURE SPL 96 Puits,SPL,P06771N,NB13,,0.87,P06771N,
solide,catalogue_ijm_ligne_separee,,PLAQUES de CULTURE SPL 96 Puits FOND ROND,SPL,P06771R,NB13,,0.95,P06771R,
solide,catalogue_ijm_ligne_separee,,"BOITES de CULTURE ""NUNC"" 4 Puits (x4)",NUNC,P0675N,NB13,,5.03,P0675N,
solide,catalogue_ijm_ligne_separee,,"PLAQUES de CULTURE ""NUNC"" 48 Puits",NUNC,P0678,NB13,,1.71,P0678,
solide,catalogue_ijm_ligne_separee,,"PLAQUES de CULTURE ""TPP"" 6 Puits",TPP,P0675,NB13,,1.71,P0675,
solide,catalogue_ijm_ligne_separee,,"PLAQUES de CULTURE ""TPP"" 12 Puits",TPP,P0676,NB13,,1.71,P0676,
solide,catalogue_ijm_ligne_separee,,"PLAQUES de CULTURE ""TPP"" 24 Puits",TPP,P0677,NB13,,1.71,P0677,
solide,catalogue_ijm_ligne_separee,,"PLAQUES de CULTURE ""TPP"" 96 Puits",TPP,P06771,NB13,,1.58,P06771,
solide,catalogue_ijm_ligne_separee,,"FLACONS de CULTURE ""SPL"" CAP filtrant, 25cm2 (x10)",SPL,P0651F,NB13,,3.85,P0651F,
solide,catalogue_ijm_ligne_separee,,"FLACONS de CULTURE ""SPL"" CAP filtrant, 75cm2 (x5)",SPL,P0652F,NB13,,3.73,P0652F,
solide,catalogue_ijm_ligne_separee,,"FLACONS de CULTURE ""SPL"" CAP filtrant, 175cm2 (x5)",SPL,P0653F,NB13,,7.47,P0653F,
solide,catalogue_ijm_ligne_separee,,"FLACONS de CULTURE ""NUNC"" TRIPLE FLASK CAP Filtrant 380ml - 500cm2 (x1)",NUNC,P0455F,NB13,,4.75,P0455F,
solide,catalogue_ijm_ligne_separee,,"FLACONS de CULTURE ""TPP"" CAP 2 positions, 25cm2 (x10)",TPP,P0351,NB13,,6.74,P0351,
solide,catalogue_ijm_ligne_separee,,"FLACONS de CULTURE ""TPP"" CAP 2 positions, 75cm2 (x5)",TPP,P0352,NB13,,6.43,P0352,
solide,catalogue_ijm_ligne_separee,,"FLACONS de CULTURE ""TPP"" CAP 2 positions, 150cm2 (x3)",TPP,P0353,NB13,,8.28,P0353,
solide,catalogue_ijm_ligne_separee,,"FLACONS de CULTURE ""TPP"" CAP filtrant, 25cm2 (x10)",TPP,P0351F,NB13,,7.18,P0351F,
solide,catalogue_ijm_ligne_separee,,"FLACONS de CULTURE ""TPP"" CAP filtrant, 75cm2 (x5)",TPP,P0352F,NB13,,6.77,P0352F,
solide,catalogue_ijm_ligne_separee,,"FLACONS de CULTURE ""TPP"" CAP filtrant, 150cm2 (x3)",TPP,P0353F,NB13,,8.7,P0353F,
solide,catalogue_ijm_ligne_separee,,"GRATTOIR de CELLULES Stérile ""TPP"" Long 24cm - Lame 12mm",TPP,D121,NB13,,1.36,D121,
solide,catalogue_ijm_ligne_separee,,"GRATTOIR de CELLULES Stérile ""TPP"" Long 30cm - Lame 20mm",TPP,D122,NB13,,1.55,D122,
solide,catalogue_ijm_ligne_separee,,"GRATTOIR de CELLULES Stérile ""TPP"" Long 38cm - Lame 25mm",TPP,D123,NB13,,2.11,D123,
solide,catalogue_ijm_ligne_separee,,"GRATTOIR de CELLULES Standard, Stérile, Long 18cm - Lame 18mm",DUTSCHER,D121A,NB13,,0.37,D121A,
solide,catalogue_ijm_ligne_separee,,"GRATTOIR de CELLULES Standard, Stérile, Long 25cm - Lame 18mm",DUTSCHER,D122A,NB13,,0.24,D122A,
solide,catalogue_ijm_ligne_separee,,"POINTES sans filtre ""GILSON"" D10 0,1-10µl",GILSON,P021,NB02,,45.94,P021,
solide,catalogue_ijm_ligne_separee,,"POINTES sans filtre ""GILSON"" D200 2-200µl",GILSON,P0190,NB02,,38.81,P0190,
solide,catalogue_ijm_ligne_separee,,"POINTES sans filtre ""GILSON"" D1000 200-1000µl",GILSON,P0171,NB02,,41.17,P0171,
solide,catalogue_ijm_ligne_separee,,"POINTES sans filtre ""GILSON"" 5000µl sur portoir",GILSON,P1500,NB02,,8.97,P1500,
solide,catalogue_ijm_ligne_separee,,POINTES LONGUES CRISTAL GEL LOADING 1-200µl (Vrac x1000),FISHERBRAND,P1200A,NB02,,47.08,P1200A,
solide,catalogue_ijm_ligne_separee,,POINTES LONGUES CRISTAL GEL LOADING 1-200µl (Rack x204),UGAP,P1200G,NB02,,13.95,P1200G,
solide,catalogue_ijm_ligne_separee,,"POINTES sans filtre ""CLEARLINE"" sur recharge, transp graduée 10µl",CLEARLINE,P0807,NB02,,30.71,P0807,
solide,catalogue_ijm_ligne_separee,,"POINTES sans filtre ""CLEARLINE"" sur recharge, jaune, graduée 200µl",CLEARLINE,P0808,NB02,,30.43,P0808,
solide,catalogue_ijm_ligne_separee,,"POINTES sans filtre ""CLEARLINE"" sur recharge, transp, graduée 1000µl",CLEARLINE,P0809,NB02,,31.63,P0809,
solide,catalogue_ijm_ligne_separee,,"POINTES sans filtre ""CLEARLINE"" sur recharge, transp, graduée 1250µl",CLEARLINE,P0810,NB02,,32.21,P0810,
solide,catalogue_ijm_ligne_separee,,"POINTES ""STARLAB"" sur recharge, transp 0,1-10µl",STAR LAB,P0802,NB02,,28.02,P0802,
solide,catalogue_ijm_ligne_separee,,"POINTES ""STARLAB"" sur recharge, jaunes biseautées 1-200µl",STAR LAB,P0804,NB02,,25.43,P0804,
solide,catalogue_ijm_ligne_separee,,"POINTES ""STARLAB"" sur recharge,bleues graduées 100-1000µl",STAR LAB,P0805,NB02,,33.07,P0805,
solide,catalogue_ijm_ligne_separee,,"POINTES ""STARLAB"" sur recharge,bleues graduées 100-1250µl",STAR LAB,P0806,NB02,,31.95,P0806,
solide,catalogue_ijm_ligne_separee,,"POINTES sans filtre ""STARLAB"" sur rack, transp 0,1-10µl",STAR LAB,P0812,NB02,,37.46,P0812,
solide,catalogue_ijm_ligne_separee,,"POINTES sans filtre ""STARLAB"" sur rack, jaunes biseautées 1-200µl",STAR LAB,P0814,NB02,,33.87,P0814,
solide,catalogue_ijm_ligne_separee,,"POINTES sans filtre ""STARLAB"" sur rack, bleues graduées 100-1000µl",STAR LAB,P0815,NB02,,49.86,P0815,
solide,catalogue_ijm_ligne_separee,,"POINTES sans filtre ""STARLAB"" sur rack, transp graduées 100-1250µl",STAR LAB,P0816,NB02,,52.53,P0816,
solide,catalogue_ijm_ligne_separee,,"COMBITIPS PLUS 0,2ml non stérile (Incrément mini 2µl, max 40µl)",EPPENDORF,P139,NB05,,104.77,P139,
solide,catalogue_ijm_ligne_separee,,"COMBITIPS PLUS 0,5ml non stérile (Incrément mini 5µl, max 100µl)",EPPENDORF,P140,NB05,,104.77,P140,
solide,catalogue_ijm_ligne_separee,,"COMBITIPS PLUS 1ml non stérile (Incrément mini 10µl, max 200µl)",EPPENDORF,P141,NB05,,104.77,P141,
solide,catalogue_ijm_ligne_separee,,"COMBITIPS PLUS 2,5ml non stérile (Incrément mini 25µl, max 500µl)",EPPENDORF,P142,NB05,,104.77,P142,
solide,catalogue_ijm_ligne_separee,,"COMBITIPS PLUS 5ml non stérile (Incrément mini 50µl, max 1000µl)",EPPENDORF,P143,NB05,,104.77,P143,
solide,catalogue_ijm_ligne_separee,,"COMBITIPS PLUS 10ml non stérile (Incrément mini 100µl, max 2000µl)",EPPENDORF,P144,NB05,,104.77,P144,
solide,catalogue_ijm_ligne_separee,,"POINTES à FILTRE ""ART"" Low Retention 0,1-10µl Reach",ART,P110R,NB02,,42.47,P110R,
solide,catalogue_ijm_ligne_separee,,"POINTES à FILTRE ""ART"" Low Retention 0,5-20µl",ART,P120,NB02,,44.3,P120,
solide,catalogue_ijm_ligne_separee,,"POINTES à FILTRE ""ART"" Low Retention 1-100µl",ART,P1100,NB02,,41.75,P1100,
solide,catalogue_ijm_ligne_separee,,"POINTES à FILTRE ""ART"" Low Retention 1-200µl",ART,P1200,NB02,,41.25,P1200,
solide,catalogue_ijm_ligne_separee,,"POINTES à FILTRE ""ART"" Low Retention 100-1000µl",ART,P1000,NB02,,51.48,P1000,
solide,catalogue_ijm_ligne_separee,,"POINTES à FILTRE ""ART"" Low Retention 100-1000µl Reach",ART,P1000R,NB02,,47.94,P1000R,
solide,catalogue_ijm_ligne_separee,,"POINTES à FILTRE ""CLEARLINE"" Low Binding 10µl XL Reach",CLEARLINE,P018,NB02,,47.76,P018,
solide,catalogue_ijm_ligne_separee,,"POINTES à FILTRE ""CLEARLINE"" Low Binding 20µl",CLEARLINE,P019,NB02,,47.41,P019,
solide,catalogue_ijm_ligne_separee,,"POINTES à FILTRE ""CLEARLINE"" Low Binding 100µl",CLEARLINE,P0181,NB02,,46.95,P0181,
solide,catalogue_ijm_ligne_separee,,"POINTES à FILTRE ""CLEARLINE"" Low Binding 200µl",CLEARLINE,P020,NB02,,46.95,P020,
solide,catalogue_ijm_ligne_separee,,"POINTES à FILTRE ""CLEARLINE"" Low Binding 1250µl",CLEARLINE,P0202,NB02,,48.86,P0202,
solide,catalogue_ijm_ligne_separee,,"POINTES à FILTRE 20-100-200µl ""CLEARLINE Multiguard 3"" Low Binding",CLEARLINE,P133,NB02,,47.25,P133,
solide,catalogue_ijm_ligne_separee,,LightCycler 480 Multiwell plate 384 (plaques) (1x10),ROCHE,P0705,NB15,,63.45,P0705,
solide,catalogue_ijm_ligne_separee,,LightCycler 480 Multiwell plate 96 (plaques) (1x10),ROCHE,P0707,NB15,,57.27,P0707,
solide,catalogue_ijm_ligne_separee,,LightCycler 480 sealing foil Feuilles adhésives (1x50),ROCHE,P0706,NB15,,79.51,P0706,
solide,catalogue_ijm_ligne_separee,,EpTIPS Motion RELOAD 1-50µl à filtre - (2x96),EPPENDORF,P150F,NB02,,37.4,P150F,
solide,catalogue_ijm_ligne_separee,,"EpTIPS Motion RELOAD 0,2-10µl à filtre - (2x96)",EPPENDORF,P151F,NB02,,37.4,P151F,
solide,catalogue_ijm_ligne_separee,,Réservoir epMotion 30ml - Qualité PCR clean (x5),EPPENDORF,P151,NB17,,13.3,P151,
solide,catalogue_ijm_ligne_separee,,"PIPETTE STÉRILE ""FALCON"" 1ml (x1000)",FALCON,P056,NB04,,71.06,P056,
solide,catalogue_ijm_ligne_separee,,"PIPETTE STÉRILE ""FALCON"" 2ml (x1000)",FALCON,P057,NB04,,77.58,P057,
solide,catalogue_ijm_ligne_separee,,"PIPETTE STÉRILE ""FALCON"" 5ml (x200)",FALCON,P058,NB04,,20.14,P058,
solide,catalogue_ijm_ligne_separee,,"PIPETTE STÉRILE ""FALCON"" 10ml (x200)",FALCON,P059,NB04,,21.33,P059,
solide,catalogue_ijm_ligne_separee,,"PIPETTE STÉRILE ""FALCON"" 25ml (x200)",FALCON,P060,NB04,,44.07,P060,
solide,catalogue_ijm_ligne_separee,,"PIPETTE STÉRILE ""FALCON"" 50ml (x100)",FALCON,P079,NB04,,67.04,P079,
solide,catalogue_ijm_ligne_separee,,"PIPETTE STÉRILE ""FALCON"" 100ml (x50)",FALCON,P060B,NB04,,98.35,P060B,
solide,catalogue_ijm_ligne_separee,,"PIPETTE de TRANSFERT 3ml Graduée, stérile (Emb/10)",DUTSCHER,P0601,NB04,,0.95,P0601,
solide,catalogue_ijm_ligne_separee,,"PIPETTE de TRANSFERT 5ml Graduée, stérile (Emb/10)",DUTSCHER,P0602,NB04,,0.87,P0602,
solide,catalogue_ijm_ligne_separee,,"PIPETTE de TRANSFERT 7ml Graduée, stérile (Emb/10)",DUTSCHER,P0603,NB04,,0.92,P0603,
solide,catalogue_ijm_ligne_separee,,"TUBE de CULTURE ""FALCON"" PP Fond rond 5ml (Embal/25) (2063)",FALCON,P074,NB11,,79.88,P074,
solide,catalogue_ijm_ligne_separee,,"TUBE de CULTURE ""GREINER"" PP Fond rond 5ml (Embal/Unitaire)",GREINER,P0741,NB11,,168.72,P0741,
solide,catalogue_ijm_ligne_separee,,"TUBE ""FALCON"" PP Fond rond 14ml (Embal/25) (2059)",FALCON,P075,NB11,,80.06,P075,
solide,catalogue_ijm_ligne_separee,,"TUBE ""GREINER"" PP Fond rond 14ml (Embal/25)",GREINER,P0751,NB11,,152.58,P0751,
solide,catalogue_ijm_ligne_separee,,"TUBE à CENTRIFUGER ""FALCON"" 15ml sur RACK (2097)",FALCON,P077,NB11,,59.9,P077,
solide,catalogue_ijm_ligne_separee,,"TUBE à CENTRIFUGER ""FALCON"" 15ml En VRAC (2096)",FALCON,P0771,NB11,,52.73,P0771,
solide,catalogue_ijm_ligne_separee,,"TUBE à CENTRIFUGER ""FALCON"" 50ml sur RACK (2098)",FALCON,P078,NB11,,65.16,P078,
solide,catalogue_ijm_ligne_separee,,"TUBE à CENTRIFUGER ""FALCON"" 50ml En VRAC (2070)",FALCON,P0782,NB11,,52.72,P0782,
solide,catalogue_ijm_ligne_separee,,"TUBE à CENTRIFUGER ""CORNING"" 15ml PP sur RACK",CORNING,P097,NB11,,70.93,P097,
solide,catalogue_ijm_ligne_separee,,"TUBE à CENTRIFUGER ""CORNING"" 50ml PP sur RACK",CORNING,P098,NB11,,72.06,P098,
solide,catalogue_ijm_ligne_separee,,"TUBE à Hémolyse PS 5ml, 13x75mm, non bouché, non stérile (x500)",,P072,NB11,,9.18,P072,
solide,catalogue_ijm_ligne_separee,,CRYOTUBE SIMPORT 2ml (Cryovials) Fond rond à jupe,ALEATOIRE,P021211,NB11,,12.49,P021211,
solide,catalogue_ijm_ligne_separee,,CAP INSERTS pour CRYOTUBE SIMPORT (Inserts de couleurs),SIMPORT,P021221,NB11,,2.51,P021221,
solide,catalogue_ijm_ligne_separee,,"MICROTUBE ""EPPENDORF"" 0,5ml Safe-Lock",EPPENDORF,P048A,NB11,,44.73,P048A,
solide,catalogue_ijm_ligne_separee,,"MICROTUBE ""EPPENDORF"" 1,5ml Safe-Lock",EPPENDORF,P047,NB11,,45.26,P047,
solide,catalogue_ijm_ligne_separee,,"MICROTUBE ""EPPENDORF"" 2ml Safe-Lock",EPPENDORF,P048B,NB11,,61.74,P048B,
solide,catalogue_ijm_ligne_separee,,"TUBES ""EPPENDORF"" 5ml Safe-Lock",EPPENDORF,P049,NB11,,44.46,P049,
solide,catalogue_ijm_ligne_separee,,"MICROTUBE ""EPPENDORF"" PCR CLEAN 0,5ml Safe-Lock, Rnase - DNase free",EPPENDORF,P046C,NB11,,54.27,P046C,
solide,catalogue_ijm_ligne_separee,,"MICROTUBE ""EPPENDORF"" PCR CLEAN 1,5ml Safe-Lock, Rnase - DNase free",EPPENDORF,P047C,NB11,,54.44,P047C,
solide,catalogue_ijm_ligne_separee,,"MICROTUBE ""EPPENDORF"" PCR CLEAN 2ml Safe-Lock, Rnase - DNase free",EPPENDORF,P048C,NB11,,73.8,P048C,
solide,catalogue_ijm_ligne_separee,,"TUBES ""EPPENDORF"" PCR CLEAN 5ml Safe-Lock, Rnase - DNase free",EPPENDORF,P049C,NB11,,49.84,P049C,
solide,catalogue_ijm_ligne_separee,,"MICROTUBE ""EPPENDORF"" PROTEIN LoBIND PCR CLEAN 1,5ml Safe-Lock",EPPENDORF,P047PROT,NB11,,55.0,P047PROT,
solide,catalogue_ijm_ligne_separee,,"MICROTUBE ""EPPENDORF"" DNA LoBIND PCR CLEAN 1,5ml Safe-Lock",EPPENDORF,P047DNA,NB11,,16.17,P047DNA,
solide,catalogue_ijm_ligne_separee,,"MICROTUBE ""SIGMA/BRAND"" 1,5ml Safety-Lock, sans Dnase, sans Rnase",SIGMA/BRAND,P047S,NB11,,40.48,P047S,
solide,catalogue_ijm_ligne_separee_donnees_masse_conservees,,"MICROTUBE ""FISHERBRAND"" 0,5ml Safety-Lock, Rnase/Dnase Free, 30 000g",FISHERBRAND,P046CL,NB11,,7.38,P046CL,
solide,catalogue_ijm_ligne_separee_donnees_masse_conservees,,"MICROTUBE ""FISHERBRAND"" 1,5ml Safety-Lock, Rnase/Dnase Free, 30 000g",FISHERBRAND,P047CL,NB11,,8.16,P047CL,
solide,catalogue_ijm_ligne_separee_donnees_masse_conservees,,"MICROTUBE ""FISHERBRAND"" 2ml Safety-Lock, Rnase/Dnase Free, 30 000g",FISHERBRAND,P048CL,NB11,,8.27,P048CL,
solide,catalogue_ijm_ligne_separee,,"MICROTUBE ""TREFF"" 1,5ml EasyFit",TREFF,P050,NB11,,16.79,P050,
solide,catalogue_ijm_ligne_separee,,"MICROTUBE ""AXYGEN"" Maxi clear naturel 0,6ml RNase DNase free",AXYGEN,P052,NB11,,12.67,P052,
solide,catalogue_ijm_ligne_separee,,"MICROTUBE ""AXYGEN"" Maxi clear naturel 1,7ml RNase DNase free",AXYGEN,P051,NB11,,7.1,P051,
solide,catalogue_ijm_ligne_separee,,CUVE pour SPECTROPHOTOMETRIE Micro PS 2ml,,P0361,NB17,,5.83,P0361,
solide,catalogue_ijm_ligne_separee,,"CUVETTES d'ELECTROPORATION 2mm Emb individuel stérile, électrodes courtes",,D0191,NB17,,10.34,D0191,
solide,catalogue_ijm_ligne_separee,,"MICROPLAQUE PCR 96 puits ""AXYGEN"" Nonpyrogenic & Rnase/Dnase Free",AXYGEN,P082,NB11,,24.31,P082,
solide,catalogue_ijm_ligne_separee,,"MICROTUBE en BARETTE (x8) ""AXYGEN"" PCR 0,2ml CAP dômé (x125)",AXYGEN,P0484,NB11,,44.3,P0484,
solide,catalogue_ijm_ligne_separee,,"MICROTUBE en BARETTE (x8) ""ABGENE - AB0266"" PCR 0,2ml CAP dômé (x250)",ABGENE,P0485,NB11,,85.69,P0485,
solide,catalogue_ijm_ligne_separee,,"MICROTUBE ""THERMO"" Spécial PCR 0,2ml Nonpyrogenic & Rnase/Dnase Free",THERMO,P0483,NB11,,36.17,P0483,
solide,catalogue_ijm_ligne_separee,,"MICROTUBE ""THERMO"" Spécial PCR 0,5ml",THERMO,P0482,NB11,,37.54,P0482,
solide,catalogue_ijm_ligne_separee,,TUBE DROSO 25 X 95mm PS sur PLATEAU,,P086,NB11,,39.41,P086,
solide,catalogue_ijm_ligne_separee,,BOULE COTON pour TUBE DROSO diam 25mm,,P093,NB11,,66.47,P093,
solide,catalogue_ijm_ligne_separee,,BOUCHON FLUGS pour TUBE diam 25mm,,P095,NB11,,67.46,P095,
solide,catalogue_ijm_ligne_separee_donnees_masse_conservees,,LEVURE de BIERE SPRINGALINE BA10 25Kg (Origine France),AMCAN,C070,NA73,,442.98,C070,
solide,catalogue_ijm_ligne_separee_donnees_masse_conservees,,AGAR AGAR TECHNICAL 5Kg,VWR,C071,NA73,,366.15,C071,
solide,catalogue_ijm_ligne_separee_donnees_masse_conservees,,FARINE DE MAÏS H1 20Kg,LIMAGRAIN,C072,NA73,,75.97,C072,
solide,catalogue_ijm_ligne_separee_donnees_masse_conservees,,SUCRE CRISTALISE 5Kg (Pour milieux de drosophile),,C077,AA23,,12.25,C077,
solide,catalogue_ijm_ligne_separee,,"MEMBRANE BLOTTING PROTRAN BA85 300x3m NC 0,45µ",WHATMAN,C0346,NB24,,235.08,C0346,
solide,catalogue_ijm_ligne_separee_donnees_masse_conservees,,LAIT ÉCRÉMÉ 300 grs (Pour saturer les membranes de transfert),RÉGILAIT,D0251,AA23,,4.54,D0251,
solide,catalogue_ijm_ligne_separee,,"FILTRE SERINGUE 0,20µm PES (x50)",FISHERBRAND,P033,NB24,,32.49,P033,
solide,catalogue_ijm_ligne_separee,,"FILTRE SERINGUE 0,45µm PES (x50)",DUTSCHER,P034,NB24,,40.22,P034,
solide,catalogue_ijm_ligne_separee,,"FILTRE SERINGUE Millex 0,22µm PES (x50)",MERCK MILLIPORE,P0331,NB24,,59.73,P0331,
solide,catalogue_ijm_ligne_separee,,"Unité de Filtration FISHER (NALGENE) 150ml MF75 PES 0,20µm (x12)",FISHERBRAND,F124,NB24,,56.13,F124,
solide,catalogue_ijm_ligne_separee,,"Unité de Filtration FISHER (NALGENE) 250ml MF75 PES 0,20µm (x12)",FISHERBRAND,F125,NB24,,61.72,F125,
solide,catalogue_ijm_ligne_separee,,"Unité de Filtration FISHER (NALGENE) 500ml MF75 PES 0,20µm (x12)",FISHERBRAND,F126,NB24,,76.28,F126,
solide,catalogue_ijm_ligne_separee,,"Unité de Filtration FISHER (NALGENE) 1000ml MF75 PES 0,20µm (x12)",FISHERBRAND,F127,NB24,,114.88,F127,
solide,catalogue_ijm_ligne_separee,,BECHER en verre borosilicaté 5 ml,FISHER,V001,NB43,,1.02,V001,
solide,catalogue_ijm_ligne_separee,,BECHER en verre borosilicaté 10ml,FISHER,V002,NB43,,1.02,V002,
solide,catalogue_ijm_ligne_separee,,BECHER en verre borosilicaté 25ml,FISHER,V003,NB43,,1.02,V003,
solide,catalogue_ijm_ligne_separee,,BECHER en verre borosilicaté 50ml,FISHER,V004,NB43,,1.1,V004,
solide,catalogue_ijm_ligne_separee,,BECHER en verre borosilicaté 100ml,FISHER,V005,NB43,,1.1,V005,
solide,catalogue_ijm_ligne_separee,,BECHER en verre borosilicaté 150ml,FISHER,V006,NB43,,1.19,V006,
solide,catalogue_ijm_ligne_separee,,BECHER en verre borosilicaté 250ml,FISHER,V007,NB43,,1.2,V007,
solide,catalogue_ijm_ligne_separee,,BECHER en verre borosilicaté 600ml,FISHER,V008,NB43,,1.34,V008,
solide,catalogue_ijm_ligne_separee,,BECHER en verre borosilicaté 800ml,FISHER,V009,NB43,,1.95,V009,
solide,catalogue_ijm_ligne_separee,,BECHER en verre borosilicaté 1L,FISHER,V010,NB43,,2.9,V010,
solide,catalogue_ijm_ligne_separee,,BECHER en verre borosilicaté 2L,FISHER,V011,NB43,,4.46,V011,
solide,catalogue_ijm_ligne_separee,,BECHER en verre borosilicaté 3L,FISHER,V012,NB43,,6.23,V012,
solide,catalogue_ijm_ligne_separee,,BECHER en verre borosilicaté 5L,FISHER,V013,NB43,,9.63,V013,
solide,catalogue_ijm_ligne_separee,,CRISTALLISOIR en verre borosilicaté avec bec 150ml diam 80mm,FISHER,V0131,NB43,,6.66,V0131,
solide,catalogue_ijm_ligne_separee,,CRISTALLISOIR en verre borosilicaté avec bec 500ml diam 115mm,FISHER,V014,NB43,,11.07,V014,
solide,catalogue_ijm_ligne_separee,,CRISTALLISOIR en verre borosilicaté avec bec 900ml diam 140mm,FISHER,V015,NB43,,11.18,V015,
solide,catalogue_ijm_ligne_separee,,CRISTALLISOIR en verre borosilicaté avec bec 2L diam 190mm,FISHER,V016,NB43,,11.43,V016,
solide,catalogue_ijm_ligne_separee,,"CRISTALLISOIR en verre borosilicaté avec bec 3,5L diam 230mm",FISHER,V017,NB43,,13.39,V017,
solide,catalogue_ijm_ligne_separee,,ENTONNOIR en verre borosilicaté Diam 45mm,FISHER,V018,NB43,,3.93,V018,
solide,catalogue_ijm_ligne_separee,,ENTONNOIR en verre borosilicaté Diam 55mm,FISHER,V019,NB43,,4.58,V019,
solide,catalogue_ijm_ligne_separee,,ENTONNOIR en verre borosilicaté Diam 70mm,FISHER,V020,NB43,,8.38,V020,
solide,catalogue_ijm_ligne_separee,,ENTONNOIR en verre borosilicaté Diam 100mm,FISHER,V021,NB43,,6.94,V021,
solide,catalogue_ijm_ligne_separee,,ENTONNOIR en verre borosilicaté Diam 150mm,FISHER,V022,NB43,,17.0,V022,
solide,catalogue_ijm_ligne_separee,,EPROUVETTE en verre borosilicaté 10ml,FISHER,V023,NB43,,5.49,V023,
solide,catalogue_ijm_ligne_separee,,EPROUVETTE en verre borosilicaté 25ml,FISHER,V024,NB43,,4.69,V024,
solide,catalogue_ijm_ligne_separee,,EPROUVETTE en verre borosilicaté 50ml,FISHER,V025,NB43,,5.18,V025,
solide,catalogue_ijm_ligne_separee,,EPROUVETTE en verre borosilicaté 100ml,FISHER,V026,NB43,,5.3,V026,
solide,catalogue_ijm_ligne_separee,,EPROUVETTE en verre borosilicaté 250ml,FISHER,V027,NB43,,8.7,V027,
solide,catalogue_ijm_ligne_separee,,EPROUVETTE en verre borosilicaté 500ml,FISHER,V028,NB43,,21.4,V028,
solide,catalogue_ijm_ligne_separee,,EPROUVETTE en verre borosilicaté 1L,FISHER,V029,NB43,,18.78,V029,
solide,catalogue_ijm_ligne_separee,,EPROUVETTE en verre borosilicaté 2L,FISHER,V030,NB43,,28.89,V030,
solide,catalogue_ijm_ligne_separee,,"ERLEN Col étroit, en verre borosilicaté 10ml",FISHER,V031,NB43,,0.86,V031,
solide,catalogue_ijm_ligne_separee,,"ERLEN Col étroit, en verre borosilicaté 25ml",FISHER,V032,NB43,,0.86,V032,
solide,catalogue_ijm_ligne_separee,,"ERLEN Col étroit, en verre borosilicaté 50ml",FISHER,V033,NB43,,1.49,V033,
solide,catalogue_ijm_ligne_separee,,"ERLEN Col étroit, en verre borosilicaté 100ml",FISHER,V034,NB43,,1.1,V034,
solide,catalogue_ijm_ligne_separee,,"ERLEN Col étroit, en verre borosilicaté 250ml",FISHER,V035,NB43,,1.18,V035,
solide,catalogue_ijm_ligne_separee,,"ERLEN Col étroit, en verre borosilicaté 500ml",FISHER,V036,NB43,,1.49,V036,
solide,catalogue_ijm_ligne_separee,,"ERLEN Col étroit, en verre borosilicaté 1L",FISHER,V037,NB43,,2.84,V037,
solide,catalogue_ijm_ligne_separee,,"ERLEN Col étroit, en verre borosilicaté 2L",FISHER,V038,NB43,,4.82,V038,
solide,catalogue_ijm_ligne_separee,,"ERLEN Col étroit, en verre borosilicaté 3L",FISHER,V039,NB43,,11.16,V039,
solide,catalogue_ijm_ligne_separee,,"ERLEN Col étroit, en verre borosilicaté 5L",FISHER,V040,NB43,,17.09,V040,
solide,catalogue_ijm_ligne_separee,,FIOLE à VIDE en verre borosilicaté 100ml,,V041,NB43,,9.14,V041,
solide,catalogue_ijm_ligne_separee,,FIOLE à VIDE en verre borosilicaté 250ml,FISHER,V042,NB43,,10.08,V042,
solide,catalogue_ijm_ligne_separee,,FIOLE à VIDE en verre borosilicaté 500ml,FISHER,V043,NB43,,13.64,V043,
solide,catalogue_ijm_ligne_separee,,FIOLE à VIDE en verre borosilicaté 1L,DUTSCHER,V044,NB43,,25.49,V044,
solide,catalogue_ijm_ligne_separee,,FIOLE à VIDE en verre borosilicaté 2L,DUTSCHER,V045,NB43,,33.06,V045,
solide,catalogue_ijm_ligne_separee,,FIOLE à VIDE en verre borosilicaté 5L,DUTSCHER,V046,NB43,,187.19,V046,
solide,catalogue_ijm_ligne_separee,,FLACON en verre borosilicaté 50ml,FISHER,V047,NB43,,5.85,V047,
solide,catalogue_ijm_ligne_separee,,FLACON en verre borosilicaté 100ml,FISHER,V048,NB43,,1.46,V048,
solide,catalogue_ijm_ligne_separee,,FLACON en verre borosilicaté 250ml,FISHER,V049,NB43,,1.53,V049,
solide,catalogue_ijm_ligne_separee,,FLACON en verre borosilicaté 500ml,FISHER,V050,NB43,,2.12,V050,
solide,catalogue_ijm_ligne_separee,,FLACON en verre borosilicaté 1L,FISHER,V051,NB43,,3.06,V051,
solide,catalogue_ijm_ligne_separee,,FLACON en verre borosilicaté 2L,FISHER,V051A,NB43,,6.91,V051A,
solide,catalogue_ijm_ligne_separee,,FLACON en verre borosilicaté 5L,FISHER,V052,NB43,,35.12,V052,
solide,catalogue_ijm_ligne_separee,,BOUCHON PP GL45 ou GL32 Couleur Bleu ou Gris,FISHER,D144,NB51,,15.79,D144,
solide,catalogue_ijm_ligne_separee,,BAGUE de DEVERSEMENT PP GL45 Bleue ou transparente,FISHER,D145,NB51,,5.15,D145,
solide,catalogue_ijm_ligne_separee,,BAGUE de DEVERSEMENT PP GL45 Rouge,FISHER,D145A,NB51,,8.89,D145A,
solide,catalogue_ijm_ligne_separee,,PIPETTE PASTEUR 230mm non cotonnée/non stérile/ouverte,VWR ou FISHER,V0551,NB04,,9.89,V0551,
solide,catalogue_ijm_ligne_separee,,PIPETTE PASTEUR 230mm cotonnée/stérile/ouverte,,V0531,NB04,,10.87,V0531,
solide,catalogue_ijm_ligne_separee,,PIPETTE PASTEUR 150mm non cotonnée/non stérile/ouverte,VWR ou FISHER,V0521,NB04,,8.49,V0521,
solide,catalogue_ijm_ligne_separee,,ESSUIE-MAINS Feuille enchevêtrées 22x32mm 150f,ADELYA,E0311,BB01,,1.71,E0311,
solide,catalogue_ijm_ligne_separee,,BOBINE ESSUYAGE GM 450f Pour dévidoir,ADELYA,E066,BB01,,4.21,E066,
solide,catalogue_ijm_ligne_separee,,BOBINE ESSUYAGE PM 200f,ADELYA,E0671,BB01,,1.89,E0671,
solide,catalogue_ijm_ligne_separee,,TORCHON COTON 60x80cm,ORAPI,E0691,AA42,,1.19,E0691,
solide,catalogue_ijm_ligne_separee,,EPONGES N° 4,ADELYA,E030,BB02,,0.85,E030,
solide,catalogue_ijm_ligne_separee,,TAMPONGE (Eponge double face) N° 4,ADELYA,E030A,BB02,,0.94,E030A,
solide,catalogue_ijm_ligne_separee,,SERPILLIERES 50x100cm,ADELYA,E065,BB02,,3.22,E065,
solide,catalogue_ijm_ligne_separee,,SERPILLIERES JETABLES Anti-Bactériennes (Lot de 20),ADELYA,E070,BB02,,7.81,E070,
solide,catalogue_ijm_ligne_separee,,"TAMPON ABRASIF VERT ""Type Scotch brite"" 22x15cm",ADELYA,E063,BB02,,0.86,E063,
solide,catalogue_ijm_ligne_separee,,MOUCHOIRS Boite blanche,ADELYA,E047,BB01,,0.91,E047,
solide,catalogue_ijm_ligne_separee,,PAPIER HYGIÈNIQUE (de toilettes) Pure ouate 200m,ADELYA,E0501,BB01,,2.07,E0501,
solide,catalogue_ijm_ligne_separee_donnees_masse_conservees,,CHIFFON EPONGE BLANC (carton de 8kg),ADELYA,E016,BB02,,32.04,E016,
solide,catalogue_ijm_ligne_separee,,BALAI-BROSSE NYLON 30cm,DUTSCHER,E005,BB02,,1.96,E005,
solide,catalogue_ijm_ligne_separee,,BALAI SOIE GRIS à vis 38cm,ADELYA,E006,BB02,,4.21,E006,
solide,catalogue_ijm_ligne_separee,,BALAI COCO MINOTIER (Douille métal) 100cm,ADELYA,E006A,BB02,,8.3,E006A,
solide,catalogue_ijm_ligne_separee,,"MANCHE à BALAI En bois 1,30m",ADELYA,E007,BB02,,1.56,E007,
solide,catalogue_ijm_ligne_separee,,"MANCHE à BALAI En bois CANTONNIER 1,40m",ADELYA,E007C,BB02,,1.1,E007C,
solide,catalogue_ijm_ligne_separee,,MANCHE et BALAI pour SERPILLIERES JETABLES,ADELYA,E007A,BB02,,16.05,E007A,
solide,catalogue_ijm_ligne_separee,,EMBOUT FILETÉ pour manche à balai Diam 24mm,ADELYA,E0071,BB02,,0.18,E0071,
solide,catalogue_ijm_ligne_separee,,BROSSE à ONGLES Double brosse ou à poignet,ADELYA,E014,BB02,,1.99,E014,
solide,catalogue_ijm_ligne_separee,,RACLETTE MOUSSE Long 60cm,ADELYA,E0061,BB02,,2.45,E0061,
solide,catalogue_ijm_ligne_separee,,PELLE + BALAYETTE,ADELYA,E004,BB02,,5.74,E004,
solide,catalogue_ijm_ligne_separee,,BALAYETTE (Seule),ADELYA,E004A,BB02,,1.05,E004A,
solide,catalogue_ijm_ligne_separee,,GOUPILLON BROSSE SOIE (Diam 25x110mm - long 600mm) Réf 15975,FISHER,D020,BB02,,1.16,D020,
solide,catalogue_ijm_ligne_separee,,GOUPILLON BROSSE NYLON (Diam 50x120mm - long 400mm) Réf 15990,FISHER,D021,BB02,,1.67,D021,
solide,catalogue_ijm_ligne_separee,,GOUPILLON BROSSE SOIE Manche Jonc (Diam 55x90mm - long 450mm) Réf 15978,FISHER,D022,BB02,,3.2,D022,
solide,catalogue_ijm_ligne_separee,,GOUPILLON BROSSE SOIE (Diam 12x80mm - long 270mm) Réf 069137,DUTSCHER,D023,BB02,,2.39,D023,
solide,catalogue_ijm_ligne_separee,,GOUPILLON BROSSE SOIE (Diam 30x110mm - long 250mm) Réf 15974,FISHER,D024,BB02,,0.89,D024,
solide,catalogue_ijm_ligne_separee,,SAVON MAINS Liquide 500ml,ADELYA,E0621,BB01,,1.88,E0621,
solide,catalogue_ijm_ligne_separee,,SAVON MAINS Liquide bidon de 5L,ADELYA,E0622,BB01,,9.45,E0622,
solide,catalogue_ijm_ligne_separee,,Gel HYDROALCOOLIQUE Flacon 100ml,,E0623,BB01,,1.57,E0623,
solide,catalogue_ijm_ligne_separee,,Gel HYDROALCOOLIQUE Flacon 300ml,,E0624,BB01,,3.07,E0624,
solide,catalogue_ijm_ligne_separee,,Gel HYDROALCOOLIQUE Flacon 5L,,E0625,BB01,,26.75,E0625,
solide,catalogue_ijm_ligne_separee,,"CREME MAINS ""MANUPHYL"" (Abimées, desséchées, gercées) Tube 100ml",MANUPHYL,E0626,BB01,,9.33,E0626,
solide,catalogue_ijm_ligne_separee,,Désinfectant des instruments OPASTERANIOS Bidon 5 litres,ANIOS,E028,NB34,,35.7,E028,
solide,catalogue_ijm_ligne_separee,,Désinfectant de Surface PHAGOSPRAY DM Bidon 5 litres,PHAGOSPRAY,E0014,NB34,,29.29,E0014,
solide,catalogue_ijm_ligne_separee,,DECONTAMINANT TFD9 5L,FRANKLAB,E026,NB34,,34.55,E026,
solide,catalogue_ijm_ligne_separee,,RNase AWAY Decontamination reagent for RNase 250ml,THERMO,E0261,NB34,,21.98,E0261,
solide,catalogue_ijm_ligne_separee,,NETTOYANT DESINFECTANT MULTI-SURFACES Vaporisateur 750ml,,E0263,BB02,,6.16,E0263,
solide,catalogue_ijm_ligne_separee,,DETARTRANT ANTI-CALCAIRE Vaporisateur 750ml,,E027,BB02,,5.33,E027,
solide,catalogue_ijm_ligne_separee,,DETERGENT MULTI-USAGES 750ml,,E0011,BB02,,2.51,E0011,
solide,catalogue_ijm_ligne_separee,,DETERGENT MULTI-USAGES 5 Litres,,E0015,BB02,,13.64,E0015,
solide,catalogue_ijm_ligne_separee,,"EAU JAVEL 2,6% 2L",,E045,BB02,,1.22,E045,
solide,catalogue_ijm_ligne_separee,,"EAU JAVEL ""LACROIX"" Bidon 5L",,E045C,BB02,,13.48,E045C,
solide,catalogue_ijm_ligne_separee,,JAVEL en PASTILLES (x150),,E045A,BB02,,3.15,E045A,
solide,catalogue_ijm_ligne_separee,,LIQUIDE VAISSELLE 1 litre,,E054,BB02,,2.32,E054,
solide,catalogue_ijm_ligne_separee,,PRODUIT VITRE Vaporisateur 750ml,,E0012,BB02,,1.97,E0012,
solide,catalogue_ijm_ligne_separee,,CREME à RECURER 1 litre,,E001,BB02,,1.29,E001,
solide,catalogue_ijm_ligne_separee,,"VINAIGRE D'ALCOOL 8% d'acidité 1,5L",,E017,BB02,,1.51,E017,
solide,catalogue_ijm_ligne_separee,,SACS POUBELLES BLANC 5 litres (x50),,E056B,BB02,,0.52,E056B,
solide,catalogue_ijm_ligne_separee,,SACS POUBELLES NOIR 30 litres (x20),,E056A,BB02,,1.29,E056A,
solide,catalogue_ijm_ligne_separee,,SACS POUBELLES NOIR 50 litres (x25) Sacs poubelles pour pièces de culture,,E056C,BB02,,2.5,E056C,
solide,catalogue_ijm_ligne_separee,,SACS POUBELLES NOIR 130 litres (x20),,E057,BB02,,6.16,E057,
solide,catalogue_ijm_ligne_separee,,HOUSSES CONTAINER NOIR 1100 litres (x100),,E057A,BB02,,43.68,E057A,
solide,catalogue_ijm_ligne_separee,,HOUSSES CONTAINER NOIR 240 litres (x100),,E057C,BB02,,29.44,E057C,
solide,catalogue_ijm_ligne_separee_donnees_masse_conservees,,SAC à DECHET PAPIER 6 litres 70g (x250),,E055,BB02,,30.87,E055,
solide,catalogue_ijm_ligne_separee,,TABLETTE LAVE VAISSELLE 3 en 1 (Sachet 20 tablettes) - Ecolabel,,E052,BB02,,2.65,E052,
solide,catalogue_ijm_ligne_separee,,LESSIVE en CAPSULES (x160) Action Verte - Ecocert,,E0541,BB01,,34.29,E0541,
solide,catalogue_ijm_ligne_separee,,ASSOUPLISSANT 5L,,E0542,BB01,,15.58,E0542,
solide,catalogue_ijm_ligne_separee_donnees_masse_conservees,,"FICELLE ""SISAL"" Moyenne 250g",LYRECO,E032,AB01,,3.89,E032,
solide,catalogue_ijm_ligne_separee,,ALLUMETTE,DUTSCHER,E003,AA41,,0.81,E003,
solide,catalogue_ijm_ligne_separee,,PIEGES à CAFARDS (Bte de 5 pièges),,E051,BB02,,8.81,E051,
solide,catalogue_ijm_ligne_separee,,BARRAGE INSECTES VOLANT/RAMPANT Flacon 520ml,ADELYA,E0283,BB02,,12.34,E0283,
solide,catalogue_ijm_ligne_separee,,BLOC DIRECTION Quadrillée 148x120mm A5,,B028A,AB01,,1.24,B028A,
solide,catalogue_ijm_ligne_separee,,BLOC DIRECTION Quadrillée 210x297mm A4,,B029A,AB01,,3.01,B029A,
solide,catalogue_ijm_ligne_separee,,BLOC POST -IT 76x76,,B042,AB01,,0.3,B042,
solide,catalogue_ijm_ligne_separee,,BLOC TELEPHONE Message,,B044A,AB01,,2.99,B044A,
solide,catalogue_ijm_ligne_separee,,"REPERTOIRE Alphabétique 96 pages, 9x14cm",,B190,AB01,,3.5,B190,
solide,catalogue_ijm_ligne_separee,,"CARNET Quadrillé 7,4x10,5cm 80 feuilles détachables",,B030,AB01,,0.71,B030,
solide,catalogue_ijm_ligne_separee,,CARNET Quadrillé à spirale 9x14cm 100 pages,,B031,AB01,,0.68,B031,
solide,catalogue_ijm_ligne_separee,,FEUILLES BLANCHES A4 PERFORÉES,,B078,AB01,,2.3,B078,
solide,catalogue_ijm_ligne_separee,,BLOC ROULEAU PAPIER BLANC (x50 feuilles) Pour tableau chevaleret,,B045,AB01,,3.79,B045,
solide,catalogue_ijm_ligne_separee_donnees_masse_conservees,,PAPIER PHOTOCOPIE COULEURS A4 80g (Couleur à choisir),,B153,AC01,,2.14,B153,
solide,catalogue_ijm_ligne_separee,,PAPIER PHOTOCOPIE BLANC A3,,B1531,AC01,,15.66,B1531,
solide,catalogue_ijm_ligne_separee_donnees_masse_conservees,,PAPIER PHOTOCOPIE BLANC A4 80g,,B1532,AC01,,3.63,B1532,
solide,catalogue_ijm_ligne_separee,,CAHIER SPIRALE 180 pages A5,,B057A,AB01,,2.55,B057A,
solide,catalogue_ijm_ligne_separee,,CAHIER SPIRALE 180 pages A4,,B059,AB01,,2.31,B059,
solide,catalogue_ijm_ligne_separee,,ENVELOPPE BLANCHE 110x220mm,,B097,AB01,,0.49,B097,
solide,catalogue_ijm_ligne_separee,,ENVELOPPE BLANCHE 110x220mm à fenêtre,,B099,AB01,,0.32,B099,
solide,catalogue_ijm_ligne_separee,,ENVELOPPE BLANCHE 1/2 Format à fenêtre 162x229mm,,B0995,AB01,,0.42,B0995,
solide,catalogue_ijm_ligne_separee,,ENVELOPPE BLANCHE 1/2 Format 162x229mm,,B0996,AB01,,0.42,B0996,
solide,catalogue_ijm_ligne_separee,,ENVELOPPE BLANCHE Grand format 229x324mm,,B0998,AB01,,0.93,B0998,
solide,catalogue_ijm_ligne_separee,,ENVELOPPE KRAFT Armée à souflet 260x330mm,,B0999,AB01,,0.56,B0999,
solide,catalogue_ijm_ligne_separee,,ENVELOPPE à BULLE d'AIR 150x210mm,,B0991,AB01,,0.13,B0991,
solide,catalogue_ijm_ligne_separee,,ENVELOPPE à BULLE d'AIR 240x330 mm,,B0992,AB01,,0.15,B0992,
solide,catalogue_ijm_ligne_separee,,ENVELOPPE à BULLE d'AIR 270x360 mm,,B0993,AB01,,0.29,B0993,
solide,catalogue_ijm_ligne_separee,,"PAPIER à En-TÊTE ""IJM"" Bas de page IJM/CNRS/Université de Paris *Idem",,B2021,AC01,,15.9,B2021,
solide,catalogue_ijm_ligne_separee,,CARTE CORRESPONDANCE IJM *Idem,,B060,AB01,,4.28,B060,
solide,catalogue_ijm_ligne_separee,,PAPIER d'EMBALLAGE KRAFT Feuille 65x100cm,,B034,FA01,,0.2,B034,
solide,catalogue_ijm_ligne_separee,,"ETIQUETTE LASER AVERY BLANCHE 38,1x21,1mm",,B102,AB01,,0.52,B102,
solide,catalogue_ijm_ligne_separee,,"ETIQUETTE LASER AVERY BLANCHE 46x11,1mm",,B103,AB01,,1.01,B103,
solide,catalogue_ijm_ligne_separee,,"ETIQUETTE LASER AVERY BLANCHE 63,5x33,9mm",,B105,AB01,,0.71,B105,
solide,catalogue_ijm_ligne_separee,,"ETIQUETTE LASER LYRECO PREMIUM BLANCHE 99,1x67,7mm (2000 Etiquettes)",,B106,AB01,,28.64,B106,
solide,catalogue_ijm_ligne_separee,,ETIQUETTES ADHESIVES Diam 8mm (couleurs assorties),,B1121,AB01,,0.46,B1121,
solide,catalogue_ijm_ligne_separee,,"FICHE BRISTOL Blanche, quadrilliée 75x125mm",,B123,AB01,,0.39,B123,
solide,catalogue_ijm_ligne_separee,,"FICHE BRISTOL Blanche, unie 105x148mm",,B124,AB01,,0.51,B124,
solide,catalogue_ijm_ligne_separee,,"FICHE BRISTOL Blanche, quadrilliée105x148mm",,B125,AB01,,0.6,B125,
solide,catalogue_ijm_ligne_separee,,"FICHE BRISTOL Blanche, unie 125x200mm",,B126,AB01,,0.89,B126,
solide,catalogue_ijm_ligne_separee,,"FICHE BRISTOL Blanche, quadrilliée125X200mm",,B127,AB01,,0.89,B127,
solide,catalogue_ijm_ligne_separee,,"FICHE BRISTOL Blanche, quadrilliée 210x297mm",,B128,AB01,,2.74,B128,
solide,catalogue_ijm_ligne_separee,,"FICHE BRISTOL Blanche, unie 210x297mm",,B129,AB01,,4.38,B129,
solide,catalogue_ijm_ligne_separee,,BOITES ARCHIVES Dos 10cm,,B047,AB01,,0.56,B047,
solide,catalogue_ijm_ligne_separee,,"CHEMISE à POCHE ""Pochette carte lustrée""",,B062,AB01,,0.6,B062,
solide,catalogue_ijm_ligne_separee_donnees_masse_conservees,,SOUS-CHEMISES fines 80g (Par 10),,B063,AB01,,0.4,B063,
solide,catalogue_ijm_ligne_separee_donnees_masse_conservees,,CHEMISE RIGIDES 220g (Par 5),,B064,AB01,,0.4,B064,
solide,catalogue_ijm_ligne_separee,,CHEMISE COIN Plastique incolore A4 (Par 10),,B065,AB01,,0.51,B065,
solide,catalogue_ijm_ligne_separee,,CHEMISE à RABAT ELASTIQUE A4,,B066,AB01,,1.47,B066,
solide,catalogue_ijm_ligne_separee,,CHEMISE à RABAT ELASTIQUE A3,,B066A,AB01,,2.25,B066A,
solide,catalogue_ijm_ligne_separee,,CLASSEUR à LEVIER 8 cm - 2 anneaux,,B073,AB01,,1.82,B073,
solide,catalogue_ijm_ligne_separee,,CLASSEUR A4 - 4 anneaux,,B074,AB01,,1.58,B074,
solide,catalogue_ijm_ligne_separee,,POCHETTES PERFORÉES CRISTAL POUR CLASSEUR A4 (Bte de 100),,B122,AB01,,4.49,B122,
solide,catalogue_ijm_ligne_separee,,INTERCALAIRE en PP 6 Onglets A4+,,B131A,AB01,,1.09,B131A,
solide,catalogue_ijm_ligne_separee,,INTERCALAIRE en PP 12 Onglets A4+,,B132A,AB01,,0.55,B132A,
solide,catalogue_ijm_ligne_separee,,REPERTOIRE ALPHABÉTIQUE pour CLASSEUR A4,,B192,AB01,,3.27,B192,
solide,catalogue_ijm_ligne_separee,,RELIURE à Pochettes transparentes fixes (20 Pochettes/40 vues),,B186A,AB01,,4.55,B186A,
solide,catalogue_ijm_ligne_separee,,RELIURE à Pochettes transparentes fixes (50 Pochettes/100 vues),,B188,AB01,,1.11,B188,
solide,catalogue_ijm_ligne_separee,,COUVERTURE de THÈSE PVC 150µ,,B082,AB01,,0.04,B082,
solide,catalogue_ijm_ligne_separee,,COUVERTURE de THESE Photocopiable (couleurs à choisir),,B084,AC02,,0.02,B084,
solide,catalogue_ijm_ligne_separee,,"BAGUETTE à RELIER/SPIRALE 4,5mm (2 à 10 feuilles)",,B017A,AB01,,0.02,B017A,
solide,catalogue_ijm_ligne_separee,,BAGUETTE à RELIER/SPIRALE 6mm (11 à 20 feuilles),,B019A,AB01,,0.02,B019A,
solide,catalogue_ijm_ligne_separee,,BAGUETTE à RELIER/SPIRALE 8mm (20 à 40 feuilles),,B023A,AB01,,0.02,B023A,
solide,catalogue_ijm_ligne_separee,,BAGUETTE à RELIER/SPIRALE 10mm (40 à 65 feuilles),,B024A,AB01,,0.03,B024A,
solide,catalogue_ijm_ligne_separee,,BAGUETTE à RELIER/SPIRALE 12mm (65 à 90 feuilles),,B025A,AB01,,0.03,B025A,
solide,catalogue_ijm_ligne_separee,,BAGUETTE à RELIER/SPIRALE 14mm (95 à 125 feuilles),,B022A,AB01,,0.04,B022A,
solide,catalogue_ijm_ligne_separee,,BAGUETTE à RELIER/SPIRALE 16mm (90 à 120 feuilles),,B026,AB01,,0.04,B026,
solide,catalogue_ijm_ligne_separee,,SURLIGNEUR FLUO JAUNE,,B133,AB01,,1.04,B133,
solide,catalogue_ijm_ligne_separee,,SURLIGNEUR FLUO VERT,,B135,AB01,,1.04,B135,
solide,catalogue_ijm_ligne_separee,,SURLIGNEUR FLUO BLEU,,B1351,AB01,,1.04,B1351,
solide,catalogue_ijm_ligne_separee,,SURLIGNEUR FLUO ROUGE,,B1352,AB01,,1.04,B1352,
solide,catalogue_ijm_ligne_separee,,SURLIGNEUR FLUO ORANGE,,B1352A,AB01,,1.04,B1352A,
solide,catalogue_ijm_ligne_separee,,MARQUEUR PERMANENT (GROS) BLEU,,B136,AB01,,1.04,B136,
solide,catalogue_ijm_ligne_separee,,MARQUEUR PERMANENT (GROS) NOIR,,B137,AB01,,1.04,B137,
solide,catalogue_ijm_ligne_separee,,MARQUEUR PERMANENT (GROS) ROUGE,,B138,AB01,,1.04,B138,
solide,catalogue_ijm_ligne_separee,,MARQUEUR PERMANENT (GROS) VERT,,B139,AB01,,1.04,B139,
solide,catalogue_ijm_ligne_separee,,MARQUEUR HISTOLOGIE (Cryomarkers) Superfrost NOIR ou ROUGE,,B1411,AB01,,4.25,B1411,
solide,catalogue_ijm_ligne_separee,,MARQUEUR FIN BLEU,,B140,AB01,,1.08,B140,
solide,catalogue_ijm_ligne_separee,,MARQUEUR FIN NOIR,,B141,AB01,,1.08,B141,
solide,catalogue_ijm_ligne_separee,,MARQUEUR FIN ROUGE,,B142,AB01,,1.08,B142,
solide,catalogue_ijm_ligne_separee,,MARQUEUR FIN VERT,,B143,AB01,,1.08,B143,
solide,catalogue_ijm_ligne_separee,,MARQUEUR BLEU pour TABLEAU BLANC,,B144,AB01,,0.77,B144,
solide,catalogue_ijm_ligne_separee,,MARQUEUR NOIR TABLEAU BLANC,,B145,AB01,,0.77,B145,
solide,catalogue_ijm_ligne_separee,,MARQUEUR ROUGE TABLEAU BLANC,,B146,AB01,,0.77,B146,
solide,catalogue_ijm_ligne_separee,,MARQUEUR VERT TABLEAU BLANC,,B147,AB01,,0.77,B147,
solide,catalogue_ijm_ligne_separee,,STYLO BILLE RETRACTABLE BLEU,,B167,AB01,,0.26,B167,
solide,catalogue_ijm_ligne_separee,,STYLO BILLE RETRACTABLE NOIR,,B168,AB01,,0.26,B168,
solide,catalogue_ijm_ligne_separee,,"STYLO ""BIC"" CRISTAL ROUGE",,B169,AB01,,0.29,B169,
solide,catalogue_ijm_ligne_separee,,"STYLO ""BIC"" CRISTAL VERT",,B170,AB01,,1.25,B170,
solide,catalogue_ijm_ligne_separee,,"STYLO POINTE FEUTRE ""PILOT VBALL"" BLEU",,B171,AB01,,1.25,B171,
solide,catalogue_ijm_ligne_separee,,"STYLO POINTE FEUTRE ""PILOT VBALL"" NOIR",,B172,AB01,,1.25,B172,
solide,catalogue_ijm_ligne_separee,,"STYLO POINTE FEUTRE ""PILOT VBALL"" ROUGE",,B173,AB01,,1.25,B173,
solide,catalogue_ijm_ligne_separee,,"STYLO POINTE FEUTRE ""PILOT VBALL"" VERT",,B177,AB01,,1.35,B177,
solide,catalogue_ijm_ligne_separee,,"PORTE-MINES 0,5mm",,B179A,AB01,,1.1,B179A,
solide,catalogue_ijm_ligne_separee,,"ETUI de 12 MINES HB 0,5 mm",,B180,AB01,,0.41,B180,
solide,catalogue_ijm_ligne_separee,,CRAYON GRAPHITE HB,,B086,AB01,,0.3,B086,
solide,catalogue_ijm_ligne_separee,,GOMME,,B130,AB01,,0.67,B130,
solide,catalogue_ijm_ligne_separee,,"ROLLER de CORRECTION JETABLE 4,2mm",,B094,AB01,,1.34,B094,
solide,catalogue_ijm_ligne_separee,,CORRECTEUR PINCEAU TIPP-EX flacon 22ml,,B0941,AB01,,1.42,B0941,
solide,catalogue_ijm_ligne_separee,,"STYLO CORRECTEUR TIPP-EX Pointe 2,3mm, 8ml",,B095,AB01,,2.19,B095,
solide,catalogue_ijm_ligne_separee,,DÉVIDOIR pour ADHÉSIF de BUREAU Grand modèle,,B091,AB01,,3.43,B091,
solide,catalogue_ijm_ligne_separee,,DÉVIDOIR pour ADHÉSIF de BUREAU Lyreco,,B092,AB01,,0.39,B092,
solide,catalogue_ijm_ligne_separee,,COLLE en TUBE,,B076,AB01,,1.97,B076,
solide,catalogue_ijm_ligne_separee_donnees_masse_conservees,,COLLE GLUE 3 Multi-usage 3g,,B0761,AB01,,2.16,B0761,
solide,catalogue_ijm_ligne_separee_donnees_masse_conservees,,COLLE en STICK 8g,,B077,AB01,,0.58,B077,
solide,catalogue_ijm_ligne_separee,,RUBAN ADHESIF INVISIBLE 19mmx33m Type Scotch Magic 3M,,B003,AB01,,1.69,B003,
solide,catalogue_ijm_ligne_separee,,RUBAN SCOTCH CRISTAL 19mmx33m,,B0921,AB01,,0.87,B0921,
solide,catalogue_ijm_ligne_separee,,RUBAN ADHESIF CRÈPE 19mmx25m Type tesa,,B005,AB01,,0.74,B005,
solide,catalogue_ijm_ligne_separee,,RUBAN ADHESIF CRÈPE 30mmx50m Type tesa,,B006,AB01,,4.01,B006,
solide,catalogue_ijm_ligne_separee,,"RUBAN ADHESIF DOUBLE FACE 12mmx6,3m sur dévidoir Type Tesa",,B007,AB01,,3.07,B007,
solide,catalogue_ijm_ligne_separee,,RUBAN ADHESIF (Marron) 50mmx66m Type havane,,B008,FA01,,2.85,B008,
solide,catalogue_ijm_ligne_separee,,"RUBAN FIXATION 3M Double-face 1,5mx19mm",,B009,AB01,,3.08,B009,
solide,catalogue_ijm_ligne_separee,,LINGETTES PRÉ-IMPRÉGNÉES Bte de 100,LYRECO,B0081,AB01,,0.89,B0081,
solide,catalogue_ijm_ligne_separee,,NETTOYANT INFORMATIQUE (Mousse) Aérosol de 650ml,,B0082,AB01,,4.22,B0082,
solide,catalogue_ijm_ligne_separee,,GAZ DÉPOUSSIÈRANT INFORMATIQUE Aérosol 650ml,,B0083,AB01,,6.89,B0083,
solide,catalogue_ijm_ligne_separee,,CABLE de SÉCURITÉ à clé (Antivol) KENSINGTON (Vérifier compatibilité),OFFICEXPRESS,B21308,IA24,,41.73,B21308,
solide,catalogue_ijm_ligne_separee,,BADGE PORTE CARTE D'ACCES avec pince,,A050,AB01,,1.06,A050,
solide,catalogue_ijm_ligne_separee,,CISEAUX de BUREAU 17cm,,B067A,AB01,,0.67,B067A,
solide,catalogue_ijm_ligne_separee,,CUTTER Grand modèle,,B087,AB01,,4.11,B087,
solide,catalogue_ijm_ligne_separee,,CUTTER Petit modèle,,B088,AB01,,1.96,B088,
solide,catalogue_ijm_ligne_separee,,LAMES de CUTTER Grand modèle (Bte de 10),,B089,AB01,,1.04,B089,
solide,catalogue_ijm_ligne_separee,,LAMES de CUTTER Petit modèle (Bte de 10),,B090,AB01,,0.54,B090,
solide,catalogue_ijm_ligne_separee,,CORBEILLE à PAPIER Petit modèle,,B080,AB01,,2.56,B080,
solide,catalogue_ijm_ligne_separee,,BRACELET ELASTIQUE FIN Diam 120,,B051,AB01,,0.74,B051,
solide,catalogue_ijm_ligne_separee,,BRACELET ELASTIQUE LARGE Diam 120,,B054,AB01,,1.07,B054,
solide,catalogue_ijm_ligne_separee,,PERFORATEUR 2 Trous,,B151,AB01,,0.98,B151,
solide,catalogue_ijm_ligne_separee,,RALLONGE ELECTRIQUE 10m,,B152,BD21,,18.51,B152,
solide,catalogue_ijm_ligne_separee,,BOITIER MULTIPRISES 3 Prises 4m,,B154,BD21,,7.17,B154,
solide,catalogue_ijm_ligne_separee,,PILES LR61 9 volts,,B157A,TB12,,3.1,B157A,
solide,catalogue_ijm_ligne_separee,,PILES 9V/HR22 RECHARGEABLE EXTREME 175 mAh,,B157R,TB12,,14.63,B157R,
solide,catalogue_ijm_ligne_separee,,"PILES LR3/AAA 1,5 volt",,B158,TB12,,4.31,B158,
solide,catalogue_ijm_ligne_separee,,PILES HR3/AAA RECHARGEABLES EXTREME 800 mAh,,B158R,TB12,,7.55,B158R,
solide,catalogue_ijm_ligne_separee,,"PILES LR6/AA 1,5 volt",,B159A,TB12,,4.31,B159A,
solide,catalogue_ijm_ligne_separee,,PILES HR6/AA RECHARGEABLES EXTREME 2300 mAh,,B159R,TB12,,7.55,B159R,
solide,catalogue_ijm_ligne_separee,,"PILES LR14/C 1,5 volt",EVEREADY GOLD,B161,TB12,,1.5,B161,
solide,catalogue_ijm_ligne_separee,,"PILES LR20/D 1,5 volt",EVEREADY GOLD,B162,TB12,,2.17,B162,
solide,catalogue_ijm_ligne_separee,,"PILES LR44/A76 1,5volts (Pour Minuteur/Décompteur)",,B163A,TB12,,1.46,B163A,
solide,catalogue_ijm_ligne_separee,,PILES LITHIUM CR2032,,B164,TB12,,0.47,B164,
solide,catalogue_ijm_ligne_separee,,PINCE à DESSIN 41mm,,B165,AB01,,0.09,B165,
solide,catalogue_ijm_ligne_separee,,PINCE à DESSIN 51mm,,B166,AB01,,0.3,B166,
solide,catalogue_ijm_ligne_separee,,PORTE-CLEF ETIQUETTE,,B178,AB01,,0.05,B178,
solide,catalogue_ijm_ligne_separee,,PUNAISES (Bte de 100),,B1811,AB01,,0.45,B1811,
solide,catalogue_ijm_ligne_separee,,PUNAISES MAGNETIQUES ø22mm (x10),,B181,AB01,,0.79,B181,
solide,catalogue_ijm_ligne_separee,,RÈGLE PLATE 30cm,,B182A,AB01,,0.27,B182A,
solide,catalogue_ijm_ligne_separee,,RÈGLE PLATE 40cm,,B184,AB01,,0.33,B184,
solide,catalogue_ijm_ligne_separee,,COUPE PAPIER,,B200,AB01,,0.47,B200,
solide,catalogue_ijm_ligne_separee,,TAILLE CRAYON METAL,,B201,AB01,,0.37,B201,
solide,catalogue_ijm_ligne_separee,,TAILLE CRAYON Avec réservoir,,B202,AB01,,0.6,B202,
solide,catalogue_ijm_ligne_separee,,AGRAFES N° 26/6 (Bte de 1000),,B012,AB01,,0.1,B012,
solide,catalogue_ijm_ligne_separee,,AGRAFES N°10 (Bte de 1000),,B013,AB01,,0.15,B013,
solide,catalogue_ijm_ligne_separee,,PINCE AGRAFEUSE (pour agrafes N°10),,B014,AB01,,5.33,B014,
solide,catalogue_ijm_ligne_separee,,ARRACHE-AGRAFES (Dégrafeur),,B015,AB01,,0.21,B015,
solide,catalogue_ijm_ligne_separee,,ATTACHE-LETTRE (Trombone) 32mm (Bte de100),,B016,AB01,,0.28,B016,
solide,catalogue_ijm_ligne_separee,,ATTACHE-LETTRE GÉANTES 50x60mm (Bte de 50),,B016A,AB01,,1.26,B016A,
liquide,liquide_catalogue_transforme_en_facteur,24,ACETONITRILE,,,NA03 Solvants : acétonitrile et autres nitriles,,11.24,C0026,
liquide,liquide_catalogue_transforme_en_facteur,26,CHLOROFORME,,,"NA04 Solvants chlorés (dichlorométhane, chloroforme…)",,7.96,C023,
liquide,liquide_catalogue_transforme_en_facteur,27,DIETHYLE OXYDE (ETHER),,,NA07 Autres solvants (éthers…),,7.28,C024,
liquide,liquide_catalogue_transforme_en_facteur,28,ETHANOL 95 %,,,"NA05 Solvants : eau et alcools (méthanol, éthanol, propan-2-ol…)",,12.84,C027,
liquide,liquide_catalogue_transforme_en_facteur,29,ETHANOL 70%,,,"NA05 Solvants : eau et alcools (méthanol, éthanol, propan-2-ol…)",,15.14,C027A,
liquide,liquide_catalogue_transforme_en_facteur,30,ETHANOL ABSOLU,,,"NA05 Solvants : eau et alcools (méthanol, éthanol, propan-2-ol…)",,17.11,C028,
liquide,liquide_catalogue_transforme_en_facteur,32,HEXANE,,,"NA06 Solvants : hydrocarbures (pentane, hexane, heptane…)",,9.5,C004,
liquide,liquide_catalogue_transforme_en_facteur,37,PHÉNOL 99% Tris Saturated Tamponné,,,NA52 Réactifs & kits de biologie moléculaire,,24.61,C0432,
liquide,liquide_catalogue_transforme_en_facteur,39,PROPANOL 2 (ISO),,,"NA05 Solvants : eau et alcools (méthanol, éthanol, propan-2-ol…)",,12.47,C052,
liquide,liquide_catalogue_transforme_en_facteur,42,XYLENE,,,"NA06 Solvants : hydrocarbures (pentane, hexane, heptane…)",,6.1,C067,
